1998-08-18,7.725062604176869,7.875063888523725,7.725062604176869,7.800062656402588,5962273
1998-08-19,7.800062656402588,7.950063940749445,7.800062656402588,7.800062656402588,400750
1998-08-20,7.875063888523725,7.950063940749445,7.800062656402588,7.800062656402588,359304
1998-08-21,7.800062656402588,7.800062656402588,7.800062656402588,7.800062656402588,828924
1998-08-24,7.800062656402588,7.800062656402588,7.800062656402588,7.800062656402588,123411
1998-08-25,7.800062656402588,7.800062656402588,7.725062604176869,7.800062656402588,303217
1998-08-26,7.800063791532748,7.800063791532748,7.2750603998113075,7.35006046295166,395698
1998-08-27,7.350057674594257,7.4250582992297645,6.4500507689157445,6.675052642822266,448794
1998-08-28,6.825053561011146,6.825053561011146,6.000046730041504,6.000046730041504,198364
1998-08-31,6.000048665369105,6.075049900505684,4.575036996728743,4.875039577484131,155475
1998-09-01,4.950039639909973,5.400043458064576,4.012532275368882,5.100040912628174,454362
1998-09-02,5.100040859646267,6.3000504389778795,5.100040859646267,5.737545967102051,524985
1998-09-03,5.850045374366443,5.850045374366443,5.100039768916012,5.2500410079956055,171043
1998-09-04,5.400044859304035,5.400044859304035,4.875040268558659,5.025041580200195,160527
1998-09-08,5.400042554143881,6.000046954633444,5.2500413065346,5.925046920776367,153928
1998-09-09,5.925047478214803,6.000047519128009,5.700045585632324,5.700045585632324,120524
1998-09-10,5.6250450636586695,5.6250450636586695,5.400043733070477,5.550045013427734,83202
1998-09-11,5.587544784496505,5.625044807906974,5.400043487548828,5.400043487548828,87429
1998-09-14,5.550044761086037,5.7750466713918485,5.400043487548828,5.400043487548828,93615
1998-09-15,5.4750422766674625,5.55004348615479,5.175039798508278,5.2500410079956055,206612
1998-09-16,5.2500420119412485,5.2500420119412485,4.6500372358600055,4.725037574768066,228160
1998-09-17,4.725038286822413,5.175041567980713,4.725038286822413,4.968790531158447,90006
1998-09-18,5.025040503334565,5.212541807731069,4.650037599567714,4.950039863586426,151866
1998-09-21,4.7250375040740185,4.800038431807591,4.125032736969797,4.200033664703369,487560
1998-09-22,4.275034768047578,4.8750396425985745,4.237534149978404,4.800039291381836,750877
1998-09-23,4.950040924379427,5.175042301893916,4.800039907711799,5.025041580200195,394357
1998-09-24,5.100040722979095,5.625044568022449,5.100040722979095,5.437543869018555,289505
1998-09-25,5.250042227811792,5.66254543614958,5.250042227811792,5.625044822692871,45776
1998-09-28,5.700046049606289,5.925047960503537,5.625044822692872,5.625044822692871,27321
1998-09-29,5.700046534827573,5.850047231580341,5.550045248127088,5.718796253204346,91037
1998-09-30,5.700045715995643,6.0375482676144285,5.625044493471876,5.775046348571777,177641
1998-10-01,5.775045105827821,5.775045105827821,5.325040817260742,5.325040817260742,88151
1998-10-02,5.325040817260742,5.550043256518035,5.325040817260742,5.325040817260742,60520
1998-10-05,5.250042873551616,5.325042929794483,4.800039291381836,4.800039291381836,64953
1998-10-06,5.400044859304035,5.475044925176987,4.800039907711799,5.025041580200195,133515
1998-10-07,5.025041453374478,5.175042171282369,4.687539100646973,4.687539100646973,350952
1998-10-08,4.650038112958653,4.687538731946852,3.6000296305054227,3.7875306606292725,357551
1998-10-09,4.200033527640359,4.275033862978752,3.675029115454959,3.750030040740967,279917
1998-10-12,3.9000313013653667,3.9000313013653667,3.6000287801165665,3.750030040740967,680872
1998-10-13,3.7500301631186574,4.500035900768571,3.7500301631186574,4.200033664703369,235687
1998-10-14,4.125032995895203,4.575036525726318,4.125032995895203,4.575036525726318,47838
1998-10-15,4.500036008839457,4.575036348426569,4.4250350793046955,4.53753662109375,45467
1998-10-16,4.6875378477747685,5.025040110295599,4.500035968096239,4.725037574768066,434670
1998-10-19,4.875039688651444,5.137542247772217,4.800039336726202,5.137542247772217,52169
1998-10-20,5.175041000898375,5.700046049606289,5.100040953880293,5.625044822692871,365799
1998-10-21,5.662544230527694,6.225049182980767,5.662544230527694,6.000046730041504,160836
1998-10-22,6.075050913483546,6.90005696823015,6.000049665840963,6.8625569343566895,138773
1998-10-23,6.975056772390293,7.875063888523725,6.825055488043437,7.800062656402588,424153
1998-10-26,7.800061322432487,7.800061322432487,7.575060024339738,7.650060653686523,129390
1998-10-27,7.725064087225983,8.025066713513862,7.425061460938102,7.462562084197998,430442
1998-10-28,7.425058765646166,7.650060653686523,7.3500581362993795,7.650060653686523,54643
1998-10-29,7.575059682708444,7.837561578609691,7.05005530095837,7.200056552886963,288680
1998-10-30,7.200053891104215,7.725058078765868,7.125053882814199,7.725058078765869,204757
1998-11-02,7.76255867285824,7.9875598776230134,7.57505688229111,7.725058078765869,109183
1998-11-03,7.687560673386113,7.72506128303331,7.575060024339738,7.650060653686523,25672
1998-11-04,7.725061990116971,7.725061990116971,7.3500588090585754,7.500060081481934,109080
1998-11-05,7.500061355363415,7.9500646591186515,7.387560676911546,7.950064659118652,84336
1998-11-06,7.9500646591186515,7.987565278567783,7.725063302214914,7.950064659118652,57324
1998-11-09,7.725063302214914,7.987565278567783,7.650062653264414,7.950064659118652,86810
1998-11-10,7.950063940749445,7.987564556810013,7.725062604176869,7.800062656402588,23301
1998-11-11,7.72506128303331,7.875062541726882,7.575060024339738,7.650060653686523,22888
1998-11-12,7.650061353905292,7.650061353905292,7.3500588090585754,7.500060081481934,24435
1998-11-13,7.537559049654767,7.537559049654767,6.300049610285773,7.087555885314941,99595
1998-11-16,7.012553166945339,7.350056205311761,6.750051328169191,6.900052547454834,72686
1998-11-17,7.050057888031005,7.200059195003724,6.675055210547006,7.050057888031006,194343
1998-11-18,6.90005461761185,7.200057146190008,6.90005461761185,7.162557125091553,23197
1998-11-19,7.200055593935634,7.200055593935634,6.450050024130985,6.525050640106201,42993
1998-11-20,6.600053420112553,6.600053420112553,5.925048244961848,6.375051498413086,153104
1998-11-23,6.450051280491613,7.500059518720924,6.450051280491613,6.975055694580078,155887
1998-11-24,6.862553935312585,6.862553935312585,6.712552685475989,6.787553310394287,34435
1998-11-25,6.825054013013062,7.575059682708444,6.712552779092826,7.200056552886963,68252
1998-11-27,7.125059377449382,7.950065414386096,7.125059377449382,7.762564659118652,209499
1998-11-30,7.950058894655155,8.175061268308712,7.725057700896268,8.062560081481934,274143
1998-12-01,7.950062523862662,8.100063781475791,7.57505996977744,7.987563133239746,75366
1998-12-02,7.8750624850037,8.250065039088922,7.762561836767654,7.987563133239746,146814
1998-12-03,8.100065711313823,8.175066947937012,7.950064417962934,8.175066947937012,103100
1998-12-04,8.625069333257128,9.97507965190121,8.362567392403855,9.825078964233398,388893
1998-12-07,9.900082586976371,10.050083909803027,9.30007788561761,9.412578582763672,199395
1998-12-08,9.525074868042909,9.562575476353803,8.925070444596884,9.112571716308594,144649
1998-12-09,8.850070387896876,11.625092573667892,8.850070387896876,10.57508373260498,425287
1998-12-10,10.650086885631174,10.725086940790577,9.975080489719236,10.162582397460938,206406
1998-12-11,9.900079835194981,9.975079885813773,9.075073378911299,9.562577247619629,234862
1998-12-14,9.600076847243754,9.750078112507461,9.150073051452637,9.150073051452637,87016
1998-12-15,9.67507742817246,9.825078701781045,9.000072286881489,9.581326484680176,285484
1998-12-16,9.562577148802534,10.200082292056036,9.4500764840892,10.125081062316895,233934
1998-12-17,10.275080681967944,10.350081899590695,10.050079388890072,10.237581253051758,229604
1998-12-18,10.350083097974549,10.350083097974549,10.125080598949584,10.200081825256348,48972
1998-12-21,10.275082394942862,11.400092587569983,10.125081114585605,11.100090026855469,149598
1998-12-22,11.287587970922436,11.287587970922436,10.650083570853027,10.743834495544434,672315
1998-12-23,11.025088796729147,11.250091307212726,10.650086185783698,11.100090026855469,350540
1998-12-24,11.025088295455802,11.250090795709282,10.725085748381387,10.800086975097656,27940
1998-12-28,10.912585340544338,12.000093460083008,10.725083493077467,12.000093460083008,143412
1998-12-29,12.075095060173412,12.52509880065918,11.100087545735141,12.52509880065918,106812
1998-12-30,12.37509755383059,12.750100080954503,12.150095093640145,12.52509880065918,29590
1998-12-31,12.637604507947495,14.10011577606201,12.525103822691854,14.100115776062012,99079
1999-01-04,13.80011338651187,14.100116005335469,12.00009885346589,12.637604713439941,205375
1999-01-05,12.33760268198982,12.412602750318545,11.887598732330455,11.96259880065918,120524
1999-01-06,11.925096985151002,13.20010733237038,11.925096985151002,12.450100898742676,165269
1999-01-07,12.600102178884526,13.950112578813558,12.150098318943037,13.50010871887207,217747
1999-01-08,13.950105405575325,14.100106615090855,13.425101762218384,13.443851470947266,97533
1999-01-11,13.500102592290778,13.500102592290778,13.050100116463673,13.125100135803223,38353
1999-01-12,13.237608022309214,13.237608022309214,12.15009947551827,12.600103378295898,82274
1999-01-13,11.85009435521704,12.525100655875079,11.550091817123532,12.150096893310547,116915
1999-01-14,12.300097275204047,12.750101049887467,12.150096016976242,12.562599182128906,218881
1999-01-15,12.375096326382968,13.050101280212402,12.375096326382968,13.050101280212402,44024
1999-01-19,13.050105106111927,13.72511025783263,12.675102506243835,13.275106430053711,184446
1999-01-20,13.350109778808777,13.762613058163968,13.350109778808777,13.650111198425293,108049
1999-01-21,13.462609042651957,13.500108478725112,12.900104522705078,12.900104522705078,132071
1999-01-22,12.675099639005712,12.750099670055409,11.925093429033309,12.000093460083008,75057
1999-01-25,12.000096385076857,12.975105285644531,11.700093827963013,12.975105285644531,72582
1999-01-26,13.125105858725664,13.650109762703975,12.600101954747354,12.900104522705078,127638
1999-01-27,13.050104608178863,13.350107148584735,12.45009952736712,12.937603950500488,15465
1999-01-28,12.975104070601482,13.200105377419115,12.600100319378415,12.825102806091309,31961
1999-01-29,12.975105285644531,13.050105334975306,12.82510400708761,12.975105285644531,53509
1999-02-01,12.975104563025049,13.050104608178863,12.825103292822114,12.937603950500488,75366
1999-02-02,12.937599497506897,13.200101335037674,12.937599497506897,13.125100135803223,13712
1999-02-03,13.350107892089149,13.350107892089149,12.900104056418385,12.975105285644531,10104
1999-02-04,12.82510002223426,13.050101280212402,12.82510002223426,13.050101280212402,29693
1999-02-05,13.050101280212402,13.200102512162832,12.82510002223426,13.050101280212402,26187
1999-02-08,13.125101306240113,13.875107465992265,12.75009881631154,13.050101280212402,199602
1999-02-09,12.900111317821043,13.05011268081292,12.600108591837294,12.67510986328125,24538
1999-02-10,12.675104618706612,12.900105980147654,12.450102077370023,12.600103378295898,5567
1999-02-11,12.825104957657475,12.900105012547096,11.70009469514948,11.81259536743164,99491
1999-02-12,11.81259489148091,11.81259489148091,10.875087753709467,11.250091552734375,88151
1999-02-16,11.625092473899507,11.625092473899507,10.800086124378037,11.400091171264648,81243
1999-02-17,11.475090146257195,11.475090146257195,10.50008262558248,11.025086402893066,29280
1999-02-18,11.025089037340347,11.437592272351415,10.800087701841733,11.250091552734375,33404
1999-02-19,11.250090104554825,11.400091368876637,11.175088882446289,11.175088882446289,126297
1999-02-22,11.475093369612255,11.475093369612255,11.362592697143555,11.362592697143555,100007
1999-02-23,11.475089743499801,11.475089743499801,11.250088469662488,11.325088500976562,13506
1999-02-24,11.325092079688833,11.475093369612255,11.325092079688833,11.362592697143555,195993
1999-02-25,11.362591275807997,11.4750919342041,11.175089391884283,11.475091934204102,17836
1999-02-26,11.400092007001954,11.400092007001954,10.200081825256348,10.200081825256348,178775
1999-03-01,10.200083954453941,10.350085258483887,9.975081408461238,10.350085258483887,32683
1999-03-02,10.2750825881958,10.35008381973274,10.200082536554271,10.2750825881958,135783
1999-03-03,10.2750825881958,10.387584435501209,10.200082536554271,10.2750825881958,121039
1999-03-04,10.350082928398434,10.875086784362793,10.275081703320494,10.875086784362793,255276
1999-03-05,11.025087618124477,11.287589535713833,10.950087575911201,11.175088882446289,68149
1999-03-08,11.325088500976562,11.400089712185727,11.025086015930087,11.325088500976562,389718
1999-03-09,12.600103221358067,12.900105819473204,11.55009412795509,11.62509536743164,552101
1999-03-10,11.7000931808483,11.7000931808483,10.80008673918016,10.875086784362793,162898
1999-03-11,10.800085793637258,11.137588917149124,10.687585145765038,10.837586402893066,524573
1999-03-12,10.800087239626118,11.325091119917694,10.650085962414902,11.137590408325195,242491
1999-03-15,11.025091457123922,11.96259880065918,11.025091457123922,11.96259880065918,238986
1999-03-16,12.000093460083008,12.037594065555398,11.625090945044349,12.000093460083008,59076
1999-03-17,12.000096079440624,12.037596693098575,11.400092160390098,11.943845748901367,58355
1999-03-18,11.700092045499739,11.850093301204556,11.250089458280481,11.550090789794922,402812
1999-03-19,11.62509098602304,11.62509098602304,11.250088469662488,11.325088500976562,45467
1999-03-22,11.550093424626237,11.550093424626237,11.250092024674853,11.362592697143555,125885
1999-03-23,11.32508814451067,11.437588777888282,10.950085639953613,10.950085639953613,372706
1999-03-24,11.100087616734653,11.100087616734653,10.875085155105022,11.025086402893066,2990
1999-03-25,11.025088054623367,11.100089279701308,10.80008673918016,10.875086784362793,203416
1999-03-26,10.800086975097656,10.950088248634865,10.800086975097656,10.800086975097656,25363
1999-03-29,10.800085121158567,11.100087616734653,10.800085121158567,11.025086402893066,532821
1999-03-30,11.025088295455802,11.100089522172073,10.725085748381387,10.800086975097656,133824
1999-03-31,10.725085748381387,10.837587588455792,10.500084428023241,10.800086975097656,320950
1999-04-01,10.83758673478226,11.643842189153998,10.762585513973814,11.400091171264648,48560
1999-04-05,11.400091820222459,11.400091820222459,10.80008673918016,10.875086784362793,27012
1999-04-06,10.875088219873934,10.875088219873934,10.50008558466982,10.762587547302246,77634
1999-04-07,11.02509047833077,11.02509047833077,10.725087871858365,10.856339454650879,143515
1999-04-08,10.83758642158391,11.025087108395914,10.83758642158391,10.968836784362793,72892
1999-04-09,10.950085639953613,10.987586244377834,10.950085639953613,10.950085639953613,47632
1999-04-12,10.912585258483887,10.987586468864675,10.837585227998174,10.912585258483887,49179
1999-04-13,10.837585006576,10.987586244377834,10.837585006576,10.950085639953613,171455
1999-04-14,10.987588861993,10.987588861993,10.800086975097656,10.800086975097656,183209
1999-04-15,10.762585606340027,10.762585606340027,10.350082428039125,10.57508373260498,117534
1999-04-16,10.42508387137427,10.650086386089678,10.200082536554271,10.2750825881958,300021
1999-04-19,10.2750825881958,10.500085102911209,10.200082536554271,10.2750825881958,144649
1999-04-20,10.275081621500405,10.350082845981115,9.825078404249693,10.181330680847168,73820
1999-04-21,10.200079659341775,10.95008586367428,10.087579023665668,10.912585258483887,234037
1999-04-22,10.950090865668034,11.175092239800717,10.800089556281042,11.062591552734375,438690
1999-04-23,11.06258965322192,11.325091604602108,10.987589601354186,11.250091552734375,294041
1999-04-26,11.287589340051978,11.475091212177855,11.100088647821343,11.400091171264648,155578
1999-04-27,11.47508980252771,11.512590408325195,11.400089770827837,11.512590408325195,31445
1999-04-28,11.55009105650524,11.737592925439781,11.400090977231871,11.700092315673828,463950
1999-04-29,11.700094223731602,11.700094223731602,11.250091552734373,11.250091552734375,353118
1999-04-30,11.100089346251986,11.4750919342041,11.100089346251986,11.475091934204102,59282
1999-05-03,11.475091212177855,11.475091212177855,11.325089950456201,11.400091171264648,33095
1999-05-04,11.62509441269337,12.150098326329909,11.475093125955011,12.03759765625,744588
1999-05-05,12.07509921878457,12.375101815761328,11.962597359996641,12.22510051727295,455496
1999-05-06,12.262595680275984,12.52509874600184,12.150095040619254,12.337596893310547,844183
1999-05-07,12.41260124341111,12.67510440043257,12.18759988584475,12.26259994506836,357138
1999-05-10,12.225099819229369,12.225099819229369,11.06259011729671,11.362592697143555,351674
1999-05-11,11.137587709731177,11.250088345407283,10.80008462280778,10.912585258483887,937591
1999-05-12,10.500081926548113,11.175086906708836,10.275079479897839,10.950085639953613,10887154
1999-05-13,11.325088671680973,12.150094928046656,11.250088639236415,11.925093650817871,3226721
1999-05-14,11.850093574842417,11.92509479437432,11.175088498531377,11.700092315673828,1249881
1999-05-17,11.550094084127482,12.450101875057753,11.400093965534634,12.22510051727295,704689
1999-05-18,12.450098762642615,12.82510250506369,12.225097461106158,12.48759937286377,1051620
1999-05-19,12.750104679221776,12.900105980147654,12.450102077370023,12.600103378295898,565710
1999-05-20,12.675098789724284,12.675098789724284,12.000092656029645,12.412595748901367,610043
1999-05-21,12.300095944071968,12.450097186066449,11.925093429033309,12.000093460083008,676852
1999-05-24,11.962593077092599,12.037594289432263,11.475089916465198,11.925093650817871,520346
1999-05-25,11.737594115011483,11.887595389382273,11.475092179836436,11.662592887878418,879031
1999-05-26,11.625092473899507,11.700092514812713,11.100088647821343,11.400091171264648,902847
1999-05-27,11.36259075782237,11.36259075782237,10.650085047267579,11.175088882446289,562926
1999-05-28,11.175089452226205,12.07509708404541,10.800086862249195,12.07509708404541,525191
1999-06-01,11.887595614485914,11.887595614485914,11.062589179771905,11.137590408325195,445598
1999-06-02,11.212590667208751,11.212590667208751,10.275082372087402,10.725086212158203,609733
1999-06-03,10.800089556281042,11.287592926867058,10.725088311639738,11.062591552734375,431164
1999-06-04,10.837585049866139,11.850091934204102,10.800084445292123,11.850091934204102,499004
1999-06-07,11.925095747683827,11.925095747683827,11.325090663044191,11.475091934204102,331879
1999-06-08,11.475093369612255,11.700094714549659,11.325092079688833,11.362592697143555,450031
1999-06-09,11.325092769316504,11.62509536743164,11.325092769316504,11.62509536743164,236718
1999-06-10,11.325089950456201,11.512591822582078,11.287589340051978,11.400091171264648,281257
1999-06-11,11.43758913789522,11.43758913789522,11.025086015930087,11.325088500976562,400337
1999-06-14,11.100089522172073,11.100089522172073,10.650085701560448,10.800086975097656,481271
1999-06-15,10.725083193303337,11.137587482179667,10.725083193303337,10.950085639953613,760156
1999-06-16,10.875088872143799,11.62509536743164,10.875088872143799,11.62509536743164,491168
1999-06-17,11.475089212786617,11.925092919544038,11.40008918494123,11.887592315673828,461785
1999-06-18,11.887592538778117,11.925093143352132,11.625090666550122,11.850091934204102,78975
1999-06-21,11.81259537703484,11.850095994457867,11.512593977337005,11.587594032287598,102997
1999-06-22,11.587595545641044,11.700096232707386,11.062591552734377,11.062591552734375,251048
1999-06-23,11.212590004648089,11.4750919342041,10.950088075092077,11.475091934204102,254863
1999-06-24,11.475092116067428,11.475092116067428,10.800086975097656,10.800086975097656,212592
1999-06-25,10.87508646813809,11.100088956934005,10.125080138643826,10.312582015991211,242594
1999-06-28,10.425082560837232,11.175088882446289,10.387583129678223,11.175088882446289,390233
1999-06-29,11.250088160495139,11.887592538778117,11.175086951347108,11.850091934204102,400234
1999-06-30,12.000094979674467,12.637600633853152,11.775093678138008,12.48759937286377,1098840
1999-07-01,12.487599665969597,13.200105377419115,12.225097748050606,12.825102806091309,413946
1999-07-02,12.900105004179402,13.350108872911612,12.56260180765638,12.787604331970215,223933
1999-07-06,12.787603840216985,12.787603840216985,12.225099320906958,12.30009937286377,248986
1999-07-07,12.225098551690387,12.225098551690387,11.587592840640694,11.662592887878418,327549
1999-07-08,11.850098108218257,11.96259880065918,11.662596167552937,11.96259880065918,141350
1999-07-09,11.92509698617009,12.075098272908448,11.850095752853191,12.03759765625,245997
1999-07-12,12.300105865853546,12.900111317821043,12.262605230131568,12.67510986328125,398378
1999-07-13,12.637601229846442,13.725109538385281,12.637601229846442,13.4251070022583,356107
1999-07-14,13.500107438730286,15.075120209227885,13.3876067793866,15.000120162963867,1010174
1999-07-15,15.075122929674466,15.075122929674466,13.875113713630066,14.025115013122559,334456
1999-07-16,13.95010820696482,14.55011434541194,13.95010820696482,14.400113105773926,977491
1999-07-19,14.475117682304576,15.300124169502062,14.4376170656423,14.88762092590332,711493
1999-07-20,14.850117142152477,14.925118359481502,14.325113340430045,14.512615203857422,219809
1999-07-21,14.325118915820235,14.925124168395996,14.175117602676297,14.925124168395996,292289
1999-07-22,14.550118186376507,14.850119564952333,14.100113168774323,14.212615013122559,261565
1999-07-23,14.475118637084961,14.625119933732735,14.212616662925234,14.475118637084961,530759
1999-07-26,14.512617830897312,14.775119779276013,14.325115933528783,14.550118446350098,481374
1999-07-27,14.662618324893785,14.662618324893785,13.650108841449788,13.950111389160156,1117707
1999-07-28,13.800109373240197,14.025111861871721,13.68760871887207,13.68760871887207,139494
1999-07-29,13.500111305681294,14.100116567239306,13.050108539408447,13.725113868713379,288474
1999-07-30,13.725113321753778,13.80011338651187,12.300101472289489,12.637604713439941,145990
1999-08-02,12.750102835549283,14.212615013122557,12.67510278587917,14.212615013122559,349715
1999-08-03,14.250113170607973,14.250113170607973,13.200105489978432,13.68760871887207,376830
1999-08-04,13.425108918730052,13.462609536073064,12.937605612852717,13.20010757446289,167022
1999-08-05,13.350104753765725,13.500104817165475,11.250088527532991,11.512590408325195,633343
1999-08-06,11.550092445786836,11.737594337274697,11.10008979404855,11.137590408325195,427246
1999-08-09,11.156337937168278,11.550090180203652,10.800085121158567,11.025086402893066,265379
1999-08-10,11.02509053667085,11.02509053667085,10.350085258483887,10.350085258483887,186405
1999-08-11,10.556336163754342,10.68758773803711,10.500085826174725,10.68758773803711,299506
1999-08-12,11.250090006093048,11.250090006093048,10.57508373260498,10.57508373260498,214036
1999-08-13,10.76258388940673,10.87508452374266,10.200079537832025,10.500082015991211,297753
1999-08-16,10.537585466091418,10.57508490106561,10.125081062316895,10.125081062316895,280844
1999-08-17,10.350083602046894,10.837588057097442,10.200082322023293,10.725086212158203,565297
1999-08-18,10.837588793372875,10.837588793372875,10.087582342301536,10.162582397460938,353118
1999-08-19,10.200082091097865,10.575084692719278,9.750078851162634,10.537585258483887,494261
1999-08-20,10.575082045583475,10.575082045583475,10.38758138165528,10.500082015991211,241151
1999-08-23,10.70633109262484,10.800081992823518,10.275077187689883,10.425078392028809,193828
1999-08-24,10.500079584145665,10.537580180204094,10.200077175467813,10.425078392028809,108564
1999-08-25,10.575084639954806,10.575084639954806,9.900079488446062,9.975079536437988,379923
1999-08-26,10.2750825881958,10.35008381973274,10.1625819207858,10.2750825881958,407245
1999-08-27,10.35008258361465,10.387583194904394,9.00007178618893,9.150073051452637,250739
1999-08-30,9.562579905590328,9.862582551243637,9.375077957083077,9.412578582763672,497664
1999-08-31,9.52507548789514,10.012579298028374,8.925071025403323,9.075072288513184,325590
1999-09-01,9.412575234458101,9.412575234458101,8.812570746537036,9.300074577331543,929446
1999-09-02,9.412575438459625,10.23758243840973,9.337574802100525,10.200081825256348,606228
1999-09-03,10.500084428023241,10.875087021918594,10.312582541127897,10.800086975097656,435701
1999-09-07,11.287591462234111,11.625094659535678,10.950089444828008,11.362592697143555,870886
1999-09-08,11.362591275807997,11.700093250996307,11.250090617411894,11.475091934204102,719741
1999-09-09,11.550090789794922,11.700092045499739,11.362590105085294,11.550090789794922,769951
1999-09-10,11.700091861989634,12.150095622045999,11.325089318556916,11.775093078613281,968934
1999-09-13,11.81259171501979,11.850092320817277,11.325088559232865,11.512590408325195,483023
1999-09-14,11.40009213259871,11.662592887878418,11.325090905465645,11.662592887878418,316517
1999-09-15,12.000092947389426,12.750099125318464,11.587589844502213,11.887592315673828,812840
1999-09-16,12.037596663753064,12.037596663753064,11.475092179836436,11.662592887878418,662727
1999-09-17,11.962594963528126,12.0000955756116,11.625092994462744,11.737593650817871,246100
1999-09-20,11.737593863760113,11.850094522156216,11.4750919342041,11.475091934204102,313115
1999-09-21,11.550089834227586,11.74696712974306,11.100087284238146,11.512590408325195,104956
1999-09-22,11.550093176460196,11.550093176460196,11.325091836357185,11.437592506408691,191250
1999-09-23,11.325094090230166,12.112600117212303,11.212593397789243,11.96259880065918,379305
1999-09-24,12.07509605354291,12.07509605354291,11.287589147934014,11.700092315673828,168569
1999-09-27,11.962595180552318,11.962595180552318,11.184464840049063,11.475091934204102,197746
1999-09-28,11.40009307469704,11.40009307469704,11.137591117828952,11.212591171264648,125885
1999-09-29,11.212590692149565,11.325091357443661,11.100090026855469,11.100090026855469,336725
1999-09-30,11.100089082934069,11.287589782514551,10.950087815332513,11.231339454650879,1430513
1999-10-01,11.287588291548358,11.287588291548358,10.987586975867403,11.025086402893066,584371
1999-10-04,11.100092175055028,11.475094858574703,11.025090930413723,11.062591552734375,994090
1999-10-05,11.250088345407283,11.250088345407283,10.875084653293493,10.912585258483887,1154617
1999-10-06,10.875087288284044,11.175089842706477,10.875087288284044,11.137590408325195,275586
1999-10-07,11.175086906708836,11.287587540086449,10.950085639953613,10.950085639953613,473641
1999-10-08,11.175088882446289,11.250090104554825,10.950087575911201,11.175088882446289,230325
1999-10-11,11.250091787930213,11.250091787930213,11.025089267832255,11.212591171264648,283628
1999-10-12,11.287590717272858,11.287590717272858,10.425083652111002,10.725086212158203,270019
1999-10-13,10.725083146450054,10.762583750710451,9.975076960717344,10.087578773498535,171971
1999-10-14,10.275082341899799,10.425083621482704,9.262574589636724,10.125081062316895,255172
1999-10-15,9.600075171461187,10.575082045583475,9.600075171461187,10.500082015991211,344457
1999-10-18,10.500083154941006,10.500083154941006,10.237581253051758,10.237581253051758,210427
1999-10-19,10.631335976038303,10.800088164791298,10.575085639752459,10.762587547302246,465909
1999-10-20,10.87508583225367,10.950087050765287,10.800085793637258,10.837586402893066,636024
1999-10-21,10.800085793637258,10.912586441509479,10.687585145765038,10.837586402893066,103719
1999-10-22,10.931341144455516,11.25009348444202,10.837590178601694,11.062591552734375,958005
1999-10-25,11.025087359049795,11.100088579395903,10.800086057801934,10.987587928771973,605403
1999-10-26,10.968837291490706,11.550091453303189,10.968837291490706,11.175088882446289,136092
1999-10-27,11.212587921735507,11.550089834227586,10.875084829348332,11.512590408325195,198571
1999-10-28,11.756343627553042,12.225098339250637,11.700093298128396,12.018845558166504,724484
1999-10-29,12.262596459419003,12.41259771512382,11.437590142990107,11.550090789794922,327033
1999-11-01,11.70009469514948,12.000097274498883,11.512593967977695,11.81259536743164,534470
1999-11-02,11.850094451108875,11.96259510883048,10.83758735171913,10.875086784362793,430339
1999-11-03,11.137591362401823,11.2875914725671,10.725086929813196,10.762587547302246,1096675
1999-11-04,10.76258636173952,10.875087021918594,10.725085748381387,10.800086975097656,1798992
1999-11-05,11.40009284273934,12.300099365132427,10.95008899159509,12.112597465515137,3072174
1999-11-08,12.37510189860068,14.17511631261505,12.37510189860068,14.025115013122559,1869822
1999-11-09,14.362615469937493,14.362615469937493,13.162605304766705,13.387606620788574,1148534
1999-11-10,13.087613316534895,13.800118315876256,12.375107137297501,12.67510986328125,735103
1999-11-11,12.825104705504247,12.825104705504247,12.33760022867238,12.450100898742676,661902
1999-11-12,12.450100896663107,12.525102129961068,11.400093069655146,11.437592506408691,1023371
1999-11-15,11.475090751890109,11.850093301204556,11.437590142990107,11.550090789794922,894289
1999-11-16,11.662593846511701,11.700094463160681,11.025089262956214,11.437592506408691,443021
1999-11-17,11.493842841434443,11.625094409758157,11.1750905496567,11.437592506408691,777477
1999-11-18,11.587589844502213,12.30009541856104,11.512589816656828,11.887592315673828,1055847
1999-11-19,12.000093460083008,12.600098428060928,11.887592823560919,12.000093460083008,1824045
1999-11-22,12.225095390715655,12.225095390715655,11.850091711803618,11.887592315673828,719741
1999-11-23,12.000094834011007,12.037595443776958,11.55009105650524,11.700092315673828,2322121
1999-11-24,11.681341263305393,12.150094702077487,11.625090945044349,12.000093460083008,811706
1999-11-26,12.000093460083008,12.150094702077487,11.925093429033309,12.000093460083008,197952
1999-11-29,12.07509708404541,12.300098402052553,11.887595199109246,12.07509708404541,1860852
1999-11-30,12.112599540550836,12.750105400524888,12.075100098119597,12.637604713439941,1086262
1999-12-01,12.675101924921833,12.675101924921833,12.112596281075033,12.150096893310547,378686
1999-12-02,12.412596980616396,13.350105068268862,11.850092599982966,12.52509880065918,646953
1999-12-03,12.750102378214015,14.175113889890602,12.675102331234092,13.950111389160156,778611
1999-12-06,13.950112065994603,13.950112065994603,12.600101715693194,12.750102996826172,594784
1999-12-07,13.05010207360201,13.42510458632911,12.900100832532155,13.312603950500488,813562
1999-12-08,13.350108863939484,13.350108863939484,13.162606957119879,13.20010757446289,571586
1999-12-09,13.31260544022171,13.650107385475073,13.20010479180392,13.612607955932617,1107088
1999-12-10,13.687606332572065,14.4751131356454,13.53760509293405,14.400113105773926,1203074
1999-12-13,14.437615686350105,15.000120162963867,13.912611822816014,15.000120162963867,1008009
1999-12-14,15.00012137306611,16.50013421830997,14.700118804017336,16.387632369995117,1272666
1999-12-15,16.42513178300463,16.5001330097209,15.525124141781381,16.200130462646484,1022443
1999-12-16,16.275127221108455,17.512636592832475,14.77511596870617,14.812615394592285,2004573
1999-12-17,14.850117424328621,16.162628133469706,14.70011616671549,15.975126266479492,1650012
1999-12-20,15.787622451782227,15.862622475783331,14.437611400707596,15.787622451782227,918930
1999-12-21,15.750123645983853,17.175133703673264,15.712623039759231,17.13763427734375,1264934
1999-12-22,17.100137779996494,19.65015837788612,17.100137779996494,18.937652587890625,1742184
1999-12-23,18.750148718801125,18.90014998406483,17.73764165314019,18.300146102905273,2397384
1999-12-27,18.26264718814262,19.312656142530205,17.92514519486814,18.97515296936035,250636
1999-12-28,18.900146892458654,20.10015681827575,18.75014565173152,19.425151824951172,757476
1999-12-29,19.42515677944935,19.42515677944935,18.300147777003332,18.337648391723633,1010895
1999-12-30,18.675148239196567,18.93765015229279,18.375145715687957,18.63764762878418,719432
1999-12-31,18.562644711132766,19.275150299072266,18.450144077225488,19.275150299072266,268266
2000-01-03,19.012649341588943,19.275151226636467,18.000141227909133,18.318893432617188,1118429
2000-01-04,18.26264549161553,18.525147410853197,17.962642961088118,18.300146102905273,1013988
2000-01-05,18.33764595065311,18.33764595065311,17.887642173599225,18.037643432617188,722937
2000-01-06,17.925147813516137,17.962647253872376,16.91263814609112,17.400142669677734,869442
2000-01-07,17.700141041850447,18.300146102905273,17.400138511323036,18.300146102905273,615713
2000-01-10,19.650156193649888,20.475163737646877,19.050151136159446,19.16265296936035,1171835
2000-01-11,19.312658625517845,19.35015806521709,18.150148857244012,18.262649536132812,464569
2000-01-12,18.675146156466194,18.675146156466194,17.81263929254313,18.000141143798828,486426
2000-01-13,18.075142356259153,18.150142388824367,17.962640537568667,18.000141143798828,1078426
2000-01-14,18.075154351645974,18.15015443398421,17.100145021977696,17.32514762878418,1446081
2000-01-18,17.418887501733582,18.150144081906852,17.400137786817044,18.037643432617188,1979726
2000-01-19,18.150142388824367,18.300143633849906,17.587638014952375,18.000141143798828,1058940
2000-01-20,18.037640354098404,18.15014098418737,17.81263791402545,18.112640380859375,1399583
2000-01-21,18.225145391047487,18.787649856575584,18.15014534626155,18.600149154663086,2274592
2000-01-24,18.90014873497766,21.375167678415004,18.90014873497766,20.475162506103516,2654310
2000-01-25,20.625167395387844,20.625167395387844,19.800160888355602,20.250165939331055,1197094
2000-01-26,20.268912094423523,20.550166103126223,20.100161105076293,20.400163650512695,1466391
2000-01-27,20.550164301632567,20.625163161574037,19.575155524489013,19.725156784057617,1666302
2000-01-28,19.80016088950172,20.36266661330586,19.312657580725112,19.87516212463379,1274316
2000-01-31,19.725159365351484,19.95015951430576,18.150146523717794,18.97515296936035,1000792
2000-02-01,18.862652548230393,19.425157057505213,18.787651317716207,19.125154495239258,1119563
2000-02-02,19.16265443932702,19.950159072875977,19.125153825383382,19.950159072875977,1211631
2000-02-03,20.06265581970952,20.250157650888386,19.8376522064209,19.8376522064209,2749162
2000-02-04,19.950155817335116,19.950155817335116,18.82514820166705,19.25640106201172,753145
2000-02-07,19.275155527756805,19.275155527756805,18.750150460615323,18.97515296936035,978625
2000-02-08,18.937647497614208,19.425151824951172,18.900146892458654,19.425151824951172,1072756
2000-02-09,19.72515989629176,20.325163849339543,19.575158613055965,20.28766441345215,2358928
2000-02-10,20.325162303796592,24.075192919640536,20.28766287076069,23.962692260742188,2968661
2000-02-11,23.625193362302785,23.700192238146606,21.22517270031784,23.381441116333008,2816280
2000-02-14,23.362687981010325,23.400187415342486,21.450171994046507,22.162677764892578,1295658
2000-02-15,22.20018000432979,22.20018000432979,20.81266786913764,21.450172424316406,1749607
2000-02-16,21.600172818564857,21.600172818564857,20.400162693135577,20.43766212463379,779333
2000-02-17,20.62516884027519,21.150172803366367,20.0251636368021,20.212665557861328,1978901
2000-02-18,20.475165545299696,20.475165545299696,19.425156601991237,19.650157928466797,1660529
2000-02-22,19.837654670337628,20.400160233739694,19.725155209510394,20.137657165527344,916456
2000-02-23,20.325167875367686,20.475170368211526,18.90015599230764,19.087657928466797,1836211
2000-02-24,19.425151537580323,19.57515277608838,19.050147851362656,19.275150299072266,1495981
2000-02-25,19.87516212463379,20.400166050976427,19.500158308764362,19.87516212463379,1546500
2000-02-28,20.137667265390927,20.325169213898178,18.150151802755254,18.825157165527344,1799714
2000-02-29,18.975152282240533,19.800158698008325,18.600149687772085,19.350154876708984,3549527
2000-03-01,19.87516163637579,20.17516420974321,19.42515777632466,20.025161743164062,6330237
2000-03-02,20.700161956077615,24.375190615099758,20.700161956077615,24.000186920166016,5554306
2000-03-03,23.925182669555628,25.575194779223676,22.725173004418995,25.46269416809082,2752564
2000-03-06,25.61270910958162,25.61270910958162,24.15019795350384,24.41269874572754,2298099
2000-03-07,24.525193136891456,24.67519557382514,23.92519046852795,24.037691116333008,3507462
2000-03-08,24.075188578864527,24.075188578864527,23.47518359972763,23.850187301635742,2776483
2000-03-09,23.92518681870914,24.712691233209704,23.70018319763322,24.487689971923828,5538944
2000-03-10,24.600199224034274,25.162704934176627,24.525197990723782,24.90020179748535,6013617
2000-03-13,24.525197990723782,25.425205711077027,23.925195203612496,24.90020179748535,3819133
2000-03-14,25.125202649111454,25.125202649111454,24.450198641813916,24.60019874572754,2241291
2000-03-15,24.4126924890864,24.450194278215022,23.625187954450997,24.037691116333008,2625338
2000-03-16,23.92519190154095,24.225194433586726,23.887690110166133,24.187692642211914,1058837
2000-03-17,24.18769312980985,25.27520262537264,23.40018617234057,24.300193786621094,2758131
2000-03-20,25.200196856121856,25.312697492643945,23.850186858066618,24.000186920166016,1459071
2000-03-21,24.22519100354386,24.22519100354386,23.700184876956413,23.850187301635742,875938
2000-03-22,24.225193174681397,25.312700232016372,24.00018951749687,25.125198364257812,895939
2000-03-23,25.08771501656501,26.850229455694876,24.900213028612313,25.350215911865234,2104477
2000-03-24,25.500202569242763,25.875206311663835,24.000189959348933,24.97519874572754,1184825
2000-03-27,25.200201868414656,25.200201868414656,23.700189150118952,23.962692260742188,1010586
2000-03-28,23.812687249213923,23.85018903800912,22.650178992370584,23.100181579589844,877690
2000-03-29,23.5501918989182,23.92519571367449,22.537683486908964,22.72518539428711,707472
2000-03-30,22.72518291177671,22.72518291177671,21.52517272347904,21.600173950195312,1419481
2000-03-31,21.937678327215274,22.95018673922451,21.900178889656015,22.72518539428711,1122450
2000-04-03,22.950190062094336,22.950190062094336,20.025165075032195,20.10016632080078,1680118
2000-04-04,20.512667192769946,21.300174280184518,17.775145645769385,20.550168991088867,1572172
2000-04-05,20.02515994951312,21.600173908566003,19.800158629588616,21.225170135498047,1056363
2000-04-06,21.52517636478965,24.225199745209377,21.450175125385783,23.625194549560547,1598669
2000-04-07,23.47518530879948,24.150191549418754,23.100181579589844,23.100181579589844,1264728
2000-04-10,23.21268517154096,23.925193291356027,22.800184320780197,23.887691497802734,1334836
2000-04-11,23.925188993084234,23.925188993084234,21.975171591944545,22.050172805786133,1187093
2000-04-12,21.900172709688274,22.200175204877993,20.137657165527344,20.137657165527344,934086
2000-04-13,20.40015907566405,21.375165359838807,20.175157806992193,21.000164031982422,672831
2000-04-14,20.625163161574037,20.662664951335216,19.537654914623054,19.725156784057617,1060280
2000-04-17,19.312655443188874,19.668908320897266,17.550140771406955,19.350154876708984,1141214
2000-04-18,19.42515607385346,21.975175364195334,19.42515607385346,21.600173950195312,693863
2000-04-19,21.82516987122746,22.115796898090323,21.00016366081866,21.337665557861328,983265
2000-04-20,21.225169072139856,21.600172826420525,19.800157637621968,20.36266326904297,1618258
2000-04-24,20.02516128286795,20.28766441345215,19.05015353178297,20.28766441345215,795520
2000-04-25,20.437664516792537,20.92516898228273,20.02516128286795,20.28766441345215,173517
2000-04-26,20.400159543999646,23.400182034674227,19.875155785115858,22.650177001953125,1503817
2000-04-27,22.27517986601544,23.850193966318255,21.30017327230544,22.875185012817383,786653
2000-04-28,22.800179541655673,24.00018712822424,22.65017711846573,23.02518081665039,864803
2000-05-01,23.287690209955866,23.400190889445447,22.46268365383822,22.687685012817383,727577
2000-05-02,22.687682135037317,22.98768469555325,22.200180039015855,22.275178909301758,1032340
2000-05-03,22.0501774668945,22.68768201983215,19.050153056864314,19.800159454345703,1755381
2000-05-04,20.925164037323377,22.200175233469306,20.62516154174729,22.050172805786133,1078632
2000-05-05,22.200180489077425,22.200180489077425,20.700167656088187,20.925168991088867,1013164
2000-05-08,21.07517244758321,21.300173793188492,19.500158308764362,19.87516212463379,642210
2000-05-09,20.175163463170104,20.625166126673644,18.187647373079688,19.125154495239258,851812
2000-05-10,19.275158793113853,19.312659414240144,18.000148293880237,18.075149536132812,633137
2000-05-11,18.300143576221792,18.337644182333865,16.650129886136853,17.812639236450195,897795
2000-05-12,17.868892686584825,18.187646124545434,17.550140428519526,17.92514419555664,1391747
2000-05-15,17.70013648393401,17.925138913837408,17.325134007288298,17.85013771057129,996358
2000-05-16,17.85014599048751,19.200156476539938,17.85014599048751,18.750152587890625,1681870
2000-05-17,18.6001493625074,18.63764879537175,18.075145503453353,18.375146865844727,803458
2000-05-18,18.31889110135217,18.375141413854276,17.70013648393401,17.85013771057129,487766
2000-05-19,17.85014863861631,19.800164598825834,16.61263864616362,16.893890380859375,688914
2000-05-22,17.025135071572944,17.100135110439844,15.150119941158017,15.937626838684082,1415563
2000-05-23,15.750126277469873,16.050128817600193,15.037620539634194,15.075119972229004,706647
2000-05-24,14.962622916737937,15.000123538255908,13.837613710363524,14.70012092590332,1843943
2000-05-25,14.625118969058251,15.750128029763083,14.287615778888627,14.88762092590332,1491341
2000-05-26,14.775121881664022,15.337625294018789,14.325117971884643,15.150124549865723,672521
2000-05-30,15.075120321169758,16.350131736183695,15.075120321169758,16.200130462646484,1837036
2000-05-31,16.312628597452928,16.500130455320942,15.712623596191408,15.712623596191406,315589
2000-06-01,16.20013073449165,17.32513971495118,15.900128182383064,16.800134658813477,777477
2000-06-02,17.175136266085033,18.600148896166708,17.100136222341412,18.45014762878418,891609
2000-06-05,18.15014702014536,21.375171661376953,18.075146968442596,21.375171661376953,2952268
2000-06-06,22.425185800242858,23.6251962794057,21.525177940870726,21.56267738342285,2705447
2000-06-07,21.712671733747424,21.825172379021726,20.437660487654743,21.637670516967773,549935
2000-06-08,21.750172912258467,22.725181729471988,20.250162614716878,20.36266326904297,790983
2000-06-09,20.55016429224221,21.262667620103265,20.400161852846924,21.03766632080078,510242
2000-06-12,21.037663456831023,21.075165241469747,20.662662128974635,21.000164031982422,540656
2000-06-13,21.03766632080078,21.03766632080078,20.775165591544695,21.03766632080078,908620
2000-06-14,21.037663456831023,21.075165241469747,20.925162822495093,21.000164031982422,737062
2000-06-15,21.000167285073957,21.000167285073957,19.80015718654619,20.512662887573242,1300503
2000-06-16,20.662672945212268,20.925173776143378,20.28766906126341,20.88767433166504,411163
2000-06-19,20.662662128974635,21.037663456831023,20.25015901647952,21.000164031982422,295382
2000-06-20,21.000165728450792,22.087675094604492,20.550163154754262,22.087675094604492,1200496
2000-06-21,21.750170756495443,22.800180692451722,21.750170756495443,21.97517204284668,1158638
2000-06-22,22.050176590911605,22.35017913798602,21.000168856046482,21.600173950195312,840368
2000-06-23,21.750175459576997,21.787677255271493,21.375171661376953,21.375171661376953,864803
2000-06-26,21.41267206329997,21.90017649726973,20.962669422583676,21.600173950195312,243935
2000-06-27,21.600173950195312,21.750174043837188,21.375170270046503,21.600173950195312,767476
2000-06-28,21.618920463929015,21.750172008452278,20.92516567114954,21.03766632080078,404049
2000-06-29,21.075170516967773,21.075170516967773,20.850166832183284,21.075170516967773,461579
2000-06-30,21.15016391100301,21.937670704436396,21.000163853096225,21.900171279907227,1147606
2000-07-03,21.525169517693516,22.275174593784502,21.487670089815577,22.087675094604492,281463
2000-07-05,22.23767996638331,22.50018309756672,22.050178066936706,22.312681198120117,617260
2000-07-06,22.425180364702292,22.425180364702292,21.375170270046503,21.600173950195312,286103
2000-07-07,21.975174494622873,22.725182012525945,21.750173183168183,22.462678909301758,866865
2000-07-10,22.500179326316047,22.800181843189083,22.350176887984315,22.762680053710938,269503
2000-07-11,22.74393299365537,23.550190926097056,22.650183223734416,23.3251895904541,1268233
2000-07-12,23.400188462474535,23.550190926097056,23.100185895020324,23.3251895904541,904702
2000-07-13,23.306433476470062,23.47518444043506,23.17518194012274,23.437685012817383,640767
2000-07-14,23.550183809902254,23.812684502235193,23.100178914804182,23.700183868408203,1135234
2000-07-17,23.437683940737443,23.550184578234802,22.800179541655673,23.02518081665039,754486
2000-07-18,22.987682253338832,23.02518404428836,22.12517645835749,22.350177764892578,428587
2000-07-19,21.600173832258303,21.71267449182312,19.65015728692169,20.400163650512695,1178227
2000-07-20,20.775171648997173,21.975179715095653,20.775171648997173,21.712678909301758,1663622
2000-07-21,21.675170189115626,21.825172624361127,20.475162506103516,20.475162506103516,708606
2000-07-24,20.400168944083852,20.587670878609682,19.425161008361684,20.10016632080078,1356074
2000-07-25,19.612656096295353,20.062659874127913,19.5001542669158,19.537654876708984,1220807
2000-07-26,18.75014808752102,18.900149347734484,18.07514418640328,18.86264991760254,2086332
2000-07-27,18.45014487887544,18.45014487887544,17.175133706210815,18.000141143798828,2671218
2000-07-28,17.55951816221598,21.225172556827822,17.475142657618882,20.250165939331055,10619506
2000-07-31,20.212661764641112,20.550166103126223,18.975152149637452,20.400163650512695,1852088
2000-08-01,20.475163551512395,21.3001699081142,19.950157361138064,21.15016746520996,1041413
2000-08-02,21.03766824896407,21.37517022885083,20.400163722581077,21.225170135498047,1530004
2000-08-03,21.000166073816608,22.012674241075683,20.02515733505218,21.637670516967773,1301328
2000-08-04,21.337673996485606,21.900179740473266,21.225173319646277,21.890804290771484,602929
2000-08-07,21.675168447101694,23.137681454147753,21.30016710870722,23.02518081665039,622002
2000-08-08,22.500180012186096,22.612680664469025,20.70016485607825,21.15016746520996,787168
2000-08-09,21.375160409296463,21.45016160141332,20.66265734344984,20.850156784057617,1006050
2000-08-10,21.300165105386654,22.575173783633232,21.18766447847019,22.059545516967773,1693417
2000-08-11,22.087679862700522,22.387682429856923,21.825176731517114,22.312681198120117,1337723
2000-08-14,22.200172075601586,22.537673950195312,21.900169622699405,22.537673950195312,534574
2000-08-15,22.65017604460792,23.250180989340723,22.6126766204834,22.6126766204834,382398
2000-08-16,22.743926746121947,22.87517827579044,21.900171969232023,22.650177001953125,251048
2000-08-17,22.575175790743963,22.837678850080945,22.237673879987994,22.650177001953125,654685
2000-08-18,22.650185083342432,23.23143936807203,22.57518384537348,23.1376895904541,443330
2000-08-21,23.06268741169321,23.250189319071357,22.650184159377666,22.72518539428711,413431
2000-08-22,22.65017826169069,22.725179477071208,21.787672544080856,21.97517204284668,1166989
2000-08-23,21.93767115264388,22.01267236302467,21.675168096206196,21.825170516967773,566535
2000-08-24,21.937668284314686,21.937668284314686,21.63766584180672,21.862667083740234,350334
2000-08-25,21.86267139967106,22.087675045812606,21.86267139967106,21.97517204284668,777065
2000-08-28,21.975175364195334,22.012677157448802,21.3376708365837,21.600173950195312,608393
2000-08-29,21.63767051696777,21.712671733747424,21.525169871693468,21.637670516967773,367964
2000-08-30,21.61892147798963,21.637672373741186,21.150167962525213,21.18766975402832,1138533
2000-08-31,21.262672454958043,21.300174253229507,20.28766581634665,20.81266975402832,724174
2000-09-01,21.000170222686034,21.000170222686034,20.362665653587168,20.925168991088867,730154
2000-09-05,20.92516898228273,20.92516898228273,20.212663181886548,20.28766441345215,546430
2000-09-06,20.137661950320943,20.70016764737674,19.72515989629176,20.28766441345215,896454
2000-09-07,20.26891027825238,20.437661252478883,19.42515422722465,19.537654876708984,630353
2000-09-08,19.63140692188136,19.725157861720625,18.7501490313085,18.900150299072266,1084612
2000-09-11,18.90015599230764,19.340785660271223,18.90015599230764,19.087657928466797,1376282
2000-09-12,19.200151785619884,20.062659913060788,19.125151745783192,19.725156784057617,703658
2000-09-13,19.80015568831611,20.062658762427517,19.425153150849344,19.98765754699707,573133
2000-09-14,19.875156986376947,20.4751619927344,18.63764636579091,19.312652587890625,2113035
2000-09-15,19.38765183515763,19.42515244150345,17.737639314682976,18.18764305114746,1291121
2000-09-18,18.075144452789488,18.18764510463378,17.325138140668802,17.643890380859375,783663
2000-09-19,17.737637006152987,17.775137607618152,17.32513392972105,17.662635803222656,737474
2000-09-20,17.68139259809321,17.73764292912665,15.78762752031618,16.800134658813477,1979520
2000-09-21,16.95013558992518,17.06263624970262,15.225121540353253,15.600125312805176,1789610
2000-09-22,15.431372841146844,15.450123737339554,14.70011738701376,15.075119972229004,3000829
2000-09-25,15.225121850191064,16.95013593486777,15.11262118812418,16.800134658813477,2835559
2000-09-26,16.593882159633093,17.40013882759338,15.975127371634352,17.212636947631836,2393879
2000-09-27,17.268886446226436,17.28763734125917,15.86262595374263,16.500131607055664,1342156
2000-09-28,16.500136042903634,18.000147874124167,16.500136042903634,17.400142669677734,2509351
2000-09-29,17.437638714644986,18.675148239196567,17.250136842478295,18.63764762878418,1631145
2000-10-02,18.637648757157475,18.862651253358806,17.625141653885073,17.92514419555664,895114
2000-10-03,18.03764174736401,18.075142353588628,17.06263306489451,17.13763427734375,849750
2000-10-04,17.287636945677715,17.287636945677715,16.050127457434215,17.025135040283203,800468
2000-10-05,16.42513298610007,16.800135607463325,15.600126511163655,16.387632369995117,527666
2000-10-06,16.397006617959864,16.687633716720914,15.487623528423248,16.200130462646484,957077
2000-10-09,15.862628453864822,15.862628453864822,15.300123932235444,15.562625885009766,610971
2000-10-10,15.600125762763001,15.750127040091224,15.07512070216654,15.33762264251709,717679
2000-10-11,15.300121799120074,15.487622493591912,14.55011666144221,15.412622451782227,565813
2000-10-12,15.515752254935807,15.600127763021232,14.587619306205095,14.662620544433594,1129151
2000-10-13,14.662617314104363,15.60012432614932,14.475115439737271,15.412622451782227,717267
2000-10-16,15.562622616227948,16.050126983195586,15.30012071858967,15.862625122070312,1117913
2000-10-17,15.975128590646607,16.31263176435214,14.325115696742623,14.625118255615234,799128
2000-10-18,14.362613717138323,14.362613717138323,12.825101765571171,13.537606239318848,2607708
2000-10-19,13.828238561495718,14.925122527028286,13.800112212222217,14.475118637084961,1520622
2000-10-20,14.43761800964361,14.850121280213813,14.025114739073409,14.662620544433594,718401
2000-10-23,14.92511770271655,15.82512401179467,14.175111461905505,15.750123977661133,1331846
2000-10-24,15.787627724038694,16.575133548564146,15.740751660975706,16.312631607055664,1204311
2000-10-25,16.125132431106596,16.42513503762618,14.887622564134976,15.150124549865723,592516
2000-10-26,15.375121917136799,15.562623792433248,13.95011049663241,15.140745162963867,765105
2000-10-27,15.487622513356458,17.5501395943408,15.450123082351388,17.100135803222656,1429585
2000-10-30,17.25013703353305,17.25013703353305,16.800133243286098,16.912633895874023,696337
2000-10-31,17.025133693587993,18.375143723086325,16.800131235408195,18.18764305114746,1555367
2000-11-01,17.71889235155773,18.03764580635304,17.437640691321132,17.962644577026367,1296895
2000-11-02,18.056391518884652,18.3001436902898,17.775139921028796,18.18764305114746,1459071
2000-11-03,18.11264396627509,18.225144618633674,17.96264270316523,18.150144577026367,762012
2000-11-06,18.000144525450366,18.937651598066246,17.92514447879504,18.525148391723633,742732
2000-11-07,18.525147929981845,19.05015178316932,18.225145391047487,18.600149154663086,942953
2000-11-08,18.750152871282786,18.787653490877563,18.037648178355212,18.262649536132812,588186
2000-11-09,18.131390371799817,18.15014008258492,17.28763332825589,17.662635803222656,811706
2000-11-10,17.587642178999555,17.73764345953937,17.21263838770232,17.287639617919922,336725
2000-11-13,17.212635125738117,17.222010572712424,15.562622532389199,16.537630081176758,735412
2000-11-14,17.25013788684796,18.637648757157475,17.175136661482412,17.92514419555664,734484
2000-11-15,18.225145845311673,18.637649051654286,17.700141979038406,18.525148391723633,622002
2000-11-16,19.350154322103677,19.350154322103677,18.412647272855285,18.600149154663086,1194001
2000-11-17,18.84390416046836,18.900154500898267,15.975130899065228,17.400142669677734,1716409
2000-11-20,17.36263191741401,17.40013251578222,16.200123987053203,16.612627029418945,751702
2000-11-21,16.76262984316642,16.76262984316642,15.52511941804093,15.787622451782227,497457
2000-11-22,15.525127519925144,15.918881096124865,14.446993205526502,14.70012092590332,878927
2000-11-24,14.812618044588802,15.67512505248964,14.775118611993992,15.075119972229004,597052
2000-11-27,15.60012371239427,16.275128781705753,15.5251224936401,15.975126266479492,1103376
2000-11-28,15.646999867029013,15.975127571111306,14.700117367221761,14.850118637084961,1110903
2000-11-29,15.12199545051466,15.15012061382541,13.875110457315868,14.325114250183105,938725
2000-11-30,14.250117061749581,14.700120981995575,13.83761376316465,14.287617683410645,1949002
2000-12-01,14.662614980166683,15.000116884430913,14.250110686240847,14.400113105773926,2173039
2000-12-04,14.587614815292923,14.625115422862315,13.500105455046613,13.762608528137207,1102448
2000-12-05,14.250117007374437,14.77512216893926,14.175116944234084,14.70012092590332,2145717
2000-12-06,14.625122106604856,14.85012349505749,14.400120718152221,14.437620162963867,918312
2000-12-07,13.125103311624397,13.95010962345696,13.087603882828507,13.462606430053711,360128
2000-12-08,14.212613947618896,17.625141319526286,14.212613947618896,17.212636947631836,2613276
2000-12-11,16.78138515831334,16.800134875601316,16.125129714594443,16.312631607055664,728711
2000-12-12,16.331378594988323,16.35012948903795,15.787625085557307,15.862625122070312,341261
2000-12-13,16.350137557950546,16.53763833171365,15.375128342841082,16.01263427734375,808613
2000-12-14,16.23763445627831,16.27513389754757,15.675128678492497,15.900131225585938,648396
2000-12-15,15.890750894761732,15.900126342147335,14.700116272598759,15.300121307373047,618291
2000-12-18,15.225122936177508,15.562626126347132,14.250115162226349,14.88762092590332,454774
2000-12-19,15.000114849194807,15.225116088175819,13.575103855928656,13.800105094909668,990069
2000-12-20,13.500109874951066,14.212616932462057,13.125107216167605,14.025115013122559,1299679
2000-12-21,14.100111159041436,14.25011241689689,13.20010479180392,13.612607955932617,1971994
2000-12-22,14.3626076654668,16.20012134747994,13.912604098054356,16.125120162963867,1595369
2000-12-26,15.975126925451578,15.975126925451578,15.600124355897545,15.63762378692627,886763
2000-12-27,15.600124355897545,15.750125619698208,15.075119342647591,15.63762378692627,498695
2000-12-28,15.712627881850262,16.387633102431273,15.52512597284063,15.825128555297852,904496
2000-12-29,15.918875535060804,16.950133417330782,15.900125820799596,16.237628936767578,1073271
2001-01-02,16.275132693325077,16.275132693325077,15.000122287120849,15.37512493133545,429824
2001-01-03,15.009492366737732,17.025133070558343,14.512613775445436,16.837631225585938,1943641
2001-01-04,16.83763669870661,17.73764443125009,16.35013339516715,17.700143814086914,1100077
2001-01-05,17.531389889896563,17.550139605410923,15.37512187024892,15.63762378692627,2362743
2001-01-08,15.778257425218053,16.20013623100261,15.30012826931499,16.01263427734375,347241
2001-01-09,16.237628534926028,16.68763110521997,16.087627284862997,16.575130462646484,642829
2001-01-10,16.640757420325,16.650131687946132,16.200129085484264,16.500131607055664,1093272
2001-01-11,16.472006131785463,18.075145207044777,16.35013120713194,17.775142669677734,2758647
2001-01-12,16.31262892781321,16.575130826207477,15.637622697776326,16.050127029418945,6023308
2001-01-16,16.087629745034544,16.125129178363473,15.03762083402262,15.600125312805176,2492030
2001-01-17,15.787630541987006,16.200133835113473,15.787630541987006,15.900131225585938,1610319
2001-01-18,16.162633213948638,16.200133835113473,15.37512606896496,15.900131225585938,899857
2001-01-19,15.96575819898116,16.125134977580764,15.712631623447876,16.01263427734375,765311
2001-01-22,15.937630408640914,16.200132373317114,15.825128555297852,15.825128555297852,821501
2001-01-23,15.975130072549057,16.425133952601726,15.825128779198167,16.350133895874023,1887349
2001-01-24,16.462632396362768,16.5001330097209,16.050129189109278,16.200130462646484,1089767
2001-01-25,16.200128328349987,16.31262897370759,15.93762642921719,16.237628936767578,2118911
2001-01-26,15.937629272956967,17.325140233028723,15.900128657848166,17.287639617919922,2135717
2001-01-29,17.28764056497835,17.812644485680988,17.175138713488828,17.700143814086914,2740914
2001-01-30,17.887638232118686,17.92513883358385,17.43763455422159,17.662635803222656,1325247
2001-01-31,17.775142538512235,17.81264197048493,16.350131086481817,16.76263427734375,1325144
2001-02-01,16.91263276043314,17.25013587543367,16.612631433637883,17.175134658813477,1269264
2001-02-02,17.137636856337704,17.137636856337704,16.53763178603115,16.76263427734375,1371746
2001-02-05,16.76263843300371,16.78138815363834,15.825129983256264,15.900131225585938,1652384
2001-02-06,15.843875943064994,16.725132596308146,15.75012500933579,16.162628173828125,1961993
2001-02-07,16.012627278603098,17.3251380207562,15.975126668282805,16.95013427734375,1354734
2001-02-08,16.95013299785649,17.362636140556038,16.38762860509391,16.575130462646484,987079
2001-02-09,16.462630767274426,16.500131376921622,14.662616842846779,15.300121307373047,2927628
2001-02-12,15.300126006530865,16.08763315151454,15.112624080602261,15.900131225585938,617363
2001-02-13,15.975126306369713,16.275128822345085,15.9376268767942,16.162628173828125,1329268
2001-02-14,16.200128744561034,16.312629392808986,15.750124971674028,15.937626838684082,979347
2001-02-15,16.23763148638179,16.23763148638179,15.150121930778333,15.33762264251709,1888276
2001-02-16,15.150118985012297,16.05012647398555,14.550115172258595,15.750123977661133,1891369
2001-02-20,15.750128556641119,15.975129904350725,13.800111763610818,14.362617492675781,1433606
2001-02-21,14.212617117819972,14.625120401830221,14.025115196035113,14.58761978149414,1216889
2001-02-22,14.512614088027904,14.925117211935909,13.575106022868267,14.812615394592285,1187815
2001-02-23,15.000123065504388,15.112623746617082,13.800112653914171,14.58761978149414,1378550
2001-02-26,14.70012108499982,15.262625694274904,14.550120957095693,15.262625694274902,751083
2001-02-27,15.24387237813874,15.262622094730913,14.587616958773463,15.000120162963867,691595
2001-02-28,15.11262058471912,15.26262185478428,14.70011738701376,15.075119972229004,874907
2001-03-01,15.0001175269608,15.262619412597822,14.625115001750071,14.962616920471191,986976
2001-03-02,14.850118890540509,15.300122707810583,14.17511375458306,15.000120162963867,1532581
2001-03-05,14.962619549884197,15.112620822307555,14.475116299429777,15.000120162963867,910373
2001-03-06,15.1501300190548,15.337630830895561,14.962628027318043,15.187630653381348,914600
2001-03-07,15.337626304672277,15.337626304672277,14.550121475483968,14.925124168395996,966975
2001-03-08,14.775122225317704,14.925123532066369,14.287617683410645,14.287617683410645,566741
2001-03-09,14.334488217138844,14.400115170013413,13.500106423275078,13.987610816955566,679429
2001-03-12,13.687610899351391,13.72511151674649,12.262599237292243,12.375101089477539,2613070
2001-03-13,12.112594139302246,12.56259786687196,10.687584105174118,11.325088500976562,4610220
2001-03-14,11.137591373801412,11.362592719175082,9.787579171925268,10.162582397460938,4728063
2001-03-15,10.462583757539367,10.837587529282533,9.993830222755738,10.200081825256348,2990622
2001-03-16,10.23758265414811,10.350083316083674,9.750078802514533,9.975079536437988,1921681
2001-03-19,10.012575375070458,10.500079584145665,9.600072948059504,10.425078392028809,1106366
2001-03-20,10.46258397801924,10.537585205906517,9.825078850506461,9.975079536437988,1116573
2001-03-21,10.012578090900465,10.200079942156165,9.000070571899414,9.000070571899414,1056053
2001-03-22,9.112572000345416,9.187572629357371,8.325065690693698,8.737568855285645,1427935
2001-03-23,8.887570414652046,9.337574203981626,8.737569151542186,9.075072288513184,1146884
2001-03-26,9.431325276335176,9.675076889927974,9.00007178618893,9.150073051452637,549214
2001-03-27,9.262576736057175,10.50008728441109,9.112575421714409,10.38758659362793,1319165
2001-03-28,10.275081927769762,10.387583767844168,9.30007482967324,9.45007610321045,3136199
2001-03-29,9.412575234458101,9.900079065252609,9.300074577331543,9.300074577331543,1267511
2001-03-30,9.487576449400658,9.487576449400658,8.325066834911032,8.887571334838867,2781741
2001-04-02,9.00007155352264,9.00007155352264,8.100063985207044,8.475067138671875,1360508
2001-04-03,7.387559021525171,8.025064099779941,6.90005461761185,7.162557125091553,4469591
2001-04-04,6.97505801102592,7.687563353279118,6.712555421829675,7.387561321258545,2351299
2001-04-05,7.650060619533715,8.737568855285645,7.53755938104198,8.737568855285645,1717440
2001-04-06,8.728195047032047,8.73756990555506,8.175066005272972,8.400067329406738,1044506
2001-04-09,8.454065662072095,9.036070149378792,8.430066006156727,9.006070137023926,1120285
2001-04-10,9.55207612288121,11.040087435740285,9.30007409756802,10.89008617401123,1266687
2001-04-11,11.550089408688459,12.45009683529862,11.202086442674261,11.556090354919434,2684105
2001-04-12,11.550089009654526,12.07209344064155,11.400088956963438,11.99409294128418,1789094
2001-04-16,11.988095503668001,12.000095038256019,11.400091171264648,11.400091171264648,594062
2001-04-17,11.580094668722085,12.132098143364535,11.28009208778211,12.084098815917969,1190186
2001-04-18,12.360100492528792,14.340117375534307,12.276100191031226,13.722111701965332,2436150
2001-04-19,13.500108803717342,14.190115198589009,13.440108760639564,14.0761137008667,1024298
2001-04-20,14.034112282089199,14.070112067184082,12.876102872985621,13.494107246398926,1194517
2001-04-23,13.380106842394339,13.470108074293144,12.420099208318385,12.780101776123047,321260
2001-04-24,12.90010222749459,12.90010222749459,12.24609693449187,12.258097648620605,644169
2001-04-25,12.300099386789629,12.900104522705078,12.300099386789629,12.900104522705078,241357
2001-04-26,12.840101314704077,13.560106356333117,12.840101314704077,13.53610610961914,433329
2001-04-27,13.416108650090898,14.250115393196815,13.41010888169841,14.136115074157715,363840
2001-04-30,14.286111689523635,15.456120418471835,14.19011070706951,14.694114685058594,980790
2001-05-01,14.700117294610456,14.700117294610456,13.896111860793646,14.250113487243652,680254
2001-05-02,14.40011710506314,14.442116661497513,14.220114623590073,14.244114875793457,852121
2001-05-03,14.160115369325885,14.160115369325885,13.602110949481073,13.692111015319824,407451
2001-05-04,13.440104484558104,13.500104508546373,12.906100495398288,13.440104484558105,709740
2001-05-07,13.590106409284104,13.650106436296017,13.110102653503418,13.110102653503418,266926
2001-05-08,12.840103504665167,12.84610327239318,11.730094559588728,12.120097160339355,1055022
2001-05-09,12.15009738208032,12.162098097632375,11.760094774807055,12.114097595214844,477765
2001-05-10,12.168097166081113,12.234098148085549,11.412091066300585,11.640092849731445,512510
2001-05-11,11.6400941013732,11.6400941013732,11.160090233068074,11.388092041015625,651695
2001-05-14,11.490092898606536,11.490092898606536,10.980089006219707,11.250091552734375,436525
2001-05-15,11.250090592044634,11.334090878942462,10.8000867795796,11.028088569641113,406420
2001-05-16,11.370091387582221,11.388091871595801,10.752086962035001,11.100090026855469,661799
2001-05-17,11.2800881835637,11.46008943384729,11.16608672311023,11.172087669372559,3079185
2001-05-18,11.250088514346203,11.328089019180682,10.560082324040668,10.650083541870117,1413707
2001-05-21,10.800084781805571,10.800084781805571,10.260079834778237,10.47008228302002,1618670
2001-05-22,10.470081451176235,10.650082692585954,10.380080240523874,10.560081481933594,866143
2001-05-23,10.500084370692749,10.500084370692749,10.200081825256348,10.200081825256348,477147
2001-05-24,10.200083954453941,10.470086537686957,10.200083954453941,10.350085258483887,519315
2001-05-25,10.350083219145203,10.500084493619502,10.212081480279085,10.218082427978516,314249
2001-05-29,10.260080851088157,10.302081580875905,9.810077667236328,9.810077667236328,297547
2001-05-30,9.66007530449344,9.744075574566729,9.450074039362683,9.624074935913086,1539077
2001-05-31,9.720075785529062,9.984077304937045,9.690075183816313,9.960078239440918,484054
2001-06-01,9.900080279934866,9.900080279934866,9.600078294139658,9.630078315734863,313527
2001-06-04,9.75007700645471,9.870077651084172,9.600075758207206,9.76807689666748,551894
2001-06-05,9.870077651084172,9.900077664754646,9.63007577187768,9.76807689666748,945839
2001-06-06,9.858077492481897,9.924078470187517,9.660076329207838,9.78007698059082,583855
2001-06-07,9.762075919989872,9.960078239440918,9.726075551903092,9.960078239440918,1072962
2001-06-08,10.050081247019293,10.104081520146122,9.900079963935697,9.936080932617188,190013
2001-06-11,9.870079422037502,10.008081161536031,9.75607852370833,9.930079460144043,1016050
2001-06-12,9.822079894339641,9.828080252714376,9.360076487342045,9.540077209472656,917796
2001-06-13,9.54007774741946,9.816080089474953,9.486078058688294,9.492077827453613,301671
2001-06-14,9.49207444320206,9.49207444320206,8.400065591797262,9.000070571899414,833151
2001-06-15,9.000072776935784,9.054073049591938,8.352067735218835,8.580069541931152,423329
2001-06-18,8.580068954822885,8.616068740831832,7.920063832128096,8.250065803527832,423432
2001-06-19,8.79007269410098,8.79007269410098,7.920066022624889,8.040066719055176,749331
2001-06-20,8.046064168328893,8.634068489074707,8.034064044031165,8.634068489074707,878927
2001-06-21,8.49006735933718,8.58006859037967,8.100064187961046,8.526067733764648,650973
2001-06-22,8.52606779688896,8.580068653903785,8.220065496911378,8.388067245483398,269091
2001-06-25,8.388068321451845,8.700071018873983,8.370067836822034,8.520069122314453,345488
2001-06-26,8.460066783890301,8.730068689353677,8.220064893495877,8.640068054199219,1122965
2001-06-27,8.58006929348494,8.67006994195502,8.352067493374689,8.430068016052246,283113
2001-06-28,8.460068198576613,8.98207279568833,8.460068198576613,8.940072059631348,2739573
2001-06-29,9.000073165049544,9.840080261230469,8.952072658419596,9.840080261230469,2086435
2001-07-02,9.690076643858909,9.690076643858909,9.450075333680152,9.570075988769531,768095
2001-07-03,9.450075575931839,9.594076483720066,9.120072438594313,9.498075485229492,214345
2001-07-05,9.450076222312104,9.468076115786452,9.174073922720929,9.246074676513672,385800
2001-07-06,9.096075338839162,9.102075107959529,8.700072288513184,8.700072288513184,1360611
2001-07-09,8.706068554414218,9.000070691808576,8.556067307390192,8.784069061279297,375387
2001-07-10,8.790071347642494,8.994072913288605,8.388068574723956,8.448068618774414,346004
2001-07-11,8.268067720872768,8.268067720872768,7.890065155648016,7.980065822601318,567772
2001-07-12,8.250066506599891,8.400067790895053,8.010065159664883,8.15406608581543,742835
2001-07-13,8.190064750727288,8.550067901611328,8.100064110493186,8.550067901611328,290227
2001-07-16,8.400063881833981,8.550065096324447,7.830059620738677,7.896059989929199,587051
2001-07-17,7.89606113648494,7.980061993982313,7.806061102659034,7.836060523986816,358582
2001-07-18,7.836063529093064,7.920065008752267,7.5720619127525515,7.632061958312988,422607
2001-07-19,7.530059370831089,7.530059370831089,5.850045649970739,6.330049991607666,4315457
2001-07-20,6.480051546165438,6.654052457224871,6.360049717610394,6.594051837921143,1383911
2001-07-23,6.594052351519482,6.654052975496547,6.270049571990967,6.270049571990967,643035
2001-07-24,6.2700485231498755,6.2700485231498755,5.964046276975735,5.970046043395996,3100114
2001-07-25,5.988048217082565,6.180050236025253,5.796046788087578,5.916048049926758,1014916
2001-07-26,5.958048472104887,6.000048620716894,5.814046951239045,5.922048091888428,692007
2001-07-27,5.970047143512155,5.976048090933294,5.760045840944979,5.808046340942383,663655
2001-07-30,5.868047662345826,6.000048463056601,5.850047177736721,5.934048652648926,838925
2001-07-31,5.940047385296156,5.994047649813612,5.850046157836914,5.850046157836914,789230
2001-08-01,5.850046686271515,5.850046686271515,5.094041144894324,5.100040912628174,2863912
2001-08-02,5.280043062753287,5.610045053612482,5.280043062753287,5.550045013427734,2874737
2001-08-03,5.490044424289183,5.736046124747535,5.412043899508429,5.706046104431152,1329990
2001-08-06,5.688045050804486,5.820046424865723,5.556044266690889,5.820046424865723,700874
2001-08-07,5.7600453334850705,5.8620466819670565,5.670044698892815,5.730045318603516,413431
2001-08-08,5.700047080967041,6.17405064960445,5.550045779894458,5.844048023223877,1931166
2001-08-09,5.844046123830303,6.000047143068429,5.580043990540534,5.6640448570251465,822222
2001-08-10,5.700045576163415,5.8980473356986955,5.430043659481539,5.790046215057373,779848
2001-08-13,5.790047777057879,5.790047777057879,5.520045197588887,5.754047393798828,667263
2001-08-14,5.8020469492249,5.868047942681076,5.610045507224114,5.640046119689941,385388
2001-08-15,5.760044748908194,5.760044748908194,5.220040406211168,5.2500410079956055,2768132
2001-08-16,5.250042534713092,5.250042534713092,4.890039633217135,4.920039653778076,2651629
2001-08-17,4.84203944086739,4.9200399713181655,4.758039141896282,4.800039291381836,1906216
2001-08-20,4.800038476279974,4.800038476279974,4.50003594246143,4.620036602020264,1922918
2001-08-21,4.770038161786921,4.770038161786921,4.500036218741995,4.506036281585693,1470309
2001-08-22,4.5600367225592615,4.632037479373454,4.440036051149972,4.542036533355713,1100386
2001-08-23,4.602037591739052,5.040041646451644,4.566037209986146,5.016040802001953,3659844
2001-08-24,5.010040141475771,5.448043823242187,5.010040141475771,5.4480438232421875,3262496
2001-08-27,5.472043445387107,6.216049347260375,5.448043197912397,6.2040486335754395,3549321
2001-08-28,6.270048611663043,6.330049816397886,5.976047074074126,6.000046730041504,1886730
2001-08-29,6.240048599243164,6.360049238870222,5.970046127674082,6.000046730041504,1378963
2001-08-30,6.000049015475913,6.066050011855667,5.898048816406672,5.946048736572266,895423
2001-08-31,5.94604686167522,6.114048004150391,5.940047094776769,6.114048004150391,505602
2001-09-04,6.114048587462189,6.114048587462189,5.8800470370412,5.9100470542907715,1084612
2001-09-05,5.8500464234676235,5.9040472803846855,5.112040808393356,5.340042591094971,1423399
2001-09-06,5.370042268606654,5.400042873873345,4.7460375843573015,4.980039119720459,1853016
2001-09-07,4.860038266766603,5.340042031633735,4.740037620523608,5.310041427612305,738196
2001-09-10,5.310042251468371,5.610044798542787,5.08204104722692,5.400043487548828,893774
2001-09-17,5.400043487548828,5.940047954293244,5.2500422140116205,5.400043487548828,2083032
2001-09-18,5.55004554630587,5.820047522904095,5.4720450146184545,5.484044551849365,1276584
2001-09-19,5.54404464250614,5.796046081763336,4.8000383846393975,5.220041275024414,1013782
2001-09-20,5.250043144366469,5.370043830492835,4.87204000965459,4.944040775299072,671593
2001-09-21,4.650038356374172,5.370043966196731,4.440036707885347,5.040041923522949,1121213
2001-09-24,5.340042591094971,5.370042608311843,4.980039434754317,5.340042591094971,731907
2001-09-25,5.340042522239869,5.5080442683415045,5.064040243591953,5.220041275024414,684069
2001-09-26,5.28004267075897,5.310042098676472,4.794038487689049,4.824038505554199,641591
2001-09-27,4.8840397897806715,4.890040148493755,4.566037296524651,4.746038913726807,1082138
2001-09-28,4.800038688373829,5.400043487548828,4.794038625633387,5.400043487548828,1017906
2001-10-01,5.340042632140144,5.340042632140144,4.884038768258114,5.328042507171631,808407
2001-10-02,5.328043407721326,5.640046119689941,5.322043639196805,5.640046119689941,1331640
2001-10-03,5.400044251546495,5.544045777690415,5.340043615653195,5.484044551849365,2713077
2001-10-04,5.460042447211572,6.072047546033541,5.328041682926028,5.886045932769775,3133003
2001-10-05,5.826045467013493,5.838044999271508,5.550043246234043,5.748044967651367,535398
2001-10-08,5.688045771198696,5.82604752016908,5.520044591063681,5.580045223236084,608496
2001-10-09,5.580042976313177,6.090047259492969,5.5200423683012945,6.006045818328857,928312
2001-10-10,6.006046471738854,6.426050183567615,6.000046705258677,6.336049556732178,1303081
2001-10-11,6.4500541838407575,7.26006088679717,6.4500541838407575,7.08005952835083,2346041
2001-10-12,6.900054238718138,6.906055185680576,6.300049804456716,6.6120524406433105,1643826
2001-10-15,6.552053780311779,6.56405390798376,6.204050667772101,6.300051689147949,1116161
2001-10-16,6.300050977373677,6.492052408485446,6.0960494199456905,6.450052261352539,1091004
2001-10-17,6.5400505840726035,6.750051834878812,6.36004875344907,6.480050563812256,1198022
2001-10-18,6.480051546165438,6.648052690268291,6.480051546165438,6.594051837921143,827377
2001-10-19,6.594052832323313,7.086056804914331,6.546052329641715,7.02605676651001,1730121
2001-10-22,7.026055933810253,7.026055933810253,6.780053681696098,6.990055561065674,1181732
2001-10-23,6.930056213191857,7.188058636961007,6.87605593912648,6.948056697845459,805520
2001-10-24,6.94805745307846,7.04405788519101,6.72605538453784,6.822055816650391,1347929
2001-10-25,6.780054438623575,6.888055568914592,6.660053182744665,6.870055675506592,631694
2001-10-26,6.900055850796794,7.470060992946239,6.870056418504131,7.2900590896606445,1349682
2001-10-29,7.23005888351415,7.500060847483636,7.140058228857655,7.170058250427246,616435
2001-10-30,7.140055998284648,7.1460557647451335,6.690052275636843,6.7620530128479,777477
2001-10-31,6.822056327215743,7.1460592109700745,6.822056327215743,7.0200581550598145,1093169
2001-11-01,7.020054264200075,7.110054884260653,6.900053044154307,7.0440545082092285,1714656
2001-11-02,7.050054795898011,7.338057745318284,7.008054660747991,7.2120561599731445,1341434
2001-11-05,7.260055969831021,7.308056456893867,7.158055229796214,7.182055473327637,1102345
2001-11-06,7.170058333273861,7.170058333273861,6.4200524758386255,6.600053787231445,4179571
2001-11-07,6.594053568392161,6.630053949421942,6.000048756270113,6.2640509605407715,2381919
2001-11-08,6.300050271525667,6.480052146101792,6.210049629211426,6.210049629211426,1738163
2001-11-09,6.270050359510488,6.378051496234168,6.150049686431885,6.150049686431885,462507
2001-11-12,6.150047972035984,6.150047972035984,5.940046705201746,6.000046730041504,772013
2001-11-13,6.060047854059705,6.396050145208057,6.006047001239626,6.366050720214844,869339
2001-11-14,6.390050440098549,6.61205244064331,6.330050409635725,6.6120524406433105,863978
2001-11-15,6.600051136947742,6.774052020117749,6.330049278279115,6.684051990509033,695306
2001-11-16,6.738053044932794,6.93005442879797,6.708052441550773,6.912054538726807,1027288
2001-11-19,6.912056567630235,7.4100597685699725,6.912056567630235,7.2900590896606445,814799
2001-11-20,7.296059858962667,7.350060138015561,7.110058176733206,7.146058559417725,1120388
2001-11-21,7.146057464795387,7.224058576970967,6.690053867203637,6.828054428100586,739433
2001-11-23,6.870059328743079,7.062060850300776,6.86405837783655,6.984060287475586,112998
2001-11-26,6.984056191066132,7.050055993262887,6.8640543518126504,6.960055351257324,789230
2001-11-27,6.960054667790731,7.3800584091698225,6.948055133986121,7.200056552886963,1255449
2001-11-28,7.140057535202704,7.140057535202704,6.780054361603226,6.840054988861084,779333
2001-11-29,6.780054361603226,6.876055365215797,6.678053590238702,6.840054988861084,524160
2001-11-30,6.840055670228879,6.840055670228879,6.522053199006121,6.534053325653076,3243732
2001-12-03,6.360050678253174,6.468051809312728,6.156049131755024,6.360050678253174,949139
2001-12-04,6.360051219419813,6.444052696228028,6.288051049201406,6.444052696228027,860163
2001-12-05,6.480053109618808,6.720055054791811,6.480053109618808,6.600053787231445,759022
2001-12-06,6.570054387213817,6.672054589373521,6.480053722998257,6.5100531578063965,547977
2001-12-07,6.450054539350112,6.504054831870786,6.120051244079099,6.1560516357421875,730051
2001-12-10,6.156047495241485,6.156047495241485,5.850045256841393,5.982046604156494,1497940
2001-12-11,5.880047216472248,6.000047879080021,5.700045927586761,5.772046089172363,1043991
2001-12-12,5.71204606105719,5.760045972200738,5.340042767548015,5.460043430328369,1542582
2001-12-13,5.400042375216206,5.700044860494338,5.3700417727198655,5.574043273925781,979141
2001-12-14,5.574045126233765,5.700046754673856,5.520044849722112,5.640046119689941,2506773
2001-12-17,5.610042810004155,6.030046463012695,5.520042195773027,6.030046463012695,3063616
2001-12-18,6.000047737179768,6.270049664122492,6.000047737179768,6.210049629211426,2561004
2001-12-19,6.120048354933048,6.126048712351545,5.862047144680984,5.9100470542907715,1171216
2001-12-20,5.916045791232246,6.054046894685839,5.8800454264251165,6.006045818328857,1319783
2001-12-21,6.00604619822523,6.054047277618392,5.580043329263879,5.760044574737549,1489383
2001-12-24,5.82004641259442,5.970047088789915,5.82004641259442,5.9100470542907715,529315
2001-12-26,5.970048241538676,6.216051144244672,5.970048241538676,6.072049617767334,874288
2001-12-27,6.120048396949543,6.312050396497409,6.090048969441651,6.210049629211426,1516189
2001-12-28,6.216051226377119,6.4440530563644005,6.210050867720739,6.426052570343018,1279574
2001-12-31,6.45005307371787,6.504053353968171,6.330052385389669,6.408052921295166,846451
2002-01-02,6.4200524758386255,6.600053787231445,6.360051252110713,6.600053787231445,501994
2002-01-03,6.60605202727615,6.90005417985786,6.60605202727615,6.894054412841797,1089561
2002-01-04,6.90005329011531,6.930053891169909,6.690052032470702,6.690052032470703,1381334
2002-01-07,6.7200541400007445,6.750053567885465,6.366051333809139,6.49805212020874,680254
2002-01-08,6.480052000279457,6.57005264056839,5.982047710080366,6.0240478515625,1942713
2002-01-09,6.120047448534389,6.174048297512611,5.844045796851202,5.886045932769775,2156646
2002-01-10,5.880047326888828,5.880047326888828,5.340042860144412,5.400043487548828,1796105
2002-01-11,5.490044781351854,5.6040456918953,5.430044736816793,5.520044803619385,1869409
2002-01-14,5.610044515889734,5.664045372806795,5.2800425566612255,5.340042591094971,859648
2002-01-15,5.358043073383203,5.454043482445778,5.220041342332207,5.340042591094971,1511858
2002-01-16,5.280042222649377,5.340042253287562,4.980039119720459,4.980039119720459,5517603
2002-01-17,5.0400419585032585,5.094042239502139,4.740039348602295,4.740039348602295,1607844
2002-01-18,4.590037727804234,4.680038091618006,4.020032867210097,4.1880340576171875,3090526
2002-01-22,4.170032710717661,4.200033315294334,3.5400276839261315,3.858030080795288,11336979
2002-01-23,4.020032255791798,4.464035713590039,3.8400303756457594,4.458035945892334,3518494
2002-01-24,4.45803562401708,4.800038286680081,4.452035266804949,4.674036979675293,3032068
2002-01-25,4.650037025695808,4.7700376805146565,4.536036138141474,4.674036979675293,3352503
2002-01-28,4.620037135397699,4.71003808291805,4.446036188446584,4.572037220001221,1631970
2002-01-29,4.560035917494032,4.566035979502582,4.2000333768761955,4.320034027099609,5347797
2002-01-30,4.320034477708398,4.350035085854214,4.0440321864737685,4.242033958435059,2322224
2002-01-31,4.284033338618109,4.362033843994141,4.260033387330405,4.362033843994141,1030897
2002-02-01,4.332035105077128,4.39203543931605,4.110033071963741,4.236034393310547,755104
2002-02-04,4.176032355189476,4.18803247783106,3.9000307143281,3.960031032562256,1002132
2002-02-05,3.7800310873599687,3.8400314356642338,3.5100290775299072,3.5100290775299072,2154687
2002-02-06,3.570029905503336,3.6900306083200953,3.060025591149442,3.540029287338257,2112725
2002-02-07,3.53402858419407,3.9300315658211797,3.450027996420721,3.906031608581543,1398861
2002-02-08,3.8700311950705473,3.906031573063418,3.690029600080039,3.900031805038452,628601
2002-02-11,3.900031683510749,4.470035880793068,3.900031683510749,4.428035736083984,857895
2002-02-12,4.3800350184996555,4.608037409508161,4.200034015782888,4.236034393310547,812428
2002-02-13,4.296033955732625,4.38003423159149,4.158032533336325,4.212032794952393,692110
2002-02-14,4.200033822639523,4.326034253270528,3.600029032972995,3.6900293827056885,2703798
2002-02-15,3.690028607263016,3.7500295160814945,3.5040269993181763,3.6000282764434814,2639566
2002-02-19,3.6960309679322525,3.6960309679322525,3.4200285845214977,3.540029287338257,1891679
2002-02-20,3.5400279505360865,3.708029401991111,3.4800276217853163,3.6360292434692383,935632
2002-02-21,3.690029432169401,3.690029432169401,3.3840271180758275,3.420027494430542,2074681
2002-02-22,3.3600274122090115,3.3600274122090115,3.102024990772808,3.348026990890503,650561
2002-02-25,3.3600273543876096,3.5340285934430624,3.150025736917712,3.51602840423584,1519797
2002-02-26,3.5400276969785502,3.654029168863624,3.51002768223885,3.5880281925201416,1084200
2002-02-27,3.6480294545070517,3.8340308175452074,3.6000292454845497,3.7800302505493164,2005501
2002-02-28,3.7860315229361685,3.7860315229361685,3.660030179330443,3.7260305881500244,1411336
2002-03-01,3.8400312239255094,5.016041112567568,3.810031493888424,4.740039348602295,3268270
2002-03-04,4.746037081158692,4.860037953210937,4.572035889855996,4.632036209106445,1482062
2002-03-05,4.57203728387174,4.57203728387174,4.32603469054617,4.554037094116211,2136335
2002-03-06,4.584035739736202,5.364041958553439,4.584035739736202,5.226040840148926,1995191
2002-03-07,5.994048669199976,6.024048690156646,5.310042645879428,5.3700432777404785,3284972
2002-03-08,5.37004396543848,5.580045908871546,5.100041972408355,5.2320427894592285,1263284
2002-03-11,5.238041359219189,5.460042764783966,5.1960412208577615,5.39404296875,1624547
2002-03-12,5.250042202339545,5.250042202339545,4.854039242246135,5.010040283203125,1087911
2002-03-13,5.004041155210884,5.004041155210884,4.650037999000619,4.800039291381836,1263387
2002-03-14,4.800039312941319,4.854039884631694,4.6500380198863684,4.794039249420166,1868894
2002-03-15,4.710038431402859,4.752038581712663,4.560037136077881,4.560037136077881,1493610
2002-03-18,4.5900371613974755,4.680037514105279,4.428035759591449,4.506036281585693,2787205
2002-03-19,4.500036926826613,4.500036926826613,4.206034391171507,4.230034351348877,1285760
2002-03-20,4.200033664703369,4.266033761372799,3.9600317578616804,4.200033664703369,2796072
2002-03-21,4.218033833474443,4.218033833474443,4.074032336032024,4.152032852172852,1137812
2002-03-22,4.200033584557869,4.27203433222074,3.9960317611535467,4.170032978057861,1759401
2002-03-25,4.218034055811461,4.218034055811461,4.0320324067844755,4.056032657623291,1712388
2002-03-26,4.020032922172146,4.128033773188689,3.7800306705006435,3.846031665802002,1703109
2002-03-27,3.7680319012538024,3.888032609091656,3.7320315119180827,3.8280322551727295,1547325
2002-03-28,3.822030477739058,4.038031815377035,3.780029455627176,3.966031074523926,985224
2002-04-01,3.9900319754741593,4.014032523107172,3.7320304392836157,3.7860310077667236,986461
2002-04-02,3.7500305964299896,3.8640315006037627,3.660029649734497,3.660029649734497,1121316
2002-04-03,3.666030160105344,3.750031355668703,3.480028755890819,3.5100290775299072,2466564
2002-04-04,3.5400275429589136,3.5400275429589136,3.420026899273515,3.4560272693634033,1098427
2002-04-05,3.52802724711741,3.6360283430772853,3.450026750564575,3.450026750564575,1551655
2002-04-08,3.42002875545276,3.4260285254169296,3.3180282414527604,3.4020285606384277,734691
2002-04-09,3.4620274882327857,3.516028050420415,3.4200273459495603,3.480027675628662,1333289
2002-04-10,3.516027589357874,3.540027541098069,3.3540259240385337,3.384026527404785,2113550
2002-04-11,3.378027659043356,3.378027659043356,3.1380254230518467,3.1500258445739746,2937216
2002-04-12,3.1560268124662647,3.594030418065883,3.1560268124662647,3.570030450820923,4193799
2002-04-15,3.5760277727552943,3.6600286330028733,3.450027072331464,3.6060280799865723,1450617
2002-04-16,3.750030363561038,4.098032822611321,3.74402971087293,4.050032615661621,3976979
2002-04-17,4.20003360359109,4.314034492933439,4.080032356942498,4.218033790588379,1616196
2002-04-18,4.224034078307989,4.224034078307989,3.942031998865251,4.122033596038818,1707027
2002-04-19,4.128032915666572,4.248033574113599,4.110032728407373,4.200033664703369,2006017
2002-04-22,4.074034378155402,4.074034378155402,3.8700327444697717,3.942033529281616,1200496
2002-04-23,3.936031040030434,4.098032116147152,3.936031040030434,4.0620317459106445,1367106
2002-04-24,4.068032890178113,4.170033368981691,4.032032512971787,4.11003303527832,1687438
2002-04-25,4.116032241509514,4.134032131392666,4.044031502081794,4.080031871795654,1133069
2002-04-26,4.080032634389997,4.110032948092204,3.984031925516763,4.050032615661621,1598153
2002-04-29,4.050032594913588,4.1100329270367935,3.97203207466127,4.056032657623291,985017
2002-04-30,4.056032271159002,4.380034446716309,4.056032271159002,4.380034446716309,4221120
2002-05-01,4.35003525501332,4.356035022907201,4.080032720939715,4.11003303527832,2996705
2002-05-02,3.9720323416645025,3.9840321729167165,3.6300293341693326,3.660029649734497,2948144
2002-05-03,3.660028595314427,3.7500295160814945,3.5280275398298273,3.6000282764434814,4033375
2002-05-06,3.6000291070007737,3.732030192939145,3.4980280399322514,3.498028039932251,1381643
2002-05-07,3.4980275661224534,3.5100276900345033,3.2340254300049485,3.3540260791778564,1448039
2002-05-08,3.4080269260451566,3.582028737538628,3.372026551253404,3.480027675628662,3341986
2002-05-09,3.4500273473686023,3.4560274092931844,2.892023063251416,2.916023015975952,7875603
2002-05-10,2.970023886525547,2.976023654109091,2.4300194362576932,2.7240219116210938,5530800
2002-05-13,2.730021532700784,2.8560228396437863,2.6460212513530665,2.784022092819214,975738
2002-05-14,2.850022996656714,2.928024417810924,2.7660226914591166,2.8440232276916504,1221735
2002-05-15,2.8440230046591637,2.9640242740276035,2.7900224334433656,2.9220235347747803,3158262
2002-05-16,2.922022852874248,2.922022852874248,2.7180213325026394,2.7360215187072754,1797445
2002-05-17,2.7540218299927233,2.9100234508514404,2.7360216429705635,2.9100234508514404,1303287
2002-05-20,2.8200219339008448,2.9400225660085373,2.7900213334132924,2.8740224838256836,372603
2002-05-21,2.87402297296202,3.030023998236432,2.820022413846706,2.904022693634033,1514333
2002-05-22,2.8500225676677027,2.934023745143013,2.790022232283363,2.8980233669281006,973161
2002-05-23,2.898022868566312,2.92202282160856,2.8200223574879626,2.850022077560425,705101
2002-05-24,2.8320228609267093,2.8800227684426645,2.790021835698477,2.8080220222473145,516015
2002-05-28,2.808021938506143,2.850022077560425,2.7960224044457145,2.850022077560425,385594
2002-05-29,2.9383735421452415,2.9383735421452415,2.721861866455621,2.7589781284332275,2834900
2002-05-30,2.660001666924246,2.8826992586399287,2.660001666924246,2.814652919769287,1241200
2002-05-31,3.031163671996258,3.031163671996258,2.752791326471045,2.783721685409546,2498800
2002-06-03,2.752791128235859,2.777535295615266,2.6476285643602497,2.715674877166748,471000
2002-06-04,2.6909308127464895,2.777535401888039,2.66000074982567,2.7404191493988037,354300
2002-06-05,2.7342332203496853,2.7342332203496853,2.598140001296997,2.598140001296997,1636500
2002-06-06,2.598140001296997,2.6228841693113494,2.350698173666599,2.598140001296997,1544000
2002-06-07,2.443488951207295,2.598140001296997,2.431116867200119,2.598140001296997,733200
2002-06-10,2.598140205515718,2.6290705654517184,2.5115356106582007,2.5610239505767822,899600
2002-06-11,2.567210634932991,2.629071071743965,2.4744198322296143,2.4744198322296143,462500
2002-06-12,2.480605545695974,2.5672101405534917,2.4744193557192644,2.5610239505767822,1342800
2002-06-13,2.567209801830242,2.845581824630139,2.5362794459752602,2.746605157852173,862300
2002-06-14,2.5857682260148067,2.6043265017281914,2.2393495374798413,2.4991636276245117,3131200
2002-06-17,2.598140194941795,2.709489254279208,2.536279770295328,2.666186809539795,1416300
2002-06-18,2.65381450913901,2.7404190966123667,2.5300936698913574,2.5300936698913574,2390400
2002-06-19,2.5300936698913574,2.604326173439949,2.4929774181170616,2.5300936698913574,3211900
2002-06-20,2.530094411630347,2.629071112045125,2.4744198701601174,2.5672106742858887,2264400
2002-06-21,2.567210519685761,2.6538151273332704,2.5362801551818848,2.5362801551818848,2708500
2002-06-24,2.598140864737654,2.598140864737654,2.443489763252721,2.505350351333618,2137800
2002-06-25,2.4744196817397026,2.6105126344469087,2.4744196817397026,2.585768461227417,5172000
2002-06-26,2.4125592993883616,2.4867918206067556,2.381628934727121,2.4496755599975586,3187800
2002-06-27,2.443489242945036,2.5919544162438632,2.4125590292342167,2.4991636276245117,10338000
2002-06-28,2.492977385687715,2.523907447610407,2.3816283368395386,2.431116819381714,3081000
2002-07-01,2.43730278942211,2.4496748728212587,2.2207910349632787,2.2331631183624268,1451400
2002-07-02,2.2888382125825046,2.332140515290485,1.9238612187259607,2.3197684288024902,2205600
2002-07-03,2.319767914054562,2.319767914054562,2.1589306779129207,2.282651662826538,647400
2002-07-05,2.3383270969881207,2.412559780496775,2.325955007651168,2.3506991863250732,270700
2002-07-08,2.226978104131344,2.412559735714736,2.226978104131344,2.2764666080474854,613900
2002-07-09,2.276466618330266,2.319768930401417,2.177489757537842,2.177489757537842,720200
2002-07-10,2.2888381555867126,2.2888381555867126,2.084698438644409,2.084698438644409,678200
2002-07-11,2.041396818637132,2.226978320788335,1.91767576804068,2.103257417678833,532000
2002-07-12,2.134186756656415,2.2084192676769354,1.9671634593733542,2.072326183319092,698900
2002-07-15,2.0290247283261817,2.103257417678833,1.91767576804068,2.103257417678833,591000
2002-07-16,2.196047912750439,2.443489993406941,2.1651176895401107,2.2146060466766357,1509400
2002-07-17,2.2888381653978285,2.50534996944812,2.177489241814447,2.226977586746216,1831400
2002-07-18,2.2269776576632165,2.257908021717436,2.029024124145508,2.029024124145508,833800
2002-07-19,2.02902431345668,2.053768489019201,1.7939544981258106,1.9176753759384155,3543200
2002-07-22,1.8558147449734337,1.9547915844673025,1.8434426584725632,1.8681868314743042,1600500
2002-07-23,1.8681867709979338,1.9176751153993943,1.6702332459051918,1.7135355472564697,1892000
2002-07-24,1.7011632840056192,1.7011632840056192,1.484651652308749,1.5774422883987427,7546200
2002-07-25,1.5774421504439322,1.583628192308933,1.4227909563320393,1.4537211656570435,3071200
2002-07-26,1.4042334988525227,1.793954764232348,1.3980474540442847,1.732094168663025,1130600
2002-07-29,1.7630243927042155,1.8558152123147287,1.6393034965394537,1.732094168663025,1063000
2002-07-30,1.732094192070517,1.732094192070517,1.5526987427203236,1.6269314289093018,837000
2002-07-31,1.5465123818545212,1.639303183760558,1.4227913618087769,1.4227913618087769,909700
2002-08-01,1.4537211656570435,1.5465119411189279,1.4289769981970402,1.4537211656570435,770800
2002-08-02,1.3609311108907531,1.4537217779481404,1.348559021949768,1.348559021949768,1285700
2002-08-05,1.3609308913163876,1.3733029782612438,1.2372098743809141,1.2866982221603394,787400
2002-08-06,1.3485588459019417,1.422791369857155,1.2990703491115514,1.3794890642166138,910600
2002-08-07,1.3609308830527447,1.3609308830527447,1.1320470547323318,1.2248377799987793,2309200
2002-08-08,1.2372101906441886,1.348559149098511,1.1444194410945692,1.1629775762557983,2024900
2002-08-09,0.9279074291127127,0.9340934727406542,0.6619073318808562,0.7113956809043884,12843900
2002-08-12,0.7546980535500396,0.7608840971247567,0.6186049474193526,0.6309770345687866,8323500
2002-08-13,0.6371630228535905,0.754697988061013,0.6309769798156682,0.7423259019851685,6185800
2002-08-14,0.754698013287882,0.810372402490179,0.7175816800762317,0.7485119700431824,2448900
2002-08-15,0.8041865356526329,0.835116832404484,0.7546981788392207,0.7918144464492798,2079700
2002-08-16,0.8041863249479996,0.9093492031097412,0.8041863249479996,0.9093492031097412,2239600
2002-08-19,0.9279076344506076,1.2372101792674768,0.921721589453748,1.0763728618621826,2975900
2002-08-20,1.1382330758289119,1.1444191191423745,0.9897678888189037,1.014512062072754,1819400
2002-08-21,1.0578142831829636,1.2433957027355975,1.0206979550263715,1.218651533126831,2709200
2002-08-22,1.2310235956694744,1.5093957937078053,1.218651511088827,1.391860842704773,1886500
2002-08-23,1.3980470587939953,1.4227912310313737,1.348558714319238,1.3609308004379272,1182800
2002-08-26,1.4227910541563915,1.435163138737039,1.2681398494114167,1.391860842704773,851900
2002-08-27,1.4166053722689573,1.4227914161330912,1.3300007581710815,1.3300007581710815,1192300
2002-08-28,1.3300005669054544,1.360930781778091,1.2990702045459195,1.3052562475204468,467100
2002-08-29,1.3300008945844617,1.4537217845567454,1.2866984356072277,1.3114426136016846,813000
2002-08-30,1.3361867510175953,1.4784659019471644,1.3361867510175953,1.4227913618087769,579500
2002-09-03,1.4227913466165092,1.6393031662564228,1.391861128807068,1.5465123653411865,1710900
2002-09-04,1.57744270648429,1.694977690836649,1.3918612376308894,1.6083729267120361,1146800
2002-09-05,1.565070545213516,1.6021868077513266,1.5155821951631019,1.5588845014572144,1019300
2002-09-06,1.6207445852407398,1.6331168175396238,1.5341399915567457,1.5774422883987427,537300
2002-09-09,1.5836287505298392,1.6640474706089028,1.4227914578586356,1.6083729267120361,983900
2002-09-10,1.6083728745747026,1.6083728745747026,1.497024085364321,1.5341403484344482,716700
2002-09-11,1.5341403484344482,1.5960007868846602,1.5032101292093423,1.5341403484344482,734800
2002-09-12,1.5465122306316519,1.5898145317930064,1.5279541015625,1.5279541015625,623000
2002-09-13,1.527954234655522,1.5836286267125161,1.5155821475317452,1.5465123653411865,290200
2002-09-16,1.5465122809026624,1.5898145834716038,1.503209978333721,1.5403262376785278,404300
2002-09-17,1.5465123818545212,1.577442599994229,1.4042332309249521,1.4227913618087769,764400
2002-09-18,1.4289772510528564,1.509395957014733,1.367116821456719,1.4289772510528564,395600
2002-09-19,1.4166051830662925,1.4970238900461814,1.3238145374974588,1.484651803970337,469800
2002-09-20,1.4846519961200868,1.4846519961200868,1.3918611910549867,1.4351634979248047,601800
2002-09-23,1.4537213190242622,1.4537213190242622,1.1753491845007293,1.3176283836364746,817300
2002-09-24,1.2866986419876458,1.2866986419876458,1.1506055674459765,1.169163703918457,963400
2002-09-25,1.2310237318261192,1.3052562475204468,1.2124656029025374,1.3052562475204468,963700
2002-09-26,1.3423725692017399,1.472279611058281,1.3300004840236779,1.4660934209823608,639600
2002-09-27,1.4537218013598454,1.5341405282582985,1.330000909957512,1.385675311088562,295200
2002-09-30,1.3918611233799623,1.3918611233799623,1.2681401051376944,1.3423727750778198,640200
2002-10-01,1.3423727609260805,1.3671169348162904,1.2681400917685404,1.3238146305084229,391100
2002-10-02,1.2990702739185813,1.3794889843688367,1.2681400573942163,1.2928842306137085,515300
2002-10-03,1.2990699969584505,1.3856747322495553,1.2557677030563354,1.2557677030563354,561600
2002-10-04,1.2619536734127215,1.3114420064918506,1.1939071416854858,1.1939071416854858,1034400
2002-10-07,1.2062793634969826,1.2372095733329311,1.1506049120488384,1.2124654054641724,955400
2002-10-08,1.2372101182947592,1.2557682523707479,1.1815356423233236,1.2433961629867554,951300
2002-10-09,1.2433957715303776,1.2495818142748314,1.082558512687683,1.082558512687683,1702500
2002-10-10,1.039256202232004,1.193907427630683,1.039256202232004,1.113488793373108,610500
2002-10-11,1.144419502394558,1.2433963022995398,1.144419502394558,1.2000939846038818,761300
2002-10-14,1.181535637831013,1.2062798902483876,1.1320472804832025,1.1753495931625366,269400
2002-10-15,1.2248380289107668,1.3547451149296268,1.2248380289107668,1.2433961629867554,617600
2002-10-16,1.2681401345202943,1.3238146751370863,1.20627969770932,1.2372099161148071,248800
2002-10-17,1.2990700006484985,1.2990700006484985,1.249581664619794,1.2990700006484985,285300
2002-10-18,1.2990700006484985,1.3300003581533142,1.2681397906305583,1.2990700006484985,270900
2002-10-21,1.3238148500858475,1.3238148500858475,1.2062798571252433,1.3114426136016846,372300
2002-10-22,1.2805121786879112,1.3300006739542467,1.2372098743809141,1.2866982221603394,461400
2002-10-23,1.274326120994336,1.3238146157083928,1.2619540341875488,1.2681400775909424,289700
2002-10-24,1.3485583569727944,1.7011630128946336,1.3300002327123672,1.6640467643737793,971500
2002-10-25,1.682605181627518,1.7939540940662126,1.596000439178114,1.7630237340927124,931600
2002-10-28,1.7135356375846253,1.7877683055868534,1.5774425358196307,1.6764193773269653,890800
2002-10-29,1.6764191391301952,1.7630237340927124,1.6516749691409047,1.7630237340927124,1057600
2002-10-30,1.781582774620228,2.1960480950109593,1.7753965819778026,2.103257417678833,2309300
2002-10-31,2.0413960229993955,2.2207914100754516,2.0352099802549417,2.165117025375366,1179500
2002-11-01,2.1527445537582426,2.474419013746314,1.9733491988595333,2.3878142833709717,1154800
2002-11-04,2.5053507952455645,2.5362808735359894,2.041396818637132,2.103257417678833,955100
2002-11-05,2.0413960748750855,2.14655895169008,1.9547914742519459,2.0104658603668213,548500
2002-11-06,2.047582046804021,2.1094426211632515,1.9795355772444476,2.0661401748657227,658800
2002-11-07,2.016652106758972,2.158931255340576,2.016652106758972,2.158931255340576,482200
2002-11-08,2.158931181215128,2.165117224528591,1.9486055610704944,2.029024124145508,345600
2002-11-11,1.9671638611907452,2.0413963873741716,1.8248847051855923,1.8991172313690186,298900
2002-11-12,1.9609776095232885,2.07851243019104,1.8929309869129496,2.07851243019104,245200
2002-11-13,2.016651887206962,2.0661402300260376,1.942419372978349,1.9919077157974243,163300
2002-11-14,2.0352098602539574,2.072326114532215,2.0166517331148284,2.041395902633667,970600
2002-11-15,2.1651174218171336,2.2579082274612072,2.1218151146771285,2.220791816711426,1515300
2002-11-18,2.319767988682063,2.424930851364784,2.301209862471032,2.356884241104126,1212600
2002-11-19,2.344512156963438,2.4434889775758153,2.171302831506936,2.356884241104126,803000
2002-11-20,2.381629786500312,2.443490390459895,2.257908873555072,2.288839101791382,1740400
2002-11-21,2.288839048623787,2.307397185134485,2.2331644916047346,2.257908821105957,1230900
2002-11-22,2.196047239097636,2.412559030127308,2.103256597930827,2.165117025375366,1829200
2002-11-25,2.2022334142803315,2.3506985965625393,2.1713031986979763,2.226977586746216,2111100
2002-11-26,2.2517228279078094,2.288839101791382,2.0537690722215007,2.288839101791382,1566400
2002-11-27,2.3383267237585557,2.5177222854842114,2.3197685927152634,2.4744198322296143,2225800
2002-11-29,2.517722185267996,2.517722185267996,2.4187453428232275,2.4496755599975586,574900
2002-12-02,2.505349356820349,2.7094888772329924,2.505349356820349,2.6909306049346924,2061500
2002-12-03,2.660001600305475,2.660001600305475,2.3878152192312214,2.505350351333618,903200
2002-12-04,2.4806067067009416,2.499164695369268,2.307397140944398,2.4001879692077637,1870300
2002-12-05,2.4249311963166966,2.4434893251676635,2.053768176836667,2.109442710876465,777700
2002-12-06,2.047582863792607,2.1403736886116835,2.0104665928597565,2.103257417678833,3385200
2002-12-09,2.09088449310155,2.1156286638504858,1.9795355772444476,2.0661401748657227,897400
2002-12-10,2.0908851623535156,2.1713037430279916,2.0475827021957054,2.0908851623535156,1147800
2002-12-11,2.103256750450102,2.1341869664153,1.9733496959093675,2.07851243019104,707700
2002-12-12,2.103256597930827,2.2146053673309978,2.066140193977211,2.165117025375366,918100
2002-12-13,2.1651169695816317,2.1651169695816317,2.0537680555639617,2.072326183319092,533000
2002-12-16,2.053768489019201,2.0723266206910913,1.8867451564852642,1.9176753759384155,1607100
2002-12-17,1.9176749712061183,2.103256543731198,1.8867447582809014,2.072326183319092,1014100
2002-12-18,2.059954098149005,2.103256543731198,1.9980936722985714,2.072326183319092,588200
2002-12-19,2.0723266206910913,2.0723266206910913,1.9176753759384153,1.9176753759384155,507200
2002-12-20,1.9795356458585571,2.0661402464816967,1.9547914742519459,2.0104658603668213,497100
2002-12-23,1.9919084573933312,2.1403736886116835,1.9424200961495306,2.103257417678833,464900
2002-12-24,2.0723262893833496,2.1527449945917327,1.9795356458585571,2.0104658603668213,390200
2002-12-26,2.0104659707931023,2.2269776317299055,2.0104659707931023,2.1341869831085205,2216100
2002-12-27,2.1960480950109593,2.1960480950109593,2.072327044414507,2.103257417678833,480900
2002-12-30,2.010465921564954,2.1280008877609924,2.010465921564954,2.084698438644409,612700
2002-12-31,2.0908846812876924,2.350698645022476,2.072326404068796,2.3197684288024902,1745000
2003-01-02,2.350698645022476,2.3816288612424614,2.2022334596796402,2.3197684288024902,617100
2003-01-03,2.3506991863250732,2.387815454335931,2.2269781454686086,2.3506991863250732,576200
2003-01-06,2.381628922610138,2.561024328795459,2.3754428792067444,2.5362801551818848,768200
2003-01-07,2.5300938404578446,2.5672100947343357,2.4125588877620716,2.542465925216675,474800
2003-01-08,2.5424671746185945,2.5424671746185945,2.455862391261164,2.492978811264038,799700
2003-01-09,2.4806059659223902,2.7156756203575667,2.4806059659223902,2.6847455501556396,772600
2003-01-10,2.684746359222788,2.721862631634644,2.6043276215101443,2.653815984725952,674600
2003-01-13,2.6847454350357007,2.7775359366365167,2.5548383788259854,2.6043267250061035,598200
2003-01-14,2.6105127707819475,2.9383735255235903,2.6105127707819475,2.8455827236175537,1236700
2003-01-15,2.870327420698955,2.9507461499900813,2.7713507046322645,2.9198157787323,1416500
2003-01-16,2.938373495451303,3.031164296407688,2.901257234063514,2.9507455825805664,1238000
2003-01-17,2.8146518016541773,2.8332097794381013,2.394000372235384,2.678558588027954,1590000
2003-01-21,2.690931417783724,2.721861782632775,2.4744197487618282,2.5733964443206787,834000
2003-01-22,2.5115354427932886,2.72804706295286,2.4806053798983516,2.548651695251465,360600
2003-01-23,2.5672106393915985,2.6909315132284197,2.325954640435967,2.3321406841278076,552300
2003-01-24,2.3506984551958765,2.369256583429238,2.1527449398864587,2.165117025375366,431600
2003-01-27,2.078513525440151,2.2517231210898965,1.9547925963860204,2.016653060913086,915600
2003-01-28,2.0723265662108865,2.189861544529858,2.0228382163868632,2.146559238433838,1605800
2003-01-29,2.1280013655478713,2.4682341068595117,2.0475826398356456,2.3630712032318115,609500
2003-01-30,2.4249319985600772,2.443490133550656,2.1527457237243652,2.1527457237243652,556300
2003-01-31,2.1898614721098655,2.536280204395592,2.1341870803990237,2.4434895515441895,1296000
2003-02-03,2.4744199106481526,2.4744199106481526,2.1960476412028513,2.220791816711426,496000
2003-02-04,2.1527451128327972,2.2269776317299055,2.072326403207359,2.1341869831085205,451500
2003-02-05,2.1651170413298972,2.2146053836502033,2.0104658240920474,2.0599541664123535,543600
2003-02-06,2.1218153070869628,2.1465594848393814,2.0475826263427734,2.0475826263427734,407400
2003-02-07,2.0908844585611113,2.152744884411545,2.029023885223788,2.072326183319092,501200
2003-02-10,2.1341867919121875,2.158930962661123,2.047582046804021,2.0661401748657227,356100
2003-02-11,2.0970705011461543,2.0970705011461543,1.9919076297135279,2.072326183319092,1731100
2003-02-12,2.047582863792607,2.103257417678833,1.985722412237856,2.103257417678833,2125500
2003-02-13,2.072326236721665,2.165117025375366,2.0599541512327573,2.165117025375366,1324400
2003-02-14,2.152745743519844,2.3259551525115967,2.109443428143643,2.3259551525115967,1903500
2003-02-18,2.3630702111938002,2.468233070673191,2.356884169311887,2.431116819381714,804900
2003-02-19,2.4311175583765694,2.4311175583765694,2.3259546669304663,2.3692569732666016,549500
2003-02-20,2.4001872468802015,2.449675595067616,2.3259545771121677,2.4434895515441895,320600
2003-02-21,2.4929778260117734,2.6105124950408936,2.418745162830547,2.6105124950408936,542500
2003-02-24,2.6228841693113494,2.6290703588018127,2.4744191612252355,2.598140001296997,640900
2003-02-25,2.5486524766842793,2.5486524766842793,2.2764663943834855,2.4125595092773438,517800
2003-02-26,2.4125595092773438,2.443489729142556,2.3321407901408686,2.4125595092773438,417600
2003-02-27,2.474419864712705,2.5053502310111475,2.332140710692771,2.3692569732666016,838700
2003-02-28,2.4125600599779515,2.4929787974711295,2.350699458640056,2.4001879692077637,1865500
2003-03-03,2.443489084226518,2.5362797193316973,2.3816285133361816,2.3816285133361816,1223500
2003-03-04,2.3506991217774105,2.622885227203369,2.3506991217774105,2.622885227203369,1122000
2003-03-05,2.629070513655058,2.8332100592842364,2.629070513655058,2.82083797454834,2378200
2003-03-06,2.783722011251061,2.9198149575681973,2.734233667135739,2.827024459838867,3379100
2003-03-07,2.8022811797572516,2.901257899492537,2.7342345374522963,2.876513719558716,717700
2003-03-10,2.864140382670636,2.864140382670636,2.7218612625063088,2.783721685409546,744300
2003-03-11,2.734234310722491,2.870327289073326,2.5981410373977885,2.697118043899536,650300
2003-03-12,2.635256987573827,2.635256987573827,2.4867916597656823,2.579582452774048,1222400
2003-03-13,2.62907078840378,2.845582441395214,2.591954530317288,2.827024459838867,813200
2003-03-14,2.8888849061685438,3.0620941115426086,2.876512820070396,3.0373499393463135,1329400
2003-03-17,2.994048520491094,3.2229323169818267,2.938373971895126,3.1858160495758057,1420300
2003-03-18,3.2167458022492066,3.340466976165772,3.0930249233064844,3.3404669761657715,695700
2003-03-19,3.340467920715279,3.371398001709817,3.1858166308208116,3.2476770877838135,866800
2003-03-20,3.204373621150203,3.3899552291401682,3.130141095943751,3.315722703933716,667100
2003-03-21,3.402328352242706,3.5569796409810106,3.3404678957421687,3.5198633670806885,1129100
2003-03-24,3.519862277575344,3.519862277575344,3.3095364956018747,3.402327299118042,445600
2003-03-25,3.37758157372912,3.402325737311673,3.1672558883037243,3.2909770011901855,790500
2003-03-26,3.2909795551448777,3.334281727532016,3.2043746204227492,3.2476770877838135,497500
2003-03-27,3.161072448035611,3.2538632809670767,3.062095421920882,3.2476770877838135,590200
2003-03-28,3.1858158590619268,3.30953674301674,3.167257578981777,3.2600483894348145,458600
2003-03-31,3.198187708366773,3.5569785399870444,3.123955183543372,3.402327299118042,730600
2003-04-01,3.420884969343453,3.618838333662873,3.2476754805901797,3.5879082679748535,645500
2003-04-02,3.662141806037775,3.7673047077949326,3.649769717300101,3.7178163528442383,875000
2003-04-03,3.748745105245252,3.7549312949195244,3.4951172280752605,3.61883807182312,778100
2003-04-04,3.5879092448722476,3.754932588979902,3.5879092448722476,3.625025510787964,621200
2003-04-07,3.73637469048515,3.7858630500983748,3.693072228336633,3.779677152633667,625800
2003-04-08,3.748745749449479,3.7858620089520905,3.7116294899468674,3.7363736629486084,531900
2003-04-09,3.699257908364733,3.897211614371548,3.6806996285934677,3.829164981842041,922600
2003-04-10,3.82297833989851,3.897211155264806,3.62502495218523,3.72400164604187,894000
2003-04-11,3.7734903129705284,3.847722839658091,3.7240019618454863,3.835350751876831,580500
2003-04-14,3.8477235929391496,4.076607704162598,3.8477235929391496,4.076607704162598,695100
2003-04-15,4.014745530345093,4.082792149750171,3.9590712917171142,4.020931720733643,1232300
2003-04-16,4.070420536306285,4.101350901890817,3.822978496551514,3.8229784965515137,704800
2003-04-17,3.909584932850776,4.070422129928193,3.866282463073731,3.8662824630737305,580600
2003-04-21,3.9157708314052435,4.02093376159668,3.8415382789079744,3.8662824630737305,354600
2003-04-22,3.8353507518768306,3.8600949274393517,3.730188153223037,3.835350751876831,1135000
2003-04-23,3.8539088595758657,3.971443835755648,3.8539088595758657,3.9652576446533203,523500
2003-04-24,3.9590702961977597,3.977628272749366,3.847721256993245,3.897209882736206,345300
2003-04-25,3.9033959611787825,4.00855881652321,3.9033959611787825,3.9961867332458496,749900
2003-04-28,4.014745781952208,4.051862336662041,3.928141175901494,4.002373695373535,368300
2003-04-29,4.002373762686271,4.082792474287053,3.83535044357824,3.8477225303649902,450200
2003-04-30,3.7240008024922115,4.027117301227841,3.7178149080142897,3.9405124187469482,947800
2003-05-01,3.94051277070476,3.9590710457436065,3.767303580219812,3.773489475250244,909800
2003-05-02,3.7858619826787185,4.076606455892162,3.7858619826787185,4.070420265197754,863500
2003-05-05,4.088977505312918,4.175582088254438,3.9900005441203032,3.9961867332458496,943900
2003-05-06,4.033303946598594,4.453955173492432,4.033303946598594,4.453955173492432,1635800
2003-05-07,4.416838856916349,4.701397131519035,4.212699289260899,4.608606338500977,1146700
2003-05-08,4.4415845497100355,4.534375374496612,4.398282381123827,4.4230265617370605,1059500
2003-05-09,4.453955721177139,4.509630263558351,4.398281473769766,4.441583633422852,660200
2003-05-12,4.44777099418573,4.5467477222427854,4.441584801195205,4.515817642211914,569300
2003-05-13,4.453955328451073,4.515816056741799,4.330234461817248,4.4848856925964355,324900
2003-05-14,4.515814990682379,4.670466184952683,4.515814990682379,4.565303325653076,845400
2003-05-15,4.5838634764621755,4.701398475214267,4.478700567316941,4.546747207641602,503500
2003-05-16,4.484884516894448,4.5591170174148665,4.348791599273682,4.348791599273682,878100
2003-05-19,4.4106547211643345,4.522003540228521,4.4106547211643345,4.515817642211914,956300
2003-05-20,4.515814990682379,4.6024195768811005,4.379721774539214,4.565303325653076,959700
2003-05-21,4.534373890262742,4.577676339648686,4.3673505783081055,4.3673505783081055,371900
2003-05-22,4.336421819919975,4.342607717429888,4.249816894990048,4.3054914474487305,1098900
2003-05-23,4.268373972083601,4.453955269581438,4.237443608347056,4.410653114318848,774500
2003-05-27,4.385909947070917,4.781817100827277,4.385909947070917,4.7013983726501465,1721200
2003-05-28,4.750886637358157,4.911724090576172,4.750886637358157,4.911724090576172,1371400
2003-05-29,4.905536990985236,5.103490674867646,4.905536990985236,5.0725603103637695,1506800
2003-05-30,5.10348960655267,5.295257354375797,5.0416288904942395,5.15297794342041,1664300
2003-06-02,5.320003114133766,5.332374907077608,5.0973049416677485,5.165351867675781,1023300
2003-06-03,5.134420733409038,5.245769213060997,5.01069987271375,5.159164905548096,854600
2003-06-04,5.22102531491788,5.3509323729522675,5.159165176297656,5.338560581207275,909700
2003-06-05,5.282885279362416,5.3509315989866435,5.202466579835122,5.33237361907959,396600
2003-06-06,5.468468420972099,5.567445128871513,5.208654267762277,5.2890729904174805,1243900
2003-06-09,5.289071706591407,5.289071706591407,4.85604812469236,4.998327255249023,592000
2003-06-10,4.93646734092632,5.091118278068023,4.82511855999372,5.016885757446289,540300
2003-06-11,4.985956517478136,5.152979559295075,4.917909590486161,4.955026149749756,564900
2003-06-12,4.942653862943024,5.202468013005273,4.917909686267938,5.103491306304932,560500
2003-06-13,5.103491584987662,5.103491584987662,4.79418906468538,4.942654132843018,562500
2003-06-16,4.948839580972574,5.004514120650139,4.460141695949438,4.905537128448486,997000
2003-06-17,4.905536990985236,5.078746501254072,4.8251185742280285,5.0725603103637695,563000
2003-06-18,5.010700054409523,5.060188400482162,4.924095153808594,4.924095153808594,689200
2003-06-19,4.9550258642328915,5.12823508760444,4.664281368255615,4.664281368255615,1701800
2003-06-20,4.726140233662814,4.788000650011726,4.639535650774339,4.775628566741943,748400
2003-06-23,4.88697970965815,4.893165606462457,4.645723834813018,4.7508864402771,1011200
2003-06-24,4.75088569993424,4.868420670638873,4.75088569993424,4.856048583984375,1028600
2003-06-25,4.856048546170693,4.985955897492058,4.806560199938065,4.979769706726074,1066100
2003-06-26,4.948840454363076,5.159166268065147,4.695212475468609,4.7013983726501465,7516500
2003-06-27,4.639536796077605,4.800374213262389,4.608606432780899,4.794188022613525,12708200
2003-06-30,4.8251192735815085,4.979770528568431,4.763258535607652,4.80656099319458,9031900
2003-07-01,4.794188651202552,4.886979458285112,4.763258283850417,4.8251190185546875,2014600
2003-07-02,4.899350351580548,5.3509315989866435,4.893164161629015,5.33237361907959,4260100
2003-07-03,5.258142596731391,5.660235618149413,5.258142596731391,5.629305839538574,1774900
2003-07-07,5.641676567404346,5.858188516472127,5.629304776286312,5.845816135406494,1804400
2003-07-08,5.876745054496919,6.130372904562561,5.777768390075932,6.093256950378418,1915600
2003-07-09,6.173676421810923,6.278839298650775,6.0994439069735416,6.192234992980957,3793400
2003-07-10,6.1551207394817204,6.1551207394817204,5.938609304494128,6.043772220611572,1260100
2003-07-11,6.031398631092569,6.142747717680615,5.944793720418789,6.056142807006836,1943200
2003-07-14,6.155119191839628,6.278840065002441,6.155119191839628,6.278840065002441,1038300
2003-07-15,6.278838118150141,6.346885019751422,6.068512993961793,6.142745494842529,1599600
2003-07-16,6.148930779361731,6.291210174560547,6.124186613668125,6.291210174560547,1645500
2003-07-17,6.186049045660557,6.186049045660557,6.000467456301218,6.031397819519043,3194300
2003-07-18,6.049955801470694,6.124188319224907,5.8520024207927905,6.031397819519043,1303100
2003-07-21,5.969536996324826,5.988095567923276,5.740653256139011,5.845816135406494,686700
2003-07-22,5.938607319813178,6.043770200785216,5.709722985969841,6.031397819519043,12325300
2003-07-23,6.06232890828671,6.173677403270603,6.0313985413670865,6.1551194190979,1095800
2003-07-24,6.167492612160983,6.216980969755339,6.105631870194161,6.179864406585693,1892100
2003-07-25,6.099444835693827,6.1860497444979625,6.074700660313742,6.136561393737793,487000
2003-07-28,6.124187458869083,6.439676057463815,6.111815669288569,6.427304267883301,1799500
2003-07-29,6.427306280774848,6.427306280774848,6.1056313916745655,6.124189376831055,1359100
2003-07-30,6.216979285128761,6.216979285128761,6.087072234157798,6.11181640625,1455700
2003-07-31,6.179863922248235,6.210794290807526,6.006654684243005,6.124189376831055,1274600
2003-08-01,6.247912209166925,6.247912209166925,5.858190896481273,5.957167625427246,1679500
2003-08-04,6.049958161327137,6.049958161327137,5.889121271763849,5.957167625427246,2378600
2003-08-05,5.957166093795758,6.11800353195439,5.88293356617201,6.0004682540893555,2261700
2003-08-06,6.006652281587442,6.18604763953609,6.0004660923605115,6.142745494842529,2127100
2003-08-07,6.186048948549755,6.186048948549755,6.031397724836011,6.074699878692627,1805700
2003-08-08,6.148932665685356,6.247909948770735,5.969537261886272,6.118002891540527,1321900
2003-08-11,6.093259741118825,6.173677875332153,6.043771386242441,6.099445343017578,939000
2003-08-12,6.173677612718802,6.495352495679743,6.173677612718802,6.315957069396973,2632100
2003-08-13,6.384004938169816,6.786098638312893,6.359260755849306,6.650005340576172,2351600
2003-08-14,6.12418882606201,6.340700796557677,6.031398318676815,6.278840065002441,6523200
2003-08-15,6.186050892370719,6.272655817245112,6.186050892370719,6.241725444793701,773900
2003-08-18,6.247911531055806,6.396376608361251,6.247911531055806,6.340702056884766,2193400
2003-08-19,6.346886418660812,6.526281816149778,6.272653901418579,6.470607280731201,2012600
2003-08-20,6.408747530665948,6.452050281445564,6.346887385184303,6.4334917068481445,2068400
2003-08-21,6.402559897033637,6.569582885766706,6.377815728704756,6.458233833312988,1306900
2003-08-22,6.4582358830303415,6.4891662507450105,6.353073576716776,6.4334917068481445,1633000
2003-08-25,6.340701763682852,6.402562504673492,6.278841022692213,6.334515571594238,610500
2003-08-26,6.328328957741162,6.334515149417484,6.179863897195684,6.216980457305908,1364100
2003-08-27,6.32213998978987,6.581954002380371,6.32213998978987,6.581954002380371,1523400
2003-08-28,6.557211964205111,6.650002460229276,6.482978859448676,6.594327926635742,982500
2003-08-29,6.470609871265519,6.693307512150103,6.470609871265519,6.650005340576172,796100
2003-09-02,6.650001778260177,6.7737226235871395,6.588141060622932,6.718048095703125,1497800
2003-09-03,6.711864883114801,6.786097416713357,6.680934513295136,6.7737250328063965,1359300
2003-09-04,6.773725142443078,6.835585883083661,6.767538950389471,6.786097526550293,1619400
2003-09-05,6.742794036865234,6.804654770760309,6.724236052675784,6.742794036865234,792200
2003-09-08,6.761349725989933,6.761349725989933,6.588139980969972,6.662373065948486,1648600
2003-09-09,6.619072098238692,6.650002460229276,6.575769945420427,6.594327926635742,1263000
2003-09-10,6.594328106510088,6.600514297066463,6.340700193174716,6.35925817489624,784800
2003-09-11,6.334513323218969,6.340699513111854,6.216978664991862,6.309769153594971,2284400
2003-09-12,6.315957985691634,6.408748513112525,6.29121380571621,6.353074550628662,1682800
2003-09-15,6.384001662466966,6.427304401769618,6.278838794078088,6.309769153594971,1417700
2003-09-16,6.340700874432666,6.575770831302914,6.3345146832116335,6.46442174911499,2445400
2003-09-17,6.476793780859841,6.612886440667592,6.4706075899737705,6.532468318939209,1184500
2003-09-18,6.532469890865131,6.538655493292025,6.340702056884765,6.340702056884766,953000
2003-09-19,6.278841121774403,6.346888055927459,6.111818062380395,6.179864406585693,1823200
2003-09-22,6.124187907751126,6.124187907751126,5.814885476249603,5.93242073059082,3272300
2003-09-23,6.186049106981098,6.186049106981098,6.062328242831,6.105630397796631,2042100
2003-09-24,6.111816767869468,6.1736769067862705,5.8767468241113,5.963351726531982,1205900
2003-09-25,6.031399162030165,6.062329532132688,5.821073353270295,5.882934093475342,1740300
2003-09-26,5.821072974295559,5.864375135651306,5.647863738924867,5.783957004547119,1873800
2003-09-29,5.753026444337489,5.814886588501652,5.567444831949631,5.734468460083008,1151500
2003-09-30,5.660235147264238,5.907677485199756,5.660235147264238,5.821072578430176,1266600
2003-10-01,5.839630806389795,6.0004682442856465,5.78395685322371,5.944793701171875,1539200
2003-10-02,5.938608183204206,6.495352442277484,5.858189463125143,6.4334917068481445,7216800
2003-10-03,6.526281645781186,6.7427930012654365,6.526281645781186,6.61288595199585,4443700
2003-10-06,6.569586058752245,6.835586439221488,6.569586058752245,6.823214054107666,1709100
2003-10-07,6.79228488674794,6.866518030709991,6.693308148062403,6.810843467712402,1219000
2003-10-08,6.829398661269522,6.9283753594122075,6.767537929956516,6.7922821044921875,1215700
2003-10-09,6.854143111984666,7.039724723453817,6.7984685695491525,6.891259670257568,981700
2003-10-10,6.841770035044201,6.928374338179874,6.786095503058371,6.866514205932617,645100
2003-10-13,6.8665174559598725,7.039726734161376,6.829400887085626,7.039726734161377,633800
2003-10-14,7.039727033841566,7.039727033841566,6.928377912426559,6.990238666534424,633800
2003-10-15,7.083027460937141,7.083027460937141,6.94074858750479,6.984050750732422,961500
2003-10-16,6.94074858750479,6.996423134481876,6.903632026204156,6.984050750732422,442500
2003-10-17,6.928376967386071,6.959307340221057,6.897446594551086,6.934563159942627,1395900
2003-10-20,6.928374020032443,7.095397608320292,6.928374020032443,7.070653438568115,1346200
2003-10-21,7.107769824580006,7.2376768710582535,7.09539803393557,7.225305080413818,609000
2003-10-22,7.212933142435403,7.212933142435403,7.070654296581937,7.113956451416016,695800
2003-10-23,7.052094821190581,7.064467200956925,6.804653125339084,6.959304332733154,1375400
2003-10-24,6.897443771362305,6.903629961386795,6.7860953006592455,6.897443771362305,515600
2003-10-27,7.02116794100832,7.144888839847472,6.934563016847023,7.126330852508545,671500
2003-10-28,7.132513747997006,7.342839491172829,7.113955767701361,7.330467700958252,1115800
2003-10-29,7.423264870163055,8.103731052573904,7.423264870163055,8.017126083374023,4765900
2003-10-30,8.035677146658395,8.103724060153024,7.788235433807686,7.856281757354736,1472000
2003-10-31,7.825350580203506,7.9243278449759575,7.751118074084805,7.831536769866943,1819200
2003-11-03,7.794423286506701,7.800608888186547,7.627399652249069,7.78823709487915,1035300
2003-11-04,7.732564296563262,7.8191692290659915,7.584099203656728,7.81298303604126,1249600
2003-11-05,7.806793569984063,7.806793569984063,7.52842149000607,7.565537452697754,719300
2003-11-06,7.689261766117757,7.738750128108316,7.522238101938761,7.714005947113037,599800
2003-11-07,7.714003244095773,8.060421656643307,7.714003244095773,7.973817348480225,813300
2003-11-10,7.949072451560698,7.949072451560698,7.546978950500488,7.546978950500488,1254600
2003-11-11,7.54698042689597,7.590283175449069,7.373771202526567,7.429445743560791,481100
2003-11-12,7.441820643850607,7.707821077678451,7.423262652405009,7.701634883880615,864000
2003-11-13,7.608840195768173,7.757305226430091,7.5593518522142,7.565537452697754,891600
2003-11-14,7.503675294889103,7.5407912475726,7.311907572866267,7.355210304260254,551400
2003-11-17,7.355211919851072,7.355211919851072,7.0768392638424364,7.175816535949707,1030200
2003-11-18,7.175816801414789,7.639770458662791,7.175816801414789,7.299537658691406,718500
2003-11-19,7.305723578771217,7.305723578771217,7.083025453964309,7.175816535949707,2666200
2003-11-20,7.144886841650458,7.361398206580705,7.052095751010968,7.076839923858643,491000
2003-11-21,7.113956491132351,7.503677656657663,7.089212318239361,7.361398220062256,2821000
2003-11-24,7.355212472357328,7.509863697335802,7.330468299958676,7.478933334350586,670500
2003-11-25,7.509864685982659,7.540794463092065,7.429445967613304,7.441817760467529,489600
2003-11-26,7.47274716115368,7.608840404636766,7.47274716115368,7.534607887268066,647500
2003-11-28,7.534607717600179,7.701630730431747,7.534607717600179,7.676886558532715,271600
2003-12-01,7.720188835348099,7.862468268503888,7.683072871879705,7.825351715087891,587200
2003-12-02,7.782049243499523,7.868654137971061,7.695444349027986,7.856281757354736,583600
2003-12-03,7.825351078939645,7.911955969904845,7.825351078939645,7.887211799621582,718500
2003-12-04,7.887213419735817,7.918143786430199,7.670701442822822,7.744934558868408,919200
2003-12-05,7.74493143470317,7.794419765472412,7.683070726267897,7.794419765472412,1372900
2003-12-08,7.732565262921885,7.918146947221593,7.639774715745987,7.701634883880615,871800
2003-12-09,7.76349290671443,7.794423274858254,7.4665621984605135,7.48512077331543,428000
2003-12-10,7.485121722229386,7.503679709489257,7.163446796670144,7.262423515319824,753900
2003-12-11,7.206748682713169,7.516051211412408,7.175818901801449,7.423260688781738,1589500
2003-12-12,7.423257704241788,7.423257704241788,7.206745785222395,7.23767614364624,559900
2003-12-15,7.361399503905197,7.37377188748327,7.083027362823486,7.083027362823486,1131700
2003-12-16,7.089211370542075,7.095397560425247,6.878885634094534,6.959304332733154,1696300
2003-12-17,6.928376967386071,7.008795700777917,6.885074799385768,6.934563159942627,875600
2003-12-18,6.934563159942627,7.008795700777917,6.885074799385768,6.934563159942627,1259600
2003-12-19,6.946933694571475,6.965492268873647,6.680933952331544,6.680933952331543,1918900
2003-12-22,6.773724232072751,6.804654598236085,6.70567789847155,6.804654598236084,2472300
2003-12-23,6.866516191907721,6.959306712089822,6.841772013862644,6.903632164001465,757900
2003-12-24,6.841771027120269,7.002607866242987,6.841771027120269,6.885073184967041,234300
2003-12-26,6.878888316186195,6.996423610003545,6.878888316186195,6.9283766746521,253600
2003-12-29,6.9902350603747,7.113955914816782,6.860328015723621,6.866514205932617,995400
2003-12-30,6.866516478380733,6.922190438844084,6.798469543457031,6.798469543457031,993500
2003-12-31,6.798469873827814,6.872702414667367,6.718051140431351,6.823214054107666,1605300
2004-01-02,6.817026980680485,6.866515330562752,6.742793865909418,6.804654598236084,684100
2004-01-05,6.9283759365120785,7.144887924194337,6.8665157899940805,7.144887924194336,3224800
2004-01-06,7.144886439608739,7.330468020497456,7.021165582332122,7.299537658691406,3180800
2004-01-07,7.330468630402708,7.565537983812588,7.299538266023208,7.503677845001221,4084000
2004-01-08,7.7944219421800955,7.83772409620909,7.664514890145507,7.825351715087891,3191900
2004-01-09,7.82535087995822,8.184141634916061,7.732560391242329,8.103723526000977,3845200
2004-01-12,8.109912797906706,8.134656978764287,7.980005700917454,8.072796821594238,2537600
2004-01-13,8.10372453269197,8.10372453269197,7.949073305655463,8.029491424560547,2709900
2004-01-14,8.060419395870232,8.066605584703247,7.602652041281019,7.794419765472412,3933800
2004-01-15,7.8562835773942705,7.881027754411744,7.658330161254483,7.763493061065674,3583500
2004-01-16,7.7944219421800955,7.856282077943288,7.670700490758504,7.825351715087891,4246700
2004-01-20,7.84390996668599,7.9614446328031825,7.75111888190629,7.856281757354736,2200700
2004-01-21,7.7944260210044245,7.80061162485435,7.615030530502554,7.701634883880615,926000
2004-01-22,7.670701614563727,7.812981068564336,7.6397718371245285,7.683073997497559,782700
2004-01-23,7.670698348601868,7.83772190740864,7.670698348601868,7.794419765472412,761700
2004-01-26,7.769678171398112,7.819166518545111,7.69544506072998,7.6954450607299805,1130400
2004-01-27,7.695445618188792,7.887213419735817,7.670701442822822,7.744934558868408,528700
2004-01-28,7.732562391626582,7.8253529043470245,7.4913062326266635,7.509864807128906,869800
2004-01-29,7.509865943015847,7.559354302611686,7.175819220770043,7.392330646514893,2457200
2004-01-30,7.4232597481284515,7.763492604573876,7.330469237255919,7.670701503753662,1891000
2004-02-02,7.608840309110524,7.701630807169545,7.46037527623705,7.57790994644165,1677600
2004-02-03,7.516049513226392,7.602654414075746,7.454189375431957,7.584096431732178,1491300
2004-02-04,7.577908906413492,7.577908906413492,7.126327679246925,7.23767614364624,3774600
2004-02-05,7.361399947062788,7.485121430500688,7.293353603130147,7.423260688781738,1601400
2004-02-06,7.441816558256704,7.7944217418285415,7.441816558256704,7.775863170623779,1702400
2004-02-09,7.732563244453053,7.81916816517212,7.67688869470135,7.800609588623047,530300
2004-02-10,7.769678526166231,7.794422700869564,7.633585270324068,7.639771461486816,976000
2004-02-11,7.670701503753661,7.732562237633804,7.6088413598211995,7.670701503753662,913300
2004-02-12,7.676888091855858,7.924330450216023,7.6212135464761275,7.6335859298706055,2504000
2004-02-13,7.639770968710505,7.794422198118024,7.534608085517582,7.584096431732178,467500
2004-02-17,7.584097048635789,8.029492200796371,7.584097048635789,7.899585723876953,2047500
2004-02-18,7.837725436290984,7.973818702155183,7.379957875595053,7.48512077331543,2593800
2004-02-19,7.887213639459114,7.893399830959861,7.423259895961519,7.509864807128906,2153500
2004-02-20,7.50986356549379,7.5469795284663626,7.336653771796469,7.410886287689209,1210700
2004-02-23,7.410887861606598,7.454190614201324,7.336655329948424,7.386143684387207,1071200
2004-02-24,7.330469543643742,7.330469543643742,7.021167041210634,7.144887924194336,1293600
2004-02-25,7.144885658322225,7.330467218917772,7.144885658322225,7.23767614364624,1358600
2004-02-26,7.243862809665984,7.361397471468473,7.206746259127139,7.330467700958252,1464800
2004-02-27,7.330467967320829,7.546979318497399,7.330467967320829,7.454188823699951,1761700
2004-03-01,7.5469800011639405,7.590282747274293,7.4418171162422215,7.503677845001221,1205000
2004-03-02,7.565537743451029,8.041863805898322,7.565537743451029,8.029491424560547,4049800
2004-03-03,8.010934193230096,8.289306309993368,7.918143684291562,8.128469467163086,2944000
2004-03-04,8.072794393299663,8.573864052431,8.072794393299663,8.567678451538086,4079500
2004-03-05,8.505819457536223,8.505819457536223,8.227447302370042,8.369726181030273,1620500
2004-03-08,8.351163763834766,8.394465905678876,8.103722110514932,8.1841402053833,2304500
2004-03-09,8.165587725626871,8.208890486568151,8.010936440709893,8.0604248046875,1303600
2004-03-10,8.041863150962442,8.060421131510113,7.763491082957101,7.8624677658081055,1180000
2004-03-11,7.763491174388257,7.949072751893279,7.7449331936220265,7.8191657066345215,657100
2004-03-12,7.837727218192349,7.942890139821436,7.757308478714351,7.81298303604126,625400
2004-03-15,7.825355469282077,7.837727856338898,7.608844005318679,7.732564926147461,834800
2004-03-16,7.887212325765874,8.165584407509268,7.887212325765874,8.13465404510498,1963500
2004-03-17,8.13465450990224,8.338794087508015,8.116096527378343,8.227445602416992,1114000
2004-03-18,8.165584299500342,8.165584299500342,7.949072945429389,8.041863441467285,821200
2004-03-19,8.041860438191442,8.041860438191442,7.918139626362585,7.949069976806641,1556900
2004-03-22,7.949075360114573,7.955260962434532,7.689261184347787,7.757307529449463,1225200
2004-03-23,7.732561597493307,7.843910673280452,7.472747480621721,7.503677845001221,1516700
2004-03-24,7.5346073462251635,7.546979136591087,7.268607068960824,7.367583751678467,2064300
2004-03-25,7.373772268922994,7.608842259536885,7.361399884704907,7.54079532623291,1689900
2004-03-26,7.540795137507083,7.608842069108027,7.4356328240240295,7.491306781768799,1092800
2004-03-29,7.516050647413907,7.695446076999864,7.5098650456643785,7.6335859298706055,1439200
2004-03-30,7.633582395498655,7.868652261626276,7.590280253562427,7.794419765472412,1313000
2004-03-31,7.825354832142886,7.862471400343438,7.701633921387441,7.81298303604126,1294400
2004-04-01,7.806791939284106,8.023303839567944,7.738745628597955,7.955256938934326,2419100
2004-04-02,8.010935415907392,8.078982350132542,7.955260866067819,8.023307800292969,998900
2004-04-05,7.980004056634982,8.21507402131966,7.961446072302627,8.196516036987305,1041800
2004-04-06,8.351166015783345,8.580049754311103,8.22744515576126,8.419212341308594,2478400
2004-04-07,8.413027067605569,8.586236278365487,8.413027067605569,8.536747932434082,2011400
2004-04-08,8.567678924861893,8.7718185142965,8.549120351314992,8.703771591186523,1317300
2004-04-12,8.69140007144474,8.697586262821119,8.518190842539878,8.59860897064209,763100
2004-04-13,8.815119416567233,8.815119416567233,8.363538143665293,8.524374961853027,1090600
2004-04-14,8.400655171093609,8.46251590205271,8.314050265740397,8.443957328796387,884100
2004-04-15,8.660469331114195,9.186283776482332,8.598608599912888,8.895539283752441,4504000
2004-04-16,8.889353479035925,9.031632931004323,8.833678936524278,8.994516372680664,1025700
2004-04-19,8.994515431012285,9.279073715209961,8.969771258036296,9.279073715209961,2054700
2004-04-20,9.279073698877363,9.353306217674668,9.198654989360046,9.22339916229248,2177300
2004-04-21,9.223399951324982,9.520330641863294,9.130609442377322,9.477027893066406,1220900
2004-04-22,9.415167646685253,9.773958475919793,9.402795264323123,9.668795585632324,2408300
2004-04-23,9.681167484709391,9.699726058457058,9.384237384118748,9.477027893066406,1369800
2004-04-26,9.433726610594347,9.495587348937988,9.32237751755488,9.495587348937988,609300
2004-04-27,9.433726203045444,9.483214555603308,9.223400409700668,9.229586601257324,1758200
2004-04-28,9.155352307740074,9.180096479249604,8.951212745299552,8.975956916809082,924200
2004-04-29,8.945027632734424,9.025446347317061,8.864608918151788,8.895539283752441,852800
2004-04-30,8.926467232156922,8.926467232156922,8.54293233643006,8.629536628723145,678000
2004-05-03,8.81512013231683,9.279073823491398,8.697585456796226,9.142980575561523,1624200
2004-05-04,9.118236295892228,9.310004078916853,9.050189967695163,9.279073715209961,1067000
2004-05-05,9.279075234623278,9.279075234623278,8.97595891854637,9.12442398071289,765800
2004-05-06,9.130609931424505,9.186284475754167,8.846051608143329,9.000702857971191,1239200
2004-05-07,9.00688556379207,9.031629730590366,8.876978540614143,8.932652473449707,501000
2004-05-10,8.784189662091109,8.784189662091109,8.413027067605569,8.536747932434082,1425500
2004-05-11,8.536750500755979,8.660471402806513,8.468703562167338,8.530564308166504,1844200
2004-05-12,8.443957328796387,8.530562234149599,8.25219012472895,8.443957328796387,768900
2004-05-13,8.351166738759485,8.499631783638886,8.326422564612919,8.406841278076172,1875000
2004-05-14,8.419210470719367,8.481071181959928,8.227443327779062,8.35735034942627,647400
2004-05-17,8.227445430274384,8.276933775934424,8.03567764838102,8.140840530395508,849300
2004-05-18,8.202700432059538,8.450142135461274,8.159397691503568,8.289304733276367,2178500
2004-05-19,8.320235790259838,8.505817378321836,8.320235790259838,8.394468307495117,1465000
2004-05-20,8.394469721964285,8.542935371398926,8.357353752066404,8.542935371398926,895800
2004-05-21,8.542933436843734,8.666654291732812,8.542933436843734,8.660468101501465,905400
2004-05-24,8.660470525107499,8.796563798544554,8.561493813497908,8.679028511047363,570200
2004-05-25,8.629538409892383,9.00070159330721,8.617166618417285,8.938840866088867,893400
2004-05-26,8.951213402684704,9.000701749338234,8.784189790268321,8.969771385192871,866400
2004-05-27,9.031631937176105,9.266701284217744,8.969771210092969,9.11205005645752,937800
2004-05-28,9.155352801394761,9.21102733778006,9.031631937176105,9.11205005645752,1148800
2004-06-01,9.031632494442217,9.112050618685558,8.938841398092155,9.013073921203613,627400
2004-06-02,9.006887626796008,9.062561572383542,8.87079438325984,8.907910346984863,710800
2004-06-03,8.846049539104447,8.889351690144867,8.654281774594258,8.685212135314941,1256500
2004-06-04,8.740890703295353,9.155356194495148,8.703774135300039,9.031635284423828,2071700
2004-06-07,9.093492907844324,9.439911949357827,9.019260382508788,9.248144149780273,1301900
2004-06-08,9.155354301406053,9.39042427690912,9.14298191798329,9.297633171081543,1154900
2004-06-09,9.248141463168986,9.371862302786958,9.09967645562742,9.161537170410156,847000
2004-06-10,9.161542947844886,9.340938425907853,9.161542947844886,9.31000804901123,825300
2004-06-14,9.310004882533722,9.340935248910444,9.16153983186265,9.248144149780273,1326600
2004-06-15,9.285259541628516,9.464654936152659,9.180096663119784,9.2914457321167,1613700
2004-06-16,9.24814335150307,9.29763169745505,9.167724641844204,9.279073715209961,1452300
2004-06-17,9.21721101609949,9.415164947509766,9.161537081273702,9.415164947509766,946200
2004-06-18,9.415164947509766,9.619304478380135,9.371862211604162,9.415164947509766,707500
2004-06-21,9.433725758092947,9.495586490846394,9.21721378340355,9.248144149780273,468200
2004-06-22,9.39042336548534,9.557446395847577,9.353306808767258,9.520330429077148,1115500
2004-06-23,9.439910742541564,9.953352752933695,9.439910742541564,9.866747856140137,3108300
2004-06-24,10.578146832472262,10.578146832472262,9.959541768349856,10.039959907531738,2718400
2004-06-25,10.083261992144083,10.108006760859825,9.84200639664317,9.947169303894043,4467200
2004-06-28,9.866749490669905,9.866749490669905,8.672842258936985,8.740888595581055,10336400
2004-06-29,8.567677857826082,9.118235825634633,8.450142599791103,8.957398414611816,6320500
2004-06-30,8.963586535058635,9.266702851135545,8.963586535058635,9.12442398071289,2721900
2004-07-01,9.130608506831663,9.136794697447032,8.858422019231499,8.963584899902344,1250200
2004-07-02,8.969774836375134,9.04400738491691,8.889356094634579,8.926472663879395,704700
2004-07-06,8.88935375213623,8.920284120031582,8.790377046829269,8.88935375213623,868100
2004-07-07,8.876980408569956,9.2914457321167,8.876980408569956,9.2914457321167,3083000
2004-07-08,9.248141463168986,9.34093253534309,9.112048244615469,9.161537170410156,2896800
2004-07-09,9.142981538954345,9.27907480122432,9.124423554537248,9.19865608215332,884100
2004-07-12,9.198653764426025,9.217211744167184,9.044002556705452,9.099677085876465,490400
2004-07-13,9.124425670176043,9.21103060078266,9.037820739569428,9.056379318237305,290000
2004-07-14,9.056377530398752,9.118237677236259,8.784190996481058,8.864609718322754,1034900
2004-07-15,8.889353221571104,8.93884157127085,8.722330188821376,8.815120697021484,1234200
2004-07-16,8.839864174497611,9.00070159330721,8.839864174497611,8.938840866088867,744200
2004-07-19,8.982144812293468,9.062562942504883,8.926470268341184,9.062562942504883,847300
2004-07-20,9.062560583174042,9.334747040536293,8.945025924277303,9.211026191711426,1290400
2004-07-21,9.248143360369626,9.42753876210444,8.815120037900861,8.821306228637695,885000
2004-07-22,8.815118182125818,8.815118182125818,8.493443410901518,8.629536628723145,1718500
2004-07-23,8.63572441284306,8.63572441284306,8.233631464509111,8.338793754577637,1855100
2004-07-26,8.351166113786844,8.382096476642241,7.763491579324698,7.825351715087891,3250100
2004-07-27,7.843909227422945,8.561490717007848,7.843909227422945,8.555304527282715,1953300
2004-07-28,8.536750149370862,9.000703955424195,8.536750149370862,8.92028522491455,3614100
2004-07-29,8.92646701672216,9.272885357428898,8.76562963499172,8.790373802185059,3975600
2004-07-30,8.815119864772763,9.186283042426448,8.722329365333145,8.734701156616211,3031000
2004-08-02,8.722330438378956,8.784190582299708,8.443957725918688,8.59860897064209,2451200
2004-08-03,8.536747919891782,8.542934110611023,8.252189636230469,8.252189636230469,1809100
2004-08-04,8.252189603104403,8.252189603104403,8.041863839075429,8.140840530395508,1669900
2004-08-05,8.140843688650644,8.258378997651988,8.041866958932363,8.091355323791504,1420500
2004-08-06,8.041861793456253,8.19651298179195,7.8253498938072905,8.109908103942871,1694000
2004-08-09,8.109911384964212,8.221260474397527,7.949074532385503,7.98000431060791,1620400
2004-08-10,8.023306449000536,8.394469068839891,8.010934066698727,8.208888053894043,2102200
2004-08-11,8.208888419840665,8.22126021274634,8.072795158192129,8.196516036987305,1283200
2004-08-12,8.19651537767444,8.394468767823712,8.171771203905783,8.202701568603516,974900
2004-08-13,8.208886622131471,8.301677113420233,8.196514241987606,8.289304733276367,843300
2004-08-16,8.276933513483609,8.357352220118104,8.208887187845619,8.246003150939941,808700
2004-08-17,8.227445841048192,8.332608728313176,8.116096762779943,8.295492172241211,725500
2004-08-18,8.295492859650476,8.54912081232501,8.2769348750505,8.456330299377441,1373300
2004-08-19,8.425399261199185,8.53674833983256,8.375910912906052,8.406841278076172,434500
2004-08-20,8.400655171093609,8.51819044192637,8.3759109966995,8.443957328796387,755700
2004-08-23,8.474888283977416,8.580051179956763,8.45014410786155,8.456330299377441,680200
2004-08-24,8.474889679842114,8.536750425294455,8.314052213624263,8.326424598693848,440500
2004-08-25,8.351166340217503,8.654282606534265,8.344980149489173,8.536747932434082,868800
2004-08-26,8.598604720323465,8.648093046976896,8.406837602028265,8.499628067016602,953700
2004-08-27,8.580050115069762,8.901724954599992,8.406840903756049,8.876980781555176,1474000
2004-08-30,8.895538062810285,8.895538062810285,8.722328865146883,8.771817207336426,845000
2004-08-31,8.722326870689,8.938838170773623,8.623349618994599,8.85223388671875,865300
2004-09-01,8.790378717773473,8.957401792241104,8.703773789193487,8.765634536743164,1247900
2004-09-02,8.765632580666894,8.945028000590979,8.747074596522383,8.883167266845703,450200
2004-09-03,8.83367948580207,8.957400371327758,8.740888969144736,8.784191131591797,367400
2004-09-07,8.784189066736866,8.821305618643631,8.69758476220038,8.75325870513916,629800
2004-09-08,8.7223295007199,8.96977122969804,8.691399137110727,8.938840866088867,866600
2004-09-09,8.889354561045623,9.0007036596223,8.846052396020362,8.914098739624023,520300
2004-09-10,8.93884206147075,9.155354045741253,8.901726092134357,9.062562942504883,653600
2004-09-13,9.062561330008853,9.155352416734962,9.031631557714407,9.068747520446777,1139400
2004-09-14,9.03781489771763,9.093489417838782,8.938838235256668,9.081117630004883,859600
2004-09-15,9.025447034345742,9.025447034345742,8.852237799723891,9.000702857971191,1449700
2004-09-16,9.000705118497015,9.198658579209399,8.99451892536279,9.155356407165527,1554400
2004-09-17,9.161538350409684,9.297630996544338,9.161538350409684,9.173910140991211,1534000
2004-09-20,9.173910278659683,9.198654450141634,9.093491573856452,9.149166107177734,703300
2004-09-21,9.149166766364614,9.173910939629353,9.013073518434739,9.142980575561523,911500
2004-09-22,9.112049635222775,9.118235825634633,8.895538280335987,8.957398414611816,1223100
2004-09-23,8.957398307118767,9.30381729670706,8.957398307118767,9.266700744628906,1230100
2004-09-24,9.260519330655944,9.279077320110767,9.112053645173807,9.155356407165527,578600
2004-09-27,9.105863804663718,9.105863804663718,8.938840207449537,8.945026397705078,804300
2004-09-28,8.945029697843268,9.056378803733349,8.926471710177518,8.982146263122559,862600
2004-09-29,8.982142786272,9.09967744925626,8.982142786272,9.087305068969727,305300
2004-09-30,9.087307285839024,9.217214360800945,9.087307285839024,9.204842567443848,844800
2004-10-01,9.248147295217985,9.340938425907853,9.248147295217985,9.31000804901123,1243400
2004-10-04,9.340932938276861,9.477025572753421,9.31000257955127,9.37804889678955,1017000
2004-10-05,9.378048946599979,9.582188489346604,9.353304777477584,9.489398002624512,1262300
2004-10-06,9.48940014682211,9.557446479797363,9.402795240350974,9.557446479797363,847200
2004-10-07,9.495583201230467,9.613117844806531,9.495583201230467,9.551257133483887,1838500
2004-10-08,9.526516780168597,9.72447078166857,9.520331178518365,9.606935501098633,1089400
2004-10-11,9.662606563733982,9.804885969478596,9.631676206837547,9.724467277526855,593300
2004-10-12,9.66260856317058,9.66260856317058,9.477026973337953,9.58837604522705,929400
2004-10-13,9.588375483472026,9.6502362064412,9.35949175240221,9.458468437194824,813700
2004-10-14,9.402793932952354,9.464654656108635,9.285259266892515,9.340933799743652,374600
2004-10-15,9.35330504561268,9.464654104829304,9.35330504561268,9.439909934997559,869400
2004-10-18,9.43991109766071,9.43991109766071,9.340934406143305,9.396608352661133,665300
2004-10-19,9.421353624050916,9.526516518536841,9.328563112421069,9.371865272521973,607500
2004-10-20,9.371868212856604,9.408984783122127,9.248147295217985,9.31000804901123,1162700
2004-10-21,9.32856206116194,9.353306234137927,9.254329542233974,9.279073715209961,1371900
2004-10-22,9.310006434656911,9.359494793131082,9.29144844771604,9.316192626953125,1556600
2004-10-25,9.279073715209961,9.29763169745505,9.167724641844204,9.279073715209961,475500
2004-10-26,9.272889666430709,9.514145851135254,9.248145487739043,9.514145851135254,1989300
2004-10-27,9.402797834560223,9.650240239911806,9.031635111454584,9.600751876831055,3197800
2004-10-28,9.600750179161693,9.619308164548473,9.37805199472948,9.5017728805542,1160900
2004-10-29,9.501772138028548,9.54507488714405,9.384237453166861,9.470842361450195,1930900
2004-11-01,9.433725510594419,9.464655876159668,9.279074272715821,9.464655876159668,1588100
2004-11-02,9.439911797395078,9.625493402720277,9.402795240350974,9.557446479797363,1491100
2004-11-03,9.712098181865956,9.749214740678054,9.588377302405105,9.650238037109375,991200
2004-11-04,9.712094898789285,9.804885969478596,9.650234774943902,9.724467277526855,932800
2004-11-05,9.743027841072712,9.971912188874063,9.743027841072712,9.773958206176758,1228300
2004-11-08,9.804889895919251,9.885308030127538,9.743029157353789,9.761587142944336,931600
2004-11-09,10.114191815805585,10.336888809729787,10.083260858388766,10.256470680236816,7445100
2004-11-10,10.2997735154648,10.454424772993988,10.250285160251279,10.361634254455566,1410800
2004-11-11,10.423493004365893,10.448236587303189,10.343073705055406,10.3801908493042,1694800
2004-11-12,10.423494792509285,10.503912925720215,10.349261671172288,10.503912925720215,760900
2004-11-15,10.330700496781413,10.411118600575339,10.03995548945298,10.157490730285645,1403800
2004-11-16,10.126563227951902,10.2317261132965,10.052330117163544,10.145120620727539,989400
2004-11-17,9.928610807206422,10.138936623399681,9.903867218187198,10.039959907531738,1298800
2004-11-18,9.990466506617878,10.20079221664309,9.990466506617878,10.163676261901855,1554700
2004-11-19,10.157490730285645,10.213165255948748,10.083257636103172,10.157490730285645,1597000
2004-11-22,10.11419209756522,10.28740074434311,10.11419209756522,10.206982612609863,972700
2004-11-23,10.206982328265283,10.256470680236816,10.114191815805585,10.256470680236816,1091800
2004-11-24,10.256470129317234,10.448237335419348,10.256470129317234,10.411121368408203,685400
2004-11-26,10.423496029146676,10.503914171898366,10.411123644140085,10.454425811767578,289400
2004-11-29,10.454424418802082,10.516285155697032,10.448238227123046,10.485355377197266,1173900
2004-11-30,10.485353313393555,10.485353313393555,10.343073292571138,10.442049980163574,1355400
2004-12-01,10.442048213218776,10.745165595060877,10.442048213218776,10.720420837402344,1356600
2004-12-02,10.695681431433266,10.85651769936713,10.677122855950692,10.708052635192871,1405900
2004-12-03,10.68330488080953,10.757536793995156,10.66474631256563,10.720420837402344,773400
2004-12-06,10.670935842228564,10.701865619088474,10.522470789489347,10.640006065368652,809400
2004-12-07,10.6523773298796,10.670935904040263,10.516284659054172,10.565773010253906,523200
2004-12-08,10.652377298131107,10.652377298131107,10.312145032133886,10.398749351501465,1068000
2004-12-09,10.361629954415287,10.361629954415287,10.15749042638977,10.281211853027344,1094100
2004-12-10,10.206981349735292,10.219353731515897,9.86056232919762,10.145120620727539,1906600
2004-12-13,10.145119873902907,10.17605082607746,10.015213414455324,10.114190101623535,1197700
2004-12-14,10.101818744162216,10.101818744162216,9.885306776586383,10.095632553100586,1339700
2004-12-15,10.101820065480515,10.145122228680545,10.002843355338886,10.083261489868164,2060600
2004-12-16,10.108002662658691,10.176049569142444,10.052328135516534,10.108002662658691,1798900
2004-12-17,10.083259760190089,10.083259760190089,9.85437659971089,9.940980911254883,3246800
2004-12-20,9.990469932556152,10.021400888693151,9.89767942393582,9.990469932556152,937000
2004-12-21,10.002839439819537,10.15130444691672,9.854374432722354,10.12037467956543,1468400
2004-12-22,10.120374773141911,10.23790883407957,10.01521191132216,10.157490730285645,1539900
2004-12-23,10.200795738469413,10.200795738469413,10.083260464665681,10.101819038391113,528200
2004-12-27,10.058516879593775,10.151307388430263,10.052330688351963,10.101819038391113,729900
2004-12-28,10.101818309023958,10.163679037080287,10.052329962557945,10.12656307220459,921300
2004-12-29,10.151305425973657,10.213166146537475,10.132746855835979,10.176050186157227,645400
2004-12-30,10.200798251093476,10.250286613322421,10.114193912166726,10.225543022155762,646200
2004-12-31,10.268842193340644,10.336887934102803,10.21316765460188,10.293585777282715,496700
2005-01-03,10.287399769865761,10.374005264946385,10.126563521634534,10.151307106018066,1639900
2005-01-04,10.095632823631282,10.101819014858682,9.860562866519087,9.990469932556152,1712600
2005-01-05,10.176051674648084,10.299771953977665,10.064702597324766,10.237911224365234,1855300
2005-01-06,10.237909635214338,10.361631075234882,10.231724625118897,10.29977035522461,1136300
2005-01-07,10.33688684973537,10.565771171639177,10.33688684973537,10.547212600708008,1051300
2005-01-10,10.609073744013862,10.800840931648908,10.609073744013862,10.701864242553711,1198200
2005-01-11,10.701864745904535,10.837958584732865,10.664748780721927,10.67712116241455,1488900
2005-01-12,10.677122178297564,10.677122178297564,10.553400709390283,10.602889060974121,1082100
2005-01-13,10.621445109414946,10.664747259266289,10.293584120705356,10.374003410339355,1634500
2005-01-14,10.423493857925799,10.565772716178087,10.423493857925799,10.559586524963379,2420400
2005-01-18,10.559586900825185,10.633820018148628,10.454424006222608,10.602889060974121,736400
2005-01-19,10.62763581224886,10.837961640748674,10.5162867054083,10.80703067779541,1399600
2005-01-20,10.578145848589353,10.726610908582398,10.547214890322834,10.646191596984863,1129500
2005-01-21,10.670934146893913,10.701863918839885,10.386376469326423,10.423492431640625,1016700
2005-01-24,10.454421077694626,10.497723225713617,10.145118671964637,10.219351768493652,756700
2005-01-25,10.262658779332552,10.423496248110178,10.219356610795423,10.31214714050293,445300
2005-01-26,10.312141260761724,10.343071026396931,10.108001739842539,10.163676261901855,1123800
2005-01-27,10.157492254772729,10.256468941940938,10.083259149448981,10.114190101623535,478000
2005-01-28,10.16986287899605,10.213165024665638,10.095629786494628,10.132745742797852,450600
2005-01-31,10.194608967954688,10.268842078743043,10.070888689834451,10.145120620727539,916500
2005-02-01,10.145120620727539,10.206981349735292,10.1203770370616,10.145120620727539,873700
2005-02-02,10.145121696574723,10.145121696574723,9.89767993419883,10.021401405334473,971200
2005-02-03,9.990470813109795,10.10800609699921,9.9780984295645,10.009029388427734,500900
2005-02-04,9.990470447602865,10.11419191873851,9.971913052859295,10.021401405334473,590100
2005-02-07,10.046142852435358,10.108003574830782,9.965724739247905,9.996654510498047,550600
2005-02-08,9.996655579046095,10.151306811617841,9.897678884591798,10.145120620727539,543200
2005-02-09,10.114192288771855,10.145122067739653,9.959541034141997,10.009029388427734,811400
2005-02-10,10.04614420450285,10.145120901698322,9.780144478276931,10.095632553100586,594500
2005-02-11,10.052330017089844,10.126563127139189,9.990469288697932,10.052330017089844,1824300
2005-02-14,10.02140397419897,10.145124297153414,9.953357029641824,10.015217781066895,2904200
2005-02-15,10.0399566622063,10.083258813914556,9.588375394541442,9.996654510498047,2840500
2005-02-16,10.058514756200667,10.318328834032236,10.009026416608705,10.262654304504395,2897100
2005-02-17,10.31833054112007,10.429679618597596,10.200795272683203,10.293585777282715,2074500
2005-02-18,10.324518283019291,10.398750225891844,10.237912776474033,10.361634254455566,1197000
2005-02-22,10.367819197777997,10.442051131711015,10.268842499270429,10.355446815490723,829200
2005-02-23,10.305957941590952,10.374004860811581,10.052330017089844,10.052330017089844,1142000
2005-02-24,10.021401405334473,10.07088975780965,9.95335447822033,10.021401405334473,1064900
2005-02-25,10.083259736638485,10.194608811160828,10.052329962557945,10.12656307220459,822200
2005-02-28,10.083257903975495,10.163677189800847,10.021398367057575,10.108002662658691,940000
2005-03-01,10.108005905909522,10.206982612609863,10.021401582520577,10.206982612609863,992200
2005-03-02,10.052330017089844,10.145120519730083,10.002841670355366,10.052330017089844,870500
2005-03-03,10.145120464694815,10.21935357434146,10.077074725738576,10.12656307220459,1530900
2005-03-04,10.176051370680613,10.200794953849304,9.885306304155584,9.959539413452148,1759100
2005-03-07,9.990470813109795,10.033772975622885,9.897680296310966,10.009029388427734,552400
2005-03-08,10.002839305789086,10.26883954906796,10.002839305789086,10.132745742797852,749500
2005-03-09,10.120377718646566,10.138935112672003,9.860562993284642,9.92242431640625,960200
2005-03-10,9.984284256056544,10.021401405334473,9.854377773269974,10.021401405334473,757100
2005-03-11,10.021401582520577,10.225541187576958,9.965727037514709,10.206982612609863,767200
2005-03-14,10.176052340947715,10.299772628378156,10.16986614959189,10.287400245666504,844800
2005-03-15,10.287397884352833,10.287397884352833,10.16367762532047,10.262654304504395,671700
2005-03-16,10.200796199686605,10.206982391208118,10.101819495133189,10.18223762512207,1192700
2005-03-17,10.027583110440068,10.275025971118309,9.959537385659056,10.157490730285645,1500800
2005-03-18,10.16986528304495,10.206981248121995,9.990469288697932,10.052330017089844,1039500
2005-03-21,10.077074780404711,10.126563127139189,10.021400242841516,10.052330017089844,1282400
2005-03-22,10.077075345558447,10.095632739190098,9.947167690660281,9.953353881835938,696200
2005-03-23,9.959540752860745,9.959540752860745,9.576005133056666,9.606935501098633,1997000
2005-03-24,9.668793273148497,9.92860675118942,9.65023529399147,9.743025779724121,1071100
2005-03-28,9.804885731145111,9.922420966505069,9.78632716348987,9.829629898071289,1157800
2005-03-29,9.804888260338203,9.897678762760027,9.625492856361081,9.71209716796875,1465000
2005-03-30,9.804887734665986,9.860561679165642,9.52651506242973,9.693538665771484,1705300
2005-03-31,9.718283063574436,9.959539188469316,9.674980909085974,9.934794425964355,2280500
2005-04-01,9.934794972142525,10.145120745416744,9.934794972142525,10.077075004577637,1664800
2005-04-04,10.033774375009825,10.126566084645532,9.848193315529615,10.089448928833008,1628200
2005-04-05,10.11418937508889,10.454421565302741,10.11418937508889,10.29977035522461,2236200
2005-04-06,10.299774755236434,10.380194079573048,10.237914008799564,10.31214714050293,1339600
2005-04-07,10.287397728557464,10.43586392498002,10.268840338925946,10.404932975769043,796400
2005-04-08,10.404934518505573,10.435865472302675,10.367818553844296,10.417306900024414,1007100
2005-04-11,10.404935827819905,10.442051797151704,10.318331506080577,10.349261283874512,784800
2005-04-12,10.349260035701446,10.39256219134865,10.194608805592715,10.343073844909668,847100
2005-04-13,10.318331506080577,10.454424180227434,10.281215536748778,10.349261283874512,614200
2005-04-14,10.380187023778731,10.380187023778731,10.23790704971817,10.250279426574707,838400
2005-04-15,10.219354288388613,10.25028406463028,9.872935248973887,9.990469932556152,1196700
2005-04-18,9.9595428592436,10.07707816467154,9.91624068879532,9.971915245056152,930000
2005-04-19,10.009027287304724,10.11419016557276,9.798701530768652,9.866747856140137,1193200
2005-04-20,9.854378250792532,9.885308030127538,9.75540154104597,9.761587142944336,890800
2005-04-21,9.798702239990234,9.928608709661697,9.718283527850064,9.798702239990234,1089200
2005-04-22,9.811074102554056,10.176051700248413,9.811074102554056,10.077075004577637,1074600
2005-04-25,10.089443825609628,10.206979066442292,10.058514057972351,10.157490730285645,656000
2005-04-26,10.16986287899605,10.237908602236127,10.114188354593729,10.132745742797852,649400
2005-04-27,10.039960564118056,10.31214714050293,10.039960564118056,10.31214714050293,825200
2005-04-28,10.206985048578483,10.287403199504086,9.990473008538588,10.015217781066895,593400
2005-04-29,10.033774376831337,10.145123484497919,9.786332570847604,9.978099822998047,1200200
2005-05-02,9.97809767837791,10.126563909953495,9.897679551178538,9.92242431640625,1480200
2005-05-03,9.990467060921024,10.225537540412809,9.928606346323448,10.12037467956543,1152600
2005-05-04,10.151307847409898,10.23791216892029,10.002842790579772,10.18223762512207,2358800
2005-05-05,10.188424721886742,10.633821111846048,10.176053517639923,10.534844398498535,1347800
2005-05-06,10.547211962184402,10.609072681648126,10.206979774976551,10.262654304504395,905600
2005-05-09,10.231726474704704,10.5039118041206,10.1760519346207,10.429679870605469,633400
2005-05-10,10.392565284943942,10.392565284943942,10.250286394066059,10.31214714050293,926400
2005-05-11,10.324515657659838,10.42349234291869,10.244096363452545,10.38637638092041,457800
2005-05-12,10.349261283874512,10.485355137916759,10.343075092336646,10.349261283874512,421000
2005-05-13,10.349260979329403,10.423494095703953,10.287400245666504,10.287400245666504,476700
2005-05-16,10.275026065432959,10.275026065432959,10.176049392211155,10.19460678100586,415700
2005-05-17,10.169866287747148,10.343074928481835,10.145121521987694,10.275029182434082,428100
2005-05-18,10.330703915597576,10.609075456141642,10.330703915597576,10.516284942626953,1044200
2005-05-19,10.5286569808404,10.66474965087751,10.49153983273408,10.640006065368652,810900
2005-05-20,10.602889479412708,10.627634246128855,10.442052035444009,10.485355377197266,725400
2005-05-23,10.516283085805496,10.516283085805496,10.380190435339692,10.442049980163574,681100
2005-05-24,10.47298149174653,10.4977250750184,10.268841915198816,10.343073844909668,677500
2005-05-25,10.423491795245154,10.423491795245154,10.268840585167021,10.29977035522461,409500
2005-05-26,10.361630237630674,10.423490952640305,10.256467376082801,10.392560005187988,894600
2005-05-27,10.454422951872957,10.967864990234375,10.442050570250935,10.967864990234375,2300000
2005-05-31,10.998794555664062,11.11632862654855,10.856514544764513,10.998794555664062,3498900
2005-06-01,10.992612258260463,11.165820920855182,10.974053681598663,11.091588973999023,1154100
2005-06-02,11.227681007132166,11.35140248452408,11.134890489035957,11.209123611450195,1527000
2005-06-03,11.270981717646924,11.40707556121735,11.25242432435663,11.28954029083252,852600
2005-06-06,11.196748747550537,11.258609472543784,10.998795371488304,11.0111665725708,999300
2005-06-07,11.079217034082841,11.258613075991486,11.073030841614036,11.227682113647461,1205400
2005-06-08,11.227681291536133,11.258612251615338,11.048286442658675,11.103960990905762,798100
2005-06-09,11.16582002693185,11.16582002693185,10.94930921602207,11.017354965209961,999200
2005-06-10,11.017354047305648,11.240052211282231,10.98642427115127,11.184377670288086,1244200
2005-06-13,11.134889663899262,11.536982665783217,11.128703472498541,11.468936920166016,1667900
2005-06-14,11.475121329791879,11.710191871108181,11.39470320559123,11.40088939666748,1659100
2005-06-15,11.419447239161386,11.567913471040404,11.400889845098021,11.425633430480957,1485600
2005-06-16,11.45037774538218,11.54316825173533,11.376144632362479,11.40088939666748,1610000
2005-06-17,11.425633336079475,11.475121686331812,11.332842826843262,11.332842826843262,1628600
2005-06-20,11.345216177402746,11.54316959530233,11.345216177402746,11.444192886352539,1476600
2005-06-21,11.444191851729931,11.741121951735071,11.42563327801886,11.734935760498047,1825800
2005-06-22,11.753493976593019,12.440145844371001,11.747307785544217,12.372098922729492,4497200
2005-06-23,12.372101197543854,12.446334323883145,12.304054263390798,12.359728813171387,1810500
2005-06-24,12.372098311968303,12.55767931468973,12.341168538146478,12.545308113098145,1993800
2005-06-27,12.55149503480306,12.58861100152982,12.433959763623792,12.520564079284668,1105500
2005-06-28,12.532934008479717,12.836050233860583,12.52056162869395,12.619538307189941,2261500
2005-06-29,12.656655411884321,12.737074707873445,12.452515846527966,12.53293514251709,2340100
2005-06-30,12.607170025788275,12.706147916355436,12.49582211120421,12.570054054260254,1633200
2005-07-01,12.57005389493498,12.582426278585986,12.440147406285737,12.495821952819824,1458400
2005-07-05,12.433956947702447,12.650468867716441,12.304049323736034,12.5762357711792,922700
2005-07-06,12.805122167235297,13.034005324235634,12.71233048639681,12.836051940917969,2102600
2005-07-07,12.836051663783973,12.953586925051932,12.730888783680056,12.885540008544922,1006500
2005-07-08,12.92884171825759,13.139167471234872,12.916469337518887,13.077306747436523,1224900
2005-07-11,13.16391570314784,13.238147647359673,12.9783334828273,13.089682579040527,1105500
2005-07-12,13.083492937805875,13.176283433555813,13.046376975484934,13.077306747436523,1040300
2005-07-13,13.0030771021011,13.0030771021011,12.755635343428867,12.79275131225586,1454800
2005-07-14,12.638096876868595,12.805120464291239,12.41539876030507,12.619538307189941,2123600
2005-07-15,12.557682252982717,12.73089209464084,12.440148141042524,12.526752471923828,748600
2005-07-18,12.489633981481306,12.520563756306531,12.254563445186607,12.40302848815918,1690200
2005-07-19,12.421586658020367,12.594796459150208,12.384470693455128,12.545308113098145,1152900
2005-07-20,12.539124115702906,12.557681511283972,12.365914284275137,12.495821952819824,1781900
2005-07-21,12.563863868638002,12.669026737785133,12.471073379365848,12.656654357910156,938900
2005-07-22,12.712332003252774,12.823681089629122,12.656657460064599,12.79275131225586,1001000
2005-07-25,12.724706280496674,12.792753216722502,12.625729562293044,12.681404113769531,969400
2005-07-26,12.5947992789411,12.904101805988608,12.588613086812689,12.761821746826172,849200
2005-07-27,12.774190645556839,12.879353523254395,12.619539424230739,12.879353523254395,847300
2005-07-28,12.990702794282981,13.918610136731765,12.978330413208816,13.708284378051758,2018200
2005-07-29,13.714470035249457,13.714470035249457,13.374237828207542,13.46084213256836,855500
2005-08-01,13.460840950419168,13.584561205798606,13.392794043028694,13.43609619140625,844500
2005-08-02,13.436093417861818,13.504140311205717,13.182465589809764,13.238140106201172,1231500
2005-08-03,13.392794630293597,13.869120643123383,13.306190329740947,13.79488754272461,1611200
2005-08-04,13.547452122057445,13.695917211790915,13.300010305834993,13.423731803894043,1198900
2005-08-05,13.392796767277213,13.578378957938494,13.219588138534368,13.528890609741211,1004400
2005-08-08,13.522703482344546,13.609307790719019,13.300005340929951,13.343307495117188,997900
2005-08-09,13.609305862110842,13.702096347918953,13.411352511081528,13.68972396850586,1151500
2005-08-10,13.720657332982421,13.801075453537525,13.59693587685661,13.664982795715332,707800
2005-08-11,13.652608978974188,14.011399748148989,13.615493017996139,13.930981636047363,895600
2005-08-12,13.930982339213507,13.930982339213507,13.603121324322444,13.634052276611328,649600
2005-08-15,13.646423347734842,13.918609825810224,13.64023715733595,13.887680053710938,653100
2005-08-16,13.887682234016067,13.949541787926318,13.763960766404844,13.782519340515137,613500
2005-08-17,13.776331947564106,13.974285334560143,13.73302979164563,13.943355560302734,959800
2005-08-18,13.943354565527558,14.277400587277368,13.78870334548344,14.234098434448242,1214100
2005-08-19,14.234097616208603,14.407307397463406,14.227911426175027,14.382562637329102,1047900
2005-08-22,14.382572437677824,14.821781610284832,14.382572437677824,14.75992202758789,1606100
2005-08-23,14.68567861594843,14.741353145393878,14.475352878020084,14.487725257873535,976500
2005-08-24,14.58051972588207,15.106334214193163,14.574333534267186,14.914566993713379,2046500
2005-08-25,14.96405228880952,15.019726822070893,14.537214593770713,14.599075317382812,1368400
2005-08-26,14.679494349565003,15.050657534538738,14.654750766510881,14.945494651794434,1025000
2005-08-29,14.908380527035128,15.087775360975265,14.753729279202595,15.019729614257812,1429400
2005-08-30,15.019730439869997,15.205311475511994,15.001171864347617,15.143450736999512,910800
2005-08-31,15.13107771960321,15.390891866557828,15.032101014086729,15.316659927368164,1158400
2005-09-01,15.347593285447973,15.731128993711607,15.347593285447973,15.62596607208252,1420400
2005-09-02,15.625961859781377,15.724938561704516,15.465124424182436,15.47131061553955,828500
2005-09-06,15.310470963729022,15.465122185584871,15.291912392344052,15.35377311706543,1710100
2005-09-07,15.27954345352254,15.353775390262424,15.217682719642399,15.341403007507324,1155300
2005-09-08,15.353770114201241,15.57646820768521,15.353770114201241,15.496048927307129,1032400
2005-09-09,15.52699128392631,15.613595637304371,15.372339978667872,15.40326976776123,825800
2005-09-12,15.415635874081387,15.434194447912994,15.06921742182544,15.23005485534668,881700
2005-09-13,15.273357381377158,15.322845732888533,15.162008295502723,15.217682838439941,1091400
2005-09-14,15.211496647014098,15.329031924314377,15.124892326843034,15.217682838439941,2094400
2005-09-15,15.279542070463599,15.421820919582514,15.279542070463599,15.372332572937012,956600
2005-09-16,15.384706253557086,15.403263647681483,15.13726331954184,15.248612403869629,605500
2005-09-19,15.248613064593236,15.273357831025095,14.722798576870282,14.803217887878418,972400
2005-09-20,14.784652370161165,14.889815218321136,14.277396695470078,14.35781478881836,2387400
2005-09-21,14.364006390754634,14.72898340250866,14.26502969399713,14.592890739440918,1306100
2005-09-22,14.537214868820318,14.698052281296816,14.364005075408276,14.54958724975586,1660600
2005-09-23,14.506284802306302,14.630005069468123,14.413493127065982,14.543400764465332,1194400
2005-09-26,14.537210609611133,15.032093903086768,14.531024420955832,14.994977951049805,1537800
2005-09-27,15.001170766829015,15.168194394624267,14.926937650066005,15.124892234802246,1052200
2005-09-28,15.155817637067246,15.335213595855612,14.896003573236007,15.03828239440918,988400
2005-09-29,14.976426092413538,15.21768283843994,14.976426092413538,15.217682838439941,1083700
2005-09-30,15.186752034950857,15.248612769939745,15.10014771390364,15.23624038696289,638900
2005-10-03,15.248612393076638,15.329031700543279,15.137263308827661,15.192937850952148,893600
2005-10-04,15.248610163796886,15.29809850735086,15.106331323566112,15.131074905395508,785600
2005-10-05,15.16201047192844,15.217685022857442,14.728986449124092,14.778474807739258,1246400
2005-10-06,14.753725755556646,14.784655525778012,14.605260734682899,14.673306465148926,442200
2005-10-07,15.273355762648245,15.31047172737424,15.087773579227774,15.223867416381836,2473400
2005-10-10,15.316659448254924,15.316659448254924,15.019729340993608,15.124892234802246,978400
2005-10-11,15.118703547239384,15.205307852584617,15.03828425236581,15.112517356872559,1340900
2005-10-12,15.155815316403096,15.279536729719425,14.846512963007115,14.994977951049805,1361000
2005-10-13,15.019728423416497,15.063030580593127,14.865077187845511,14.939309120178223,926700
2005-10-14,15.025917287078839,15.174382358046955,14.93931177742581,15.1372652053833,534300
2005-10-17,15.15582163617895,15.44656554484537,15.15582163617895,15.409449577331543,1161900
2005-10-18,15.409445415764774,15.415631605328954,14.976421585432242,15.001166343688965,1066300
2005-10-19,14.908379116964126,14.914565307879768,14.51865734854557,14.642378807067871,1883000
2005-10-20,14.630010021805843,14.920755166840015,14.617637636932994,14.784661293029785,1574400
2005-10-21,14.827957630295572,15.230051721303331,14.80940024017805,15.093957901000977,971200
2005-10-24,15.100151712867738,15.236244421968339,14.908384445522417,15.205314636230469,641300
2005-10-25,15.211496435725483,15.304286946033525,15.143449510881755,15.248612403869629,555700
2005-10-26,15.403265770412306,15.44656793586386,14.821776683173773,14.827962875366211,1695300
2005-10-27,14.846519405937883,15.267170977889378,14.660938385321801,15.248612403869629,2480400
2005-10-28,15.24860936548665,15.24860936548665,14.896004788637601,14.988795280456543,1748500
2005-10-31,15.050657598743973,15.211495018915222,15.001169252529378,15.168192863464355,3365600
2005-11-01,15.211498321577189,16.17652187223164,15.211498321577189,15.966196060180664,3935700
2005-11-02,16.083728693126794,16.33117043704199,15.947636028947262,15.990938186645508,2554900
2005-11-03,16.040422020013782,16.640468227580698,16.040422020013782,16.362096786499023,1715800
2005-11-04,16.39302814500974,16.51056339415591,16.201260976325536,16.30023765563965,944100
2005-11-07,16.393029262329637,16.485819758024167,16.14558754717917,16.318796157836914,849100
2005-11-08,16.300239988727903,17.042565189834338,16.300239988727903,17.02400779724121,2368300
2005-11-09,17.024013998260692,18.063270838255633,16.962153247328484,17.475595474243164,7053200
2005-11-10,17.432290361538946,17.45084775776079,17.13536022303456,17.32712745666504,995900
2005-11-11,17.26526486652899,17.45084588823893,17.085870036195434,17.19721794128418,990900
2005-11-14,17.19721209491045,17.327119709860234,17.048747092035672,17.104421615600586,1280300
2005-11-15,17.07349665185905,17.07968284287253,16.665217484131805,16.702333450317383,1407000
2005-11-16,16.640468475517515,16.689956811106835,16.454887512031313,16.547677993774414,1404000
2005-11-17,16.640474368515434,16.97452163696289,16.55387004553813,16.97452163696289,1349600
2005-11-18,16.949773817115464,17.036379304387015,16.529122301467112,16.603355407714844,1316800
2005-11-21,16.114650550293277,16.300232651960453,15.77441846707888,16.275487899780273,3989600
2005-11-22,16.269307114617828,16.275493304717248,16.17033043281734,16.213632583618164,2177000
2005-11-23,16.20745235642299,16.615731584311764,16.20745235642299,16.380661010742188,1019700
2005-11-25,16.423961851212642,16.547683319955503,16.26312559370044,16.39303207397461,226700
2005-11-28,16.362102256372584,16.368287267888636,16.12703170232012,16.170333862304688,1676900
2005-11-29,16.176519743802032,16.578612738677943,16.170333552509128,16.461078643798828,1646500
2005-11-30,16.615733369916104,17.197221314613486,16.615733369916104,16.949779510498047,2895000
2005-12-01,16.962146975254548,17.246704672468177,16.615728549982883,16.689960479736328,2091300
2005-12-02,16.85698532783503,17.27145070235743,16.832240562838905,17.2652645111084,2047500
2005-12-05,17.246706297655386,17.246706297655386,16.801311137478592,16.86935806274414,1580200
2005-12-06,16.826056066541195,16.94359016418457,16.68377602324887,16.94359016418457,1793500
2005-12-07,16.94359161550044,16.955963999436996,16.60954550848179,16.807498931884766,949500
2005-12-08,16.844613671975484,16.97452133401839,16.6219166768804,16.912660598754883,945000
2005-12-09,16.91266229789474,17.09205715029699,16.807499391350145,17.054941177368164,842700
2005-12-12,17.011640401121017,17.011640401121017,16.764198594902012,16.826059341430664,1383500
2005-12-13,16.82605576639368,16.937403670612404,16.510567088035568,16.553869247436523,1388500
2005-12-14,16.55386740827182,16.84461128901558,16.510565253681815,16.776565551757812,1291200
2005-12-15,16.70233544481162,16.900288861300194,16.70233544481162,16.79512596130371,793800
2005-12-16,16.84461087310519,16.900285407602027,16.76419275655153,16.838424682617188,739800
2005-12-19,16.83843054681991,16.887918908063714,16.758012402259588,16.826059341430664,773300
2005-12-20,16.84461519351227,16.962150483140096,16.63428938255531,16.758010864257812,648200
2005-12-21,16.73326858422008,16.826060299242965,16.727083571121177,16.7703857421875,918200
2005-12-22,16.733269321839494,16.795130074616413,16.702339535398895,16.745641708374023,1344400
2005-12-23,16.74563717805529,16.999265133918694,16.70852120838868,16.881731033325195,637900
2005-12-27,16.826052349849583,16.887911890778682,16.510563735551703,16.578609466552734,905200
2005-12-28,16.57860880834262,16.640469526710813,16.535306659453404,16.584794998168945,790300
2005-12-29,16.584798952340936,16.64047349415681,16.50438082521542,16.57242774963379,699800
2005-12-30,16.572426015668174,16.69614628906227,16.454890753032842,16.646657943725586,826600
2006-01-03,16.646654786892963,16.683770743883088,16.337352392220268,16.64046859741211,918200
2006-01-04,16.68377264575242,17.067308178021555,16.67758645556637,16.986888885498047,1504700
2006-01-05,16.95596374532684,17.197219328996713,16.93740516970014,17.1910343170166,1601400
2006-01-06,17.191026873176707,17.444654730775007,17.191026873176707,17.395166397094727,1422100
2006-01-09,17.382796089517523,17.97665616442756,17.382796089517523,17.94572639465332,3552800
2006-01-10,17.9395442073101,17.9395442073101,17.525078828428157,17.803451538085938,1357100
2006-01-11,17.83437926569738,18.094193371561765,17.83437926569738,18.057077407836914,1080100
2006-01-12,18.063264988884434,18.14986930420731,17.939543527084354,18.026147842407227,1145900
2006-01-13,18.001400584843022,18.094191072311762,17.939539866565507,18.01377296447754,912700
2006-01-17,17.877678539521927,17.908609487554962,17.55600375934849,17.65498161315918,1172100
2006-01-18,17.599306379918602,18.304515448224794,17.444655185648298,18.261213302612305,1779300
2006-01-19,18.26122037306174,18.539591922592265,18.255034181308336,18.471546173095703,916100
2006-01-20,18.558149816611227,18.57670839119018,18.316894246561805,18.366382598876953,1235400
2006-01-23,18.434427139305445,18.446799521548282,18.180799202803847,18.230287551879883,856600
2006-01-24,18.23028904259585,19.00973148920099,18.211731647609444,18.86745262145996,1272000
2006-01-25,18.90457391361735,18.9602484740417,18.53341057075362,18.62001609802246,784500
2006-01-26,18.52103615236548,18.66331503549178,18.384942281639855,18.63238525390625,792300
2006-01-27,18.632388924701775,18.69424850005989,18.558155782417966,18.644760131835938,425900
2006-01-30,18.558145205466417,18.86744762555752,18.55195901547718,18.842702865600586,552100
2006-01-31,18.997358288189353,19.609778254077657,18.997358288189353,19.56647491455078,1663800
2006-02-01,19.56647455845347,20.036614474273655,19.455126655668327,19.98712730407715,1382800
2006-02-02,19.98712613762369,19.98712613762369,19.665451290852058,19.72112464904785,798600
2006-02-03,19.671640816239105,19.708757970081244,19.226245589193258,19.275733947753906,864700
2006-02-06,19.337594490164527,19.83247925052864,19.337594490164527,19.640710830688477,904600
2006-02-07,19.795358657836914,20.271684758715992,19.640707418322563,19.795358657836914,986800
2006-02-08,19.73349792605211,19.93763751501524,19.486056178808212,19.795358657836914,1260400
2006-02-09,19.826286769946876,19.826286769946876,19.090147781160457,19.1767520904541,824900
2006-02-10,19.20150058690714,19.269546337486137,18.99117478352744,19.083965301513672,1266700
2006-02-13,18.99117003537355,19.114890301790954,18.681867599487305,18.681867599487305,1137300
2006-02-14,18.77466146919898,18.910754140690628,18.03852120909082,18.193172454833984,2149600
2006-02-15,18.310710246331997,18.48391891021571,18.279779284998813,18.316896438598633,876000
2006-02-16,18.323076392931764,18.873634338378906,18.230284720417867,18.873634338378906,1106500
2006-02-17,18.8736374692424,18.929312010028287,18.743729814110218,18.768474578857422,934900
2006-02-21,18.7746621068417,18.94787075282368,18.762289723587156,18.86745262145996,1780200
2006-02-22,18.86745424580081,19.028291702270508,18.63856985546822,19.028291702270508,1348500
2006-02-23,18.984985245088904,19.133450283675224,18.830334015741247,19.108705520629883,713300
2006-02-24,19.07777885073453,19.455128289305257,19.07777885073453,19.356151580810547,1065500
2006-02-27,19.3561511712518,19.671638685468608,19.349964979614846,19.529359817504883,957400
2006-02-28,19.54791408028183,19.609774803109918,19.145821151741973,19.39326286315918,763500
2006-03-01,19.393272668160748,19.418016261864953,18.452992509486055,18.490108489990234,3206800
2006-03-02,18.545781548187833,19.09634091722511,18.49629318489303,19.071596145629883,1009600
2006-03-03,19.071584968201932,19.31902663965593,18.879817820311953,19.022096633911133,729500
2006-03-06,19.015913639598025,19.331402266169327,18.97261148730503,19.13963508605957,912600
2006-03-07,19.114892928175795,19.114892928175795,18.558148703062972,18.675683975219727,1007300
2006-03-08,18.613819758582395,18.78702953881068,18.27977257811965,18.73754119873047,1297800
2006-03-09,18.74372725141995,19.201495897493363,18.644750565754123,18.774658203125,949300
2006-03-10,18.650939210599223,18.867451181447354,18.650939210599223,18.675683975219727,939200
2006-03-13,18.71279898059884,18.737543743947704,18.36019436214435,18.378751754760742,1351800
2006-03-14,18.37256516360106,18.706611180812722,18.329261831465054,18.681867599487305,1010900
2006-03-15,19.269537113752357,19.269537113752357,18.12511812666574,18.162235260009766,1817900
2006-03-16,18.186984916827935,18.483915003494815,18.05089225541277,18.094194412231445,1180900
2006-03-17,18.18698674377766,18.21173151009991,17.989033332781258,18.001405715942383,975300
2006-03-20,18.038521895011428,18.43442872160189,17.976661158382818,18.409685134887695,993800
2006-03-21,18.31070637622011,18.539589542231766,18.075635839354035,18.094194412231445,817000
2006-03-22,18.186981559780502,18.372563714613044,18.001400584843022,18.01377296447754,959200
2006-03-23,17.9519145274535,18.00140287238527,17.723030194709562,17.815820693969727,2075700
2006-03-24,17.784894199694616,18.360197053024528,17.784894199694616,18.24884796142578,1650600
2006-03-27,18.186991255564863,18.20554983491052,18.032339967371463,18.1065731048584,529400
2006-03-28,17.93953778228743,18.038514448073975,17.65498016312485,17.679723739624023,782600
2006-03-29,17.630235938756794,17.661165705287857,17.376608077538204,17.580747604370117,2453900
2006-03-30,17.339498004038298,17.80963793015124,17.21577653615239,17.30856704711914,1762600
2006-03-31,17.29618841119384,17.599305779937588,17.271444834499516,17.537445068359375,1494400
2006-04-03,17.475591196782965,17.815823473788722,17.475591196782965,17.77870750427246,1371800
2006-04-04,17.778702547477856,17.883865415033473,17.32093511808724,17.518888473510742,908700
2006-04-05,17.500336739045288,17.667359199222158,16.980708423195036,17.648801803588867,2244800
2006-04-06,17.64879919097079,18.63856614140906,17.568379888813137,18.570520401000977,3842200
2006-04-07,18.620012864996685,18.83652487573181,18.24884958657869,18.52103614807129,1202500
2006-04-10,18.434428717800493,18.8736388858672,18.354010586126666,18.848894119262695,1249200
2006-04-11,18.78703099885113,18.879821496225883,18.589076443251088,18.688053131103516,1172800
2006-04-12,18.68805621362201,18.82415006678861,18.527219954253923,18.712800979614258,1443700
2006-04-13,18.62000743231331,18.805588427428336,18.496285982306503,18.799402236938477,803000
2006-04-17,18.743730401155176,18.824149709206964,18.558149379320117,18.780847549438477,821100
2006-04-18,18.743731829036886,19.090151493365482,18.6818722703097,19.083965301513672,1108100
2006-04-19,19.053033278190686,19.288103835849522,18.8983820302187,19.26335906982422,662200
2006-04-20,19.263350452594104,19.281909018811128,19.059210943786272,19.20767593383789,563700
2006-04-21,19.20768539741753,19.263359943604456,18.817964754004482,19.22624397277832,725300
2006-04-24,19.269539844950263,19.269539844950263,18.84270219015457,18.978796005249023,533900
2006-04-25,19.393265671078666,20.1665206887551,19.362334715238603,19.795358657836914,2821000
2006-04-26,19.950010321914338,20.09228918212055,19.752056919906504,20.061359405517578,2070200
2006-04-27,20.25931435651151,20.25931435651151,19.634523146219426,20.01805877685547,1069500
2006-04-28,20.41395556767794,20.915026235681605,20.197444861633606,20.816049575805664,1625400
2006-05-01,20.816060187025098,21.385175681477318,20.67996632539917,21.162477493286133,1567300
2006-05-02,21.162483299632676,21.335694360077994,20.8841104880166,21.057321548461914,966200
2006-05-03,21.032565549323675,21.218146538094942,20.791310027942,21.02638053894043,794800
2006-05-04,21.03256919627659,21.33568667300143,21.03256919627659,21.280012130737305,1591300
2006-05-05,21.280014921501337,21.508898132030385,21.1191762850715,21.21815299987793,1140800
2006-05-08,21.10061340716168,21.490335152882327,21.10061340716168,21.403728485107422,1252300
2006-05-09,21.434655681257983,21.60786425733607,21.286189501912574,21.38516616821289,681000
2006-05-10,21.34805415721615,21.564567289069355,21.273822229621832,21.372798919677734,698100
2006-05-11,21.341872727196158,21.52126874545572,21.106802163952274,21.292383193969727,1108500
2006-05-12,20.908851097636212,21.06350236664209,20.53768899593855,20.679967880249023,2061200
2006-05-15,20.679966106490397,20.98308124626016,20.41396575783234,20.5314998626709,1073100
2006-05-16,20.531497099314233,20.970708399946258,20.38303323526754,20.921218872070312,1889300
2006-05-17,20.921213529770878,20.921213529770878,20.055165891414447,20.383028030395508,2071700
2006-05-18,20.389219619343205,20.568615630287976,20.154151425474954,20.209823608398438,1601400
2006-05-19,20.123212188574104,20.129399557687467,19.393259559225545,19.659259796142578,2692700
2006-05-22,19.733491706973645,19.739677896192056,19.30046908073924,19.659259796142578,2754000
2006-05-23,19.65926919166386,20.25931567388368,19.597408449810306,19.671640396118164,1968500
2006-05-24,19.578848832608045,19.671639350508514,19.213871772956807,19.523174285888672,1288700
2006-05-25,19.60978084693014,19.94382814521957,19.60978084693014,19.894338607788086,1239300
2006-05-26,19.980939932933413,20.20982310964744,19.78917272381444,19.98712730407715,826400
2006-05-30,19.91908655634176,20.14796980402321,19.523178452956614,19.67782974243164,1161600
2006-05-31,19.671641198655816,19.919084176164898,19.473687760565003,19.65308380126953,1218500
2006-06-01,19.523165322128914,20.4448862458845,19.50460793500643,20.39539909362793,1826300
2006-06-02,20.642846733121132,20.970708964651617,20.580987181401,20.822242736816406,1605100
2006-06-05,20.778930092098598,20.90883650102506,20.389208505529766,20.40776824951172,1172300
2006-06-06,20.314983232039097,20.512936593927233,20.154147010426318,20.352100372314453,1493500
2006-06-07,20.203627584236326,20.686138451557156,20.104650935560528,20.40776824951172,1764100
2006-06-08,19.98093916401957,20.110845635550803,19.26335752535441,19.547916412353516,3583000
2006-06-09,19.55410649908036,19.93764097896963,19.55410649908036,19.640710830688477,1275200
2006-06-12,19.646897969017186,19.646897969017186,18.607641220092773,18.607641220092773,2336600
2006-06-13,18.576713601243046,18.749922292976738,18.118945918967874,18.242666244506836,2248400
2006-06-14,18.162244288390262,19.1272678170415,18.162244288390262,18.904569625854492,2033500
2006-06-15,19.114889177229674,20.197448819037877,19.083959407418764,20.048982620239258,2153500
2006-06-16,19.987126088134268,20.2531263961562,19.764427936321436,20.067543029785156,1738100
2006-06-19,20.06754645016164,20.19126792889964,19.547919307190234,19.801546096801758,1574300
2006-06-20,19.807735149525787,20.061363140555873,19.43038566925858,19.745874404907227,1353600
2006-06-21,19.727307935905404,20.698517344242003,19.628331256068243,20.488191604614258,1995700
2006-06-22,20.531491912971504,20.698515487676097,20.358283328740065,20.49437713623047,1442900
2006-06-23,20.494380437375796,20.803682878918725,20.494380437375796,20.7047061920166,1115300
2006-06-26,20.661402427808,20.82223864656056,20.352100010384465,20.52530860900879,1207300
2006-06-27,20.53150353120568,20.618110232119815,20.302620292553748,20.457271575927734,1211300
2006-06-28,20.506751400276457,20.68614501052654,20.352100190198325,20.59954071044922,1551300
2006-06-29,20.661406698991687,21.21814974957142,20.661406698991687,21.119173049926758,1725400
2006-06-30,21.119164833279044,21.409909807776067,20.748002943963915,21.366607666015625,2224600
2006-07-03,21.521267270215986,21.83056975230662,21.521267270215986,21.66973114013672,1213600
2006-07-05,21.564566694086693,21.657356011071855,21.31093878532933,21.36042594909668,1762100
2006-07-06,21.422287450345078,21.95428801962563,21.422287450345078,21.68828773498535,963100
2006-07-07,21.614062378588773,21.71922647771171,21.42848131166798,21.5645751953125,999600
2006-07-10,21.564569828329144,21.743965837614116,21.42847597855562,21.496522903442383,1302100
2006-07-11,21.43466618587332,21.43466618587332,20.921222855458645,21.21815299987793,2315300
2006-07-12,21.249077639401786,21.725403701591336,21.119171175111124,21.447031021118164,2619300
2006-07-13,21.372804921598956,21.552200960137863,20.908851114213487,21.236713409423828,2768500
2006-07-14,21.0325724328279,21.125364137477394,20.20982655496168,20.717084884643555,3040100
2006-07-17,20.642852637015462,20.915040405927783,20.475828967853257,20.568620681762695,1266200
2006-07-18,20.661412395672134,20.890295634246424,20.1170392176388,20.568620681762695,2322300
2006-07-19,20.599545345291972,20.87791805802377,20.51294102572891,20.692337036132812,2021400
2006-07-20,21.032569212501244,21.032569212501244,20.444894012546744,20.574800491333008,881300
2006-07-21,20.605737839284732,20.642852637015462,20.22220095759761,20.568620681762695,991200
2006-07-24,20.57480379686291,20.908851104373095,20.57480379686291,20.902666091918945,839500
2006-07-25,20.593365453444054,20.87173823538106,20.39541199957581,20.568620681762695,1664400
2006-07-26,20.519126923950424,20.933593505215775,20.28405872063241,20.741825103759766,1090000
2006-07-27,20.778944971228526,21.112992284630852,20.748015188830045,20.945968627929688,1172700
2006-07-28,20.98307781542377,21.527450807366417,20.692335106826064,21.391359329223633,966100
2006-07-31,21.5274566538433,21.805829416221375,21.106805003981126,21.79345703125,1150700
2006-08-01,21.793454323494196,21.910988426432368,21.372802725896424,21.81201171875,1377300
2006-08-02,21.77489370800656,22.034706642328153,21.515078413894468,21.82438087463379,739700
2006-08-03,21.824386297396956,22.164620976581627,21.409922029722665,21.89862060546875,1277600
2006-08-04,21.64498708658173,21.90480001905163,20.71089234032359,21.051124572753906,2748200
2006-08-07,21.051120258990892,21.13772455206737,20.636656182184865,20.785120010375977,1477900
2006-08-08,20.78513150035595,21.174853394427622,20.605737805439038,21.1253662109375,1839900
2006-08-09,21.156287122245086,21.372797883814354,20.77275276184082,20.77275276184082,932000
2006-08-10,20.642841879210867,20.65521425860381,19.937632772343797,20.543865203857422,1885600
2006-08-11,20.543871710303144,20.562431465165652,20.10466272180731,20.413965225219727,749900
2006-08-14,20.43251253716073,20.50674680039564,19.95618663379021,20.1479549407959,1060900
2006-08-15,20.271676766593135,20.884094112141234,20.25930438913493,20.816049575805664,1201100
2006-08-16,20.933590903860704,21.08824213620016,20.85935897307911,20.98926544189453,816200
2006-08-17,20.90884210491698,21.0758656867828,20.698516375136695,20.803680419921875,1128400
2006-08-18,20.76656448126734,21.12535642447094,20.661402790198142,21.044937133789062,793300
2006-08-21,20.98308148886053,20.98308148886053,20.62429179848409,20.723268508911133,350900
2006-08-22,20.62428576425062,20.9088434284989,20.537681462939425,20.791309356689453,516400
2006-08-23,20.79131269868464,20.846987238446708,20.45726546011223,20.630474090576172,657000
2006-08-24,20.65521722164343,20.803683435866468,20.253125452747195,20.605730056762695,593500
2006-08-25,20.494386978015278,20.877921467189545,20.494386978015278,20.642850875854492,625600
2006-08-28,20.64284849488268,20.98308077796177,20.64284849488268,20.97071075439453,495300
2006-08-29,21.007825119039115,21.032569885253906,20.64903544808776,21.032569885253906,431900
2006-08-30,21.03256597887789,21.45321748723868,20.952146683511472,21.39754295349121,980700
2006-08-31,21.428478664025185,21.428478664025185,21.08206134451974,21.25527000427246,813800
2006-09-01,21.552200146616133,21.552200146616133,21.193408083081486,21.25527000427246,495800
2006-09-05,21.25527104848578,21.65117792439383,21.03875785336717,21.601688385009766,796400
2006-09-06,21.601683924936527,21.638801071811045,20.952149193271577,21.038753509521484,863900
2006-09-07,21.020198461544634,21.199594485103653,20.77275786747545,21.088245391845703,659700
2006-09-08,21.088246713060524,21.348059707079535,20.98926999727361,21.07587432861328,403000
2006-09-11,21.04493887205873,21.521264925763873,20.90884503963143,21.403728485107422,606500
2006-09-12,21.47177783039867,21.80582507880675,21.47177783039867,21.787267684936523,801600
2006-09-13,21.737777968619685,22.009965661934135,21.71303320381098,21.929546356201172,601000
2006-09-14,21.93573136750802,22.04089543804969,21.737777968619685,21.929546356201172,484400
2006-09-15,21.93572980838762,22.022334119271882,21.75014880509413,21.86149787902832,582000
2006-09-18,21.94191620336905,21.960473594936076,21.576939223878497,21.805822372436523,421400
2006-09-19,21.867683816742282,21.892428580841,21.23052147983911,21.477964401245117,943100
2006-09-20,21.428474805140038,21.818196579192747,21.428474805140038,21.471776962280273,727200
2006-09-21,21.477958218174034,21.73158607769508,21.205770611026633,21.428468704223633,1085300
2006-09-22,21.428476003581164,21.490337917091697,21.17484805766475,21.280012130737305,549100
2006-09-25,21.385178129214644,21.941923663417437,21.11917774729455,21.61406135559082,1181900
2006-09-26,21.651174122570684,21.75015082416795,21.317126869758397,21.71303367614746,1179700
2006-09-27,21.632613093157314,21.694472636338773,21.366612809854487,21.570751190185547,707300
2006-09-28,21.465592146133055,21.70684769804576,21.341870684698424,21.657358169555664,687100
2006-09-29,21.65116873810275,21.97284352824366,21.496517532830588,21.79963493347168,941300
2006-10-02,21.713030933503713,21.719218303954268,21.04493887205873,21.403728485107422,1443700
2006-10-03,21.409915855557976,21.564567079756124,21.317124177122924,21.403728485107422,865600
2006-10-04,21.409921585090494,21.6326197850988,21.310944869508027,21.51508331298828,658700
2006-10-05,21.447033372691752,21.595499605152934,21.211965180998384,21.496522903442383,1116700
2006-10-06,21.051125228304087,21.310940528655347,20.321171214647034,20.47582244873047,4736900
2006-10-09,20.70471396603851,20.976899367269514,20.61810962745552,20.890295028686523,3037200
2006-10-10,20.884097346168694,20.9397718734573,20.525307783478837,20.803680419921875,2087100
2006-10-11,20.80368853309093,21.267642321501935,20.72326921569154,21.249082565307617,2603700
2006-10-12,21.36042733578015,21.57694047571527,21.317125179751233,21.3542423248291,2020000
2006-10-13,21.360433058925334,21.459409779194832,21.22434154342424,21.24289894104004,806600
2006-10-16,21.242900049907306,21.385178945234642,21.094433781857624,21.150108337402344,1098200
2006-10-17,21.150102107829717,21.150102107829717,20.809869861842678,20.927406311035156,1473900
2006-10-18,20.9397749091313,21.007821825658926,20.605730056762695,20.605730056762695,1066700
2006-10-19,20.574799550814102,20.778940316538556,20.568614539636364,20.630474090576172,1618400
2006-10-20,20.82842192584968,20.82842192584968,20.46344736901628,20.49437713623047,1704100
2006-10-23,20.500568246710063,20.673776882488255,20.488195864184384,20.53768539428711,1127500
2006-10-24,20.50675647534353,20.5314988816388,20.216011373309403,20.36447525024414,865100
2006-10-25,20.29024244061286,20.50056822373236,20.284057429252293,20.42633628845215,1627100
2006-10-26,20.723264042551737,21.638799006629917,20.723264042551737,21.403728485107422,2792000
2006-10-27,21.31094120035335,21.36042836972874,21.038753509521484,21.038753509521484,893400
2006-10-30,21.224331260590233,21.224331260590233,20.741817918228822,20.896469116210938,1043100
2006-10-31,20.908838867057646,20.921211244515852,20.630466273722277,20.816049575805664,955700
2006-11-01,20.86554527195031,20.9459645784719,20.451081076398015,20.53768539428711,727100
2006-11-02,20.543871690549423,20.76038485860443,20.426337588890416,20.741825103759766,904700
2006-11-03,20.902662823553424,20.902662823553424,20.543870802745616,20.692337036132812,629200
2006-11-06,20.75419654331914,21.001639478475692,20.599545298793974,20.79749870300293,847100
2006-11-07,20.754195672256433,21.063498148325202,20.72326589660768,20.859359741210938,1131500
2006-11-08,19.987120825149937,20.846981071728386,19.987120825149937,20.482004165649414,1567000
2006-11-09,20.59336546043006,20.679969801552886,20.29024790670887,20.457271575927734,1075200
2006-11-10,20.339730177980783,20.36447258103302,20.048985114055178,20.277868270874023,842600
2006-11-13,20.234563692091026,20.383029891573447,20.209818932212258,20.27168083190918,1321900
2006-11-14,20.376841639967257,20.469633305602287,20.314982102737293,20.438703536987305,767700
2006-11-15,20.52531238202038,20.67377624819216,20.438708066788408,20.630474090576172,1111500
2006-11-16,20.741825374984906,21.273826064865833,20.741825374984906,21.156291961669922,1544100
2006-11-17,21.496520372195217,21.576939670300145,21.23670744571989,21.372798919677734,1202500
2006-11-20,21.26144926177162,21.44084524498278,21.205774727664377,21.36042594909668,754100
2006-11-21,21.31712355948998,21.546009063720703,21.31712355948998,21.546009063720703,1178300
2006-11-22,21.50889340885674,21.63261486514433,21.490336016340276,21.60787010192871,707700
2006-11-24,21.434661479000386,21.65117225766079,21.391359323268304,21.60787010192871,195800
2006-11-27,21.65116626150123,21.65116626150123,21.46558530836062,21.52744483947754,1055800
2006-11-28,21.527452705407306,21.527452705407306,21.193405451822557,21.280012130737305,1057100
2006-11-29,21.31711912997422,21.700655774226647,21.280004355220008,21.52744483947754,1713700
2006-11-30,21.638804039455053,21.830572451587436,21.317129135131836,21.317129135131836,1920200
2006-12-01,21.372806559581228,21.55838762479987,21.088248768926555,21.150108337402344,728900
2006-12-04,21.06349438827495,21.19340083868445,21.001634848020007,21.082054138183594,1078500
2006-12-05,21.131549834071492,21.21815416932648,20.82843230088789,20.908851623535156,1178200
2006-12-06,21.09442351021896,21.60167927605131,21.09442351021896,21.43465805053711,1525900
2006-12-07,21.41610473503313,21.583128370514764,21.218151321082487,21.29857063293457,981000
2006-12-08,21.354243764423682,21.403730934739826,21.051126291996088,21.193405151367188,577400
2006-12-11,21.162475961799306,21.409918899613867,21.0449418642223,21.205778121948242,763900
2006-12-12,21.14391812554289,21.292381997296562,20.803685863000798,20.828428268432617,789200
2006-12-13,20.908843130605483,20.908843130605483,20.469634260333233,20.59954071044922,1153200
2006-12-14,20.556239640481238,20.828424934995503,20.556239640481238,20.77275276184082,886300
2006-12-15,20.846992058293353,20.98308357378355,20.710898183012002,20.908851623535156,1233400
2006-12-18,20.908841794888083,21.032563227004943,20.543864868027867,20.61191177368164,623500
2006-12-19,20.59954052844919,20.679959817720555,20.31498287076918,20.52530860900879,803600
2006-12-20,20.611907885068636,20.822233572050543,20.457256714046338,20.500558853149414,710100
2006-12-21,20.51294480692367,20.618108899914457,20.327363750824166,20.469642639160156,742300
2006-12-22,20.475826361122028,20.500571129653185,19.857221306589146,19.931455612182617,1616900
2006-12-26,19.925266675711317,19.962383825593783,19.745871837527726,19.752058029174805,588000
2006-12-27,19.745871431375516,19.95619604357292,19.696383079112234,19.92526626586914,703000
2006-12-28,19.925267439494412,20.104663464450095,19.888152647980075,19.95001220703125,715000
2006-12-29,19.956195100202706,20.129406094779235,19.851033389022906,19.980939865112305,580300
2007-01-03,20.09847832862067,20.327361527448797,19.263360127830087,19.523174285888672,2342300
2007-01-04,19.609779320681316,19.9685689999705,19.609779320681316,19.826290130615234,3002700
2007-01-05,19.85722108394528,20.10466404690045,19.640710261202745,19.851036071777344,2028200
2007-01-08,19.851029261701218,20.185076439155477,19.714936622680085,20.048982620239258,1247100
2007-01-09,20.055169026094546,20.822240113659063,19.888147785533167,20.259309768676758,1881400
2007-01-10,20.259316239769753,20.73564243148278,20.19745667608384,20.679967880249023,1807700
2007-01-11,20.729452818598357,21.075872473251902,20.667593261598828,20.97071075439453,1990800
2007-01-12,20.735634798350453,21.304750126091527,20.72944742838488,21.267635345458984,2069000
2007-01-16,21.310942555428248,21.434664026419615,21.007825069488945,21.137731552124023,1848600
2007-01-17,21.261452499946355,21.36661657362807,21.007824552560795,21.131546020507812,2422400
2007-01-18,21.131548094889084,21.484152779287598,21.131548094889084,21.317129135131836,2182000
2007-01-19,21.40373054858593,23.086336785210435,21.40373054858593,22.39968490600586,5550400
2007-01-22,22.399685897375,22.535779748946023,22.04089623385695,22.238849639892578,1905700
2007-01-23,22.238849027507143,22.238849027507143,21.762522919915774,21.787267684936523,2082900
2007-01-24,21.793447563778326,21.923354009857313,21.614051599312987,21.79963493347168,1749500
2007-01-25,21.79964506039359,21.95429633750827,21.546017060317162,21.589319229125977,1121900
2007-01-26,21.589314819815712,22.053268556403808,21.589314819815712,21.904802322387695,2557100
2007-01-29,21.836752070408135,22.18935666771977,21.52744962646527,21.5831241607666,1207900
2007-01-30,21.651172288718364,21.805823519352064,21.607870132924166,21.719219207763672,940100
2007-01-31,21.60786803067899,21.750146865844727,21.35424013150698,21.750146865844727,754000
2007-02-01,21.76870536426033,21.76870536426033,21.3294964559926,21.552194595336914,1176300
2007-02-02,21.589319525422276,21.756340830382097,21.53364497050525,21.737783432006836,1193400
2007-02-05,21.651169710534443,21.651169710534443,21.33568227591721,21.484146118164062,1320000
2007-02-06,21.385173420300724,21.434662950128583,21.211964785484547,21.34187126159668,1744000
2007-02-07,21.34805200373906,21.880052544045572,21.317122233677324,21.663541793823242,1967300
2007-02-08,21.471775574526898,21.781078025418235,21.471775574526898,21.74396324157715,1690100
2007-02-09,21.74396541118638,22.146057221591512,21.323313847218383,21.558382034301758,1841800
2007-02-12,21.496517970612295,21.496517970612295,21.00781958565017,21.106796264648438,1324800
2007-02-13,21.28001019193706,21.447031443721585,21.09442682810448,21.16866111755371,1625800
2007-02-14,21.496516749895275,21.92335321137598,21.465586981925377,21.818191528320312,1547600
2007-02-15,21.85532218060234,21.991413715783878,21.743973059222856,21.892436981201172,1047900
2007-02-16,21.77489777425205,21.929549033501296,21.50889741956007,21.57694435119629,1016000
2007-02-20,21.576939357439702,21.731590580896544,21.428473144613363,21.552194595336914,1814400
2007-02-21,21.564567289069355,21.589312051530936,21.267637218901655,21.372798919677734,1156600
2007-02-22,21.434662950128583,21.651173743648805,21.28619672043567,21.34187126159668,1044000
2007-02-23,21.230520489145476,21.502705802158452,21.057311868118173,21.31093978881836,1227100
2007-02-26,21.4470379775642,21.657363808831814,21.224342120743678,21.589319229125977,1623000
2007-02-27,21.280010783267947,21.50270657843244,20.506754611779876,20.58717155456543,1308900
2007-02-28,20.500566030938526,20.661404626597722,19.97475280927747,20.23456573486328,3578800
2007-03-01,19.919080568704945,20.15415111878683,19.6159630941422,19.8448486328125,2495500
2007-03-02,19.851029834246944,19.950006516370664,19.244797361265395,19.47368049621582,2821800
2007-03-05,19.23861528064251,19.41182392140998,18.817963701815163,18.966428756713867,2354400
2007-03-06,19.12107936406479,19.516986163897577,18.99735789916938,19.411823272705078,2844700
2007-03-07,19.306662218398497,19.597407334596358,19.244802659960644,19.541732788085938,1556900
2007-03-08,19.603590177210577,19.980938374773647,19.54172944944598,19.919078826904297,2921700
2007-03-09,20.135590608135715,20.166520383612454,19.980939370961416,20.086103439331055,1556700
2007-03-12,19.962380193968563,20.6861467865753,19.919078040212113,20.636659622192383,2408100
2007-03-13,20.482013151646854,20.63047703903675,20.036616769895275,20.141780853271484,2391600
2007-03-14,20.05516763028537,20.12321453974348,19.622144953457177,20.048982620239258,3150100
2007-03-15,20.048985387854717,20.265496166208997,19.937636313332376,20.25312614440918,1262600
2007-03-16,20.228382887844464,20.543870382628374,20.141778570052438,20.42633628845215,1244300
2007-03-19,20.506754611779876,20.642846093304193,20.444892702186493,20.58717155456543,1120600
2007-03-20,20.506754583379603,20.59954390795533,20.29642881063451,20.47582244873047,1518000
2007-03-21,20.556247272910678,20.952154160944293,20.401595997285597,20.840805053710938,1420400
2007-03-22,21.39136186124521,21.39136186124521,20.61810561744295,20.698522567749023,1194300
2007-03-23,20.741820974735926,20.871729793624624,20.655216668670363,20.7047061920166,545600
2007-03-26,20.580988286895256,20.630475458971407,20.327360335554232,20.512941360473633,945200
2007-03-27,20.47582172303992,20.47582172303992,20.16651926583515,20.284055709838867,1482600
2007-03-28,20.14796674968351,20.20364129984617,20.02424526490082,20.079919815063477,1089200
2007-03-29,20.10466479604862,20.20982652535901,19.795362260724797,19.937641143798828,1207200
2007-03-30,19.881961301645877,20.08610205332911,19.70256649244803,19.875776290893555,1011900
2007-04-02,19.863405771477705,20.067544182505234,19.813916241658507,19.980939865112305,1034500
2007-04-03,20.03661639883479,20.23456981821603,19.974756840199742,20.098478317260742,1081700
2007-04-04,20.141778477234034,20.1850806359305,19.79535884787164,19.980939865112305,1036000
2007-04-05,19.98094441654227,20.030433957634617,19.80154836976931,19.956199645996094,1113000
2007-04-09,19.968566973643657,20.327358976314972,19.894335040597753,20.302614212036133,1783200
2007-04-10,20.33354956166129,20.611922336633878,20.28406237932797,20.451086044311523,1042700
2007-04-11,20.451081786459675,20.451081786459675,20.117034526040175,20.401592254638672,1612100
2007-04-12,20.413963420538906,20.896474528073192,20.32117173380203,20.859359741210938,2107300
2007-04-13,20.85936581527809,21.3233196644806,20.71089954522511,21.1253662109375,1254200
2007-04-16,21.249074395419044,21.595493940431908,21.15628508928727,21.348051071166992,2323100
2007-04-17,21.66354117419558,21.66354117419558,21.03874898178418,21.43465805053711,2903100
2007-04-18,21.434655542802158,21.601676748775816,21.292374373611512,21.52744483947754,908700
2007-04-19,21.651177181835813,21.651177181835813,21.273827716242963,21.51508331298828,1163600
2007-04-20,21.56456794619663,21.706846795000683,21.014009943496877,21.60787010192871,1601100
2007-04-23,21.644985157069403,21.644985157069403,21.428472039521427,21.53363609313965,1239900
2007-04-24,21.64498735697087,21.64498735697087,21.40372945407583,21.45940399169922,694200
2007-04-25,21.502703976988496,21.86768094016678,21.490333956356935,21.750146865844727,1806700
2007-04-26,21.706846826138115,21.84912567514626,21.502706069002187,21.719219207763672,904500
2007-04-27,21.583127619150662,21.675919311118196,21.33568704022182,21.651174545288086,1302100
2007-04-30,21.601688667095292,21.626433437110453,21.15629460577812,21.24289894104004,1892900
2007-05-01,21.267637391293633,21.447031021118164,21.125358545671887,21.447031021118164,1149900
2007-05-02,21.34187071070122,22.078009749458758,21.323313317390124,21.768707275390625,1632600
2007-05-03,21.799641067959207,21.799641067959207,20.834616425975504,21.137731552124023,2575800
2007-05-04,21.13773368166301,21.32331708674221,20.822246140652215,21.21815299987793,1850200
2007-05-07,21.181033398779345,21.286195101981786,21.032567180374766,21.051124572753906,2230300
2007-05-08,21.032569835645372,21.187221084436885,20.73563972114057,21.137731552124023,1761700
2007-05-09,21.020192193462336,21.72540133394671,20.97689004341787,21.663541793823242,2700300
2007-05-10,21.447032972794883,21.589314191154646,21.19959240302758,21.34187126159668,2337900
2007-05-11,21.30475511190835,21.682104535249387,21.21815079044466,21.6202449798584,1319300
2007-05-14,21.60786739870452,22.146052952467457,21.558377878464604,21.997589111328125,2335700
2007-05-15,21.966653893761954,22.26977126315128,21.842934830131906,21.972841262817383,1812500
2007-05-16,22.115128688221475,22.26977993778946,21.929547660698056,22.24503517150879,1249600
2007-05-17,22.183178900360176,22.220293695486138,22.016155242919922,22.016155242919922,1228600
2007-05-18,22.047074749698123,22.2140983292916,21.935725696635803,22.040889739990234,1175700
2007-05-21,22.158428489040215,22.47391832603632,22.12749871437936,22.461545944213867,1051200
2007-05-22,22.35638136867585,22.412055905711682,22.115125828117414,22.18935775756836,700900
2007-05-23,22.26357941605866,22.42441556525395,22.238834667016572,22.31925392150879,585800
2007-05-24,22.189361819479732,22.325455681544764,21.66973349862069,21.8305721282959,1296800
2007-05-25,21.960470332600927,22.08419176417922,21.849121280159466,21.92335319519043,556100
2007-05-29,21.892430494103554,22.183175598196343,21.830570938241205,22.133686065673828,803400
2007-05-30,21.9666597023595,22.541962467566865,21.923357546680712,22.523405075073242,1534300
2007-05-31,22.57289256642656,22.888380009328497,22.49247327322007,22.77703094482422,1258200
2007-06-01,22.882197733075028,23.086336135864258,22.801778430259603,23.086336135864258,984400
2007-06-04,23.073962956787952,23.17293964922205,23.03684817199422,23.10489273071289,1516400
2007-06-05,22.962615494597728,23.315220133630834,22.962615494597728,23.179128646850586,2397200
2007-06-06,23.049217182423103,23.055404552810906,22.647125419460107,22.721357345581055,912700
2007-06-07,22.63475876263655,22.702805695368646,22.071828264295124,22.170804977416992,1264200
2007-06-08,21.948098075841624,22.133679044348803,21.77488948654026,22.040889739990234,1135000
2007-06-11,22.040891397925602,22.152240459363693,21.855310415458852,21.960472106933594,4993300
2007-06-12,21.9357263894539,21.960471148647073,21.76870280458515,21.79963493347168,1656900
2007-06-13,21.81819774897683,21.929546833247592,21.651174122570684,21.71303367614746,1320100
2007-06-14,21.65117018226029,21.948100233013598,21.595495650257153,21.750146865844727,1146600
2007-06-15,21.76870671587831,22.028522014508727,21.7130321775854,21.86768341064453,1405300
2007-06-18,22.269777873853194,22.752288972653695,22.263592862751644,22.498661041259766,2241200
2007-06-19,22.387314037936438,22.498663126408648,22.15224583764248,22.24503517150879,1324600
2007-06-20,22.15842735886106,22.38731051142595,21.849124908447266,21.849124908447266,1485000
2007-06-21,21.713034312944878,21.731594067394795,21.539825670017496,21.6202449798584,1725800
2007-06-22,21.56456794619663,21.737776569124954,21.378986941660493,21.60787010192871,7486400
2007-06-25,21.53982620869999,21.570755987168994,21.242896087774028,21.29857063293457,1333100
2007-06-26,21.298564888866093,21.304749898975505,21.001634848020007,21.082054138183594,1053600
2007-06-27,21.007824792449746,21.651174545288086,20.871733299965648,21.651174545288086,3476200
2007-06-28,21.558384437372347,22.350200483581094,21.49652487804255,22.16461944580078,7543100
2007-06-29,22.362577580994355,22.579088444075772,22.02234285359295,22.436809539794922,6817100
2007-07-02,22.455352824819037,22.888376638588152,22.44916781538645,22.82651710510254,3530600
2007-07-03,22.888379529256685,23.092520263162886,22.783217837091847,22.88219451904297,1711000
2007-07-05,22.826520260697286,22.919309573753132,22.71517119719806,22.807960510253906,1902900
2007-07-06,22.67805618705155,23.160567267693978,22.67805618705155,23.10489273071289,1797600
2007-07-09,23.055411923866966,23.18531842605869,22.86364349697123,23.012109756469727,1750300
2007-07-10,22.789403119600788,23.005913876521358,22.758473348582175,22.807960510253906,2203000
2007-07-11,22.807965762478204,23.185315191256127,22.69661667333748,23.135828018188477,4317800
2007-07-12,23.333783464157737,23.556481661852846,23.1667598158864,23.537921905517578,2069900
2007-07-13,23.643081848524186,23.643081848524186,23.395638925608562,23.500802993774414,1485800
2007-07-16,23.49461922184105,23.735874810755703,23.28429341308118,23.531736373901367,857600
2007-07-17,23.62452360615332,23.890523939370766,23.506989508137305,23.674013137817383,1527000
2007-07-18,23.506995714522866,23.587415044814133,23.29048485580565,23.56885528564453,1265100
2007-07-19,23.62452189890891,23.9400117409913,23.562662348589914,23.85959243774414,1521500
2007-07-20,23.766799581242445,24.008057479094685,23.500801640146733,23.618335723876953,1279200
2007-07-23,23.754427807023774,23.816287349730334,23.333776309206353,23.476055145263672,1908400
2007-07-24,23.383266826918828,23.797733373857774,23.203870823620022,23.42656898498535,1742200
2007-07-25,23.56884681477676,23.760615191996752,22.88838233783832,22.931684494018555,2280400
2007-07-26,22.27596591075209,22.78322420223262,21.89243145601403,22.300710678100586,2383800
2007-07-27,22.269775059613373,22.63475202303754,21.960472628229855,21.966657638549805,1905100
2007-07-30,22.387310547651236,22.684240617354096,21.985218777336925,22.65949821472168,1665700
2007-07-31,22.882199577252575,23.135827528304773,22.214105056554626,22.42443084716797,2609900
2007-08-01,22.362569303485255,22.393499078220877,21.280010669204596,22.090381622314453,3002200
2007-08-02,22.25740657836177,23.38326743704924,22.19554702516427,23.222431182861328,3172600
2007-08-03,23.098705367455427,23.816286904471262,22.678053877502325,22.733728408813477,3023600
2007-08-06,22.987362844329578,22.987362844329578,22.07182768215176,22.82033920288086,3134900
2007-08-07,22.8265252410629,23.32759377634392,22.554337533215648,23.16057014465332,2772600
2007-08-08,23.71112732744952,25.133918148158408,22.61000898324974,24.311172485351562,5296500
2007-08-09,24.09465907907017,24.52768294062971,23.630705447354273,24.119403839111328,5690400
2007-08-10,22.94405759710956,24.27405917814749,22.94405759710956,23.500802993774414,3362200
2007-08-13,22.95025013526235,24.44108845329175,22.95025013526235,23.56885528564453,1867900
2007-08-14,23.605955086181623,23.711119111508545,22.721350182822466,22.77083969116211,1186800
2007-08-15,22.7027956768171,22.869819248964973,21.867677816077748,21.985214233398438,1373400
2007-08-16,21.657358095738505,22.016150096696972,20.661406116071298,21.70066261291504,3414600
2007-08-17,22.269777733937904,22.634754741191287,21.972847647326933,22.535778045654297,2349300
2007-08-20,22.541963998785512,22.647128069570748,22.183174347390928,22.480104446411133,655900
2007-08-21,22.306895998700327,22.430615104484954,22.11512760906907,22.337825775146484,962900
2007-08-22,22.424431305729218,23.111083235002216,22.325454599874874,23.024478912353516,1183700
2007-08-23,23.0306605655911,23.271916103442802,22.504847334877926,22.59145164489746,1204200
2007-08-24,22.739913098708524,23.09870504205716,22.671868547878123,23.018285751342773,906600
2007-08-27,22.894569984393566,23.043036222524496,22.746106106053436,22.90694236755371,865900
2007-08-28,22.83270412158765,22.838889131563914,22.195541903475885,22.20172691345215,1397900
2007-08-29,22.325455693884763,22.72136253670269,22.152247040099653,22.60382843017578,1804600
2007-08-30,22.51722133284387,22.783221652595223,22.25122101309252,22.2883358001709,1214900
2007-08-31,22.659500807735924,22.913128752117643,22.38731310951799,22.739917755126953,1451300
2007-09-04,22.869828431397362,22.944060373337862,22.473921594660165,22.78322410583496,1512100
2007-09-05,22.63475663778131,22.63475663778131,22.275964611527062,22.42443084716797,1138800
2007-09-06,22.39968403510162,22.733731264936125,22.368754260440767,22.461545944213867,957100
2007-09-07,22.288332879735055,22.350194783077658,21.750147299501183,22.121309280395508,1224700
2007-09-10,22.096574565344742,22.226481067867894,21.682107928039414,22.016155242919922,717100
2007-09-11,22.065633943208415,22.944054060341085,21.991402021692632,22.88219451904297,1032400
2007-09-12,22.85126728465451,23.04303567943082,22.777035347233994,22.78940773010254,791300
2007-09-13,22.981177720988782,23.24099069990073,22.888386022925424,23.191503524780273,593600
2007-09-14,23.067778825638715,23.42038345336914,22.962614758534766,23.42038345336914,865400
2007-09-17,23.309039051720582,23.772992850744014,23.216247347999474,23.3585262298584,1191600
2007-09-18,23.482234951542885,24.212188720703125,23.395630667030616,24.212188720703125,1702700
2007-09-19,24.19363967296411,24.44108023403067,23.766800752475064,23.85959243774414,1367000
2007-09-20,23.853407426628472,24.082290594557453,23.67401142699657,23.85959243774414,844300
2007-09-21,23.896705718321268,24.267867679777904,23.878145968395298,24.119403839111328,3656700
2007-09-24,24.0699194642182,24.669967044636536,24.0699194642182,24.218385696411133,1040600
2007-09-25,23.989501381793023,24.354478429789257,23.878152291910048,24.088478088378906,932800
2007-09-26,24.113220437959537,24.465825067314995,23.983313966047653,24.4101505279541,1116300
2007-09-27,24.632843258053775,25.38135450914948,24.496749445203623,25.294750213623047,1555000
2007-09-28,25.412295307348156,25.789642386626635,24.973083950518568,25.133922576904297,1104800
2007-10-01,25.263824602596866,25.63498660444276,25.13391813792985,25.226707458496094,1533600
2007-10-02,25.028758293253308,25.065875443607876,24.583364287952755,24.725643157958984,2515900
2007-10-03,24.71945450955322,24.71945450955322,24.137966676111198,24.14415168762207,1611500
2007-10-04,24.16271475981681,24.70090050721546,24.13178261864258,24.58336639404297,1795600
2007-10-05,24.86792200726687,24.991643481888268,23.85959517482013,24.063735961914062,2138200
2007-10-08,24.063730129376232,24.144147062566557,23.32140382136285,23.94619369506836,1572000
2007-10-09,23.995684814467005,24.35447443202429,23.9894974439387,24.125591278076172,1349600
2007-10-10,24.1070279683337,24.28642155317999,23.98330654583325,24.15651512145996,594900
2007-10-11,24.26169123300514,24.48438943239817,23.692573350135063,24.05755043029785,1854100
2007-10-12,24.038986969003393,24.23075297915299,23.92145052686996,24.125591278076172,591800
2007-10-15,24.125587511549117,24.125587511549117,23.544099841564407,23.760610580444336,720600
2007-10-16,23.649262745476232,23.766796815529155,23.451309385497524,23.525541305541992,786000
2007-10-17,23.785362670419094,24.16271209716797,23.506989949064124,24.16271209716797,1396100
2007-10-18,23.90908557359984,24.218388091448265,23.83485127026674,23.890525817871094,1057100
2007-10-19,23.79153665723909,24.187443295353876,23.544096188312196,23.72348976135254,1345900
2007-10-22,23.50698664060264,24.366847090152948,23.50698664060264,24.317359924316406,954200
2007-10-23,24.719460331624678,24.83699681613072,24.38541299638322,24.812252044677734,976100
2007-10-24,24.66379076360349,25.01639556884766,24.125604854513725,25.016395568847656,1145600
2007-10-25,25.03494212894322,25.362801984833716,24.8741035265811,25.356616973876953,1304300
2007-10-26,25.42466647606038,25.82676070034137,25.331877134927755,25.486528396606445,2697900
2007-10-29,25.709230224941802,25.783462180298645,25.406112670898438,25.406112670898438,2304000
2007-10-30,25.300943733612144,25.975223232423538,24.700896169041364,25.56075668334961,3056800
2007-10-31,24.434902799060843,25.486531999079954,24.119415218950767,25.406112670898438,5328500
2007-11-01,25.300939550399097,25.511265295798147,24.453449198761323,24.71326446533203,2899700
2007-11-02,24.87409923939714,25.220518788031708,24.669960875940962,25.08442497253418,2293800
2007-11-05,24.601922224388666,25.344248729272582,24.515317898113874,24.954526901245117,1641700
2007-11-06,25.208151752635715,25.208151752635715,24.410150799515414,24.929779052734375,1781800
2007-11-07,24.836989407779484,24.836989407779484,23.92763938634814,23.9709415435791,1406600
2007-11-08,24.03279717896726,24.199820769559807,23.432752086605372,24.119403839111328,2389800
2007-11-09,24.10084824206966,24.10084824206966,22.529591105561156,22.80177879333496,4555400
2007-11-12,22.86982036581678,23.247169673935453,22.337819856652096,22.845075607299805,2995300
2007-11-13,23.228610941741046,24.570984652659543,23.129634263131535,24.28642463684082,2764000
2007-11-14,24.317361472742043,25.059685526091464,24.2926167083529,24.929779052734375,3117900
2007-11-15,24.843183053623953,25.430858425746948,24.58955503320768,25.12774085998535,2622900
2007-11-16,25.04113324068634,25.49890203610058,24.89885435611206,25.46796989440918,3063100
2007-11-19,25.36280690666649,25.542202936502502,25.078249151624455,25.375179290771484,2188700
2007-11-20,25.362806923868952,26.012341751180568,24.90503815083743,25.597877502441406,3825900
2007-11-21,25.47414366413729,25.554562941969166,24.96688796050206,25.177213668823242,1648800
2007-11-23,25.412290365579842,25.492707303343657,25.171032472917155,25.443220138549805,493200
2007-11-26,25.381359137275027,25.9628492729093,25.239080288710824,25.27619743347168,1708900
2007-11-27,25.511267757586452,25.548382542256448,24.954522389631684,25.09061622619629,1905900
2007-11-28,25.09061811342159,25.733965480593433,24.979269031455363,25.30712890625,2306000
2007-11-29,25.3133183282796,25.647365632384314,25.239086380631132,25.542203903198242,2314700
2007-11-30,25.962844257248538,25.981401646148687,25.653541856699146,25.950471878051758,2014100
2007-12-03,26.0123418985045,26.698993882045222,25.845318251714243,26.44536590576172,3044500
2007-12-04,25.98141110803506,25.98141110803506,24.83080538139839,25.171037673950195,3452700
2007-12-05,25.492701630374846,25.7339571095598,25.294748295669763,25.554563522338867,3362500
2007-12-06,25.319494786312998,25.622609818429144,24.768936888975876,25.220518112182617,2223800
2007-12-07,25.096798040943213,26.216473645109158,25.096798040943213,26.012332916259766,6902300
2007-12-10,26.03088686788129,26.26595495446414,25.75251428135986,25.79581642150879,1080300
2007-12-11,25.76489029635835,25.93809888141004,24.639029773942386,24.880285263061523,3421400
2007-12-12,25.34424710547792,25.362804499979006,23.779174881675157,24.224571228027344,2476300
2007-12-13,24.249308709790643,24.249308709790643,23.513167485162235,24.051355361938477,1375000
2007-12-14,24.02042763492063,24.18744886903402,23.841031660751135,24.014240264892578,854700
2007-12-17,24.0018706761584,24.0018706761584,23.457497680098946,23.519359588623047,1533600
2007-12-18,23.52554188046564,24.342100100280632,23.52554188046564,24.230751037597656,1443500
2007-12-19,24.354468308907208,24.614283530594125,23.995678781555558,24.558609008789062,1854200
2007-12-20,24.558616845546595,25.084430106102655,24.558616845546595,25.072057723999023,1125200
2007-12-21,25.356622634517905,25.53601630979837,25.195783996249983,25.46178436279297,830400
2007-12-24,25.678285183189693,25.678285183189693,25.232891314961456,25.418472290039062,342300
2007-12-26,25.387548352040277,26.037083093897323,25.387548352040277,25.975223541259766,648600
2007-12-27,25.888611448764237,25.981403118102104,25.362798281956813,25.424657821655273,727700
2007-12-28,25.808193084587458,25.808193084587458,25.36279687218697,25.690656661987305,644100
2007-12-31,25.665922260221546,25.88861807601823,25.19578114291672,25.733966827392578,1171600
2008-01-02,25.486540095510918,25.777282996266628,24.620491688657843,24.818445205688477,1397400
2008-01-03,24.81223377882233,24.824606155440733,24.05753532362654,24.28023338317871,2406300
2008-01-04,24.224567370991462,24.26786952445994,23.636892254188805,23.89670753479004,1644300
2008-01-07,24.063741127215035,24.11941568475571,23.191507965605382,23.717321395874023,1636200
2008-01-08,23.760611805438028,24.410146415355054,23.500798905387295,23.525541305541992,2605500
2008-01-09,23.506986921505742,23.87814892898174,23.1172651618026,23.810104370117188,3403100
2008-01-10,24.008063452393372,24.20601688465925,23.519364884078403,23.69257354736328,2236800
2008-01-11,23.630710878446465,23.630710878446465,22.727548167480197,23.117267608642578,2735600
2008-01-14,23.13582850930031,23.31522217024325,22.863640792382583,22.919315338134766,1751100
2008-01-15,22.92550388302672,23.333783119506947,22.46773511010478,22.944061279296875,2787600
2008-01-16,22.888385022918783,22.9935467403245,22.189360711477406,22.362571716308594,2650600
2008-01-17,22.727546124496747,22.88219735671088,22.08419643213623,22.2326602935791,2326900
2008-01-18,22.393495886191886,22.393495886191886,20.754192101178575,21.044937133789062,5279800
2008-01-22,20.16033802589653,20.933594313542464,19.770616196181518,20.723268508911133,3708400
2008-01-23,20.599546203516308,20.692337898223062,18.77466214590852,20.519126892089844,8630300
2008-01-24,20.45107860096795,21.335683786259473,20.45107860096795,21.224334716796875,2906000
2008-01-25,21.341869638909692,21.632614705065475,20.88410096197019,21.051124572753906,2875800
2008-01-28,21.174846717280023,21.230521256019905,20.636661082654868,21.181034088134766,1144500
2008-01-29,21.224342606013384,22.368761138911324,21.181040436214516,22.152250289916992,2856100
2008-01-30,22.39349791649087,22.39349791649087,21.700661087235595,21.74396324157715,2223500
2008-01-31,21.434667246609735,22.56052831816993,21.366620309352065,22.34401512145996,2488700
2008-02-01,22.350200065277512,22.925502923482828,22.31308291449976,22.888385772705078,1776300
2008-02-04,23.08014934725278,23.08014934725278,22.45535708546715,22.616195678710938,937200
2008-02-05,22.139870743870585,22.306894356129845,21.57694035875553,21.719219207763672,2837200
2008-02-06,22.207911480712916,22.263586002634085,21.471770317556373,21.52744483947754,2111800
2008-02-07,21.3109362076892,21.38516812425676,20.246935177797077,20.543865203857422,4667800
2008-02-08,20.494384614167473,21.267640875615783,20.420150314019033,20.97071075439453,3356900
2008-02-11,20.89029031049141,21.663546530039696,20.853173162428437,21.496522903442383,2096300
2008-02-12,21.521267547284676,22.139872519429975,21.39136106948393,21.644989013671875,2226100
2008-02-13,21.76252136355787,22.053266432282193,21.41610175741379,21.719219207763672,2734900
2008-02-14,22.727551034739964,22.727551034739964,21.459408768771983,21.626432418823242,2019700
2008-02-15,21.558386651219017,21.99141069036792,21.354248196634824,21.873876571655273,1411900
2008-02-19,22.146057385515224,22.473919623258386,22.09657021515951,22.337825775146484,2858600
2008-02-20,22.127499417784417,22.931685383483337,21.985220561989202,22.65331268310547,2665000
2008-02-21,22.814157130130894,22.814157130130894,22.251226574111907,22.325458526611328,1362100
2008-02-22,22.28833814731459,22.888385772705078,22.28833814731459,22.888385772705078,1887200
2008-02-25,22.888384972708895,22.981176666514575,22.424431223262093,22.90694236755371,1057000
2008-02-26,22.826526785094355,23.667827652300915,22.64094338635772,23.451316833496094,1792300
2008-02-27,23.135825244782684,23.44512770869801,23.0368485507214,23.148195266723633,1291000
2008-02-28,22.98117402096198,23.686383261372136,22.851265192630745,22.931684494018555,1674500
2008-02-29,22.820342142926172,22.820342142926172,22.07183052576302,22.325458526611328,1646000
2008-03-03,22.356382697647838,22.38731247344181,21.861499205572443,22.176986694335938,1312300
2008-03-04,22.022334260723717,22.022334260723717,21.360427183524806,21.82438087463379,2268700
2008-03-05,21.82438623848847,22.548155401592794,21.82438623848847,22.115131378173828,2511100
2008-03-06,21.861498399630005,22.09656893462123,21.7130321775854,21.86768341064453,1598400
2008-03-07,21.607871587634857,22.12131248081416,21.298569105544225,21.66973114013672,4830000
2008-03-10,21.521268398937536,21.589315326132827,20.85936124133193,21.032569885253906,1805100
2008-03-11,21.25526722047894,21.669731419116758,20.921219969170714,21.644989013671875,1600400
2008-03-12,21.62024108848108,21.669728251928632,21.23051935224881,21.39754295349121,1262500
2008-03-13,21.09442724534889,22.028522014508727,21.06349747069517,21.86768341064453,1589600
2008-03-14,21.966659488302,22.17080024290459,21.09442665274375,21.31093978881836,1744000
2008-03-17,20.884100163687762,21.11298567330374,20.14177617941123,20.636659622192383,2938700
2008-03-18,20.667593261598828,21.37898996604761,20.58098893788315,20.97071075439453,3738900
2008-03-19,21.119169055954412,21.323309787747505,20.67377281188965,20.67377281188965,2314000
2008-03-20,20.673773785351813,20.834612374299784,20.31498418501999,20.729448318481445,2883200
2008-03-24,20.729447447406848,21.84293806320937,20.729447447406848,21.484146118164062,2541200
2008-03-25,21.527449699979258,21.935728832986456,21.28619417044642,21.805822372436523,1724000
2008-03-26,21.7810754623157,22.374935531794485,21.7810754623157,22.09656524658203,1927100
2008-03-27,22.214106726058667,22.2574088897519,21.614059086608194,21.682106018066406,1485900
2008-03-28,21.75633015360104,21.83056443025457,21.13772534022884,21.348051071166992,2371200
2008-03-31,21.42229196036747,21.45940675036059,21.00782538038137,21.3356876373291,1406300
2008-04-01,21.508889129041243,21.97902773763781,21.459399612457375,21.818191528320312,1570500
2008-04-02,21.985225546564145,22.894573427581875,21.849131671125765,22.52959632873535,2792000
2008-04-03,22.467736912425462,23.358527401715083,22.300713253222813,23.049224853515625,1705300
2008-04-04,23.01829149040768,23.395640918084986,22.857455228668417,23.129640579223633,1538900
2008-04-07,23.160572101751924,23.389457668108385,22.83889719425372,22.944061279296875,1357000
2008-04-08,22.894567026878896,23.44512738732545,22.8883820159932,23.327590942382812,1432400
2008-04-09,23.259539352118498,23.432750299405757,22.76465598799066,22.913122177124023,785200
2008-04-10,22.801777934656414,22.88838224667193,22.232660176026474,22.597637176513672,1537900
2008-04-11,24.150337308931284,24.150337308931284,22.42442896820136,22.535778045654297,1847000
2008-04-14,22.418244333637755,22.93168521292423,22.22028857944868,22.57908058166504,1106100
2008-04-15,22.795590654714655,23.005916424643168,22.53577771763324,22.931684494018555,1161300
2008-04-16,22.931685214984714,23.599779690982544,22.931685214984714,23.500802993774414,2368600
2008-04-17,23.32759266223055,23.618337750894,23.067779709647553,23.469871520996094,892900
2008-04-18,23.748236285337004,24.267864376520443,23.698749131780897,24.020423889160156,1912300
2008-04-21,23.791545583851114,24.42871028093479,23.791545583851114,24.4101505279541,979800
2008-04-22,24.42870626025526,24.453448660506222,23.766796908000266,24.119403839111328,1542900
2008-04-23,24.224567968415123,24.657591873569448,23.98331243320083,24.125591278076172,2866400
2008-04-24,23.519356452026745,24.459636098080445,23.519356452026745,24.076099395751953,2751900
2008-04-25,23.995683544090628,24.317358360609763,23.735868270836963,24.249311447143555,1499400
2008-04-28,24.403966716809276,24.58954773720742,24.21219832518313,24.218385696411133,2426500
2008-04-29,24.230754486964866,24.243126869000935,23.847220083008963,23.9709415435791,1026300
2008-04-30,24.23693566413377,24.403959239252025,23.92144590231374,24.032794952392578,1295100
2008-05-01,23.86578266652189,24.373038591210218,23.772990970141226,24.35447883605957,1351200
2008-05-02,24.589549779624814,24.744201036100442,24.19982795256478,24.397781372070312,1246900
2008-05-05,24.35447502662516,24.397777182218746,23.50698694742004,24.137964248657227,3140600
2008-05-06,23.958567670691256,24.527685409983594,23.909080505416952,24.34210205078125,1786500
2008-05-07,24.626667944534674,25.579317930202162,24.5709933955198,25.121551513671875,5734800
2008-05-08,25.39373555212465,25.412295307348156,24.88647962544512,25.133922576904297,1196700
2008-05-09,24.985456625727316,25.424665627892942,24.880294903993676,25.059688568115234,1351200
2008-05-12,25.02876316149823,25.49271701211331,24.818437321494407,25.406112670898438,1481900
2008-05-13,25.39992407620912,25.597877502441406,25.18959826586345,25.597877502441406,1241900
2008-05-14,25.604060255960672,26.278339792018034,25.604060255960672,26.105131149291992,1633000
2008-05-15,26.204104547271974,26.204104547271974,25.72777848008689,26.111312866210938,1773700
2008-05-16,25.758702523295245,26.476283969849842,25.733957765878547,26.36493492126465,1757400
2008-05-19,26.408245154490707,26.748479773693788,26.20410674275953,26.414432525634766,1027300
2008-05-20,26.290714254294286,26.290714254294286,25.888620033547518,26.179365158081055,897200
2008-05-21,26.37112951870895,26.37112951870895,25.35043041350614,25.66592025756836,1181600
2008-05-22,25.604062646709856,25.690666976159452,25.12773647494608,25.338062286376953,1193000
2008-05-23,25.2885684967041,25.387545184449326,25.078242740271698,25.2885684967041,558000
2008-05-27,25.362800602307047,25.79582449918256,25.22052176015188,25.57931137084961,1019600
2008-05-28,25.54838411618723,25.81438443506497,25.307128561807563,25.703035354614258,525500
2008-05-29,25.54219686503116,25.944288633805563,25.54219686503116,25.771080017089844,914300
2008-05-30,25.82057308666022,26.389688539597564,25.82057308666022,26.284526824951172,1257600
2008-06-02,26.19173424302373,26.222664019233562,25.690663373178072,25.85768699645996,828000
2008-06-03,25.870069246075747,26.098952509076287,25.362813171430464,25.61025619506836,764200
2008-06-04,24.824613159269756,25.46796040640905,24.68233432770096,25.25763702392578,1984300
2008-06-05,25.393734019031253,25.67829174417612,24.651407569260993,25.616432189941406,2761100
2008-06-06,25.059691873278343,25.078251631166374,24.35448242810466,24.608110427856445,2398800
2008-06-09,24.806057475526934,25.251453793303295,24.509127383606227,25.078245162963867,1706900
2008-06-10,25.065865623902766,26.04325993576438,24.905027061833305,25.814376831054688,2811100
2008-06-11,25.808196620818297,25.814381631375753,24.99163835939288,25.06587028503418,1402300
2008-06-12,25.201966767474353,25.548384030117862,24.867919527247583,25.041128158569336,1001900
2008-06-13,25.158659855003723,25.659730667647015,25.109172690675592,25.57931137084961,816700
2008-06-16,25.449407904677834,26.154617187824954,25.276199269460136,25.975223541259766,1070400
2008-06-17,26.037089342636943,26.488670792681738,25.87006567868209,26.204113006591797,1086800
2008-06-18,26.166986845943914,26.166986845943914,25.67210339699605,25.993778228759766,810800
2008-06-19,26.018520244030437,26.296890532316407,25.845309285344072,26.27214813232422,1199300
2008-06-20,26.086580121915237,26.086580121915237,25.548394259263105,25.61025619506836,1093500
2008-06-23,25.55456853994673,25.665917607555325,25.065870116530146,25.208148956298828,1218400
2008-06-24,25.232903714227795,25.232903714227795,24.595738828316613,24.923601150512695,940500
2008-06-25,24.87410077532408,25.529822774367954,24.87410077532408,24.935962677001953,1150000
2008-06-26,24.589544956500713,24.77512595591244,24.125591278076172,24.125591278076172,1763200
2008-06-27,24.094655799389255,24.601911512236196,23.735863907000507,24.020423889160156,4579600
2008-06-30,24.02042665711181,24.298796942495905,23.927634988790345,23.95856475830078,2005700
2008-07-01,23.69256793919162,23.71112769142969,22.74610316771729,23.327590942382812,2712200
2008-07-02,23.445134238604044,23.54411096023219,22.300713387500522,22.393505096435547,2662600
2008-07-03,22.950239301962924,23.624518691988175,22.535775179547993,22.696611404418945,2365700
2008-07-07,22.739917134686056,22.91312812695082,21.941918535222634,22.2883358001709,2860800
2008-07-08,22.313077295986478,22.82033309659918,22.13368131875288,22.77703094482422,3527400
2008-07-09,22.81416061944477,23.22243996032274,22.430623693323355,22.504858016967773,2109700
2008-07-10,22.541962498730797,22.84507994869189,22.158428107992492,22.634754180908203,1505700
2008-07-11,22.26359558105469,22.467734009398463,21.719222505819857,22.263595581054688,1678200
2008-07-14,22.535779175549106,22.59763872843977,21.81201013581683,22.009965896606445,1838000
2008-07-15,21.731590826814575,22.238846656709967,21.273822161894373,21.849124908447266,1962900
2008-07-16,21.75633831181216,22.282154016223426,21.589317026187157,22.27596664428711,1092900
2008-07-17,22.23265727424572,22.783217568382558,21.960471992037895,22.214099884033203,1833700
2008-07-18,22.139875396798768,22.30689904415981,21.79964308985932,21.917177200317383,1250900
2008-07-21,22.07801347567005,22.31927142838555,21.836757882745548,21.917177200317383,1256800
2008-07-22,21.69447564452237,21.892429041899877,21.31094123207728,21.855314254760742,1621900
2008-07-23,22.00377808688036,23.117266535253815,21.842941836695896,22.2883358001709,2387300
2008-07-24,22.40586332092125,22.57288687556931,21.96046717519308,22.04707145690918,1985400
2008-07-25,23.210057213819265,23.506987296494863,22.51722035424287,23.043033599853516,3328500
2008-07-28,23.043025637421174,23.148187306288865,22.634746619847714,22.746095657348633,1732200
2008-07-29,22.919312104167638,23.247174320575443,22.801778017404402,23.148195266723633,1585500
2008-07-30,23.370888021251705,24.069912089015517,23.327585875086598,24.032794952392578,1541900
2008-07-31,23.958568550789042,23.995685695951067,23.51935961876246,23.630708694458008,1641300
2008-08-01,23.785359947046764,23.803917339748715,22.999731405526973,23.148195266723633,1587500
2008-08-04,23.17913423384713,23.29048334246412,22.319273508253534,22.54815673828125,1720100
2008-08-05,22.770849345853783,22.770849345853783,22.337825403441148,22.62238311767578,2133800
2008-08-06,22.684244273675322,23.05540869047222,22.449176072140506,23.024478912353516,1722100
2008-08-07,22.764662138849804,22.95024315556674,22.269778641007765,22.368755340576172,1315600
2008-08-08,22.449170650585472,23.055403122509876,22.195542755598833,22.88219451904297,3439100
2008-08-11,22.739922009622717,23.46369119008949,22.72136461210523,23.23480796813965,1994700
2008-08-12,23.210057034430847,23.358520894725917,23.09870795931429,23.185312271118164,1173400
2008-08-13,23.253361315543174,23.253361315543174,22.968803590812083,23.15438461303711,1220400
2008-08-14,23.0120995765192,23.44512341872434,23.0120995765192,23.364704132080078,681800
2008-08-15,23.426571492549463,23.630712282248982,23.290479992540668,23.55029296875,822800
2008-08-18,23.66782289229637,23.748242191589153,23.22861397117277,23.401824951171875,1719100
2008-08-19,23.21624820851513,23.21624820851513,22.86364349697123,23.012109756469727,4026500
2008-08-20,23.07396240272712,23.426567008543632,23.07396240272712,23.203868865966797,886000
2008-08-21,22.99353964534902,23.401821085176117,22.95642486703025,23.29047203063965,918700
2008-08-22,23.476058892128453,23.62452276223569,23.358522438520335,23.469871520996094,1383500
2008-08-25,23.3832649607249,23.3832649607249,22.69661313791298,22.838891983032227,681600
2008-08-26,22.894572304201237,22.981178995097725,22.31927176760203,22.511037826538086,954500
2008-08-27,22.579075352717464,22.919307523060674,22.38730701389599,22.845075607299805,737400
2008-08-28,22.937874797543003,23.54410742136774,22.85745548587305,23.432758331298828,1185000
2008-08-29,23.327594058537983,23.327594058537983,22.906942468404313,23.135828018188477,818000
2008-09-02,23.506987257564866,23.575034177192723,22.987359023795495,23.148195266723633,1560200
2008-09-03,23.135822717521627,23.259541801740777,22.54196025823446,22.70279884338379,1663600
2008-09-04,22.504849910174666,22.523407304505156,21.68210415125889,21.904802322387695,1483300
2008-09-05,21.651167105143248,21.799633289314663,21.112981612128014,21.725399017333984,2320600
2008-09-08,22.238847664350363,22.282149820587076,21.743964193223245,22.2326602935791,1132100
2008-09-09,22.424435947885502,22.603832001818496,21.36043436984572,21.5645751953125,2249600
2008-09-10,21.756343724552604,21.873880222674707,20.99545961266303,21.057321548461914,4060700
2008-09-11,20.81605716501978,21.044940331969606,20.45108015620168,20.921218872070312,2570800
2008-09-12,20.649036390545405,21.211966868775747,20.605734227588524,21.088245391845703,1673000
2008-09-15,20.717079552065385,20.915032935226087,20.228381104979082,20.277868270874023,1973600
2008-09-16,19.820104469051333,20.785126744310038,19.62833607240314,20.735639572143555,3309100
2008-09-17,20.290238359679996,20.512936480520505,19.170563925255966,19.195308685302734,2655700
2008-09-18,19.47368465400831,19.956195787407765,17.03638186145859,19.758243560791016,5763100
2008-09-19,20.853170275489607,23.50698581993157,20.00568223693338,21.805822372436523,6473500
2008-09-22,21.873870077371432,21.873870077371432,20.024240351212473,20.277868270874023,2084600
2008-09-23,20.24075510022961,20.314987034885892,18.87363752144371,19.319032669067383,2829200
2008-09-24,19.18294192483537,19.189128116659276,18.74373174450141,18.991174697875977,2933600
2008-09-25,19.17675171482205,19.974752594465954,18.87982164886417,19.591217041015625,4484800
2008-09-26,19.0654057682903,19.560290472517572,18.904568327908592,19.467498779296875,3237400
2008-09-29,19.083965660809938,19.108709248787573,16.312615373377326,16.807498931884766,5356900
2008-09-30,17.054935793234375,18.094192146318992,16.85079623672812,17.920982360839844,6278000
2008-10-01,17.599309886271847,17.784890884411976,17.215774328914982,17.487960815429688,2866500
2008-10-02,17.296196166799625,17.4013590696691,15.36614912341282,15.607404708862305,4859800
2008-10-03,15.718752668862498,16.52293868223415,15.248612735851474,15.477497100830078,3636800
2008-10-06,14.976425407716357,15.279542874247795,13.497959941498554,14.432053565979004,5347500
2008-10-07,14.74754822289464,15.304292672974737,13.541267597807932,13.621686935424805,4927600
2008-10-08,13.027814417588033,13.720652188295102,12.353535212309703,13.238140106201172,6256000
2008-10-09,13.306193882751135,13.900054124933048,11.833913300858164,12.433960914611816,3156500
2008-10-10,11.765867780387083,12.18651938337142,10.49772677963778,11.444192886352539,7424000
2008-10-13,12.075166813214246,13.68353964028458,11.901957032488328,13.392794609069824,8466700
2008-10-14,13.974288997360913,14.79084752269535,13.256707191467285,13.256707191467285,3812900
2008-10-15,13.120609779828676,13.287633391314152,12.062795933544493,12.068982124328613,5049800
2008-10-16,12.3349830530101,12.669029112996402,11.753494068713584,12.464889526367188,4906300
2008-10-17,12.33498193598983,14.104191133263441,12.087540213982527,13.708284378051758,3223100
2008-10-20,13.900052048684355,14.085634231567383,13.398982396701138,14.085634231567383,2863700
2008-10-21,13.757770388521731,13.961909922033486,13.256700838973789,13.318561553955078,1984100
2008-10-22,12.372100756378453,12.619542535526927,12.081356813365929,12.39065933227539,3669600
2008-10-23,12.390657983979494,12.526750652728293,11.165819245658932,11.883400917053223,4912400
2008-10-24,10.899821740244692,11.4256351004104,9.87293683906936,11.202938079833984,4017600
2008-10-27,10.887445087139252,11.506049908227903,10.844142938446256,10.89981746673584,3386600
2008-10-28,11.017356236569986,12.056612968444824,10.81321660565854,12.056612968444824,4493300
2008-10-29,11.871025403714288,12.582420625491702,11.697815650107081,12.16795539855957,4311300
2008-10-30,12.774193502255988,13.30000800833192,12.409216443914778,13.046380043029785,4122000
2008-10-31,12.904098068773646,13.368051724977164,12.539121098168598,13.095865249633789,2792000
2008-11-03,13.244331709209623,13.479402247829007,12.97833139545914,13.47321605682373,1658100
2008-11-04,13.708288489489577,14.357823352056414,13.491776475335447,13.881498336791992,3311400
2008-11-05,13.844377429653044,14.079447957264199,12.75563382140588,12.836051940917969,2467500
2008-11-06,12.854609708272703,12.947400203406595,10.609073354598644,10.844143867492676,4124400
2008-11-07,10.825586799426073,11.339028869003041,10.497725745881139,10.689494132995605,6250600
2008-11-10,10.701865383215665,11.178191487690187,10.423493857925799,10.559586524963379,3083500
2008-11-11,10.50391485614372,10.547217026592,9.971915245056152,9.971915245056152,1798600
2008-11-12,9.984282207309136,10.089445082226678,7.485119150290961,8.239816665649414,6491600
2008-11-13,8.239817150239041,8.69139903790416,7.825351816470791,8.388282775878906,10837500
2008-11-14,8.27693177231752,9.18628093610072,8.085164036845836,8.697583198547363,8210000
2008-11-17,8.530564162451341,9.087308507142591,8.394470877546539,8.610982894897461,3921600
2008-11-18,8.660466546799041,8.765629402063112,7.751117394199851,8.109908103942871,5119800
2008-11-19,8.109910856712547,8.270748288762562,7.522236259550362,7.621212959289551,4217700
2008-11-20,7.621213246760084,7.621213246760084,6.45823580106202,6.5881428718566895,6204200
2008-11-21,6.755164480214871,6.885071512140062,5.412792013637076,6.303582668304443,9174200
2008-11-24,6.464421937128718,7.522236478836885,6.229351973421605,7.441817760467529,9814300
2008-11-25,7.812978111483111,8.103722510961674,7.404699068356494,7.992373466491699,6107200
2008-11-26,7.726377427937924,8.808936334796966,7.485121820547349,8.610982894897461,4098000
2008-11-28,8.629539066841907,8.7718185142965,8.307864794681906,8.703771591186523,1887900
2008-12-01,8.648095478292602,8.648095478292602,7.874839419506173,7.887211799621582,3741800
2008-12-02,8.035678768022034,8.815121205691696,7.87484132724302,8.77800464630127,3623200
2008-12-03,8.518191458773869,9.705912561421382,8.28312147899484,9.495587348937988,5364600
2008-12-04,9.464655165136062,10.009027552366963,9.155352712614933,9.53270149230957,5217800
2008-12-05,9.52651624222806,10.930749798489316,9.229586141666616,10.837959289550781,5715900
2008-12-08,11.110149568633194,11.518430113440779,10.528661491271565,11.246243476867676,5138500
2008-12-09,11.085398509159068,11.988560987143497,10.825584435511,11.70400333404541,6415900
2008-12-10,11.673074496121648,12.013306704997303,11.252422992853099,11.648329734802246,3335200
2008-12-11,11.394704250737977,11.908146358207741,10.887448334911875,11.054471969604492,2641400
2008-12-12,10.491538834539883,11.283353553708933,10.491538834539883,10.93074893951416,2542600
2008-12-15,11.060654121909721,11.085398882087254,10.250282104417192,10.522468566894531,2017800
2008-12-16,10.776098568410381,11.295726834892722,10.145121219125349,10.893633842468262,3756000
2008-12-17,10.689493891222314,11.320470039397096,10.621446969598493,11.178191184997559,3495100
2008-12-18,10.831769442081253,11.400885866002026,10.745165153624267,10.986420631408691,3480700
2008-12-19,11.159636273666004,11.209124633154511,10.670937691308389,10.800844192504883,2692400
2008-12-22,10.800843573884647,10.96786722005288,10.132750169107199,10.479169845581055,2303900
2008-12-23,10.510098054395712,10.751353609520995,10.18223700315482,10.355446815490723,1421400
2008-12-24,10.361633864316074,10.386378630938866,10.070889935870747,10.206982612609863,443300
2008-12-26,10.23172756724058,10.559587471749103,10.033772970307067,10.503912925720215,764000
2008-12-29,10.466795306671528,10.466795306671528,9.940980888035602,10.12656307220459,1187900
2008-12-30,10.126561843214843,10.584329287443259,10.058514932621732,10.522468566894531,1267600
2008-12-31,10.528655040376837,11.066840609880316,10.417305976370562,10.875073432922363,2677300
2009-01-02,10.807028032195777,11.46893631861093,10.479168164421628,11.40088939666748,2026200
2009-01-05,11.419445988067368,12.174144727836756,11.184376643154174,12.118470191955566,2757500
2009-01-06,11.908148463886937,12.396847071092454,11.660706653863215,12.18033504486084,2995800
2009-01-07,12.062798588311926,12.45870544646432,11.673077922305103,12.266938209533691,4544700
2009-01-08,12.143214573505066,12.50200539506841,11.642144897505204,12.372098922729492,2177900
2009-01-09,12.53912485005377,12.866984776738391,12.106100836072121,12.415403366088867,3023900
2009-01-12,12.28549682637685,12.341171375974579,11.642146999867753,11.827729225158691,2251300
2009-01-13,11.864841461181642,12.155585322030824,11.499864497618233,11.86484146118164,2130000
2009-01-14,11.66688968633917,11.673075877401036,10.998796390296675,11.28954029083252,1935600
2009-01-15,11.38851979888535,11.419449581933298,10.516286702102605,11.196752548217773,2564800
2009-01-16,11.40089037538315,11.747308846124534,11.06684310796098,11.567914009094238,1850800
2009-01-20,11.543172923417057,11.543172923417057,10.491543612751626,10.528660774230957,1629300
2009-01-21,10.825587403795806,11.58028507232666,10.497726331947078,11.58028507232666,2383700
2009-01-22,11.314285031185864,12.58861088985632,11.314285031185864,12.372098922729492,4773800
2009-01-23,11.80916782352753,12.285493887290894,11.376143914670791,12.155586242675781,4960900
2009-01-26,12.112281331545402,12.514374195473549,12.013304662882934,12.192699432373047,2993100
2009-01-27,12.365911918152406,12.49581956184026,11.56172601303887,12.118470191955566,2521600
2009-01-28,12.167960134173862,12.860798238351489,12.167960134173862,12.79275131225586,2283100
2009-01-29,12.613353713997348,12.644284667377262,12.279307676760892,12.341168403625488,1537800
2009-01-30,12.273123938574546,12.57624026289685,11.895774491201971,12.075170516967773,2627700
2009-02-02,12.031868416262025,12.08754296386638,11.617402995149314,11.945262908935547,1504500
2009-02-03,12.075171069881858,12.743264488344002,11.89577503590163,12.69377613067627,2590100
2009-02-04,12.607169028857903,13.083495148733927,12.19888983464856,12.347354888916016,3114100
2009-02-05,12.18033042267222,12.532935015636676,12.0009344410474,12.384469985961914,1936900
2009-02-06,12.563868164126735,12.768007782277255,12.279310409084703,12.687589645385742,1747300
2009-02-09,12.570050581989515,12.662841075125442,12.180330038860557,12.50200366973877,1508700
2009-02-10,12.372098604098127,12.687587260090062,11.642144597673095,11.741121292114258,1932000
2009-02-11,11.833912506734782,12.068983055078771,11.691633647413353,11.957633972167969,1180100
2009-02-12,11.567912522231051,12.025680023274743,11.487493221568025,11.994749069213867,1771600
2009-02-13,11.858660697937012,12.236010214624763,11.815358526493306,11.858660697937012,1892400
2009-02-17,11.438003357324332,11.549352417378728,10.708049456874495,10.831770896911621,2820200
2009-02-18,11.03590955345615,11.03590955345615,10.03376927400613,10.392560005187988,4656200
2009-02-19,10.652378690306563,10.652378690306563,9.736843486239788,9.891494750976562,3199000
2009-02-20,9.557446457832338,10.534842831639105,9.557446457832338,10.411121368408203,3257200
2009-02-23,10.417309283649692,10.510099806482271,9.792518032730245,9.835820198059082,2176600
2009-02-24,9.860560097905664,10.460606909688083,9.588374249747787,10.392560005187988,3189500
2009-02-25,10.206978495611004,11.28953682090308,9.82344361687265,10.986420631408691,4223700
2009-02-26,11.308101199145908,11.598845159720506,10.844147392757089,10.949310302734375,3269400
2009-02-27,10.547213844965347,11.06684209338722,10.398748799686999,10.85033130645752,3726500
2009-03-02,10.503911128100263,10.714236892682313,10.046143634567338,10.138934135437012,2409200
2009-03-03,10.231726165352322,10.330702860310183,9.526515738908484,9.798702239990234,3967900
2009-03-04,10.10181935370084,10.807028658744375,10.027586236377397,10.602889060974121,3645300
2009-03-05,10.318331035785823,10.510098245137598,10.138935029050524,10.213168144226074,3231000
2009-03-06,10.534842818970263,10.534842818970263,10.16986580076286,10.355446815490723,3155700
2009-03-09,10.138933044091642,10.565770718022007,10.138933044091642,10.336886405944824,2050200
2009-03-10,10.42967875399163,11.468935151101922,10.386376600761231,11.431818008422852,2484900
2009-03-11,11.506052990687056,12.167960137792912,11.481308224864787,12.000936508178711,3152400
2009-03-12,11.518424912243466,12.557680257349993,11.382331065462783,12.48963451385498,3917200
2009-03-13,12.662844567282963,12.662844567282963,11.951449017192093,12.514379501342773,1862100
2009-03-16,12.582428761187657,12.749452433744867,11.871033079427589,11.914335250854492,1805900
2009-03-17,11.734931286892726,12.25455935375612,11.654513191259174,12.106094360351562,3280700
2009-03-18,12.180330798218876,12.570051365644181,11.790609050898363,12.427772521972656,3131100
2009-03-19,12.51437756536243,12.63191283350978,12.19270271564088,12.40302848815918,1692900
2009-03-20,12.446333387074661,12.570053681800632,11.93907628504327,12.031867980957031,1379100
2009-03-23,12.347355081033708,13.052565574645996,12.155587863774713,13.052565574645996,1849300
2009-03-24,12.897916284818148,13.423730844131226,12.897916284818148,12.978334426879883,1927400
2009-03-25,13.15154420406139,13.47321913034481,12.68140419946921,13.21959114074707,1456100
2009-03-26,13.182469361233778,13.60312085880588,13.083492677086829,13.368051528930664,2756800
2009-03-27,13.040191235911324,13.454656565824486,12.879353820433584,13.343307495117188,1561400
2009-03-30,12.990704625473574,13.16391444524222,12.563866857408739,12.699960708618164,2205500
2009-03-31,12.836053442862433,12.910286560240179,12.625727653503418,12.625727653503418,1858000
2009-04-01,12.502006961482191,13.163915327892745,12.347355705571355,13.046380043029785,2142400
2009-04-02,13.504144653693901,14.57433082643015,13.386609394639372,14.308330535888672,5005300
2009-04-03,14.227915687406137,15.403265008212768,14.17224114032465,14.852706909179688,5063400
2009-04-06,14.512466495899352,14.79702528713585,14.116559843634546,14.75372314453125,2713400
2009-04-07,14.37637687322205,14.815586939457484,14.234098037919853,14.537214279174805,2578600
2009-04-08,14.660939607862636,14.90838138261611,14.506288351154783,14.871265411376953,1799900
2009-04-09,15.149636971481323,15.601218358071225,15.112521000227545,15.533172607421875,3108400
2009-04-13,15.174381510039924,15.502241414311538,15.063032418062608,15.397078514099121,1958200
2009-04-14,15.341400129043441,15.341400129043441,14.438237595495439,14.537214279174805,3485400
2009-04-15,14.37019445533211,15.186752899989614,14.252660350043387,15.143450736999512,4876200
2009-04-16,15.273350541064126,15.353768633793349,14.685675597653823,14.994977951049805,3863500
2009-04-17,14.994989580234902,15.03210556105672,14.67950079351006,14.704245567321777,2530200
2009-04-20,14.357825478441251,14.667128064498796,13.819639639442732,13.900057792663574,1936500
2009-04-21,13.782517964076536,14.110377814681309,13.763959391819661,14.085634231567383,1717800
2009-04-22,13.850566661415249,14.413497161283255,13.77014852424646,14.0485200881958,2346900
2009-04-23,13.943356679284335,14.196984624214055,13.64023920373872,14.01758861541748,3687600
2009-04-24,14.0670721886026,14.6114450415411,13.9804678992285,14.43823528289795,1734600
2009-04-27,14.246469613100642,14.592887986397825,14.04233006706363,14.33926010131836,1598300
2009-04-28,14.085637666319942,14.227916548631327,13.757776555871699,13.819637298583984,1983200
2009-04-29,14.0794474111949,14.84651733174778,13.949539770996608,14.60526180267334,2108300
2009-04-30,15.446564368460745,16.84461162389215,14.153679996222264,15.168192863464355,8446000
2009-05-01,15.304285828922776,15.415634905122827,14.784657593252716,14.933122634887695,2581200
2009-05-04,14.896004381466504,15.254795138615556,14.444423135034867,14.88981819152832,2849100
2009-05-05,14.889818011577743,15.174376845819735,14.314515333125414,14.976422309875488,2325800
2009-05-06,15.18056427101248,15.29191215792985,14.7289818133955,15.112517356872559,1789800
2009-05-07,15.124895635491649,15.174383997828858,14.221731547968059,14.376382827758789,2495500
2009-05-08,14.555765916124935,14.716603245462151,14.12892843364904,14.333067893981934,2181800
2009-05-11,13.968098657811417,14.691866441271992,13.968098657811417,14.48154067993164,1534900
2009-05-12,14.54958599709248,14.728980785631906,13.906236402576413,14.196981430053711,1768900
2009-05-13,13.78251908348555,14.15986731086144,13.479402791375756,13.590750694274902,1519000
2009-05-14,13.671169837886072,14.029960667120399,13.417541898939152,13.844378471374512,1470000
2009-05-15,13.726846092577308,13.91861332355331,13.479404313915454,13.547450065612793,1963000
2009-05-18,13.739212795270873,14.53721359739226,13.708283025532328,14.487725257873535,1621500
2009-05-19,14.450612624081455,14.592891485457017,14.234100646395182,14.295961380004883,1038600
2009-05-20,14.487730606569672,14.716614998779566,14.302149559833937,14.388753890991211,1410600
2009-05-21,14.079449348792,14.221728209626653,13.844378797947892,14.01758861541748,1272300
2009-05-22,14.048521335331555,14.159870442754334,13.726847578204815,13.999032974243164,948700
2009-05-26,13.91242099763745,14.518653383046049,13.770142185124302,14.43823528289795,1401300
2009-05-27,14.419678708335345,14.920749485845748,14.326888216909568,14.660935401916504,2019100
2009-05-28,14.951678151853555,15.199119837341787,14.599073602545948,15.14963150024414,2454000
2009-05-29,15.223867650711306,15.359960310064894,14.939308770378016,15.007355690002441,5786400
2009-06-01,15.168193841834803,15.428007971193633,15.050658569533224,15.279542922973633,1812800
2009-06-02,15.100144660670095,15.39088852246577,14.772283657448904,15.05065631866455,1700600
2009-06-03,14.846517504092835,14.846517504092835,14.054702812445612,14.221726417541504,2085900
2009-06-04,14.394936565390436,14.394936565390436,13.918610500638186,14.153679847717285,1711100
2009-06-05,14.382563255779676,14.49391232138184,13.980470325468092,14.26502799987793,1803200
2009-06-08,14.166056483226411,14.166056483226411,13.683545262770927,13.869126319885254,1345300
2009-06-09,13.930981362045669,14.3578178546358,13.819632301406468,14.326888084411621,1718500
2009-06-10,14.537217451991527,14.537217451991527,13.634054721323972,13.751588821411133,2314500
2009-06-11,13.702102660545007,13.97428923355553,13.609312131987844,13.869126319885254,2230800
2009-06-12,13.702094124941699,14.438234062061495,13.702094124941699,14.35781478881836,2108400
2009-06-15,14.215541036233782,14.215541036233782,13.875308796021535,13.961913108825684,1282300
2009-06-16,14.005219016641377,14.25266199932477,13.757777213853569,13.813451766967773,1526800
2009-06-17,13.801074894345016,13.99284326155947,13.535074600379007,13.763958930969238,1878300
2009-06-18,13.726847430965938,13.961916848640458,13.615498324737528,13.813451766967773,1130800
2009-06-19,13.912422475583137,14.110375832264333,13.782516027721755,13.918608665466309,977300
2009-06-22,13.782520559778895,13.794891763718141,13.429914699862422,13.510334014892578,1308600
2009-06-23,13.491770526188821,13.73921221330123,13.293817176498894,13.652607917785645,1859000
2009-06-24,13.869120619945564,14.599074523084031,13.85056204990311,14.456795692443848,2638300
2009-06-25,14.333075326571445,14.840331146812298,14.252657210148339,14.821772575378418,1525600
2009-06-26,14.778469400474117,15.45893496738008,14.630004378950197,15.186748504638672,3189800
2009-06-29,14.623820169841006,15.211495325387823,14.623820169841006,14.933122634887695,1550800
2009-06-30,14.939309613118056,15.001170345366676,14.64237951419908,14.858891487121582,1169200
2009-07-01,14.809399278590602,15.174376205874843,14.809399278590602,15.03828239440918,1791900
2009-07-02,14.710423559900937,15.21149315129071,14.642376649749758,15.093957901000977,3277400
2009-07-06,15.063029618925276,15.08777320149138,14.339261835464699,14.48154067993164,2451500
2009-07-07,14.555773875229255,14.592889839249922,14.091820195337617,14.302145957946777,2167500
2009-07-08,14.28358523649849,14.450608819299497,14.060887126097148,14.407306671142578,1972200
2009-07-09,14.518656866270435,14.926936013978587,14.34544824596712,14.722796440124512,1832100
2009-07-10,14.747547741596524,14.920757618591267,14.450617535230467,14.704245567321777,1451700
2009-07-13,14.722794916724803,14.951679229736326,14.568143704658807,14.951679229736328,1802000
2009-07-14,15.001169499137015,15.149634540221454,14.790843729293575,15.007355690002441,1282900
2009-07-15,15.106329733876326,15.724934553150712,15.063027585310328,15.669260025024414,1508600
2009-07-16,15.724935573970098,15.891959169191708,15.477493866176124,15.836284637451172,671900
2009-07-17,15.805353643971978,15.811539834137056,15.520795975749122,15.724935531616211,1002500
2009-07-20,15.737312224853113,16.238381966594442,15.700195073690457,16.195079803466797,1575900
2009-07-21,16.374471250260598,16.733262044451767,16.32498290554096,16.677587509155273,2241600
2009-07-22,16.560051467112554,16.968330557681686,16.454888599548077,16.696144104003906,1761200
2009-07-23,16.86935659640915,17.240519787574875,16.733262757707738,17.135356903076172,1293600
2009-07-24,17.02400630198152,17.073494644375266,16.745633638582216,16.937400817871094,1067600
2009-07-27,17.104429739254858,17.104429739254858,16.547685419078064,16.801313400268555,2007000
2009-07-28,16.6095419439039,17.030193468306834,16.47344810959988,16.99307632446289,1452300
2009-07-29,16.776569514672737,16.869360036412214,16.41159243992136,16.739452362060547,1132400
2009-07-30,16.96833414369324,18.205544056555798,16.96833414369324,17.99521827697754,3323600
2009-07-31,17.995219489592216,18.2921496055131,17.760148929566633,17.77870750427246,2723200
2009-08-03,18.04470268436557,18.081818643272644,17.729214083917807,17.902423858642578,2134300
2009-08-04,17.859130627491876,18.341641873900173,17.76015272115885,18.11275863647461,1866500
2009-08-05,18.459167561512633,18.551958046715534,17.661166792998603,17.859121322631836,1678000
2009-08-06,18.013774213120932,18.08800613628336,17.308563863706983,17.43228530883789,1438800
2009-08-07,17.568383347496678,17.908616836099885,17.31475536902828,17.388988494873047,1241400
2009-08-10,17.320939892013122,17.46940494950007,16.96833523299469,17.005451202392578,1279200
2009-08-11,16.937402140923027,17.129170515086898,16.69614660039491,16.708518981933594,1934300
2009-08-12,16.81986843805755,17.104426140539598,16.65284482317708,16.751821517944336,2445700
2009-08-13,16.918843009929617,17.43228499207125,16.826052517715127,17.370424270629883,1173100
2009-08-14,17.32712378525352,17.32712378525352,16.918844636345618,17.073495864868164,1095500
2009-08-17,16.683774365839874,16.758007475830723,16.4425188231863,16.454891204833984,884700
2009-08-18,16.49819417732504,17.166287480730634,16.399217479034974,17.09205436706543,1388700
2009-08-19,16.801312571037915,17.302382316477125,16.708522052237388,17.283824920654297,1541000
2009-08-20,17.240516413803675,17.65498167985184,17.15391093887904,17.636423110961914,1391600
2009-08-21,17.760145159834078,17.989029479708528,17.599308932770587,17.890052795410156,1560900
2009-08-24,17.995218415539345,18.013776989137497,17.543637077042245,17.63024139404297,1017700
2009-08-25,17.630239556160564,18.038518693595826,17.55600644940179,17.61168098449707,907900
2009-08-26,17.580755297779923,17.80963968191339,17.39517425759261,17.450847625732422,982000
2009-08-27,17.62405721622138,17.62405721622138,17.129173662688267,17.283824920654297,1408100
2009-08-28,17.413729226455796,17.630241196426056,17.017822433295535,17.09205436706543,1453200
2009-08-31,16.90028995259627,16.912662336899583,16.510569286206035,16.615732192993164,1607400
2009-09-01,16.467266714204886,16.72089468667917,16.065172493549845,16.127033233642578,2939800
2009-09-02,15.960006842100027,16.405403150183464,15.953821831061335,16.164146423339844,1866800
2009-09-03,16.219820159862014,16.727077172308547,16.14558823211535,16.66521644592285,2539000
2009-09-04,16.739448473972583,17.35186719108064,16.52293652027291,17.215774536132812,1992800
2009-09-08,17.30237401558115,17.562188051512884,17.215769730235536,17.52507209777832,2122300
2009-09-09,17.395171269048223,17.772519476585565,17.35186793254172,17.760147094726562,1096000
2009-09-10,17.81582292644783,17.989032745361328,17.605497139158352,17.989032745361328,1251500
2009-09-11,18.143683563608125,18.49628820462911,18.050893054901866,18.40349769592285,1851300
2009-09-14,18.360193457212354,18.360193457212354,17.82819287038548,18.0880069732666,2315900
2009-09-15,18.15605385987113,18.50247226985412,18.019960028170697,18.434425354003906,1427300
2009-09-16,18.663307941506694,19.071587038704255,18.52721530240587,18.879819869995117,1808800
2009-09-17,18.87362953446928,19.096327603987035,18.68804741657288,18.817955017089844,1477900
2009-09-18,19.015920562998808,19.164385644869395,18.589082715186127,19.145828247070312,1594700
2009-09-21,19.059212884085095,19.560283603901887,18.867445733232667,19.44893455505371,1365300
2009-09-22,19.572659607436776,19.943823981307368,19.492241485691505,19.72112464904785,1648900
2009-09-23,19.820102037779428,19.993310658801292,19.455125043633014,19.585031509399414,1443500
2009-09-24,19.63451855291093,19.68400689561934,18.947866765423456,19.25098419189453,2044500
2009-09-25,19.046845282669146,19.337589158545722,18.954053604506544,19.24479866027832,898500
2009-09-28,19.288097093669915,19.57884091346503,19.182934234612965,19.572654724121094,931400
2009-09-29,19.461313301177668,19.646895514526825,19.27573226772395,19.356151580810547,915700
2009-09-30,19.38707410851863,19.64070197666028,18.947864096440043,19.399446487426758,1673700
2009-10-01,19.281917400329654,19.281917400329654,18.688056002086963,18.743730545043945,1694500
2009-10-02,18.57052127461333,19.139637887835903,18.33545072790437,18.861265182495117,1514600
2009-10-05,19.03447193777331,19.281913647255426,18.89837811263679,19.189123153686523,1047700
2009-10-06,18.867448222433627,19.776796941506703,18.867448222433627,19.442750930786133,1009800
2009-10-07,19.331402140331093,19.418006444353328,19.127262580925002,19.39326286315918,709000
2009-10-08,19.57266185560961,19.615964016899746,19.213871002197266,19.213871002197266,901000
2009-10-09,19.102518641030663,19.46749562352166,19.102518641030663,19.4613094329834,1287400
2009-10-12,19.653083803193617,19.950013960358906,19.59740925123818,19.764432907104492,1147200
2009-10-13,19.857215982075193,19.919077886815437,19.634519024486263,19.733495712280273,1092400
2009-10-14,20.048985496616492,20.308800791841573,19.943823792214076,20.104660034179688,1413500
2009-10-15,19.888150933924884,21.304754536350806,19.86340616852067,21.280012130737305,4106600
2009-10-16,21.168662361904808,21.174847373160567,20.809870354514253,20.822242736816406,1300000
2009-10-19,20.97689625715599,21.34187331549375,20.85317478047031,21.30475616455078,1449500
2009-10-20,21.286192600463163,21.651169553034496,20.692332516215295,20.9335880279541,2325100
2009-10-21,20.89646822588338,21.249072753476124,20.426329642356354,20.482004165649414,1652200
2009-10-22,20.457260467312338,20.84698215053133,20.271679499995212,20.38921356201172,1255200
2009-10-23,20.54387503598394,20.587177204688253,19.857222989685322,19.962387084960938,1138200
2009-10-26,20.042804477442633,20.420151574090152,19.56647712792731,19.739686965942383,1295500
2009-10-27,19.770614826222292,19.962383221795065,19.27573130837889,19.30047607421875,1468700
2009-10-28,19.176752972061305,19.430380900848558,18.873636695703254,18.898380279541016,1767400
2009-10-29,19.028293892931654,19.44894556906587,19.028293892931654,19.20150375366211,1795900
2009-10-30,19.065401819032612,19.189123264435292,18.59526197835564,18.694238662719727,1745800
2009-11-02,18.855083242878088,18.960246157509246,18.230291947704213,18.576711654663086,2009300
2009-11-03,18.347824903866453,19.56029136355456,18.248848194491355,19.541732788085938,2022100
2009-11-04,20.030431875517287,21.199595024693362,19.745872943293538,19.77061653137207,3691000
2009-11-05,20.667587205381754,20.667587205381754,20.061354757225295,20.3397274017334,1427700
2009-11-06,20.197454397326737,20.8593615652096,20.1541522356739,20.741825103759766,1500400
2009-11-09,21.00163921052563,21.651173957286076,20.945964668815268,21.63880157470703,1772300
2009-11-10,21.539828087639115,21.719224122115403,21.348059668737807,21.626432418823242,1190600
2009-11-11,21.923361479265413,22.67806037325641,21.923361479265413,22.60382843017578,3101100
2009-11-12,22.616199672170925,22.684244240014788,22.176988328290122,22.362571716308594,1856700
2009-11-13,22.473917216131195,22.876008986445505,21.89242709814647,22.65949821472168,1169100
2009-11-16,22.888391118817484,23.253368260779474,22.795599400094897,22.956438064575195,1562600
2009-11-17,22.913125860083912,23.469868849295008,22.7213574932522,23.383264541625977,1187500
2009-11-18,23.315218497109168,23.321405867768448,22.764660497957575,23.10489273071289,1790400
2009-11-19,22.801775227523233,22.962611450772467,22.523402572101254,22.88219451904297,2000000
2009-11-20,22.72754486021469,23.278102838704218,22.535776493412214,23.1667537689209,1215700
2009-11-23,23.445125677730584,24.0575431817487,23.08014870753553,23.296659469604492,2219200
2009-11-24,23.043035631294288,23.19150186561592,22.58526690527743,22.894569396972656,2011200
2009-11-25,22.906943168198513,23.08633919060466,22.721362133891514,22.888385772705078,2145600
2009-11-27,22.108942575925983,22.74610493729399,21.9852211104725,22.554336547851562,844900
2009-11-30,22.51103041886315,22.702798774485284,22.38112396495312,22.696611404418945,1130700
2009-12-01,22.783224051854432,23.043037027926058,22.678059971212907,22.888385772705078,2083100
2009-12-02,22.882206105471983,23.296670433572302,22.882206105471983,22.956438064575195,1965700
2009-12-03,22.65949793885533,23.33996237866632,22.65949793885533,22.684240341186523,2035800
2009-12-04,23.154386485778296,23.364712290588805,22.511036687558992,22.82033920288086,1315800
2009-12-07,22.70898667289639,22.894567682054426,22.251220340959268,22.535778045654297,1535700
2009-12-08,22.49865496870639,22.49865496870639,21.941912088003427,21.985214233398438,2211600
2009-12-09,22.102752646691403,22.16461455215385,21.440845596880823,21.774892807006836,1900900
2009-12-10,21.941916862326575,22.467730090700066,21.941916862326575,22.257404327392578,1300500
2009-12-11,22.424427935882974,22.424427935882974,21.849125182123984,22.257404327392578,821800
2009-12-14,22.46154449203696,22.783219319252197,22.418242338353217,22.7275447845459,1902000
2009-12-15,22.746104395491173,22.950242802804848,22.622382932984685,22.76466178894043,1357800
2009-12-16,22.83889156476088,23.055404693639208,22.60382340397695,22.684240341186523,2562200
2009-12-17,22.684240653217657,23.420381997823355,22.492474643613495,23.203868865966797,1922300
2009-12-18,23.438941276097253,23.72349898793925,23.296662420176254,23.686384201049805,2664300
2009-12-21,23.822469231109217,24.069912089015517,23.686377783071734,24.032794952392578,1954100
2009-12-22,24.045180015631193,24.187458908056083,23.9029011232063,24.17508888244629,1518300
2009-12-23,24.311163144829944,24.4039547895732,24.063722691830517,24.28023338317871,1311700
2009-12-24,24.17508318559908,24.68233906855016,24.17508318559908,24.61429214477539,442100
2009-12-28,24.645225301788788,24.738017003263156,24.496759051387997,24.56480598449707,1123100
2009-12-29,24.66996359244028,24.73801050768194,24.515312370451195,24.58954429626465,1266800
2009-12-30,24.403965584827535,24.620476371950698,24.280244123704044,24.416337966918945,1005000
2009-12-31,24.41015401487284,24.459643550169996,24.119411254270286,24.150341033935547,932100
2010-01-04,24.379223471711743,24.83699221971057,24.329736297755325,24.502944946289062,1964100
2010-01-05,24.595738688123017,25.047322505189406,24.515321721065188,24.738019943237305,2116000
2010-01-06,24.453445766912154,24.65139910423709,24.199817905977707,24.385398864746094,1612100
2010-01-07,24.403971896953784,24.403971896953784,23.88434351366489,23.983320236206055,1671500
2010-01-08,23.989492473681498,24.212190570752096,23.692562464184014,24.100841522216797,2004200
2010-01-11,24.29879685467601,24.434890671778252,24.082286109095296,24.107030868530273,1658300
2010-01-12,24.01425061963333,24.05136777643549,23.53792439306629,23.661645889282227,2345700
2010-01-13,23.66782175395213,24.00186895667976,23.66782175395213,23.921449661254883,1633800
2010-01-14,23.859591708270322,23.946196019985344,23.75443000398509,23.884336471557617,1569900
2010-01-15,24.502942317260754,24.502942317260754,23.865779977269153,23.93382453918457,1797800
2010-01-19,23.902887474858385,24.094655799389255,23.884330087248582,24.020423889160156,1841900
2010-01-20,23.86577340623334,24.150331037028018,23.772981745857276,24.100841522216797,1796700
2010-01-21,24.24312995875632,24.24312995875632,23.593595157718962,23.772991180419922,1402400
2010-01-22,23.760614792957863,24.35447494756247,23.01210340893807,23.10489273071289,1550500
2010-01-25,23.315223707822465,23.847224433473894,23.185317212430657,23.537921905517578,1614900
2010-01-26,23.4513152472026,23.494617408034518,23.14201274995129,23.16057014465332,1309900
2010-01-27,23.06159816649925,23.667830902186957,22.894574500576425,23.661645889282227,1761800
2010-01-28,23.012101468151368,23.148192933901566,22.275960167953592,22.993541717529297,5190300
2010-01-29,23.0182904869043,23.197686495485822,22.702802988873596,22.851266860961914,2703900
2010-02-01,22.96880605611739,23.160572110423384,22.77085262985838,23.055410385131836,1996300
2010-02-02,23.216247771785167,23.216247771785167,22.801783503125037,23.0739688873291,1954700
2010-02-03,22.8636417965103,23.129642153476205,22.634758591606257,22.758480072021484,1187200
2010-02-04,22.585270792901994,22.585270792901994,21.83057418791669,22.016155242919922,2957800
2010-02-05,21.93572994928319,22.078008798048415,21.10679926011018,21.82438087463379,3987700
2010-02-08,21.873874829524745,22.399688175318886,21.638804251030326,22.05945587158203,1875600
2010-02-09,22.35019635780098,22.5728945059443,21.985219361630637,22.18935775756836,2194800
2010-02-10,22.176986410421083,22.28833548968636,21.812009397227254,22.251220703125,1457900
2010-02-11,22.13987184971481,22.93787280599306,21.960475846869507,22.87601089477539,1582400
2010-02-12,22.560526674942107,23.104897413771194,22.504852126676525,23.092527389526367,1582300
2010-02-16,23.197685464044667,23.506987936898597,23.166755688717394,23.49461555480957,1072800
2010-02-17,23.488428570434035,23.94000985968926,23.42038165455619,23.75442886352539,1441100
2010-02-18,23.785359607007987,23.87814892898174,23.636893388143292,23.810104370117188,1098300
2010-02-19,23.83485127026674,24.14415378811517,23.74824694283573,23.890525817871094,1238400
2010-02-22,23.853407821424184,23.859592832642218,23.506988198448735,23.686384201049805,886900
2010-02-23,23.636886885503483,23.636886885503483,22.764654284079512,22.98735237121582,1366000
2010-02-24,22.974992688452375,23.451318891412843,22.845086185769834,23.414201736450195,2476600
2010-02-25,23.154388731085113,23.50699344396124,22.937877893280874,23.414201736450195,1341500
2010-02-26,23.41419431439486,23.494613611426274,23.17293878309101,23.383264541625977,1128700
2010-03-01,23.389452499508636,23.772986883014596,23.389452499508636,23.61214828491211,955400
2010-03-02,23.63070886482972,23.91526656708525,23.63070886482972,23.704940795898438,1100400
2010-03-03,23.785359986387522,24.16270937055484,23.59359160891825,23.85340690612793,1234800
2010-03-04,23.927635554674648,24.119403905838894,23.822471504103866,24.076099395751953,1060100
2010-03-05,24.168887103763613,24.41632994471099,24.088467826487243,24.373027801513672,1358800
2010-03-08,23.704943519891675,24.193642038481897,23.6430839635244,23.7977352142334,2223200
2010-03-09,23.643083613967505,24.54624633840522,23.643083613967505,24.304990768432617,2214900
2010-03-10,24.3730357415739,24.515314595542716,24.224569516681324,24.4101505279541,1576300
2010-03-11,24.3730389644753,24.453455918793175,24.236945103643656,24.397781372070312,867600
2010-03-12,24.626661713701118,24.626661713701118,24.23693996920117,24.298799514770508,1273400
2010-03-15,24.329735264025633,24.44726936199529,23.766802460627357,24.001873016357422,1766600
2010-03-16,24.008060069058672,24.719454378576255,24.008060069058672,24.6204776763916,2724100
2010-03-17,24.527694659324496,24.651413799059693,24.15653016074491,24.18745994567871,3049500
2010-03-18,24.144149618031665,24.18745177426819,23.72968544839906,23.85340690612793,2446200
2010-03-19,23.748241424560547,24.125590786219156,23.748241424560547,23.748241424560547,1883500
2010-03-22,23.618340451689214,23.995689901030847,23.4389444249873,23.890525817871094,1795500
2010-03-23,23.94000868474229,24.125589671798064,23.847217011319263,23.94619369506836,1892000
2010-03-24,23.890525432454677,24.15652578229632,23.704944396697712,23.73587417602539,1734500
2010-03-25,23.81011011609779,23.958574011000074,22.75229365591144,22.81415557861328,4050500
2010-03-26,22.93786693527792,23.12963291149557,22.554330263262578,22.913122177124023,2782200
2010-03-29,23.055395096745574,23.67399973354651,22.974975833220416,23.309022903442383,2379500
2010-03-30,23.271921979471028,23.822480111999866,23.25336458257848,23.698760986328125,2079000
2010-03-31,23.698760548539862,23.958573539400245,23.562666681065746,23.64927101135254,1226400
2010-04-01,23.76061894340389,24.119410991019468,23.53173574463,23.73587417602539,1421500
2010-04-05,23.779171095555277,23.977124471351278,23.72968393150147,23.89670753479004,1484900
2010-04-06,23.760618048949215,23.80392021033606,23.17294282468244,23.247177124023438,2761600
2010-04-07,23.179130162737852,23.23480470726785,22.86364029047095,23.024478912353516,3605300
2010-04-08,22.993542761721308,23.315217589558483,22.86982367083734,23.271915435791016,2592700
2010-04-09,23.352334940982356,23.445126619763354,23.04303249143292,23.240985870361328,1438400
2010-04-12,23.25954957535023,23.500807533705412,23.092528283875886,23.25336456298828,1207400
2010-04-13,23.19768350930256,23.488428564418744,22.69661269597708,23.271915435791016,3917200
2010-04-14,23.327591684519966,23.327591684519966,22.869825351119534,23.086336135864258,2545100
2010-04-15,22.974985780430522,23.278103222007527,22.869824079342653,23.21005630493164,1677200
2010-04-16,23.06778329489513,23.240991956870946,22.80796794214037,23.172945022583008,2873300
2010-04-19,23.098706646515637,23.383264329067316,22.82652134491713,23.197683334350586,3184600
2010-04-20,23.40800920594374,23.853405483283787,23.284287755594793,23.748241424560547,2341900
2010-04-21,23.74824507552272,23.86578153332949,23.54410665688535,23.674013137817383,1516600
2010-04-22,23.58121778414405,23.698754223699726,23.352334635215698,23.636892318725586,1593800
2010-04-23,23.575029610005817,23.87814464443771,23.46368055578469,23.760610580444336,2672800
2010-04-26,23.680195271147497,23.995685097682482,23.581218579640346,23.618335723876953,1121300
2010-04-27,23.575037777172856,23.742061416367015,23.315222440718312,23.333782196044922,2005600
2010-04-28,23.56884592252662,23.69875474593987,23.05540507877388,23.21005630493164,3244200
2010-04-29,23.95239201213369,24.125600697908514,23.41420383597672,23.717321395874023,2361100
2010-04-30,23.66782972921708,23.865785529226713,23.389459326266245,23.414201736450195,1619800
2010-05-03,23.44512316667786,23.77298295977891,23.39563364933955,23.760610580444336,1730700
2010-05-04,23.46986923217727,23.55028853052063,23.117264625320807,23.21005630493164,1350100
2010-05-05,22.99973767289512,23.28429545088874,22.70280750979858,23.049224853515625,1375200
2010-05-06,22.96261537250334,23.506988396101814,21.861499302766312,22.62238311767578,3539600
2010-05-07,22.40586086123022,22.789395078064565,21.737766715980616,22.146045684814453,3312100
2010-05-10,22.77703236599021,23.111079580345823,22.54814921235711,23.09870719909668,2631900
2010-05-11,23.098699424648494,23.172931327368318,22.671863034272466,22.77083969116211,1436700
2010-05-12,22.838897880560513,23.3585262298584,22.78322569007711,23.3585262298584,1150500
2010-05-13,23.29665607894726,23.401820119353708,22.937866531196402,22.9749813079834,1244100
2010-05-14,22.863636956357507,22.968801018374418,22.4368004170653,22.59145164489746,1079300
2010-05-17,22.678055330551327,22.876008707943264,22.214101659828273,22.684240341186523,1224400
2010-05-18,22.94405836069573,22.96261575460529,22.220289320944136,22.337825775146484,2085400
2010-05-19,22.183169186185598,22.337820390930574,21.77489010005047,22.269773483276367,2579100
2010-05-20,21.682100463267236,21.985217891254308,21.298566100332646,21.53982162475586,3795700
2010-05-21,21.205777127626302,22.30070818246057,21.187219734087112,22.2883358001709,2645400
2010-05-24,22.20791807001659,22.44917361666122,22.09038162231445,22.090381622314453,1863000
2010-05-25,21.471775376740442,22.511031790945495,21.471775376740442,22.47391700744629,3686700
2010-05-26,22.579084822350122,22.888387354163136,22.331641852983292,22.40587615966797,1708300
2010-05-27,22.764659814880346,23.240985870361328,22.54814904411191,23.240985870361328,1337500
2010-05-28,23.166757694335136,23.476060193966337,22.764663500898255,22.90694236755371,907400
2010-06-01,22.73373113547748,23.179127439387152,22.232660293579098,22.2326602935791,1638700
2010-06-02,22.449175830037763,22.838895277753995,22.257407432104614,22.83271026611328,2179500
2010-06-03,22.913123612429423,23.38326224785341,22.7894021736999,23.3399600982666,2744800
2010-06-04,22.832709277657024,23.2224310682925,22.325453392609884,22.337825775146484,1615800
2010-06-07,22.35638601954662,22.71517807948275,22.13987519702722,22.170804977416992,1513800
2010-06-08,22.164618991617377,22.331640270343517,21.73159500580929,22.003780364990234,3300400
2010-06-09,22.20792134023008,22.647130341606804,22.028525316639847,22.300710678100586,3421200
2010-06-10,22.65331525564751,23.46368868437675,22.647130243732565,23.333782196044922,2754200
2010-06-11,23.18530496473377,24.212188720703125,23.0987006802215,24.212188720703125,2005000
2010-06-14,24.274060759751254,24.738014500604528,24.113222141439298,24.224571228027344,2566800
2010-06-15,24.206014756626363,24.521502274129823,24.07610591079238,24.49675750732422,1621400
2010-06-16,24.32973171873853,24.577172261532365,24.274057183646594,24.52149772644043,938500
2010-06-17,24.502940925836754,24.52768568865026,24.181266088632597,24.317359924316406,1156900
2010-06-18,24.317350513033922,24.385395044750815,24.09465245348175,24.28023338317871,3836600
2010-06-21,24.465830646655277,24.744203406941594,24.07610878225443,24.11322593688965,3706100
2010-06-22,24.236939472649986,24.403963074013806,23.859590116952884,23.921449661254883,2449000
2010-06-23,23.896705313686255,24.416333466800975,23.853403164242543,24.181262969970703,2026400
2010-06-24,24.113222112277537,24.168896655504227,23.630710977506705,23.674013137817383,1520100
2010-06-25,23.612149958224915,23.970941964194946,23.562662789002864,23.909082412719727,4009800
2010-06-28,23.902890794565028,24.397774197806395,23.871961024323106,24.076099395751953,2781600
2010-06-29,23.64308160978637,23.81629023820396,23.290476982055946,23.42038345336914,2180900
2010-06-30,23.39564455702384,23.537923446020653,22.974992902689284,23.049224853515625,2293900
2010-07-01,23.012102227771617,23.259542766260985,22.393497341862652,22.863636016845703,2003200
2010-07-02,22.91931302712588,23.111081412000466,22.622382932984685,22.76466178894043,1024200
2010-07-06,23.123456706204294,23.389457058164375,22.671875317009277,22.82033920288086,1752300
2010-07-07,22.84507894411813,23.44512644695414,22.84507894411813,23.383264541625977,2339900
2010-07-08,23.506989109360696,23.915268299500067,23.438942184372348,23.84722137451172,3682000
2010-07-09,23.822474681124298,24.032800450525187,23.469870061803768,23.519359588623047,3027000
2010-07-12,23.39564322214679,23.457502784340715,23.024481129401174,23.172945022583008,1029400
2010-07-13,23.389458452566664,23.735875780113226,23.36471368351589,23.698760986328125,1802900
2010-07-14,23.60597133397462,23.810112156699606,23.358528341542744,23.661645889282227,1587800
2010-07-15,23.61214661117616,23.686380894172384,23.25954202621013,23.476055145263672,1082100
2010-07-16,23.290474101292926,23.395635795599006,22.4862858893016,22.56052017211914,1517900
2010-07-19,22.6842482578644,22.721365414000473,22.275968979532507,22.54815673828125,1471700
2010-07-20,22.826523743368984,23.909082412719727,22.715174662881086,23.909082412719727,4149600
2010-07-21,24.05136391223333,24.10085108689411,23.451316285856752,23.772991180419922,1609600
2010-07-22,24.1070344430151,24.2060111356407,23.78535960203427,24.026615142822266,1012500
2010-07-23,23.90289381077715,24.47201156616211,23.618336112979925,24.47201156616211,1555100
2010-07-26,24.546245577774208,24.546245577774208,24.175083536977926,24.218385696411133,1834200
2010-07-27,24.236937315878702,24.391588522662108,23.797728454963462,24.107030868530273,2248300
2010-07-28,23.970937638654554,24.410146510329287,23.970937638654554,24.119403839111328,1727100
2010-07-29,23.87815079771843,24.286429981810713,23.53173352624054,24.243127822875977,2988100
2010-07-30,24.23694736492721,24.577179688958754,23.85341287382571,24.441085815429688,3390900
2010-08-02,24.725647402339032,25.319507751208487,24.589553520801395,25.282390594482422,2420900
2010-08-03,25.201960653801844,25.38135425281338,25.065866842326155,25.214330673217773,1687800
2010-08-04,25.27619767269589,25.437033915267495,25.127731452037814,25.356616973876953,2760800
2010-08-05,25.294751372414403,25.50507711109541,25.232891832715946,25.424657821655273,2072700
2010-08-06,25.078245162963867,25.634988200393718,24.892664150487253,25.078245162963867,1717800
2010-08-09,25.270015771050915,25.3071329241962,24.979272997348115,25.053504943847656,2147400
2010-08-10,24.73801529225493,25.047317796055218,24.496757357066407,24.97308349609375,1970600
2010-08-11,24.447270193029542,24.509129749897255,24.02043358714433,24.09466552734375,1166600
2010-08-12,23.636893521400513,24.181266513919407,23.636893521400513,23.989498138427734,1493400
2010-08-13,23.940012288071998,24.22457000170706,23.871965365291736,23.977127075195312,951100
2010-08-16,23.871971482516162,24.379227488038698,23.871971482516162,24.36067008972168,989100
2010-08-17,24.589541846349803,24.787495201990037,24.527682307633533,24.688518524169922,2788900
2010-08-18,24.620474084581044,25.387545184449326,24.472010232858395,25.2885684967041,4497000
2010-08-19,25.146296282076484,25.27620277651419,24.917410714020345,25.121551513671875,1749600
2010-08-20,24.935966616279746,25.133920013340248,24.756570612759095,25.115360260009766,1592700
2010-08-23,25.171028595222403,25.41228645071838,25.158656215982347,25.220518112182617,3275600
2010-08-24,25.010201448106184,25.109178158104648,24.77513087693825,24.954526901245117,2175000
2010-08-25,24.867915797023574,25.36898422241211,24.82461364568852,25.36898422241211,4331600
2010-08-26,25.393731069030512,25.696848513065095,24.942149768163425,25.010196685791016,1714600
2010-08-27,25.20814655567374,25.529821347043654,24.855541995089244,25.418472290039062,1335700
2010-08-30,25.282388155432677,25.57931830122187,25.041132559465893,25.053504943847656,1115200
2010-08-31,24.99782378913914,25.480334853584385,24.88647471891479,25.43703269958496,1977700
2010-09-01,25.684478479431995,25.802012573483676,25.239082148641344,25.38136100769043,2226600
2010-09-02,25.399925011330577,25.548388906575134,25.171039436492695,25.31950569152832,1754500
2010-09-03,25.597879559350254,26.0803907795896,25.4865304531733,26.00615882873535,1660900
2010-09-07,25.962843175682316,26.29688796091951,25.771074845806012,26.253585815429688,1463500
2010-09-08,25.437036595179592,26.55052510815961,25.437036595179592,26.32164192199707,2292400
2010-09-09,26.488662595771896,26.612384052244497,25.962849355501458,26.04326629638672,1359300
2010-09-10,26.12368344838349,26.284522036506015,25.969032230460456,26.22884750366211,644400
2010-09-13,26.51340780464684,26.55670996117147,26.105128643278473,26.309267044067383,699500
2010-09-14,26.1855478138362,26.327826664530022,26.01233682881676,26.129873275756836,582000
2010-09-15,26.080385277575743,26.501036843326215,25.944291429894513,26.414432525634766,995900
2010-09-16,26.395869323239403,26.414429074455985,25.71540489332071,25.75870704650879,1207200
2010-09-17,25.907174683648318,26.02470876880264,25.68447653511129,25.863872528076172,1716900
2010-09-20,25.993778297863503,26.2907083680216,25.969033535402723,26.216476440429688,1246400
2010-09-21,26.2350359182842,26.711362014469223,26.037082522439857,26.61857032775879,2483500
2010-09-22,26.575265464802033,26.742289068005068,26.340197306033655,26.42061424255371,1143200
2010-09-23,26.284513870738866,26.544326703434578,26.09893057905384,26.327816009521484,1358600
2010-09-24,26.569090827103047,26.99592751762591,26.154624162573924,26.847463607788086,2197000
2010-09-27,26.77322643179702,26.896947916633835,26.63094755016155,26.680437088012695,1261300
2010-09-28,26.736107833093207,27.138199651847984,26.519594675495362,27.11964225769043,1192200
2010-09-29,27.033034035407876,27.34233647892561,26.903127575480116,27.268104553222656,2179200
2010-09-30,27.466060231308337,27.503175017376687,27.243362075735966,27.31140899658203,2552700
2010-10-01,26.587631409928118,27.49698113176307,26.587631409928118,27.28665542602539,2670800
2010-10-04,27.28665835991436,27.428937182065784,26.927866439870723,26.97735595703125,2069000
2010-10-05,27.20006466343147,27.398018089627843,27.094900578382216,27.255739212036133,1493000
2010-10-06,27.20005769637998,27.3856386909303,26.661869744456563,26.791778564453125,1791500
2010-10-07,26.909305111481597,27.101073422719903,26.54432823511819,26.649492263793945,1841500
2010-10-08,26.556719654123103,26.556719654123103,26.14844034373665,26.31546401977539,3356000
2010-10-11,26.402061477345416,26.445363638379384,26.043269446160224,26.074201583862305,3363300
2010-10-12,26.09894129247297,26.09894129247297,25.573128042961883,25.876245498657227,4206300
2010-10-13,26.04326205820302,26.309262320404546,25.944285381090133,26.259775161743164,3254600
2010-10-14,26.241221553361488,26.58764118422027,26.080385300335678,26.525781631469727,1470300
2010-10-15,26.686616787061176,26.686616787061176,26.13605876693368,26.241220474243164,2061300
2010-10-18,26.28453196552867,26.327834134121353,25.98141442558867,26.049461364746094,806200
2010-10-19,25.777259826660156,25.99377291365905,25.42465529389704,25.777259826660156,964500
2010-10-20,25.85150256854797,26.272154141908754,25.78345564347627,26.197919845581055,1427000
2010-10-21,26.253592305374614,26.358756370268065,25.820570743432544,26.123685836791992,1623900
2010-10-22,26.11130295581881,26.358745771539127,26.11130295581881,26.327816009521484,778600
2010-10-25,26.439173294727055,26.5938245128858,26.32782422886953,26.34019660949707,1680400
2010-10-26,26.222669086604142,26.630948346927116,25.97522846931844,26.43918228149414,1730000
2010-10-27,26.432986790407337,26.439174160818947,25.950475729078896,26.061824798583984,1969400
2010-10-28,26.389684087318237,26.785590832965433,26.14224119139357,26.37731170654297,3322300
2010-10-29,26.303078151215487,26.79796155259782,26.21028648104809,26.674240112304688,1345900
2010-11-01,26.754660242894037,26.767032623291016,26.56289188642625,26.767032623291016,1067500
2010-11-02,26.86600798525233,26.98972942334653,26.58145032948878,26.779403686523438,1154600
2010-11-03,26.88456589858443,26.940240428821507,26.51958894698364,26.78558921813965,1429100
2010-11-04,26.98973365085164,27.00210603257801,26.729918354178942,26.822710037231445,1304700
2010-11-05,26.630945632898477,26.680435167186683,25.94429368329034,26.5690860748291,2915900
2010-11-08,26.54433499037565,26.637126665187026,26.334009239288143,26.34019660949707,1884700
2010-11-09,26.476289830162635,26.600011284840917,25.690661306714567,25.7834529876709,2708000
2010-11-10,25.696849323584704,26.39587119448438,25.696849323584704,26.018524169921875,1973200
2010-11-11,25.882433680099055,26.408246994018555,25.832944146661962,26.408246994018555,1264500
2010-11-12,26.36494193444712,26.44536123754828,26.03089705962419,26.241220474243164,1203000
2010-11-15,26.173182857778563,26.327834134121353,26.01234420889899,26.049461364746094,1016200
2010-11-16,25.950480651431285,26.061829742057345,25.672107924866133,25.752527236938477,4079100
2010-11-17,25.77108057349477,25.95047656456093,25.554569797925595,25.672103881835938,1987900
2010-11-18,25.85149965850046,26.235034040523754,25.814382514514808,26.185546875,1515000
2010-11-19,26.17317696641125,26.600013543515107,26.024710736232574,26.414432525634766,2224600
2010-11-22,26.22266461102362,26.321641313003173,26.04945597250708,26.197919845581055,1469800
2010-11-23,26.024707931476613,26.024707931476613,25.641173554553056,25.771080017089844,1182200
2010-11-24,25.81437660667373,26.27214517190408,25.727772316984453,26.210283279418945,1020500
2010-11-26,25.999965106083096,26.22885063498362,25.88861602710192,26.098941802978516,260500
2010-11-29,25.975219577296976,26.043264130898045,25.560753086545077,25.746334075927734,1326100
2010-11-30,25.554574763277316,25.783457964750536,25.52364262379394,25.696853637695312,1634400
2010-12-01,25.993777048869458,26.166985658191447,25.857683221664857,25.969032287597656,1464400
2010-12-02,26.129870450174003,26.60000910772372,26.105125689305524,26.402055740356445,1642400
2010-12-03,26.37112661811485,26.377311628589034,25.975219873637695,26.154613494873047,1606600
2010-12-06,26.185552917281985,26.49485544249557,26.166993161111293,26.44536590576172,1748700
2010-12-07,26.68662570545255,26.835091979271287,26.56290420390216,26.600021362304688,1913400
2010-12-08,26.668064085261573,26.69280885361345,26.09276119993094,26.222667694091797,1206500
2010-12-09,26.290713504842167,26.439179748824564,25.91955143457252,26.09276008605957,1014400
2010-12-10,26.111311410753114,26.25359024993633,25.975219941850664,26.16080093383789,1275200
2010-12-13,26.17935499371709,26.346378573188566,25.907169730758046,25.950471878051758,2431700
2010-12-14,25.95048232159415,26.222667694091797,25.931922565434746,26.222667694091797,1779000
2010-12-15,26.105135918621144,26.2350424243992,25.93811225699599,26.049461364746094,1566500
2010-12-16,26.049460560617504,26.11132012532858,25.52364482140886,25.956668853759766,1755100
2010-12-17,25.91335805996497,25.97521996387339,25.66591752370233,25.789636611938477,1721100
2010-12-20,25.888608122133316,26.593819526944532,25.888608122133316,26.426795959472656,1614400
2010-12-21,26.569083790353243,26.612385949236756,26.284526072035675,26.525781631469727,1004100
2010-12-22,26.58145902318715,26.612388802879014,26.265969134873707,26.358760833740234,985500
2010-12-23,26.33401399661102,26.445363082584105,26.06801366454095,26.284526824951172,560400
2010-12-27,26.278344005174635,26.661878501183978,26.154622514909672,26.593833923339844,783300
2010-12-28,26.624753841336382,26.785590067236292,26.463915255646192,26.507217407226562,1006200
2010-12-29,26.581448123448737,26.637122647981094,26.463911705108227,26.58763313293457,390400
2010-12-30,26.612387115068433,27.11964302117482,26.612387115068433,26.878387451171875,1313700
2010-12-31,26.903129051204857,27.113454818725586,26.717545687082065,27.113454818725586,1171200
2011-01-03,27.156755651140323,27.206242815315335,26.74228914719647,26.85982322692871,1827400
2011-01-04,26.92786784319332,27.243357632058004,26.791776383489704,26.816518783569336,5159000
2011-01-05,26.562895098697954,26.785593253194115,26.53815269470215,26.53815269470215,1753600
2011-01-06,26.674244805888264,26.711361952444374,26.012337697609972,26.068012237548828,2838300
2011-01-07,26.117503291548626,26.470107945156578,26.055641377009053,26.352571487426758,1536800
2011-01-10,26.272147724478163,26.476286090038194,26.12986889762356,26.334007263183594,1503700
2011-01-11,26.402066454288384,26.600019901984975,25.95048500424359,26.204113006591797,1624900
2011-01-12,26.33401469669289,26.37113184626758,25.98141003500114,26.037084579467773,1346200
2011-01-13,26.19173055835419,26.259777472317335,25.79582381506717,25.931915283203125,2903800
2011-01-14,25.9999638102346,26.08038310988856,25.121545964042237,25.195777893066406,3616900
2011-01-18,25.2576472281612,26.06183338182383,25.201972675072724,26.00615882873535,4066600
2011-01-19,25.90717863632921,25.919551019778986,25.52982920037899,25.715410232543945,2307200
2011-01-20,25.585504155455297,26.290713504842167,25.406108132248914,26.09276008605957,2510700
2011-01-21,26.210296097532026,26.290715417196715,25.808204218790717,25.87006378173828,1459100
2011-01-24,25.86387524678412,26.315456602212418,25.727781395085735,26.284526824951172,2136100
2011-01-25,26.105141107485295,26.581467416474414,25.888627861694783,26.55672264099121,2321800
2011-01-26,26.55671122432497,27.23717573904127,26.55671122432497,26.995920181274414,4723200
2011-01-27,27.187693594266143,27.230995760853997,26.624763068832983,27.13201904296875,2489900
2011-01-28,27.15676477002334,27.268113876544657,26.556717069301925,26.630949020385742,1219600
2011-01-31,26.519596634487005,26.600015948094786,25.956666158814308,26.086572647094727,2722200
2011-02-01,26.303075358290165,26.804146076366838,26.228843445912492,26.72991180419922,2978200
2011-02-02,26.68042437582837,27.00828414861111,26.52577318341539,26.9093074798584,1438100
2011-02-03,26.828896605213068,27.243363157833137,26.754664670337334,27.218618392944336,1201800
2011-02-04,27.113453073377684,27.84340466212417,27.113453073377684,27.775360107421875,2266200
2011-02-07,27.80010165585517,27.886708318781118,27.422754672162633,27.46605682373047,1759400
2011-02-08,27.56503548876803,27.94856987013467,27.490801200923816,27.9052677154541,868400
2011-02-09,27.78774319870987,27.886722291648084,27.614534505650912,27.80011558532715,686400
2011-02-10,27.719679588692905,28.15888839312687,27.614515554513176,28.059911727905273,1615700
2011-02-11,27.868143974948275,28.443446590715325,27.868143974948275,28.4372615814209,1788700
2011-02-14,28.36922146130077,28.622849379214674,28.313546925183555,28.56098747253418,1476500
2011-02-15,28.5795464173457,28.5795464173457,28.078475606440986,28.146522521972656,1346400
2011-02-16,28.28262571770583,28.418717234040095,27.84341430651681,27.954763412475586,2059100
2011-02-17,27.88671994276274,27.90527734122984,27.243370051602156,27.354719161987305,2831300
2011-02-18,27.299042257236785,27.360901819997213,26.98973972385252,27.082529067993164,1896500
2011-02-22,26.88458088429037,27.132023903224372,26.40206959313973,26.519603729248047,2521300
2011-02-23,26.60620213958557,26.68043644457201,25.67829456537398,25.888620376586914,3049700
2011-02-24,25.80201421346034,25.962852836375728,25.6721077286531,25.894805908203125,5212900
2011-02-25,25.97522104362888,26.519591661909665,25.90098675585296,26.395870208740234,3474500
2011-02-28,26.402061477345416,26.53815533190405,25.913362963058326,26.074201583862305,1882400
2011-03-01,26.228858032771324,26.228858032771324,25.208158640821555,25.282390594482422,3313200
2011-03-02,25.319491881314086,25.647351634293774,25.05967666666261,25.164840698242188,2336600
2011-03-03,25.393731133764287,25.573127124368796,25.232894895153994,25.449405670166016,1995000
2011-03-04,25.480341971341765,25.486529343521745,25.12773727039711,25.31950569152832,1228200
2011-03-07,25.412286380723344,25.616424738146833,25.10298397994408,25.214330673217773,1947200
2011-03-08,25.05349765049333,25.05349765049333,23.983311490819936,24.768939971923828,6950000
2011-03-09,24.713275318657075,24.92978616939249,24.6576007627835,24.812252044677734,1715500
2011-03-10,24.521493177771674,24.626657217788985,23.93381816298898,23.964750289916992,4391500
2011-03-11,24.24312653308751,24.49675446183625,23.95856882957244,24.36684799194336,3143500
2011-03-14,24.187452552609255,24.33591877861958,24.13177801282921,24.267871856689453,1640500
2011-03-15,23.89052075359975,24.28642751495555,23.88433574286188,24.125591278076172,2497200
2011-03-16,24.125597364533615,24.583366147707178,23.946201330601337,24.05755043029785,2808300
2011-03-17,24.385403791952207,24.694706238992435,24.11321848808135,24.669963836669922,3030400
2011-03-18,24.82461882133062,24.83080383290073,24.150339290232232,24.224571228027344,2440100
2011-03-21,23.11726760864258,23.339965780615795,22.50484999550698,23.117267608642578,13812900
2011-03-22,23.216242857282914,23.760615870247197,23.179128070806424,23.49461555480957,3843200
2011-03-23,23.38327174760158,24.16890048894691,23.38327174760158,24.11322593688965,3915900
2011-03-24,24.577171609518984,24.812242124758736,24.113217949324664,24.768939971923828,5469700
2011-03-25,24.77512722996136,24.96689560976299,24.762754848058943,24.91740608215332,3289400
2011-03-28,25.041140345304875,25.189606644256415,24.85555924145928,25.016395568847656,1709800
2011-03-29,24.929777450346705,25.54219735076572,24.867917903140544,25.449405670166016,2933700
2011-03-30,25.616430700587156,26.191733488726364,25.616430700587156,26.098941802978516,3555000
2011-03-31,26.117503501849605,26.352571699620533,26.092758735834526,26.32164192199707,2315200
2011-04-01,26.414428516055608,26.78559049547575,26.408241145850763,26.661869049072266,3394600
2011-04-04,26.67423938677455,26.80414819343347,26.593822458592992,26.698984146118164,1715200
2011-04-05,26.58145902318715,26.661875978427815,26.33401606607037,26.358760833740234,1918600
2011-04-06,26.488652589354835,26.655676138529056,26.37730355657202,26.476280212402344,1621300
2011-04-07,26.476287636067767,26.624753841336382,26.321636420483504,26.507217407226562,2870400
2011-04-08,26.61856835248712,26.717545043064575,26.327825651297967,26.395870208740234,1971300
2011-04-11,26.402055713328597,26.64949860217953,26.402055713328597,26.507217407226562,2453900
2011-04-12,26.32782318448741,26.488659406684654,26.166984602499944,26.27833366394043,1788700
2011-04-13,26.41443766349376,26.56908893510697,26.39587790624221,26.51341438293457,2649800
2011-04-14,26.432985305786133,26.470102446799924,26.197914798945977,26.432985305786133,1655800
2011-04-15,26.432985305786133,26.593823890388965,26.303078851923253,26.432985305786133,2304400
2011-04-18,26.1979112912585,26.284517942028085,25.98758557325511,26.253585815429688,2500800
2011-04-19,26.296898516770607,26.463922156329218,25.99378337666827,26.09276008605957,3037300
2011-04-20,26.3773265584255,26.593839804216014,26.358769156708938,26.55672264099121,1915700
2011-04-21,26.655685838153282,26.88456899558767,26.544336764852126,26.81033706665039,1189600
2011-04-25,26.74848147017965,26.841270805109524,26.680434542023253,26.773223876953125,835500
2011-04-26,26.87220325090022,27.113461209164434,26.736111740869063,27.082529067993164,1600000
2011-04-27,27.12582770357573,27.52173687700623,27.101085297566307,27.496992111206055,2170900
2011-04-28,27.323779248172766,27.49699023717821,26.9649896076862,27.014476776123047,2718100
2011-04-29,26.983553210330616,26.989740582678177,26.383507881129347,26.51341438293457,2752300
2011-05-02,26.661874029673907,26.68043378396521,26.173177882763692,26.24740982055664,2533000
2011-05-03,26.265965684799152,26.754664163028494,26.049454895604185,26.29071044921875,3945600
2011-05-04,26.340190961172045,26.346375970264358,25.771073373297053,25.82674789428711,2993900
2011-05-05,25.783461781520412,26.12369412808436,25.74015961158271,25.9195556640625,2291800
2011-05-06,26.105135112773922,26.204111832186317,25.832947364546488,25.956668853759766,1974900
2011-05-09,26.098950833065395,26.1484403785315,25.944299543170928,25.981416702270508,1393300
2011-05-10,25.93810883014873,26.210294191027085,25.93810883014873,26.09276008605957,3232400
2011-05-11,26.02470855577555,26.24121933186401,25.863872316365622,26.111312866210938,2107600
2011-05-12,26.068006999127988,26.408239181588137,25.925728172273388,26.334007263183594,1800000
2011-05-13,26.228858226355413,26.315462566230824,25.764904382916047,25.9195556640625,1642500
2011-05-16,25.85768659304129,25.8948037397884,25.616431038661624,25.703035354614258,2306800
2011-05-17,25.67211306736772,25.678298080401078,25.18960181786126,25.406112670898438,2299200
2011-05-18,25.44940856175879,25.659734349863854,25.375176624718986,25.616432189941406,2056800
2011-05-19,25.72159987732753,25.802016837171703,25.449412136959367,25.64736557006836,1651800
2011-05-20,25.59169013048922,25.690666843605364,25.418481472483716,25.597877502441406,1980800
2011-05-23,25.381364302928496,25.48034101597751,25.22671304130248,25.375179290771484,1440700
2011-05-24,25.4246597670296,25.653545272965516,25.4246597670296,25.536008834838867,1627800
2011-05-25,25.474154640246567,25.604061126708984,25.34424815378415,25.604061126708984,2164700
2011-05-26,25.486517330131242,25.659725912869536,25.437027815183182,25.634981155395508,1817400
2011-05-27,25.659731119399346,26.06182525067505,25.61642896492848,25.845312118530273,1624800
2011-05-31,25.9690368406189,26.03708376615153,25.406106401836343,25.616432189941406,2639500
2011-06-01,25.5545766514672,25.65355336967083,25.325691073291036,25.362808227539062,1978700
2011-06-02,25.505078553751247,25.95047481610187,25.430846629956246,25.746334075927734,3153300
2011-06-03,25.294758383220948,25.56075872527246,24.935968705903846,24.97308349609375,2974900
2011-06-06,24.973082725780202,25.13392134427803,24.775129318237305,24.775129318237305,1861700
2011-06-07,24.81224728403215,25.01020069809279,24.781317505545957,24.867921829223633,1237500
2011-06-08,24.768950400404854,25.004018654825142,24.58955434324884,24.707088470458984,1868900
2011-06-09,24.688526496384746,25.07824832355539,24.688526496384746,25.059688568115234,2110500
2011-06-10,24.923601150512695,25.232903714227795,24.88648399334202,24.923601150512695,2011600
2011-06-13,24.90502740254886,25.065865966818688,24.75037620756093,24.79986572265625,1725200
2011-06-14,25.0101986115659,25.01638362283081,24.750383302417664,24.79368782043457,1804100
2011-06-15,24.707083762871036,24.960711727845506,24.58954965805537,24.657596588134766,1808500
2011-06-16,24.663782119750977,25.004014417526193,24.583365164136193,24.663782119750977,1770300
2011-06-17,24.77512935613314,25.140106394309388,24.7380145670313,24.997827529907227,1535300
2011-06-20,24.923596776101256,25.189597122993067,24.861734858341027,25.133922576904297,752900
2011-06-21,25.164842562338727,25.665913282133022,25.15247018360171,25.634981155395508,2778400
2011-06-22,25.554573382527565,25.554573382527565,25.26382827758789,25.26382827758789,2710500
2011-06-23,25.09061512121365,25.2885684967041,24.942148909700624,25.2885684967041,1503900
2011-06-24,25.2328967118705,25.350430803940597,25.047315697100107,25.115360260009766,1150700
2011-06-27,25.034942626953125,25.158661726873675,24.78749970753089,25.034942626953125,1193100
2011-06-28,25.109175647196327,25.19577996481072,24.787500781920965,24.94215202331543,1660300
2011-06-29,25.09062327095067,25.270016953402237,24.997831563641366,25.189599990844727,3027900
2011-06-30,25.239079908265932,25.387546125280938,25.14629058744821,25.232894897460938,1631100
2011-07-01,25.406108516568832,26.432992776958894,25.350433969207103,26.358760833740234,3078600
2011-07-05,26.445370536763942,26.45155555004327,26.16699774336604,26.31546401977539,1590000
2011-07-06,26.216479148135676,26.59382855536973,26.12368745921919,26.525781631469727,1151400
2011-07-07,26.593819709180405,26.655679241353944,26.47009828504344,26.606189727783203,932700
2011-07-08,26.290708507410006,26.44535973392418,26.148429662191816,26.395870208740234,1228700
2011-07-11,26.1855462491219,26.210288651397168,25.987590512386998,26.061824798583984,970600
2011-07-12,26.160807909687495,26.284529390599758,25.99996927656426,26.142248153686523,933100
2011-07-13,26.22265955962184,26.52577697842548,26.18554477839831,26.432985305786133,1216100
2011-07-14,26.426800931964745,26.470103084295243,25.93191514568995,25.969032287597656,1395300
2011-07-15,26.15461768595192,26.28452652463004,26.012338824343228,26.197919845581055,746400
2011-07-18,26.01233457786778,26.12987101463697,25.82056857647019,25.931915283203125,1172800
2011-07-19,26.098943990316865,26.272154994243518,25.93192035784694,26.074201583862305,737300
2011-07-20,26.1051379955792,26.16699756712146,25.75253324624725,25.900997161865234,707200
2011-07-21,26.03708003651832,26.222661032429997,25.863871421639473,26.061824798583984,1302300
2011-07-22,26.148428209600848,26.247404894679974,25.962847220051273,26.22884750366211,776100
2011-07-25,25.783454526657163,26.123686777487684,25.764897133274417,26.068012237548828,1201500
2011-07-26,26.006156648494912,26.148435525617174,25.857690399442003,26.142248153686523,1294000
2011-07-27,25.919557130229283,26.166997778185586,25.690671522135656,25.981416702270508,2252700
2011-07-28,26.086569249855323,27.71350090671049,25.956662778492554,27.16294288635254,4072400
2011-07-29,26.940252961488902,27.224810755170807,26.822718836218016,26.847463607788086,3210700
2011-08-01,27.094892845301562,27.162939758596288,26.72991587745828,27.026845932006836,2093900
2011-08-02,26.767040782318492,26.977366593597324,25.857690604173104,25.999969482421875,2821400
2011-08-03,26.098945644729223,27.09490013122559,26.098945644729223,27.094900131225586,3295200
2011-08-04,26.810332193937985,26.909308867795747,25.15247113697794,25.214330673217773,5303500
2011-08-05,25.443217341159833,25.808194285574462,24.83079752061014,25.239076614379883,5363100
2011-08-08,24.546240633188543,24.762751386740742,23.21623926196722,23.94000816345215,6619800
2011-08-09,24.212205509219505,25.133928233049218,23.76062402700475,25.12774085998535,4407800
2011-08-10,24.71945306889137,24.960708620197348,24.37303580949431,24.416337966918945,3268100
2011-08-11,24.373047899502367,25.288583390293518,24.274071153465265,25.016395568847656,2723000
2011-08-12,25.263828841301812,25.727782601345464,25.15866476193401,25.604061126708984,1695900
2011-08-15,25.7834609806532,26.197925268552098,25.70304165621341,26.049461364746094,1678200
2011-08-16,25.88861837471882,26.049456996628077,25.498898922734984,25.820573806762695,987000
2011-08-17,25.888626646921544,25.993790757894697,25.375185558591514,25.61025619506836,1069700
2011-08-18,25.201969301783773,25.20815431361411,24.60192168323461,24.725643157958984,2296400
2011-08-19,24.540058761858585,25.257642813940027,24.502943972813515,24.775129318237305,1584300
2011-08-22,25.201969202538788,25.282386154970727,24.21838714002916,24.49675750732422,1874600
2011-08-23,24.58336481054092,25.393735885620117,24.540060287644604,25.393735885620117,1287500
2011-08-24,25.387551651754546,25.969039545414013,25.288574938795676,25.925737380981445,1260600
2011-08-25,25.969033288481207,25.987590680255128,25.331870999812192,25.43703269958496,935800
2011-08-26,25.505078553751247,25.746334075927734,24.82461413941807,25.746334075927734,816800
2011-08-29,25.913366109514723,26.16699409484863,25.839134161556064,26.166994094848633,788100
2011-08-30,26.030896959009667,26.303082282573857,25.69066235481622,26.173175811767578,1505600
2011-08-31,26.296902272511776,27.18150777144498,26.265972488870375,26.86602020263672,3541600
2011-09-01,26.934053942856043,27.317588263590107,26.785587750428945,26.94023895263672,2339700
2011-09-02,26.519590467398615,26.593824751830834,25.8638708067797,26.154613494873047,1599300
2011-09-06,25.622615033036528,26.166988031437164,25.474151171521235,26.018524169921875,1411400
2011-09-07,26.216474549348003,26.507217228023453,26.123682876708656,26.432985305786133,1209200
2011-09-08,26.402048632746464,26.723723358068852,26.27214221284405,26.303071975708008,1253400
2011-09-09,26.1793599986433,26.1855473693196,25.746336083131357,25.863872528076172,1775800
2011-09-12,25.5422038411378,25.64736557006836,25.362807804948066,25.64736557006836,1564900
2011-09-13,25.74633717280166,26.136058949235775,25.542198767863237,26.098941802978516,1018700
2011-09-14,26.197916553217944,26.896940750482557,25.944288638782524,26.686614990234375,1806800
2011-09-15,26.915499978725784,27.094895978192962,26.742291350159174,26.94643211364746,1143800
2011-09-16,26.964984533869785,27.156752879981486,26.754658798059904,27.138193130493164,1818800
2011-09-19,26.692802703570408,27.20624354972417,26.624755786176312,27.10108184814453,1215600
2011-09-20,27.138198135334612,27.49699013426897,26.94643211364746,26.94643211364746,804900
2011-09-21,26.92787003523516,27.268104611666185,26.7855911940869,26.791778564453125,1514700
2011-09-22,26.346378573188566,26.420610488579207,25.486518277227674,25.950471878051758,2429200
2011-09-23,25.802009928922846,26.185546667700294,25.375173395523927,25.517452239990234,3255100
2011-09-26,25.68447532754283,25.783452015595792,25.375172882403522,25.7277774810791,1664000
2011-09-27,26.08038046161338,26.69280030329976,26.043263320975036,26.13605499267578,1469600
2011-09-28,26.191727400937854,26.290704074827957,25.665914263357312,25.690656661987305,1227900
2011-09-29,25.925730182715927,26.154613325423213,25.034940013413557,25.492706298828125,2029000
2011-09-30,25.263819205885067,25.517447070252338,25.15247015715895,25.158655166625977,2322500
2011-10-03,25.059685526091464,25.77726717484235,24.917406670539805,24.929779052734375,3799100
2011-10-04,24.818428423184596,24.85554556745083,23.940010580331307,24.645219802856445,3700000
2011-10-05,24.707079444093797,25.294754585028794,24.441079141984172,25.195777893066406,3143200
2011-10-06,25.14629024223382,25.536009631940924,24.954521872845095,25.517452239990234,1859700
2011-10-07,25.888616473318557,25.888616473318557,24.892664476050502,24.898849487304688,2747300
2011-10-10,25.36899004586816,26.037084579467773,25.24527093353413,26.037084579467773,2013900
2011-10-11,25.907168490693984,25.987585411938785,25.672098016787043,25.814376831054688,1272800
2011-10-12,25.98759711433097,26.723738634157794,25.9009927848904,26.222667694091797,2159700
2011-10-13,26.16699292182717,26.25978462245911,25.99996927656426,26.142248153686523,1136700
2011-10-14,26.29690076396908,26.847461264284085,26.29690076396908,26.797971725463867,1142800
2011-10-17,26.668055992916752,26.773217686814718,26.37731095248545,26.507217407226562,982100
2011-10-18,26.451547896363998,26.81652492881588,26.074200840932694,26.75466537475586,878800
2011-10-19,26.668055812626285,26.791777256215326,26.27214908097356,26.432985305786133,930900
2011-10-20,26.54434085117972,26.760851660489905,26.235038346570406,26.408246994018555,910500
2011-10-21,26.525785970250993,26.754669184614873,26.47011141975264,26.643320083618164,1171100
2011-10-24,26.643311601269584,26.95880140691577,26.643311601269584,26.92168426513672,1225600
2011-10-25,26.872199897431038,26.90313203474219,26.36494399476624,26.692806243896484,2223400
2011-10-26,26.71135913622725,26.785591061722478,25.412289821004155,25.75870704650879,5380800
2011-10-27,26.3711222905138,26.680424678852674,25.857679193172086,26.36493492126465,3597200
2011-10-28,26.241224718292422,26.272156858189067,25.91336480154845,26.179365158081055,2681400
2011-10-31,26.030898970017113,26.061828747390376,25.48033854969372,25.58550262451172,1811500
2011-11-01,25.26383305183422,25.907182939333488,25.028762446826555,25.09680938720703,3830000
2011-11-02,25.257638479587253,25.48652162532032,25.016380593241724,25.208148956298828,2216300
2011-11-03,25.387539095248787,26.018516213206148,25.25763266620193,25.82674789428711,2541900
2011-11-04,25.783452433268494,25.92573127716254,25.58549905395587,25.882429122924805,1583600
2011-11-07,25.820572208924425,26.037083002183913,25.560756897222383,25.85768699645996,1549600
2011-11-08,25.900988004404706,26.006152070594787,25.6226153113022,25.944290161132812,1323700
2011-11-09,25.62880685343101,25.746340960852518,25.486527978197305,25.65973663330078,1473800
2011-11-10,25.77726612193472,25.80201088531313,25.171033577906762,25.245267868041992,1740700
2011-11-11,25.41229047121983,26.166986845943914,25.40610310072587,25.993778228759766,1380000
2011-11-14,25.919545430250984,26.11131143289122,25.721592057324735,25.789636611938477,827600
2011-11-15,25.75252416953839,26.148430951367292,25.7030346419145,26.055639266967773,867300
2011-11-16,25.938103585440413,25.969033358410375,25.3689858516734,25.443220138549805,1353700
2011-11-17,25.39372663201936,25.505075685083096,25.109168989652048,25.214330673217773,1353600
2011-11-18,25.307137169727515,25.307137169727515,24.843183296638067,24.874113082885742,1346600
2011-11-21,24.69470682881249,24.787498509056995,24.329732197986573,24.682336807250977,1462500
2011-11-22,24.583360255536526,24.87410295968871,24.447266419684144,24.645219802856445,1023900
2011-11-23,24.478195884918854,24.577172575257897,24.298799896244823,24.34210205078125,1074200
2011-11-25,24.34829419708938,24.818432978467293,24.34829419708938,24.397781372070312,661000
2011-11-28,24.830807106682574,25.270016139580772,24.830807106682574,24.985458374023438,1735000
2011-11-29,24.99164400974056,25.282386767482187,24.905037323822754,25.171037673950195,2776500
2011-11-30,25.430853624485096,26.179365158081055,25.399923844379412,26.179365158081055,2225200
2011-12-01,26.04326560107115,26.686615269719827,26.04326560107115,26.395870208740234,1510500
2011-12-02,26.593830107400503,27.033039093017578,26.494853401348898,27.033039093017578,2158200
2011-12-05,27.076335482863982,27.125822645445744,26.78559043840383,26.92168426513672,2088100
2011-12-06,26.95261403672411,27.113452624643035,26.866009732363292,26.92168426513672,1107900
2011-12-07,26.853630592721426,26.934049866439388,26.531955857639296,26.649492263793945,1471400
2011-12-08,26.649497988672124,26.67424038915539,26.12986982187993,26.27833366394043,1137300
2011-12-09,26.414426943626985,26.878380570178546,26.383497173814913,26.74847412109375,1542000
2011-12-12,26.618575314554214,26.71755203101895,26.40206448472231,26.643320083618164,1285600
2011-12-13,26.717545385635937,27.082522379280732,26.674243230439984,26.81033706665039,1749300
2011-12-14,26.748476228991333,26.90312745002905,26.42680140605804,26.4515438079834,935500
2011-12-15,26.853637695312504,26.958801751803378,26.637126931640605,26.8536376953125,2186500
2011-12-16,26.779409573412025,26.971175602813105,26.105130065352164,26.525781631469727,3195000
2011-12-19,26.57526770885667,26.668059393957282,26.160803530932586,26.241220474243164,1087800
2011-12-20,26.60001342946833,27.441316557362207,26.593828418141463,27.218618392944336,2404200
2011-12-21,27.212431093797626,27.43512687970222,27.03922011392899,27.17531394958496,1376400
2011-12-22,27.218616547943245,27.54647640122869,27.181499403126015,27.441314697265625,805700
2011-12-23,27.472247489776628,27.552666799154427,27.237176933021164,27.459875106811523,885000
2011-12-27,27.484622955322266,27.521740108380513,27.391831252572167,27.484622955322266,900700
2011-12-28,27.48462374792188,27.521740902050507,26.995925170954877,27.13201904296875,803000
2011-12-29,27.113451432409637,27.639264605645135,27.06396191221372,27.58977508544922,1502100
2011-12-30,27.49080849556406,27.78773864635949,27.447506329393338,27.7135066986084,986000
2012-01-03,28.01662053043116,28.01662053043116,27.633083738033825,27.787734985351562,2512300
2012-01-04,27.824851258417816,27.967130118296875,27.602153091723398,27.84959602355957,1828800
2012-01-05,27.899080102457503,27.899080102457503,27.62689479543207,27.824848175048828,1733400
2012-01-06,27.80628926088861,27.98568523877977,27.694940195976187,27.868148803710938,912600
2012-01-09,27.90526534770304,28.30735708701818,27.886707957211797,28.226940155029297,1577100
2012-01-10,28.301180492897245,28.74038950359566,28.301180492897245,28.536251068115234,1984100
2012-01-11,28.523872617304345,28.64759407056687,28.40015116404182,28.604291915893555,755500
2012-01-12,28.598095533360155,28.746561702447817,28.165071763293316,28.6104679107666,1498300
2012-01-13,28.455825805664062,28.567174878034677,28.251685053054445,28.455825805664062,872000
2012-01-17,28.610480917774677,28.758947154358637,28.264061272272617,28.35066795349121,800300
2012-01-18,28.350666566441163,28.48057304222725,27.787733785120135,28.35685157775879,3328300
2012-01-19,28.455823258504434,28.994008820260966,28.233125133697527,28.703266143798828,1394200
2012-01-20,29.099178651797665,29.105363663252817,28.536248217750572,28.591922760009766,1400900
2012-01-23,28.40633987672154,28.802249050714707,28.40633987672154,28.486759185791016,1138700
2012-01-24,28.530050214899628,28.530050214899628,28.090841411741273,28.418701171875,977800
2012-01-25,28.4558347509113,28.938345976337047,28.18364935499263,28.888858795166016,1557500
2012-01-26,28.975449112154443,29.216704608134734,28.554797656674424,28.659961700439453,2684900
2012-01-27,28.629034079504013,30.596197854591168,28.554802152082917,30.138431549072266,7248000
2012-01-30,29.884810970820475,29.983787684944822,29.637368005614107,29.946670532226562,1368200
2012-01-31,30.13842207003714,30.25595611480333,29.878606866093882,29.98995590209961,3314600
2012-02-01,30.237405939027543,30.404429532863936,30.045637584669404,30.09512710571289,2825400
2012-02-02,30.187927315879524,30.651881124094245,30.107507995047467,30.305463790893555,1497400
2012-02-03,30.5157817513407,30.658060599369723,30.262151469447954,30.447734832763672,1790600
2012-02-06,30.392062508534963,30.521968984481898,30.33638796744475,30.484851837158203,750800
2012-02-07,30.385875181622367,30.53434141134246,30.30545823532337,30.379690170288086,889700
2012-02-08,30.348761663738767,30.47248077392578,30.138435872713774,30.47248077392578,1651000
2012-02-09,30.47866938709086,30.52815656122375,30.113692333671207,30.503414154052734,986600
2012-02-10,30.225041425208786,30.50959916589777,30.200296658246913,30.503414154052734,1201900
2012-02-13,30.62094539778411,30.72610710786487,30.50341130537785,30.559085845947266,948700
2012-02-14,30.515786630381,30.590018571701624,30.21885414551677,30.57145881652832,1427200
2012-02-15,30.71373905791498,31.585972009661074,30.620947364409545,31.33234405517578,4132200
2012-02-16,31.2395461080967,31.573593306097315,30.924058660956337,31.43131446838379,4614100
2012-02-17,31.480802782194058,31.821035003061056,31.425128247158337,31.777732849121094,1488200
2012-02-21,31.67874770640123,31.944747929499638,31.53028389245175,31.83958625793457,2512700
2012-02-22,31.57359614788855,31.845781467170326,31.462247071866337,31.808664321899414,1482500
2012-02-23,31.771545651261995,32.17363739013672,31.548847526450025,32.17363739013672,1321300
2012-02-24,32.15508578851951,32.66852904202523,32.01280692978424,32.5076904296875,1497300
2012-02-27,32.204577944299835,32.204577944299835,31.66638988196854,32.043739318847656,2020700
2012-02-28,32.13652496419654,32.260246415913,32.02517589363077,32.22312927246094,1867300
2012-02-29,32.16747617618173,32.346872282745124,31.926220482427084,32.04994201660156,1241900
2012-03-01,32.16746347683665,32.71183659641692,32.00662719776053,32.68709182739258,2369800
2012-03-02,32.67471208544087,33.12010838842392,32.544805617000996,32.87885284423828,1705700
2012-03-05,32.8046350349862,33.008775896344325,32.68091587514799,32.86030960083008,1118300
2012-03-06,32.612851230357286,32.72420030164318,32.28498902721973,32.40871047973633,1915900
2012-03-07,32.58191972223378,32.6623390218804,32.37159631664959,32.532432556152344,1427500
2012-03-08,33.404671719188315,33.66448469986014,33.12629898290356,33.24383544921875,8724400
2012-03-09,33.441786371728895,33.732529110309,33.32424991419647,33.67066955566406,4647700
2012-03-12,34.34494469585137,34.63568975707145,33.81912910939398,33.992340087890625,9560500
2012-03-13,34.17173160986988,34.18410162976852,33.188149842618316,33.39228820800781,49940000
2012-03-14,32.90977334979433,33.03349477242086,32.15507479558337,32.439632415771484,6701500
2012-03-15,32.359226559611855,32.922156983212574,32.32829442353798,32.5076904296875,2663600
2012-03-16,32.37778890798718,32.792253165144366,32.062301365956415,32.30974197387695,3845900
2012-03-19,32.30975398680336,32.9345466506701,32.241707027392934,32.84175491333008,2728400
2012-03-20,32.64378107266315,32.84791946392595,32.47675746538063,32.63140869140625,2641300
2012-03-21,32.63761133745456,33.03970568630388,32.63142632337933,32.86030960083008,2154200
2012-03-22,32.7922440261309,32.95308261825592,32.693267338588726,32.798431396484375,1690600
2012-03-23,32.89741002802028,33.027316495635205,32.70564165216694,32.90978240966797,1445200
2012-03-26,33.132483116665085,33.26857460571112,32.91596996080749,33.14485549926758,1053300
2012-03-27,33.13248070140464,33.20671263181762,32.81699086751607,32.87266540527344,1457600
2012-03-28,32.79225817954137,32.89742228282672,32.544817533783686,32.77988815307617,1188600
2012-03-29,32.69945982776644,32.792249159480534,32.34066780439122,32.78606414794922,1291400
2012-03-30,32.99638748168945,33.20671325496524,32.73657218068263,32.99638748168945,1116400
2012-04-02,33.02112572413189,33.26238122469815,32.5881018811665,33.01493835449219,1897100
2012-04-03,33.20052820865553,33.20052820865553,32.60666799304702,32.82318115234375,2551800
2012-04-04,32.6870904395622,32.79225216376411,32.08085778295159,32.693275451660156,1954300
2012-04-05,32.847921117677565,33.23145787657965,32.52006125712985,33.033504486083984,1954000
2012-04-09,32.606673029067494,32.88504578556257,32.557185850018975,32.80462646484375,1560600
2012-04-10,32.78605907965422,32.89740814833061,32.47675663550654,32.53861618041992,1768300
2012-04-11,32.97164708936792,33.45416060955731,32.89741514771988,33.33662414550781,2486300
2012-04-12,33.28713156028516,33.7943874053771,33.16959511534085,33.63973617553711,1574300
2012-04-13,33.5964383649825,33.70160008217479,33.299508248462686,33.31806564331055,1419000
2012-04-16,33.571685722075586,33.69540716487904,33.2190811439494,33.56549835205078,1915900
2012-04-17,33.769646900885206,34.109879177481204,33.41704224116688,34.01708984375,2102700
2012-04-18,33.800573028444944,33.98615403565601,33.540760090307565,33.9799690246582,1708500
2012-04-19,34.02328190674984,34.09751386107755,33.6706771739541,33.893375396728516,2268800
2012-04-20,33.85624265772461,34.122242928082585,33.65828929742893,33.96140670776367,2515100
2012-04-23,33.68922982790227,33.887183251424545,33.559323336176575,33.83769607543945,1446400
2012-04-24,33.905746975873164,34.17793237512762,33.68923377119672,34.02328109741211,1085500
2012-04-25,34.289268785024284,34.82126936090875,34.2583390128941,34.697547912597656,2061100
2012-04-26,34.74704075865805,35.742995158747014,34.41299586131509,34.80271530151367,2582500
2012-04-27,34.95737558814366,35.24193574732863,34.88933100464711,35.01923751831055,2844400
2012-04-30,35.05635231661933,35.173888804040736,34.89551601776813,35.01923751831055,2189000
2012-05-01,35.06871150748941,35.21099035365153,34.839828351471255,34.87694549560547,2233500
2012-05-02,34.62331867819835,34.98210831041365,34.580016521892894,34.895503997802734,1868000
2012-05-03,34.96355438232422,35.334716433091025,34.83364790053491,34.96355438232422,2610900
2012-05-04,34.784146761101326,34.95117033614798,34.40679746486148,34.51814651489258,1761200
2012-05-07,34.49340220051674,34.78414720820061,34.30163622505718,34.67279815673828,1730200
2012-05-08,34.43154242412149,34.55526385374572,34.109867651014476,34.48721694946289,1767900
2012-05-09,34.3016562931127,34.573841711600565,34.02328350159591,34.252166748046875,2292200
2012-05-10,34.51197644971898,34.60476579173119,34.066580056729144,34.36969757080078,1188800
2012-05-11,34.25215819054928,34.6728097793484,34.18411126298019,34.41918182373047,1268700
2012-05-14,34.21503893932513,34.21503893932513,33.62736379397505,33.63973617553711,1855600
2012-05-15,33.66447753844782,33.96140996717936,33.42322200492007,33.57787322998047,1608900
2012-05-16,33.596434369094155,33.806760138253836,33.49745767535963,33.57168960571289,1557800
2012-05-17,33.590238019186245,33.695402055549444,32.77367992420682,32.8479118347168,1649800
2012-05-18,32.90978486001749,33.08918086758036,32.526250439544654,32.699459075927734,2215500
2012-05-21,32.80461875326425,33.089178815116576,32.643782509426444,33.06443405151367,2714300
2012-05-22,33.082987012032504,33.485081107442326,33.03968486142409,33.15721893310547,1585900
2012-05-23,32.8293748615943,33.3490032778687,32.77988767707793,33.28714370727539,1685600
2012-05-24,33.29950923624445,33.880997103370895,33.13248559828676,33.596439361572266,2151300
2012-05-25,33.683041473089105,33.88717988842903,33.44797092106341,33.509830474853516,1283000
2012-05-29,33.652114397536806,33.93667214347863,33.54076530394376,33.930484771728516,1146700
2012-05-30,33.72015611695069,33.72634348817762,33.36136645888226,33.54694747924805,1925200
2012-05-31,33.503643986798,33.893365765913614,33.23764366960057,33.77582931518555,2150100
2012-06-01,33.35517811350829,33.3675504958101,32.73038814590612,32.83555221557617,2026600
2012-06-04,32.81699827877294,33.13248818391046,32.687091781265046,33.12630081176758,1324300
2012-06-05,33.05825810453917,33.34281826472591,32.89123443218761,33.28714370727539,1290900
2012-06-06,33.4232294725834,33.887183251424545,33.398487064486325,33.83769607543945,1312500
2012-06-07,34.2521549656187,34.36969141482288,34.048016561922395,34.10369110107422,1817200
2012-06-08,34.02328289478534,34.66663281041848,33.71398032301456,34.5738410949707,2597000
2012-06-11,34.90168531635157,35.19243035774915,34.635687395669656,34.64187240600586,2274300
2012-06-12,34.6913648371411,35.05633947234175,34.6913648371411,35.02540969848633,2220300
2012-06-13,34.92644477766341,35.57597968670434,34.864585209103815,35.18007278442383,1708800
2012-06-14,35.2790371948023,35.69350371080193,34.963549729612524,35.56978225708008,1429900
2012-06-15,35.73681772847583,35.89765401985053,35.57597907730988,35.72444534301758,3246300
2012-06-18,35.848164295302176,36.47914175017358,35.62546609243096,36.37397766113281,1460300
2012-06-19,36.51623822205283,36.565727735544364,35.56977369453111,35.73060989379883,3151500
2012-06-20,35.78010502668586,35.848151938528794,35.21098733110062,35.66257095336914,2069400
2012-06-21,35.637832093562146,35.74299380397528,34.77797157744294,34.815086364746094,1888600
2012-06-22,35.03160725967605,35.15532875087827,34.83365381766897,35.04397964477539,1237800
2012-06-25,34.586197548279486,35.037778811861045,34.5800125380015,34.926429748535156,1307700
2012-06-26,34.84601564646152,35.668758948099466,34.821270883759055,35.56978225708008,2453000
2012-06-27,35.63164268858544,36.25024761276081,35.60071291433477,36.101783752441406,1718200
2012-06-28,35.94713378124167,36.07704025352162,35.53266724042724,35.86671447753906,1235300
2012-06-29,36.40489139233375,36.658519264940665,36.03372945771536,36.287357330322266,1857000
2012-07-02,36.42965289816256,37.13486231401305,36.28737401249019,37.12248992919922,1680700
2012-07-03,37.06061928647033,37.332804591637476,36.875038289320436,37.3204345703125,1143700
2012-07-05,37.2709448326916,37.2709448326916,36.8069911625751,36.86885070800781,1362400
2012-07-06,36.62759704162573,36.79462065454478,36.56573749304408,36.757503509521484,797000
2012-07-09,36.6523455033268,37.06680971218385,36.497694256477324,37.0173225402832,819500
2012-07-10,37.184347896612394,37.21527767546028,36.50388096300454,36.720394134521484,1796900
2012-07-11,36.7760590166352,36.794616407109395,36.231686084753214,36.602848052978516,1886500
2012-07-12,36.43582389950801,37.25238205200463,36.231683181488826,36.912147521972656,2747900
2012-07-13,36.893596979438186,37.561691424437505,36.893596979438186,37.524574279785156,1699900
2012-07-16,37.53695237908132,37.67923124890195,36.930719749492674,36.974021911621094,1415600
2012-07-17,37.11630528644509,37.46890999788303,36.881234692222755,37.27714157104492,1971800
2012-07-18,37.16578850969632,37.53076318425107,36.12034457820647,36.38634490966797,2648300
2012-07-19,36.51006407059489,36.615225778353924,36.20076159865809,36.55955123901367,1779300
2012-07-20,36.472951155876096,36.68327695558585,36.33685965709274,36.49769592285156,1435700
2012-07-23,36.169829559217554,36.404897724125206,35.95331642654101,36.29973602294922,698900
2012-07-24,35.984244879058224,36.21931539512818,35.644012665672186,35.829593658447266,1533600
2012-07-25,35.96568036330385,36.07084439957843,35.63163322660564,35.73060989379883,1319700
2012-07-26,36.96782624547124,38.941177304519755,36.6090366455108,37.543128967285156,3117600
2012-07-27,37.64210356011669,38.32257029981062,37.64210356011669,38.1617317199707,1502600
2012-07-30,38.192669859864694,38.70611073063385,38.1122505572898,38.681365966796875,1157500
2012-07-31,38.62568739046309,39.089641044851156,38.14936135544985,38.27927017211914,2883800
2012-08-01,38.341136179538516,38.92881137946661,38.14936778720261,38.25453186035156,1623400
2012-08-02,38.06275911988773,38.458665882253214,37.8833654905468,38.3535041809082,1393200
2012-08-03,38.86695072945636,39.052531745307036,38.52671611397437,38.6751823425293,1581100
2012-08-06,38.842201573165354,38.95355064204457,38.483409604601135,38.55764389038086,885500
2012-08-07,38.6628039783037,38.71847851042406,37.72252430237652,38.37824630737305,1114700
2012-08-08,38.40299273278651,38.58857372796803,38.17410722426526,38.297828674316406,1547600
2012-08-09,38.1864784973254,38.33494470503732,38.01326988815343,38.27927017211914,847000
2012-08-10,38.12461951918241,38.65662009500068,38.093689747056075,38.61331558227539,1782300
2012-08-13,38.43392430515052,38.755599146430846,38.35969001576933,38.66280746459961,702900
2012-08-14,38.86076333923961,38.92881026230249,38.458669171935654,38.891693115234375,1346100
2012-08-15,38.80508733102123,39.24429626899286,38.798902319972434,39.157691955566406,1744300
2012-08-16,39.21956020838475,39.21956020838475,38.619512568606,38.73086166381836,1302100
2012-08-17,38.972111322251926,39.027785861389624,38.310204223498516,38.65662384033203,1612800
2012-08-20,38.69991183009072,38.712284207568736,38.149351651372726,38.41535186767578,1030500
2012-08-21,38.53290554176707,39.01541668069127,38.21123066255402,38.31020736694336,1232500
2012-08-22,38.14318366855105,38.43392876959041,38.05657934733697,38.304019927978516,752200
2012-08-23,38.34731910187734,38.372061504638296,38.007084516271746,38.13080596923828,1129300
2012-08-24,38.06275188026893,38.372054274510774,37.93903281040418,38.28544998168945,1053400
2012-08-27,38.29783704969418,38.39062874747281,38.062766479168324,38.38444137573242,1099200
2012-08-28,38.32256780054146,38.68754472663385,38.32256780054146,38.62568283081055,1360200
2012-08-29,38.60095059829206,39.077274342731876,38.545276057283544,38.86076354980469,1603700
2012-08-30,38.737044816127124,39.17006879229813,38.59476594791781,39.06490707397461,1209400
2012-08-31,39.17006377862941,39.42987907499265,38.68755269082836,39.25666809082031,1805700
2012-09-04,39.269040060643974,39.479365827954595,38.87313328918645,39.10201644897461,2998100
2012-09-05,39.29998492626061,39.39896165713298,39.02161449303869,39.35565948486328,2625200
2012-09-06,39.55360695046192,40.27118873045227,39.55360695046192,40.15983963012695,2205600
2012-09-07,40.14746736984902,40.40109297783337,39.83816485501132,39.9000244140625,2355200
2012-09-10,39.90001938763787,40.00518109673525,39.405135898198935,39.436065673828125,1259500
2012-09-11,39.442250803806495,39.844347327359266,39.36801887011478,39.66495132446289,1345700
2012-09-12,39.7020712294086,39.714441253459654,39.21337268670955,39.42988586425781,1101700
2012-09-13,39.374203834221156,39.88764704702982,39.374203834221156,39.60927200317383,1783500
2012-09-14,39.75774689035431,39.9062155094287,39.0710972255688,39.275238037109375,1785900
2012-09-17,39.28141571873982,39.7206246824736,39.2319261882844,39.689697265625,2155800
2012-09-18,39.72682079532568,39.91239949599692,39.436075639400045,39.7082633972168,1751600
2012-09-19,39.72682820501083,40.20933952416751,39.64022385129467,40.141292572021484,1391200
2012-09-20,39.980439508454786,40.475325396999224,39.77630344504319,40.23406982421875,1599500
2012-09-21,40.376337985104755,40.89596853261968,40.36396796425992,40.370155334472656,6587500
2012-09-24,39.87527006903324,40.04229602989408,39.47936332269891,39.5721549987793,2461500
2012-09-25,39.65256913346402,39.95568418230782,39.368011474609375,39.368011474609375,1665100
2012-09-26,39.299973397374565,39.75773975844891,39.21336907824107,39.61546325683594,1147800
2012-09-27,39.83815853985899,40.17220576928029,39.60308564531377,40.153648376464844,984700
2012-09-28,40.22169573865153,40.475326058561045,39.59072070404673,39.65258026123047,2723300
2012-10-01,39.71444864981315,40.16603248487942,39.23812476203722,39.45463562011719,1639800
2012-10-02,39.50410953969141,39.99280798011062,39.3865730976873,39.9556884765625,1324100
2012-10-03,40.0546716482169,41.31662634834832,39.83197348233598,41.07537078857422,2482400
2012-10-04,41.82388961531945,41.82388961531945,40.37635128158721,40.698028564453125,1593900
2012-10-05,40.8526645861499,40.957826277244756,40.55573218352748,40.704200744628906,1311400
2012-10-08,40.53099101587831,40.673272219650066,40.036109927083544,40.46913146972656,873200
2012-10-09,40.36397195545538,40.43201887578203,39.5597860129753,39.63401794433594,1622600
2012-10-10,39.66494421693288,40.10415308894408,39.64638210720249,40.042293548583984,1818900
2012-10-11,40.487697868779065,40.58048956844016,39.57835006713867,39.57835006713867,1739200
2012-10-12,39.65257848173723,40.01755787603092,39.479369841563205,39.99281311035156,1014200
2012-10-15,40.11033802037415,41.576433280146226,39.94950415020726,41.47745895385742,1830800
2012-10-16,41.53931149969529,41.842426517339234,41.27331125820941,41.55168151855469,1310800
2012-10-17,41.644484948309085,41.792948814480866,41.087739550688404,41.260948181152344,1460700
2012-10-18,41.24239463265636,41.66304622567604,41.03825384790085,41.48365020751953,1247800
2012-10-19,41.42177361843594,41.48982051870732,40.56191339091194,40.65470504760742,1028700
2012-10-22,40.58048443389385,41.013510737661946,40.36397364180045,40.47532272338867,1271400
2012-10-23,40.20931563878427,40.648524520181326,39.69587247562047,40.35159683227539,1491600
2012-10-24,40.59904373020184,41.11248700378634,40.31448600160334,40.803184509277344,1912700
2012-10-25,40.21550277366639,41.03824364042935,39.231918604225775,40.85885238647461,3231000
2012-10-26,40.79081905397083,41.26714287223875,40.65472518601369,41.112491607666016,1390800
2012-10-31,41.13722651906674,41.471273736849476,41.03824746805812,41.29187774658203,1237300
2012-11-01,41.42797468282171,41.650672844679214,40.89597404278228,41.64448547363281,1237300
2012-11-02,41.89811686215769,42.45485756171756,41.78058040712193,41.879554748535156,1878100
2012-11-05,41.77438447760477,41.77438447760477,41.06298796108912,41.3475456237793,1570200
2012-11-06,41.545504001616315,41.84243168672429,41.32280587799511,41.58880615234375,1541000
2012-11-07,41.669229128444485,42.491974831195435,41.477463107345066,41.62592697143555,2856700
2012-11-08,41.502206234065795,41.81150872698177,41.310440198723974,41.32281494140625,1550800
2012-11-09,41.217642004811246,41.63829351760206,41.00731860820622,41.341365814208984,1539400
2012-11-12,41.31045004571228,41.335194817393635,41.007334851885226,41.13724136352539,1118700
2012-11-13,41.01350790688184,41.72489978614778,40.926903596021965,41.2362060546875,934000
2012-11-14,41.26093735075819,41.34135899349353,40.38870705641786,40.48149871826172,1435800
2012-11-15,40.45676829775924,40.54955999248713,39.42988408316954,39.72062683105469,1976200
2012-11-16,39.76392191712628,40.50625062327911,39.67731760934558,40.3206672668457,2406600
2012-11-19,40.62378138010827,40.9949433645869,40.438202747659304,40.74750518798828,1047400
2012-11-20,40.778435999101596,41.1434153632923,40.58048260957513,40.80936813354492,927700
2012-11-21,40.809367429401505,41.254763728046264,40.56811188756576,41.16197204589844,909100
2012-11-23,41.230024419974484,41.78676986694336,41.00732624118694,41.78676986694336,502600
2012-11-26,41.61355071224495,41.78057668288969,40.90834148405402,41.2362060546875,1555800
2012-11-27,41.18052437140781,41.37229036322499,40.93308148932024,41.13103485107422,1045700
2012-11-28,41.0258758635274,41.341365676968366,40.3454114326314,41.3289909362793,1117900
2012-11-29,41.46508918664649,41.81769382058163,41.248578397314596,41.718719482421875,1199700
2012-11-30,41.706340375830415,42.18885143286975,41.48364223879984,41.7681999206543,1636300
2012-12-03,41.97234233744484,42.05894664756283,41.57643557131093,41.737274169921875,863800
2012-12-04,41.86099557175193,41.93522986433646,41.53932307638133,41.56406784057617,1283300
2012-12-05,41.56406541727483,41.68159714087143,40.80936667186728,41.29187774658203,1328600
2012-12-06,41.42797613853451,41.613554800215844,41.001137193378995,41.59499740600586,1394400
2012-12-07,41.71871075709227,42.467222026280304,41.6939659978323,42.34349822998047,1167400
2012-12-10,42.54765507171603,42.54765507171603,41.86719045283025,41.990909576416016,1040700
2012-12-11,42.04039151491894,42.43629830233202,41.94759982921062,42.430110931396484,1693800
2012-12-12,42.59095949032019,43.90859135217346,42.44868296262724,43.5869140625,2182200
2012-12-13,43.494103460477305,43.96424444598715,43.45698868147766,43.59926986694336,1622600
2012-12-14,43.41369684788914,44.35397432273873,43.38895208281661,44.01993179321289,1765400
2012-12-17,44.07560723246061,44.335420205552346,43.83435165464947,44.069419860839844,1361800
2012-12-18,44.19931118296063,44.2488006997839,43.76628970970722,44.08177947998047,1825900
2012-12-19,44.22406303868181,44.230250409172726,43.69206244640362,43.69824981689453,981500
2012-12-20,43.896193840823095,44.25498573953353,43.77247477485804,44.24879837036133,1020800
2012-12-21,43.927128279592814,44.440566677998966,43.927128279592814,44.08177947998047,2322700
2012-12-24,43.976628164855164,44.21788846224801,43.784862120846746,44.069419860839844,461700
2012-12-26,44.03847708710674,44.10652399246431,43.13531464822826,43.84670639038086,744200
2012-12-27,43.8219724334647,44.168394415102966,43.358018720532066,43.98899841308594,811200
2012-12-28,43.72300609673143,44.162215125665156,43.636401765368845,43.70444869995117,759700
2012-12-31,43.73534102150534,44.72511210487574,43.72297100677345,44.63850784301758,1396400
2013-01-02,45.33136510055246,46.45722579956055,45.096296943908825,46.45722579956055,3797900
2013-01-03,46.36443932016605,46.36443932016605,45.32518281077656,45.52932357788086,2517000
2013-01-04,45.51693606965074,45.67776989747917,45.17051421988153,45.492191314697266,1704300
2013-01-07,45.28808648833158,45.529342140696976,44.892179534727674,45.00971603393555,1585200
2013-01-08,45.09010382188678,45.201452875478616,44.69419712457803,44.954010009765625,1376600
2013-01-09,45.13341892866185,45.50458097401374,44.77462690633638,44.90453338623047,2423400
2013-01-10,45.238576227896935,45.399414829032374,44.7931846486912,45.269508361816406,1960500
2013-01-11,45.3128207873225,45.33137818404766,44.9664034629007,45.02207565307617,1412200
2013-01-14,44.87359745442706,45.226202038544365,44.848852693487885,45.12104034423828,1121700
2013-01-15,45.083933697141816,45.31900663329654,44.768448524274035,45.2880744934082,1884500
2013-01-16,45.23239335489781,46.06750905123593,45.028252599025095,45.78295135498047,2075000
2013-01-17,45.807703684287056,46.04277189317351,45.57881812751057,45.776771545410156,1386200
2013-01-18,45.70252741491112,46.055132012199316,45.62829784890145,45.95615768432617,1660100
2013-01-22,45.987081034300196,46.3953624896073,45.83242982600151,46.24689865112305,1023300
2013-01-23,46.191237988964346,46.667566520823804,46.123191055841566,46.47579574584961,1199300
2013-01-24,46.33968399840824,46.704658534805155,45.34372997526523,45.97470474243164,3028900
2013-01-25,46.13556154473052,46.13556154473052,45.28807100464493,45.4365348815918,2162300
2013-01-28,45.59736354480245,45.708712608093975,45.34373800704873,45.39322280883789,1689400
2013-01-29,45.59118804330087,45.60975015833208,44.83030651238206,44.88597869873047,2060300
2013-01-30,44.87978524325576,44.87978524325576,43.84052887201752,43.88383102416992,4862700
2013-01-31,43.84672161973304,44.11890933570269,43.29616353576294,43.6240234375,2983500
2013-02-01,43.76011396359182,44.36016153561093,43.74774394089037,44.22406768798828,1647300
2013-02-04,43.98281178842211,44.29211426895895,43.370394198441936,43.419883728027344,2679700
2013-02-05,43.61164021144138,44.08178120045146,43.54978067278802,43.95805740356445,1925100
2013-02-06,43.772490927528345,43.821975740427064,43.50030321846829,43.605464935302734,1979600
2013-02-07,43.66731496790859,43.80340879275854,43.246668192307716,43.50029373168945,1511200
2013-02-08,43.50030863194556,43.94570504053327,43.3827721575732,43.791053771972656,2500200
2013-02-11,43.760112725057546,43.760112725057546,43.29615901379228,43.32090377807617,1616200
2013-02-12,43.32090201023506,43.35801679535571,42.18885386824497,42.256900787353516,3238900
2013-02-13,42.256895499300946,42.30019764971652,41.75582708455206,42.089874267578125,4127200
2013-02-14,41.86718099374956,41.95997267526541,40.90834148405402,41.2362060546875,7042200
2013-02-15,41.24858552715479,42.11463355376046,41.13723642774003,42.0032844543457,4525600
2013-02-19,42.06513936902951,42.15793106155397,41.26095099325956,41.47127914428711,2546700
2013-02-20,41.471274843492125,41.7805773067763,41.415597945918826,41.526947021484375,2474500
2013-02-21,41.30425354804303,42.1146293029374,41.14960229888675,42.06513977050781,3077900
2013-02-22,42.09607017641884,43.710629528756996,42.09607017641884,43.283790588378906,3814900
2013-02-25,43.45699414081798,44.36634409718938,43.030155250378954,43.03634262084961,2192500
2013-02-26,43.06728811538027,43.370403288352875,43.04254334540137,43.147705078125,1817700
2013-02-27,43.00541391781756,43.60546147264274,42.98067387312358,43.53741455078125,2215600
2013-02-28,43.543613206843034,43.648774942581234,43.16007634054895,43.17863845825195,2512000
2013-03-01,43.122938659550755,43.53122007986369,42.94354270695083,43.388938903808594,2271000
2013-03-04,43.296162185351044,43.995188848728255,43.203370492384515,43.90239715576172,1579600
2013-03-05,44.03846592089716,44.52716415383462,43.98278904900359,44.292091369628906,1572900
2013-03-06,44.428210007866426,44.83030419360705,44.40965261337681,44.61997604370117,1609700
2013-03-07,44.539564569888654,44.824122332735314,44.409658072909664,44.589054107666016,1473200
2013-03-08,44.81792184883023,44.92927091646231,43.96424881003809,44.409645080566406,1217000
2013-03-11,44.27355950280837,44.434398123715745,43.995189141637,44.267372131347656,1192900
2013-03-12,44.230254201541115,44.31685851751609,43.611649247673405,43.69206619262695,1736500
2013-03-13,43.69206513954405,44.03848711467562,43.481741725697326,43.89620590209961,1482500
2013-03-14,44.038487941831576,44.18695180848727,43.8096024110689,43.98899841308594,839300
2013-03-15,43.77865735675161,43.834334240055675,43.240474229098034,43.296146392822266,1949300
2013-03-18,42.937366907724055,43.37038843510037,42.70848140349333,43.092018127441406,1191200
2013-03-19,43.308521131147536,43.475542341900066,43.08582303709095,43.296146392822266,1580700
2013-03-20,43.44463570586341,43.772495634533506,43.27760969567692,43.70444869995117,1485700
2013-03-21,43.38276304501369,43.98281059612188,43.333278236351035,43.395137786865234,1671200
2013-03-22,43.51886100361988,44.16839814440083,43.43844405230424,43.76011657714844,1349600
2013-03-25,43.92095152338663,44.06941539015195,43.27141443696884,43.55597686767578,1147700
2013-03-26,43.79103585121516,43.81578061040834,43.45080131178431,43.59926986694336,1612200
2013-03-27,43.48174297647385,43.722998532040776,43.22193002733736,43.710628509521484,1290100
2013-03-28,43.7168055175823,43.73536290875629,42.94973679171312,43.07964324951172,2782800
2013-04-01,43.11058764322148,43.40751542562244,43.07346813073485,43.172447204589844,1935400
2013-04-02,43.413698541104175,43.75393317464464,43.413698541104175,43.67351150512695,1442200
2013-04-03,43.630200086676155,43.72299175973264,42.90643353208048,43.06108474731445,1661300
2013-04-04,43.11677476348369,43.74775462573745,43.11677476348369,43.47556686401367,1478600
2013-04-05,43.11059404050452,43.93333529599814,42.99305755275571,43.81580352783203,2216400
2013-04-08,43.74155340066553,44.61378860473633,43.73536602997241,44.61378860473633,1005600
2013-04-09,44.73133481881459,44.86742870065776,44.180776638327224,44.743709564208984,1258900
2013-04-10,44.842674264557886,45.374674931874644,44.787002081029655,45.281883239746094,1406500
2013-04-11,45.26950263733242,45.807690550240864,45.22001311715179,45.5911750793457,1007500
2013-04-12,45.479834823373764,45.690162965069604,45.108672789324935,45.399417877197266,1477100
2013-04-15,45.43035572947985,46.030403374490916,45.25714707310179,45.2880744934082,1861600
2013-04-16,45.50457355419705,45.801505973810684,45.05299463385259,45.795318603515625,1546900
2013-04-17,45.584990479961164,45.64685001775186,45.00350044165216,45.0529899597168,2217900
2013-04-18,45.14578522756675,46.030390375323115,44.997316661529176,45.99327087402344,2262400
2013-04-19,46.135572780401866,46.46343275164678,45.96854674852593,46.401573181152344,1293800
2013-04-22,46.40774854986121,46.50054025082868,46.02421644124923,46.11082077026367,968600
2013-04-23,46.27165547662842,46.45723414323027,45.84481652015551,46.32114028930664,1559300
2013-04-24,46.30258916578682,46.30258916578682,45.30663461217986,45.71491622924805,1446300
2013-04-25,46.556206504875334,48.86978752973721,46.556206504875334,48.473880767822266,5051300
2013-04-26,48.46769663182335,48.62234786850408,47.86146642700037,47.86764907836914,1912100
2013-04-29,47.96663849579429,48.32543057509033,47.71300814745606,47.84910202026367,1583100
2013-04-30,47.93569105994274,48.19550869767191,47.416065223645816,47.63257598876953,2605700
2013-05-01,47.67588126728273,48.37490313181673,47.50267264382872,47.552162170410156,2551600
2013-05-02,47.811964161003466,48.38107942767136,47.725359869100956,47.929500579833984,1880000
2013-05-03,48.2635633666266,48.6347301680028,48.1336568739777,48.39347457885742,1476100
2013-05-06,48.319223424974,48.4120150929601,47.8305250451888,48.21406173706055,1030200
2013-05-07,48.214065219601444,48.62852935101879,48.127460915113666,48.49862289428711,729700
2013-05-08,48.39964099988249,49.03680322520728,48.34396883009544,49.03062057495117,1428500
2013-05-09,48.913103772873164,49.0615676714584,48.69040556520419,48.882171630859375,1120600
2013-05-10,48.83888218065106,49.24716390754828,48.54195430616534,48.6904182434082,914400
2013-05-13,48.55431949711616,49.05539290471347,48.54194947007142,48.678043365478516,916400
2013-05-14,48.96257927624351,50.205976459355696,48.75225115392511,49.34611129760742,1323300
2013-05-15,49.154345355948806,49.457460438970635,48.87597503556276,49.13578796386719,772400
2013-05-16,48.97494203238028,49.06154632884583,48.102711698097124,48.10889434814453,2090900
2013-05-17,47.97281534429295,48.63472244626937,47.76867457986384,48.17076873779297,2695200
2013-05-20,48.26354164723124,48.585218767719645,47.42224350956726,47.465545654296875,3060300
2013-05-21,47.61402651227952,47.67588606694338,47.310911390719575,47.558349609375,1707900
2013-05-22,47.496478214011844,47.57071249285103,45.69015323848108,45.80768966674805,2159600
2013-05-23,45.38704015835207,45.56643613363178,45.003503447107796,45.39322280883789,2965800
2013-05-24,45.26951034792422,45.64067237333682,45.01588005348386,45.60355758666992,1729500
2013-05-28,46.0922587586597,46.383003856773186,45.294257761576354,45.3623046875,2273700
2013-05-29,45.04062258890133,45.23239332287979,43.22192733850548,44.37871551513672,4659300
2013-05-30,44.50243218767961,45.15815178553263,44.47768742857079,44.539546966552734,2519900
2013-05-31,44.33541259892579,44.92927274392477,44.075599670410156,44.075599670410156,3280000
2013-06-03,44.075613896026006,44.19933302965557,43.62403009107151,43.840545654296875,2798700
2013-06-04,43.846726690894705,44.36017004373628,43.147704644449995,43.209564208984375,3315200
2013-06-05,43.14770133053968,43.339467381742544,42.83221144018829,43.15388870239258,3506700
2013-06-06,43.153879203215354,43.772484104042945,43.12913444083255,43.69824981689453,3516000
2013-06-07,43.358030381527044,43.80961419351581,43.358030381527044,43.47556686401367,4203300
2013-06-10,43.51886912521104,43.65496300635999,42.6590083884054,42.81365966796875,2708300
2013-06-11,42.50435027612349,43.092027875742566,42.399188555625315,42.9002571105957,2118500
2013-06-12,43.079651587406474,43.079651587406474,42.04658237574211,42.06513977050781,2261900
2013-06-13,42.23833983509607,43.1662471415598,41.87954787723075,43.141502380371094,5231800
2013-06-14,43.14150659469244,43.89620536613935,43.06108965265899,43.51266860961914,3132200
2013-06-17,43.760111526097305,43.890017995342596,43.36420474756468,43.51266860961914,2731200
2013-06-18,43.512665501592075,44.34159850464764,43.512665501592075,44.12508773803711,1573900
2013-06-19,44.081793090360236,44.15602266893365,42.968302215943574,43.017791748046875,2571600
2013-06-20,42.615696176043116,42.615696176043116,41.66304395208617,41.879554748535156,3659900
2013-06-21,42.11462739367047,42.52909158991998,41.48364768275264,42.39299774169922,3083200
2013-06-24,41.87954221931358,42.04656815487703,41.41558862876174,41.65066146850586,1967400
2013-06-25,42.00946645342079,42.48579021136211,41.8053256773396,42.263092041015625,1493700
2013-06-26,42.47959278887167,43.41987477887012,42.30638419060362,43.382755279541016,2958400
2013-06-27,43.63639169119639,45.33755522384918,43.59927690620442,44.830299377441406,4992600
2013-06-28,44.743704146684685,44.99732976157069,44.483891159850636,44.780818939208984,5256700
2013-07-01,44.84885587038195,45.33755431449168,44.65708985899518,44.731319427490234,3484400
2013-07-02,44.63850784301758,44.93543539236606,44.329205559358904,44.63850784301758,1982900
2013-07-03,44.46533289784065,44.91691669754719,44.15603034777882,44.787010192871094,925700
2013-07-05,44.94164413125552,44.94164413125552,43.92094516587885,44.669456481933594,1178000
2013-07-08,44.76843310562019,45.467454862277044,44.74368834614823,45.35610580444336,2272500
2013-07-09,45.71492328447075,45.71492328447075,44.81794295077507,44.96641159057617,2046700
2013-07-10,45.015878521621055,46.512906033852836,44.941648950813246,46.296390533447266,3505500
2013-07-11,46.95211004584729,47.91713212186627,46.95211004584729,47.45936584472656,3532800
2013-07-12,47.57072189995731,47.98518608638067,47.20574252296539,47.81816482543945,2178700
2013-07-15,48.016112791750736,48.25118094860514,47.1067628572018,47.85527420043945,1768800
2013-07-16,47.7995993941838,47.86146366094573,46.95211368668407,47.23048400878906,1970300
2013-07-17,46.717054502269164,47.35422171190172,45.696359875456714,47.28617477416992,4825100
2013-07-18,47.39133261678436,47.66970299768476,47.026353188040495,47.27998352050781,1928700
2013-07-19,47.323272019733004,47.70062136373131,47.11294863171064,47.45936584472656,1337000
2013-07-22,47.56454313015222,47.60165792383266,46.871703757430595,47.38514709472656,1372600
2013-07-23,47.59546800878489,47.76867664564024,47.27379078069805,47.539791107177734,1240900
2013-07-24,47.60782969036474,47.66968923274894,47.11294863171064,47.45936584472656,1642400
2013-07-25,47.56454094560999,47.56454094560999,45.3684911751231,45.58500671386719,3543400
2013-07-26,45.47983364436623,45.9499747257503,45.288067620988244,45.374671936035156,1725300
2013-07-29,45.39941968844684,45.727279576929924,44.77462732912953,44.842674255371094,2278800
2013-07-30,45.09630531793997,45.13960747903574,44.46532557673691,44.49007034301758,2001800
2013-07-31,44.75607027303347,44.90453414978241,42.906442666545615,43.457000732421875,4505200
2013-08-01,43.636387526551125,43.75392396058268,42.97448051307441,43.0672721862793,3051900
2013-08-02,43.08582684510383,43.339452368229885,42.75796704420466,42.86931610107422,3348800
2013-08-05,43.277599740296594,43.82197037214864,42.78890128597874,43.64876174926758,2457200
2013-08-06,43.5188645239183,43.593098829309554,42.99923854492561,43.172447204589844,1808200
2013-08-07,42.745604222057075,43.20955796843161,42.250723057673184,42.27546310424805,2397000
2013-08-08,42.31258168065654,42.578582011498256,42.133185669662694,42.49197769165039,1676300
2013-08-09,42.30638519799625,42.900245286019164,42.17029137623633,42.53527069091797,1605900
2013-08-12,42.294022276693035,42.541460481883064,41.52694873794399,41.718719482421875,2305600
2013-08-13,41.867182644288974,41.947599587663156,41.279509837488895,41.85481262207031,2366400
2013-08-14,41.780575079937776,41.9599710654308,41.64448124821335,41.9228515625,1771200
2013-08-15,41.489829823276246,42.22597115334753,41.378480754186306,42.219783782958984,2461200
2013-08-16,42.046567596309714,42.36205735517624,41.91666115903054,42.00945281982422,2113300
2013-08-19,41.879557159894155,42.720860348463766,41.879557159894155,42.37444305419922,1869000
2013-08-20,42.41154607415576,42.863129681352035,42.10843102579627,42.65898895263672,1589400
2013-08-21,42.50435305484614,42.665191691734606,42.213607921864636,42.225982666015625,1112100
2013-08-22,42.17647808923826,42.2568950192163,41.94759259988178,42.145545959472656,839200
2013-08-23,42.36824533530993,43.22192305851884,42.1579219493243,43.135318756103516,1149600
2013-08-26,43.10439787189787,43.320908684426556,42.64044410808708,42.67755889892578,799900
2013-08-27,42.33732933734689,43.42607078108994,42.33732933734689,43.271419525146484,2459200
2013-08-28,43.25286526973916,43.45700607510485,43.11677139949538,43.19100570678711,1931100
2013-08-29,43.030161875102664,43.58690731365428,42.9930470857264,43.24667739868164,889000
2013-08-30,43.36420547374335,43.45080978802382,42.813647453139836,42.94355392456055,1303500
2013-09-03,42.88168764303289,43.38275605694158,42.67754691159586,42.82601547241211,1103400
2013-09-04,42.7950834521568,43.33327136744072,42.69610441135866,43.26522445678711,1263600
2013-09-05,43.17244029777126,43.42606587468061,42.491975792417364,42.8198356628418,1716700
2013-09-06,43.048720785969145,44.53956113951031,43.00541862364456,43.64258575439453,4950000
2013-09-09,44.66328087280984,44.842676896231495,44.112722778673174,44.81793212890625,4295800
2013-09-10,44.92309978455186,45.47365789357436,44.88598027276948,45.2880744934082,2163000
2013-09-11,45.232404205143254,45.29426376793648,45.065378194061225,45.176727294921875,1211200
2013-09-12,45.19529035742176,45.19529035742176,43.79105875569635,43.81580352783203,3618700
2013-09-13,43.84053249620403,43.97043896340027,43.13532326309242,43.21574020385742,2947000
2013-09-16,43.82815551245627,43.94569195182177,43.43843613080648,43.61164474487305,2444700
2013-09-17,43.66731184702185,43.784848272733896,43.42605634551412,43.58070755004883,1723900
2013-09-18,43.36420900902891,43.97044397799695,42.85695310421139,43.67351150512695,4906200
2013-09-19,43.84672057652231,44.33541909148527,43.710631441357044,44.05086135864258,2391000
2013-09-20,43.92095458176886,44.21169968413334,43.58690731859999,43.68588638305664,2555800
2013-09-23,43.555984806127036,43.951891669379464,43.525052665105214,43.70444869995117,1341400
2013-09-24,43.76012589511465,43.8343602103079,43.45701070067846,43.506500244140625,1177100
2013-09-25,43.47556157118815,44.193145684887604,43.33946770689468,44.18695831298828,1701700
2013-09-26,44.267368528746346,45.195275949910666,44.24881113545605,45.15816116333008,2189800
2013-09-27,45.13340715611711,45.3313605099763,44.85503687460833,44.978755950927734,2116100
2013-09-30,44.85505473664784,45.24477422986905,44.52719480621985,45.176727294921875,1823800
2013-10-01,45.28807056281652,45.28807056281652,44.49006956269233,44.61997604370117,2169900
2013-10-02,44.32305674083323,44.55812498180909,44.11272855083808,44.27356719970703,1829500
2013-10-03,44.137454555305474,44.27354837574778,43.85289689418992,43.98280334472656,2156600
2013-10-04,44.050858403986524,44.323046095223575,43.54978989928311,43.710628509521484,1748100
2013-10-07,43.98900421355747,44.35397891712506,43.624024790408036,44.10654067993164,986300
2013-10-08,44.013750101137624,44.081797033971846,43.30854072411202,43.463191986083984,1140700
2013-10-09,43.59309276374327,43.76630139930716,43.221930727594746,43.57453536987305,2385100
2013-10-10,43.79723455409758,43.98900058799171,43.302348681335445,43.80341720581055,1927200
2013-10-11,43.82195775666148,44.174566991192755,43.586889653220275,44.14982223510742,1573100
2013-10-14,43.9518682415869,44.5024260773188,43.89619136134165,44.496238708496094,1685000
2013-10-15,44.36634224071933,44.830295895406856,44.32304008839838,44.545738220214844,1531500
2013-10-16,44.78081103790661,45.98708877792569,44.77462366705029,45.94378662109375,2036800
2013-10-17,45.88193214312274,47.57072588541205,45.82007258646495,47.51504898071289,3120300
2013-10-18,47.58927866208875,47.768674662693776,46.74178818741976,46.98923110961914,3262200
2013-10-21,45.79533058140268,46.61807642135066,45.04063167375608,46.185054779052734,6638200
2013-10-22,46.717049975173374,46.952122908042625,46.04277275518534,46.31496047973633,5632100
2013-10-23,45.807703684287056,46.086074055852116,45.37467733791925,45.776771545410156,29454800
2013-10-24,45.88811557196554,47.45937271789582,45.81388127860541,47.37276840209961,10423700
2013-10-25,47.0449126451686,47.31091298682043,46.760350188868046,47.082027435302734,3457200
2013-10-28,47.13768780246991,47.261411604533954,46.519082950891146,46.93355178833008,3264400
2013-10-29,46.91499995294649,47.366583670113414,46.587140064939724,47.348026275634766,3640000
2013-10-30,47.35419608679836,47.4779151504987,46.86549776189643,47.30470657348633,3726500
2013-10-31,47.397526409025836,47.48413074901857,46.53147828951592,47.02635955810547,5070100
2013-11-01,46.9768702983809,47.18719375576209,45.78296233028419,46.50672912597656,3965700
2013-11-04,46.66137781012619,46.82221644012759,46.27165833853472,46.53765869140625,1891600
2013-11-05,46.4015639625801,47.15626284359158,46.4015639625801,47.1005859375,2756900
2013-11-06,47.1562561015461,47.40988166979895,47.02016226120409,47.19955825805664,2210800
2013-11-07,47.32327513482258,47.53978590720952,46.53146161318986,46.630435943603516,2420200
2013-11-08,46.77891535373108,46.77891535373108,44.90453809685053,46.11082077026367,3416600
2013-11-11,46.24073058688069,46.39538185974651,45.95617281115745,46.16649627685547,1282100
2013-11-12,46.0798778186781,46.345878115264654,45.782950108746654,45.968528747558594,1582600
2013-11-13,46.005662351174266,46.172683649253145,45.53552116017912,46.16649627685547,1470200
2013-11-14,46.2221588855008,47.02634242379349,46.17885673128181,46.70466995239258,2052700
2013-11-15,46.55621399018885,47.23667855166153,46.48197969055157,47.06965255737305,1701200
2013-11-18,47.0634654556332,47.57072132290681,46.79746513989331,47.21192932128906,1830700
2013-11-19,47.100589299292395,47.48412613886799,46.55621854082112,46.7170524597168,1564200
2013-11-20,46.64901413588529,47.24287448182377,45.96854473155553,46.27784729003906,2274700
2013-11-21,46.35206904573431,46.444860732057364,45.782953625005334,46.04276657104492,1414500
2013-11-22,46.036563556419786,46.18503209191819,45.29423975724622,45.894287109375,1855900
2013-11-25,45.90047082063612,46.06749674704128,45.60973055094589,45.69633483886719,1828100
2013-11-26,45.529321339972164,46.39536917515798,45.220018878804446,46.14173889160156,3782100
2013-11-27,46.06751867269636,46.33970640404125,45.75202877678132,46.117008209228516,1065200
2013-11-29,46.055122132220575,46.26545020314909,45.80149663679531,45.91903305053711,906900
2013-12-02,45.83862132476061,46.611877435905626,45.64685531946248,46.39536666870117,2239900
2013-12-03,46.25309395508404,46.58095857082056,46.042770519656976,46.494354248046875,2244800
2013-12-04,46.23454643544319,46.23454643544319,45.65924347152018,46.09226989746094,2664300
2013-12-05,46.07370604465837,46.30877426381316,45.74584140481931,46.117008209228516,1888800
2013-12-06,46.20360568372686,46.66137202978141,46.15411615453684,46.64281463623047,1366500
2013-12-09,46.63043476431424,46.834575510079546,46.32113232027495,46.605690002441406,1900200
2013-12-10,46.5995066538917,47.06346031300353,46.420110672685446,46.525272369384766,1576800
2013-12-11,46.26546313518561,46.481973916086794,45.77676467567664,45.86336898803711,1554100
2013-12-12,45.77675753733664,46.030387783685306,45.68396586868273,45.80768966674805,1488900
2013-12-13,45.776775859940386,46.07370837456698,45.52314551207369,45.72110366821289,1726800
2013-12-16,45.63447734907312,45.63447734907312,43.90238661444036,44.644710540771484,7999400
2013-12-17,44.66946372998057,44.79318755410252,44.08797355556069,44.298301696777344,2534100
2013-12-18,44.21788506114207,44.67565141465299,43.56834795879145,44.66327667236328,3814200
2013-12-19,44.66946268850046,45.20146332086783,44.49006668739228,45.15816116333008,2743400
2013-12-20,45.10867666827538,45.17672359765359,44.415842070361556,44.527191162109375,3787800
2013-12-23,44.737516460797,44.873610325207046,44.45914607965423,44.632354736328125,1510000
2013-12-24,44.53337720895497,45.003518378793736,44.46533027438954,44.81175231933594,685100
2013-12-26,44.9725830238825,45.114864254964694,44.79937437357844,44.88597869873047,1241200
2013-12-27,44.954018055906,45.0468097371043,44.73750727949727,44.89215850830078,1292900
2013-12-30,44.93545852185849,45.529318645809575,44.91071376007961,45.29425048828125,1312600
2013-12-31,45.42417907714844,45.58501774727632,45.21385085935306,45.42417907714844,1339700
2014-01-02,45.244771490959906,45.28188628247266,44.0632383385129,44.31067657470703,3659600
2014-01-03,44.36016497245371,44.66946747934817,43.8652837931716,44.069419860839844,3206100
2014-01-06,44.267359067012016,44.514801937016806,44.0508483256004,44.08796310424805,2993500
2014-01-07,44.205517094435955,45.02207558620455,44.13128278806351,45.01588821411133,3655200
2014-01-08,44.898355323278814,45.06537660890382,44.496261099893196,44.55193328857422,5108000
2014-01-09,44.76225338241807,44.88597248133205,44.12509105580703,44.397274017333984,2570900
2014-01-10,44.267369893021225,44.59522977013726,44.267369893021225,44.4467658996582,1739400
2014-01-13,44.42818514583666,44.65707056214778,44.2364192173142,44.292091369628906,2503200
2014-01-14,44.452956141520964,45.30662935138135,44.39109658479166,45.10249328613281,2609800
2014-01-15,45.220008781816105,46.073686404556724,45.10865973187516,45.9499626159668,2660700
2014-01-16,46.07369866930252,46.209787793608214,45.31899987653422,45.60355758666992,1886700
2014-01-17,46.00566784787298,46.24692348480199,45.24478141784718,45.91287612915039,3598000
2014-01-21,46.08607512358789,46.22835635830358,45.55407441573563,46.0118408203125,1683800
2014-01-22,46.02420361423536,46.39536559507987,45.47364565340686,45.63447952270508,4640600
2014-01-23,45.807701255280726,46.37681671161631,44.87979377315821,45.281883239746094,7065200
2014-01-24,45.362286965810895,45.40558910906532,44.14363486619117,44.14982223510742,5264400
2014-01-27,44.11271697163091,44.34778987048456,43.5683463208825,43.82197189331055,3326800
2014-01-28,43.79722513208284,44.434387370475086,43.79722513208284,43.92094421386719,2423300
2014-01-29,43.525050755171236,43.87765543726963,43.40751428794447,43.59309768676758,3394300
2014-01-30,43.75392904957053,44.4405761841568,43.73536693710617,44.180763244628906,2676000
2014-01-31,43.716809903452095,44.261185270266935,43.58690343262069,43.89620590209961,2692000
2014-02-03,43.896198625461146,44.00754768479856,42.57857202295206,42.65898895263672,3179900
2014-02-04,42.86312175731257,42.89404916166747,42.337308687484516,42.73321533203125,3039600
2014-02-05,42.60332529199062,42.85076350031247,42.41155454508551,42.75797653198242,3206900
2014-02-06,42.85076723744597,43.7230025724688,42.720860750873115,43.630210876464844,2721500
2014-02-07,43.809605754468365,44.3725385678534,43.17244336188116,44.267372131347656,3009500
2014-02-10,44.26119296554089,44.79319368310506,44.26119296554089,44.780818939208984,2431200
2014-02-11,44.892152183399716,45.473642232040106,44.749870996331,45.35610580444336,2496800
2014-02-12,45.41797493655516,45.55406878260666,45.170532009150726,45.250953674316406,1366300
2014-02-13,45.102496308229156,46.2036125383688,44.97877246689877,46.117008209228516,2900700
2014-02-14,45.98708620924189,46.420112472955005,45.88192450846418,46.407737731933594,1711300
2014-02-18,46.48198595679347,46.56859029158795,45.9561725756606,46.02421951293945,1919300
2014-02-19,45.78296733018152,46.51910423099033,45.572639130248554,46.09226989746094,2236900
2014-02-20,46.13555322274242,47.34801822486263,46.13555322274242,47.19336700439453,2636600
2014-02-21,47.236677757786396,47.341839474152266,46.25928073377269,46.32114028930664,2107900
2014-02-24,46.38918159100188,46.82839051748939,46.20360294690375,46.22216033935547,1406300
2014-02-25,46.079871833415915,46.30875731642657,45.79531418186712,45.93759536743164,1968200
2014-02-26,45.937597001029715,46.092248211908874,45.39322171820359,45.5911750793457,1555400
2014-02-27,45.64685125669055,46.72322234612001,45.62210649698661,46.6799201965332,1636200
2014-02-28,46.79127170382583,46.95829766067218,46.16029681688998,46.952110290527344,11710100
2014-03-03,46.444871097197286,46.66756930623988,45.795333867559336,46.24073028564453,2232800
2014-03-04,46.64900546515487,46.94593322314239,45.987093582231616,46.27165603637695,2912200
2014-03-05,46.33971289520099,46.33971289520099,45.67161821717763,46.09226989746094,3293400
2014-03-06,46.10462202784808,46.44485660762511,46.00564769891891,46.3335075378418,2542100
2014-03-07,46.34589231972969,46.37682446213578,45.23240598684516,46.16649627685547,3121700
2014-03-10,46.110816108225144,46.45723338925838,45.91286270198023,46.234535217285156,2257100
2014-03-11,46.2221766856583,46.66138576747049,46.12319759813759,46.46343231201172,1930300
2014-03-12,46.33969944420516,46.89025747658577,46.284022544073196,46.8531379699707,2186200
2014-03-13,46.92119338816804,46.97068292622789,46.37063525610303,46.50672912597656,2190000
2014-03-14,46.40155945219361,46.927372725196484,46.321137786721,46.35825729370117,1227800
2014-03-17,46.39537458769632,46.6861196902456,46.2283533157965,46.32114028930664,1926800
2014-03-18,46.48894517864472,46.80591183242013,46.339779379726814,46.501373291015625,1279800
2014-03-19,46.60082924966452,46.818356835686586,45.60640929914236,45.78664779663086,1469600
2014-03-20,45.68720270482679,46.3149244083177,45.463458719232655,46.09739685058594,1223800
2014-03-21,46.39571604159001,46.50137158898129,45.618828648869965,45.80527877807617,3586200
2014-03-24,46.02281927020815,46.43301342119906,45.25214342477886,46.07253646850586,1745800
2014-03-25,46.16575703512659,46.47029557441397,45.46966894532687,45.799068450927734,1828500
2014-03-26,46.035242338729496,46.26520272991456,45.62504823269724,45.63125991821289,1312300
2014-03-27,45.68719255463563,46.81834034528207,45.569104160211545,46.72511291503906,2612100
2014-03-28,46.72512156054345,46.94886553782817,46.26520549245594,46.3708610534668,1432700
2014-03-31,46.66296818871272,46.712690122736426,45.811497850099,45.855003356933594,2511100
2014-04-01,46.07253032678418,46.55109563784757,45.99173574129373,46.46408462524414,1734700
2014-04-02,46.36464860910411,46.749986545698405,46.314926667270264,46.38329315185547,1535900
2014-04-03,46.55109645666218,46.73754659763001,46.23412505274885,46.650535583496094,1302400
2014-04-04,46.84941621252646,46.91157099812091,46.24033914435379,46.45786666870117,2842000
2014-04-07,46.38950990070529,46.644331298056294,46.047677475416236,46.24034881591797,3359500
2014-04-08,46.035245087539714,46.71890513291194,46.035245087539714,46.3708610534668,2701800
2014-04-09,46.39572437535638,46.725123930358514,46.016602880270284,46.271419525146484,1660500
2014-04-10,46.227918612855,46.81835604117598,45.58776398124821,45.600196838378906,3138900
2014-04-11,45.40751630405058,45.50696017400298,44.74871726172242,44.81086730957031,2326100
2014-04-14,45.152688306962304,45.93579198939038,45.053244462069564,45.395076751708984,1852700
2014-04-15,45.494525803298195,45.68098068237305,45.30807566596789,45.68098068237305,2037600
2014-04-16,46.04766716714476,46.314916619340764,45.966872585502,45.99173355102539,2745900
2014-04-17,45.94822921384005,46.277628717338814,45.749346226345835,45.942012786865234,2176800
2014-04-21,46.103606202837035,46.45786666870117,45.96065683441196,46.45786666870117,1915400
2014-04-22,46.37708395141091,46.78106171066583,46.30871746316102,46.61947250366211,1697900
2014-04-23,46.5137992897775,46.59459861262261,46.04145517323453,46.520015716552734,3159000
2014-04-24,46.49514583308056,46.63809517102632,45.44479751325752,45.89228057861328,4182600
2014-04-25,45.68720971771675,45.72449880712452,45.14649421257473,45.23350524902344,1935200
2014-04-28,45.45101984470758,45.45723627174675,44.30744384021447,44.580909729003906,2530000
2014-04-29,44.761156036545835,45.05326654692983,44.469050267907676,44.624427795410156,2174200
2014-04-30,44.643070698309685,45.233503384407975,44.462832204025474,45.202430725097656,2586000
2014-05-01,45.28322167898217,45.73692135065312,45.140272284092184,45.705848693847656,1842000
2014-05-02,45.618831352033624,47.01722874179235,45.58775395778558,46.34599685668945,3503300
2014-05-05,46.14712368529894,47.545521372732246,46.12226271295732,47.520660400390625,2591100
2014-05-06,47.371489128278455,47.74439414977682,47.32176719428011,47.6698112487793,2502900
2014-05-07,47.86869006745294,48.365899880575654,47.85626195590976,48.291316986083984,3237300
2014-05-08,48.21674858963296,48.44670426279305,47.89977715108683,47.98057174682617,1911300
2014-05-09,47.98679140039078,48.16702988768966,47.75061928345371,48.005435943603516,2207100
2014-05-12,48.11731075211773,48.23539918834909,47.79412758683421,48.067588806152344,1661600
2014-05-13,48.05516306681996,48.22918514455831,47.86870813110259,47.999229431152344,2123500
2014-05-14,48.061369907988215,48.17324189875196,47.82519307096196,48.03029251098633,1820300
2014-05-15,47.81897147261957,47.91219416081114,47.327978100586414,47.744388580322266,1639900
2014-05-16,47.71331864372956,48.117301075399645,47.4895794153723,47.73196792602539,1579900
2014-05-19,47.69467351795785,47.781684533958256,47.346629453956226,47.464717864990234,1485100
2014-05-20,47.402558655425835,47.6449518822504,46.992364581345484,47.19746398925781,1105000
2014-05-21,47.30934444901839,47.72575502457198,47.26583893727018,47.58280563354492,1711400
2014-05-22,47.626330173633306,47.74441864202102,47.40880252798256,47.477169036865234,1599200
2014-05-23,47.5020136119833,47.607669183133495,46.94887004332007,47.234764099121094,1722300
2014-05-27,47.3404110889,47.669810599096635,47.0855944786844,47.49578857421875,1173600
2014-05-28,47.290692311065925,47.67603020739627,47.23475868865637,47.6138801574707,839300
2014-05-29,47.65738583710853,47.79411879248093,47.253403398529564,47.62630844116211,1217500
2014-05-30,47.551724550110656,47.76303564351037,47.495786192493824,47.68845748901367,2073700
2014-06-02,47.75682858811796,47.924638952153835,47.346634432660174,47.415000915527344,2014500
2014-06-03,47.42743340070788,47.50201631845796,46.8618616851099,46.99237823486328,1786800
2014-06-04,47.01722169553004,47.315543771926706,46.868060657331704,46.90534973144531,1878500
2014-06-05,47.017250559754785,47.14155071093816,46.60705152570537,47.08561706542969,2907700
2014-06-06,47.25339818928873,47.340409198252694,46.97372062358235,47.172603607177734,1567700
2014-06-09,47.017230157442405,47.25961866629247,46.96129179446059,47.0918083190918,1375200
2014-06-10,46.86809081912271,47.04832462115656,46.60705290710573,46.84944152832031,1494900
2014-06-11,46.681619570591145,46.824564224679726,46.38329266446817,46.51380920410156,959900
2014-06-12,46.36464415960823,46.520021656618816,45.948233605638656,46.209266662597656,2125800
2014-06-13,46.04766150576068,46.22789992733736,45.38264617044023,45.867427825927734,2095200
2014-06-16,45.736916893102084,45.87364984660678,45.21485078889666,45.531822204589844,2425700
2014-06-17,45.51317766397463,45.730705207393555,45.2521398701271,45.531822204589844,1667800
2014-06-18,45.23207183203961,46.02517661104821,45.23207183203961,45.95648193359375,1770800
2014-06-19,46.1438161098809,46.23124480313839,45.918998108788394,46.20626449584961,1355700
2014-06-20,46.249980988451405,46.562227697289465,45.937734279613345,46.23124694824219,1690200
2014-06-23,46.20004031649918,46.29995681861452,45.98146373688718,46.249996185302734,993800
2014-06-24,46.07513745041822,46.96191722672606,46.07513745041822,46.34366989135742,1251600
2014-06-25,46.287449417918175,46.78704124569794,46.043897389417964,46.51850891113281,1271800
2014-06-26,46.518525520770865,46.68714145578756,46.28121967518238,46.4061164855957,698800
2014-06-27,46.28745245223894,46.780802809223154,46.143816874076336,46.362388610839844,1740900
2014-06-30,46.249976399840165,46.506020962647554,46.1937742847885,46.3748779296875,1860700
2014-07-01,46.54350313912257,46.74958715242161,46.28746326325728,46.63093185424805,1822200
2014-07-02,46.43733079523001,46.52475949231006,46.018921349988815,46.268714904785156,1405100
2014-07-03,47.18048063845499,47.18048063845499,45.92524750753497,46.312435150146484,823300
2014-07-07,46.243746715554224,46.506032848508575,46.14382546613881,46.162559509277344,1342600
2014-07-08,46.21252006907414,46.4623184277544,45.950233936488196,46.18129348754883,953100
2014-07-09,46.20002928940979,46.48104944682488,46.10010804663557,46.31867980957031,1724700
2014-07-10,46.012670815710266,46.78704124569794,45.94397616515828,46.51850891113281,2965800
2014-07-11,46.524774643941974,46.762080504084096,46.487306551421696,46.587223052978516,1397100
2014-07-14,46.70585239340262,46.98063095777607,46.680872090777264,46.74332046508789,984900
2014-07-15,46.83075884634377,46.83075884634377,46.037654322789116,46.30618667602539,1886000
2014-07-16,46.52476748889023,46.662156826346404,46.1937866838408,46.637176513671875,2505000
2014-07-17,46.46857310768487,46.6434305610577,46.11260716609384,46.15632629394531,1393700
2014-07-18,46.38113466356531,47.07432289720396,46.28746444105287,46.83701705932617,2162600
2014-07-21,46.60595318558592,47.00562868726755,46.499790422687816,46.88697814941406,1701500
2014-07-22,47.11178409518244,47.59888818976782,46.96814851535277,47.174232482910156,1908100
2014-07-23,47.12427475379081,47.96733995102815,47.12427475379081,47.83619689941406,2461300
2014-07-24,47.77373831332413,47.77373831332413,45.869031808101674,46.10634231567383,5461400
2014-07-25,45.74414611223411,46.40610765761191,45.59426901534814,45.71916580200195,5582300
2014-07-28,45.769136856043474,46.849508123951736,45.694195908263374,46.80579376220703,2529800
2014-07-29,46.95566663985856,47.26791338221271,46.39362155071967,46.45606994628906,2034300
2014-07-30,46.67463829123139,46.99313127914532,46.168800130343904,46.52476119995117,1822700
2014-07-31,46.39988068194485,46.66216687474786,46.06265353498019,46.3249397277832,2825400
2014-08-01,46.362404001010106,46.84950825163811,45.84407792876969,45.88154602050781,1708000
2014-08-04,45.99395179420753,45.99395179420753,45.29451728954465,45.631744384765625,1710400
2014-08-05,45.34446572344386,45.71291453897279,45.34446572344386,45.49434280395508,1611500
2014-08-06,46.1625450494597,47.992310666789365,46.1625450494597,47.4365119934082,4620000
2014-08-07,47.56142302367797,47.961098447027624,47.35533904349574,47.83619689941406,3341100
2014-08-08,47.89241027169442,48.36702192336871,47.68632626360802,48.35453414916992,2739400
2014-08-11,48.36701486003037,49.060202957266775,48.26085211906796,48.56685256958008,2105700
2014-08-12,48.4481936648439,48.64803133978101,48.223375684976396,48.41072082519531,2017400
2014-08-13,48.4232258061028,48.53563482492896,48.079752480659735,48.491920471191406,2200600
2014-08-14,48.648044794666056,48.83538998670017,48.43571452628529,48.77294158935547,1115200
2014-08-15,48.816641878641775,49.15386884454836,48.59807016865767,48.997745513916016,2420400
2014-08-18,49.27254152966161,49.31625588712152,48.93531444446758,49.04147720336914,1804100
2014-08-19,49.078948254904375,49.166381739611396,48.8229083641807,48.92282485961914,1040100
2014-08-20,48.866605165299006,49.128891231650435,48.34827453571914,49.053955078125,902400
2014-08-21,49.022740030288695,50.284214811118,48.954045363735354,49.95948028564453,4409400
2014-08-22,49.86579843732308,50.115596757238684,49.45987676302355,49.63473892211914,2151200
2014-08-25,49.77211725448851,49.86579220831876,49.309993517300335,49.684688568115234,1426100
2014-08-26,49.75338924555233,49.89077855921753,49.503590926570745,49.690940856933594,1478500
2014-08-27,49.765880523327134,50.071880954974375,49.67845182857078,49.78461456298828,1630200
2014-08-28,49.72217373161753,49.9157651902091,49.491109423502856,49.8033561706543,907200
2014-08-29,49.92825059970622,49.92825059970622,49.59726982571815,49.65347671508789,991200
2014-09-02,49.81583548365722,49.83457428748988,49.47236697882815,49.665958404541016,1180000
2014-09-03,49.70342433671372,50.14057254830819,49.65970999200489,49.94073486328125,1147900
2014-09-04,49.92200693919244,50.365396708261365,49.83457823906656,50.109352111816406,1145900
2014-09-05,50.06565242760263,50.4341061413567,49.91577529269823,50.35916519165039,1267600
2014-09-08,50.40286004860774,50.583963700263034,50.07812558790244,50.29045104980469,791000
2014-09-09,50.16556300533358,50.16556300533358,49.44739454165,49.77212905883789,1320000
2014-09-10,49.61600269703626,49.95947600034137,49.37869690125713,49.909515380859375,1643700
2014-09-11,49.853318473578625,50.290462028518085,49.67846105160284,50.240501403808594,1896300
2014-09-12,50.11560207774391,50.14682865773852,48.97277785884447,49.20384216308594,3436500
2014-09-15,49.24132228719389,49.359977602776546,48.722991425395094,48.95405578613281,1151500
2014-09-16,48.835369120450636,49.49733519008184,48.766674483370934,49.472354888916016,1553500
2014-09-17,49.64173565369096,50.2062749281434,49.5037366326414,50.005550384521484,3432700
2014-09-18,50.24390794002085,50.58890548341254,49.89264119449511,50.294090270996094,3052700
2014-09-19,50.488541702519804,50.639088698072676,49.98045875306792,50.01809310913086,2890000
2014-09-22,49.817362557818925,49.94908757379953,49.252823356723454,49.290462493896484,1702500
2014-09-23,49.29671586124241,50.0996184591575,49.20263001265527,49.79225540161133,2296800
2014-09-24,49.76718362343576,50.16863747152207,49.65428056117282,50.02436447143555,2328200
2014-09-25,49.786011170044794,49.94282737719866,49.17128953231525,49.52255630493164,3847100
2014-09-26,49.71072759754582,50.137267786023315,49.47863793513972,50.05572509765625,1872500
2014-09-29,49.75463808291789,50.14354393749793,49.6040958880305,50.06199645996094,1251700
2014-09-30,50.09962631360523,50.6767086084388,50.03062682339152,50.51361846923828,2462800
2014-10-01,50.664186667828524,50.70809502182955,49.8738362958101,50.16865158081055,2787500
2014-10-02,50.21256755074769,50.526200065653924,49.77975314876834,50.494834899902344,2273400
2014-10-03,50.63908209285665,51.09698265073034,50.43835757728531,50.94016647338867,3001200
2014-10-06,51.10953637176193,51.2287134257002,50.808447171724765,50.96526336669922,1995100
2014-10-07,50.87116299116909,51.08443546420036,50.59516979488982,50.61398696899414,2280500
2014-10-08,50.80844935317712,51.228715625196614,50.48854296171196,51.1220817565918,3698200
2014-10-09,51.172274074333615,51.285181953019304,50.16865114471175,50.50736999511719,4145600
2014-10-10,50.52620085103136,50.78337702871276,49.71075438533895,49.76093673706055,2346300
2014-10-13,49.78600915923327,50.01182487126641,49.202652700756076,49.22146987915039,2057400
2014-10-14,50.030650210520456,51.45453944054246,50.024376221482065,50.683006286621094,4050900
2014-10-15,50.29407283872319,50.67043061928834,48.851362429966485,49.89262390136719,5851100
2014-10-16,49.40337690951528,49.94909422183211,49.10856168827943,49.71073532104492,2425400
2014-10-17,50.0494438776058,50.88997615909376,50.01807873280137,50.70806884765625,2202700
2014-10-20,50.54499851213122,51.755619762277774,50.463451025670444,51.7242546081543,1966700
2014-10-21,52.13197383207056,53.26732149983327,52.02533997296969,53.016414642333984,7060100
2014-10-22,53.02268285945349,53.25477251487119,52.38914418998606,52.420509338378906,3538200
2014-10-23,52.658855105331085,53.097943145436275,52.30758850176577,52.872127532958984,4482400
2014-10-24,52.884692271957086,53.27987214767959,52.74669325412704,53.16069030761719,1587300
2014-10-27,53.20460576360491,53.20460576360491,52.671431584425584,52.94742965698242,2052600
2014-10-28,53.261069026459765,53.29870339192743,52.18844175411361,52.40171432495117,3509700
2014-10-29,52.40170367430916,52.86587830145673,51.71171332894909,51.74934768676758,3540900
2014-10-30,51.49217586666862,52.37662171611338,51.49217586666862,52.213531494140625,3887300
2014-10-31,51.11580567159917,51.68034493171642,47.772488025447394,49.00192642211914,27304700
2014-11-03,49.37202359281239,50.06828806949595,49.10229947314532,49.54765701293945,5068400
2014-11-04,49.52254677925509,49.66054578071048,48.73219669289227,49.02701187133789,4830700
2014-11-05,49.64800054642733,49.811090703758815,49.09600456335147,49.76717758178711,8780700
2014-11-06,49.82364446828153,50.206276388447975,49.77346213450379,50.09336853027344,4319700
2014-11-07,50.05572509765625,50.18117612370556,49.59154577284406,50.05572509765625,2793100
2014-11-10,49.685644735367816,50.18745849469458,49.52255454573901,50.124732971191406,3299300
2014-11-11,50.237638396262575,50.237638396262575,49.80482891385356,49.936553955078125,2158600
2014-11-12,49.68564108611925,50.576355897136,49.47864256667652,50.5010871887207,4824800
2014-11-13,50.5387200477761,50.95898627616266,50.26899601741679,50.312904357910156,3152900
2014-11-14,50.287824172663136,50.46345757298041,50.1310079530011,50.42582321166992,1615600
2014-11-17,50.2125537485765,50.369369962924765,50.09337189426346,50.25646209716797,1537800
2014-11-18,50.30037620556978,50.63909984162684,49.76719718721139,50.50736999511719,1640500
2014-11-19,50.444639011229356,50.808453779440875,50.35054832487795,50.664180755615234,1961000
2014-11-20,50.789639707308076,51.01545545410952,50.55754997152565,50.79591369628906,3473800
2014-11-21,51.28517485034993,51.34162638904879,50.94017727279818,51.247535705566406,2810800
2014-11-24,51.37925775101049,51.66152497304944,51.266349905064864,51.54234313964844,5980900
2014-11-25,51.542339622557456,51.78697247447161,51.291432783616045,51.67406463623047,2860000
2014-11-26,51.78697941711297,51.962612792222664,51.52352935444843,51.755619049072266,2255800
2014-11-28,51.72425543622329,52.426793743240914,51.72425543622329,52.11943054199219,1355000
2014-12-01,51.94379220937172,52.18215587623927,51.52979996455741,51.592525482177734,3145100
2014-12-02,50.626545589849734,50.94017801559703,49.92400723334143,50.21882247924805,5064200
2014-12-03,50.25643386280789,50.43834114353343,49.955344794726344,50.11843490600586,1951100
2014-12-04,50.16865564871297,50.269015557859376,50.011839402329414,50.14983367919922,1785200
2014-12-05,50.13727125977324,50.231361928654216,49.58528000700185,49.72327423095703,3138000
2014-12-08,49.892650811897894,50.21882645481025,49.535110009667385,49.64801788330078,2230200
2014-12-09,49.30929472425095,49.72328707435007,49.058387804309824,49.53511047363281,2606800
2014-12-10,49.05838505527545,49.196384092792734,48.44993736384991,48.58793640136719,2967100
2014-12-11,48.60674774093003,48.65065608525913,48.04848245489562,48.18648147583008,3434500
2014-12-12,48.02967256437267,48.16767160624608,47.54668070346705,47.578041076660156,4770100
2014-12-15,47.75993286901517,47.91047505386181,47.23303282922702,47.496482849121094,3566100
2014-12-16,47.41494079682513,48.17393536596516,46.96958339257829,47.33967208862305,2591200
2014-12-17,47.56163217034586,48.100663033965894,47.212844932475555,47.63138961791992,4307600
2014-12-18,47.95482353014621,48.79824636696452,47.885066062994355,48.53190231323242,5421000
2014-12-19,48.785559656612904,49.147027926543835,48.51287272749166,49.020198822021484,5889500
2014-12-22,49.1470195223428,49.88897981718487,48.994823655297616,49.64800262451172,3296000
2014-12-23,49.90166769120712,50.4026508140854,49.73044310026135,50.21240234375,2430300
2014-12-24,50.27580823411007,50.50410442392944,50.104588510854924,50.12995529174805,753200
2014-12-26,50.16800304397836,50.326541795896325,50.08556463473977,50.12995529174805,735900
2014-12-29,50.041179741768595,50.529477025104626,49.93336970099993,50.13629913330078,1225300
2014-12-30,50.18703458093707,50.20605845995615,49.743127943093754,50.04751968383789,1369500
2014-12-31,50.218736568393126,50.38361338674761,49.819215817397165,49.907997131347656,1548900
2015-01-02,50.00947860979543,50.68802446874354,49.92069727036073,50.42168045043945,2133900
2015-01-05,50.15532679669707,50.30118460508611,49.93971637532681,50.0982551574707,2962900
2015-01-06,50.26313779643506,50.68167767333828,49.82556920121009,50.00313186645508,4014400
2015-01-07,50.32020117861388,51.157285633264834,50.142638542508976,51.04948043823242,4292400
2015-01-08,51.315816226738185,52.20363410420726,51.17630136679356,51.8548469543457,5096600
2015-01-09,51.96899492929527,52.07680494516939,51.65191746215322,51.759727478027344,1933800
2015-01-12,51.94997874428174,52.07046974785891,51.55680572329333,51.69631576538086,2512500
2015-01-13,52.06413348680609,52.14023384165323,50.72606581961589,51.575836181640625,4029500
2015-01-14,51.328513294927916,51.873887046232554,51.0368025411495,51.77876281738281,4040100
2015-01-15,51.91193292500098,52.133886225476886,51.715346407182196,51.766075134277344,2609800
2015-01-16,51.8231518240363,52.47633075600811,51.79778504127188,52.400230407714844,4539200
2015-01-20,52.55875742344566,52.67924840508987,51.810454432922,52.00704574584961,3330800
2015-01-21,51.77877329576652,51.9056024010862,51.46803860097915,51.59486770629883,3801700
2015-01-22,53.11684330980276,54.19490526328813,52.856837343693925,54.06173324584961,6469200
2015-01-23,54.194895930101396,55.68515949323346,54.194895930101396,55.063690185546875,5424000
2015-01-26,55.13343274374424,55.945150303310676,54.714888155595,55.837345123291016,4765200
2015-01-27,55.54563331394742,56.02759246158826,55.36173262427389,55.678810119628906,2777100
2015-01-28,56.09102422392296,56.306639502874084,55.253939572565855,55.27296829223633,3545200
2015-01-29,55.26661099496837,55.28563487146516,54.31537846437758,55.019290924072266,3046600
2015-01-30,54.905154216912315,55.53296646264021,54.64514828226772,54.86076354980469,3608500
2015-02-02,54.91147411257949,54.98757444738796,53.915851047038686,54.765621185302734,4003000
2015-02-03,54.72123556262035,55.70417291026455,54.31537674944025,55.32368087768555,3468600
2015-02-04,55.031985251896906,55.48857775151025,54.48661141493875,54.70856475830078,3071900
2015-02-05,54.873444539542824,55.28564635607016,54.67051508439058,55.00027847290039,4424200
2015-02-06,55.31100833219834,56.35102230417835,54.67051032955303,54.95588302612305,6463100
2015-02-09,54.68953031963337,55.13977982588356,54.36611472669111,54.6578254699707,3888600
2015-02-10,54.90514770209067,55.393444982335254,54.74026602744658,55.279296875,5152400
2015-02-11,55.374429683383106,55.456868114367815,54.70222674616314,55.285648345947266,2239300
2015-02-12,55.36172692325826,55.64075180044871,55.057330430247255,55.54562759399414,1873100
2015-02-13,55.545623905727886,55.81197263375858,55.190498719310696,55.80562973022461,2788600
2015-02-17,56.091013718732164,56.71883071833229,55.53295900175125,55.55198287963867,4077300
2015-02-18,55.72953901019513,55.957835194597905,55.42514732313719,55.93246841430664,4116300
2015-02-19,55.7993106323468,55.99590202002906,55.53296662890359,55.672481536865234,2800100
2015-02-20,55.62809665318432,56.44615746728649,55.59004888822806,56.25590896606445,3217600
2015-02-23,56.389080915053526,56.46518128309656,55.342723836008496,55.742244720458984,3377300
2015-02-24,55.621731495477476,55.74856539162724,54.404155121750314,55.05099105834961,3752200
2015-02-25,55.05100433516249,55.77394078380435,54.81637003758023,54.9051513671875,3061300
2015-02-26,54.87977880438447,54.87977880438447,54.04269432891146,54.59440612792969,2773100
2015-02-27,54.74027921681116,54.82906056188337,54.35344413975923,54.73393630981445,2590700
2015-03-02,54.917820861839004,55.494904221884035,54.632453053208806,54.78464889526367,3098200
2015-03-03,54.63245680202635,54.89245784845195,54.53098967488148,54.72758102416992,2192700
2015-03-04,54.66416443778689,54.70221703151588,54.27099139560091,54.423187255859375,1896900
2015-03-05,54.683193224271335,54.82904617939318,54.48026379759199,54.70221710205078,1181700
2015-03-06,54.34708288511533,54.47391679112807,53.84610468057614,53.92854309082031,2772400
2015-03-09,54.074406623892415,54.347093527444244,53.81440553253541,54.22026443481445,1412600
2015-03-10,54.03636354559801,54.16953555586358,53.62416170150731,53.6305046081543,1689300
2015-03-11,53.56707586839986,54.07439698672374,53.402194206790625,53.85244369506836,1688900
2015-03-12,54.144158479792665,54.53733636745651,53.88415741531019,54.5056266784668,1225800
2015-03-13,54.32171992082626,54.32171992082626,53.50999745226239,53.84610366821289,1410300
2015-03-16,54.01099019635974,54.51197331977163,53.85245141698457,54.4105110168457,1448600
2015-03-17,54.16318425593459,54.39147561903482,53.9856167807382,54.23293685913086,1462200
2015-03-18,54.29697851084748,55.699220220368304,54.085680141926666,55.34706115722656,3416200
2015-03-19,54.969295501708984,55.31505520379872,54.73238960430236,54.969295501708984,2232800
2015-03-20,55.25101647081697,55.90411475252181,55.071734781135625,55.57756805419922,2907500
2015-03-23,55.59677098893722,55.59677098893722,55.225399017333984,55.225399017333984,1720100
2015-03-24,55.231818091692226,55.558364847219075,54.943682567034955,54.962890625,1865400
2015-03-25,54.95647483045108,55.135756498151316,54.168910492986114,54.194522857666016,1451100
2015-03-26,53.94479426153395,54.482639123586786,53.727096546433835,54.17530059814453,2320300
2015-03-27,54.17531068614261,54.46984552997759,53.69508987629149,54.303367614746094,2903600
2015-03-30,54.328977733279785,54.51466369162569,53.95760581658797,54.03444290161133,1548100
2015-03-31,53.79114447044756,54.0792750529811,52.849910736083984,52.849910736083984,3336100
2015-04-01,53.067603599378856,53.73351043042572,53.04839554700255,53.60545349121094,2067900
2015-04-02,53.63106861718829,54.021648652478675,53.49660735857249,53.88078308105469,1164700
2015-04-06,53.77833305429675,54.46344796583165,53.70790026932089,54.38661575317383,1294600
2015-04-07,54.96287186108508,55.18057450884143,54.69394937126151,54.85402297973633,1951200
2015-04-08,54.809198873170835,54.975676782588245,54.290561979863305,54.66193389892578,1952700
2015-04-09,54.59150078131899,54.70034965465085,54.15610040293305,54.51466369628906,2270400
2015-04-10,54.58510294772626,54.873233501931104,54.07286542351869,54.226539611816406,1022300
2015-04-13,54.20732818100985,55.79525561397759,54.03444595121478,54.425025939941406,2511200
2015-04-14,54.37380826766377,54.7964049863789,54.17531853405725,54.674747467041016,2251900
2015-04-15,54.95008744354743,55.12936916646939,54.80281752254121,54.969295501708984,1737100
2015-04-16,54.70036281254021,55.14856703704844,54.2905746972585,55.065330505371094,1799900
2015-04-17,54.809221276219105,55.12296428812276,54.2073476247187,54.962890625,3756600
2015-04-20,55.18057123744098,55.40467329900798,54.9244525020536,55.34064483642578,1883300
2015-04-21,55.41111405715324,55.41751837314144,54.79643161895451,54.93089294433594,2419200
2015-04-22,55.11013022494258,55.122933961521625,54.59789283073964,55.0781135559082,2795200
2015-04-23,54.80921738165017,55.66721469525304,54.565907189614215,55.47512435913086,3877600
2015-04-24,55.88489676063066,56.000149952797486,55.02050026190887,55.05251693725586,1878400
2015-04-27,55.06532036276425,55.14855687911006,54.27135664628038,54.425025939941406,1843400
2015-04-28,54.30336294224631,54.96286534941931,54.27135115537922,54.866825103759766,1986100
2015-04-29,54.42501384456923,54.719548627403505,54.00882158521687,54.16249084472656,1526000
2015-04-30,53.89358322734164,53.89358322734164,53.291709760114756,53.483795166015625,2754300
2015-05-01,53.52221076580535,53.88077897988082,53.15724312446813,53.25328826904297,1789400
2015-05-04,53.42614637760277,53.47736619785932,53.11239872135125,53.22125244140625,1731600
2015-05-05,53.21488273716976,53.426181120200205,52.18400807638966,52.26084518432617,2439900
2015-05-06,52.50412922629049,52.721826929474325,52.26081916654545,52.542545318603516,2192900
2015-05-07,52.67061611821295,53.16364063250968,52.4913344766505,52.894718170166016,1568700
2015-05-08,53.24689765990437,53.72711857724813,53.240493346523046,53.57344436645508,1426500
2015-05-11,53.27249017533796,53.502996541702366,52.78586996639835,52.95234298706055,1645600
2015-05-12,52.66422634487513,53.22128435784363,52.049544167664905,53.112430572509766,1294100
2015-05-13,53.29810585659229,53.477387511585896,52.510546460004804,52.721839904785156,1907600
2015-05-14,53.08044202662094,53.30454423859968,52.766698929850705,53.003604888916016,2691700
2015-05-15,53.04199781285763,53.675892930246796,52.990777961854825,53.65668487548828,2449300
2015-05-18,53.515813554651,53.71430327928194,53.3749479881158,53.522212982177734,1593500
2015-05-19,53.39416200018814,54.284171031657976,53.3493415772026,53.77193832397461,2740900
2015-05-20,53.66947142967437,53.810336966205135,53.06119376017313,53.073997497558594,2049100
2015-05-21,53.02917916414867,53.202056493436835,52.478525618922205,52.555362701416016,3049600
2015-05-22,52.55535393941287,52.81147261996725,52.32484761541967,52.542545318603516,1604600
2015-05-26,52.5361604094362,52.61939692746588,52.055939582604275,52.452919006347656,2192500
2015-05-27,52.52975886426339,52.651416376687955,52.2416234219514,52.472129821777344,2060600
2015-05-28,52.2992534420683,52.8050866686386,52.2544330237676,52.677024841308594,1641400
2015-05-29,52.73464410323891,52.79226825105442,52.15197388834881,52.216007232666016,3116000
2015-06-01,52.248015737538964,52.894714371062264,52.228807689473776,52.67061233520508,1659800
2015-06-02,52.45933747709031,52.98437886073079,52.235235341096235,52.7282600402832,1458700
2015-06-03,52.63859357989848,52.82427951226976,52.113552451663686,52.48492431640625,2251600
2015-06-04,52.63861490023307,54.930870584768286,52.51695737128686,53.57344436645508,4943100
2015-06-05,53.33015661783466,53.40699375553959,52.87554787780297,53.003604888916016,2092200
2015-06-08,53.054790628172235,53.24047657726646,52.81787995828134,52.88190841674805,1448000
2015-06-09,52.74107041079217,53.061217725665124,52.41451878180486,52.491355895996094,1731300
2015-06-10,52.65780371312295,52.92673104120957,52.2928361447104,52.67061233520508,2226500
2015-06-11,52.95876666721352,53.46459999589689,52.90754192594072,53.099632263183594,2201900
2015-06-12,53.04838812055545,53.27249017533796,52.84989842704215,52.95234298706055,1168500
2015-06-15,52.830692471964475,53.157239099712164,52.587377472789406,52.9139289855957,1802400
2015-06-16,52.90754192594072,53.272509658654016,52.76027690110669,53.099632263183594,1930000
2015-06-17,53.12548827740731,53.59756835952047,52.91207977976174,53.41649627685547,2081100
2015-06-18,53.81744780578277,54.179591989139105,53.6363757141046,53.99851989746094,4144000
2015-06-19,53.99205172045434,54.050256283648075,53.455303714581426,53.539371490478516,3288300
2015-06-22,53.668695275066,53.992039633763085,53.397087197882854,53.455291748046875,2142000
2015-06-23,53.33890118901011,53.61050933548403,53.06082477223597,53.558773040771484,1767200
2015-06-24,53.46176383377135,53.5652364137362,53.067283256882675,53.16428756713867,1544200
2015-06-25,53.267766198692385,53.35183397908138,52.97675323486328,52.97675323486328,1133100
2015-06-26,53.03495115509742,53.144887069639815,52.5952025630837,52.73100662231445,1901700
2015-06-29,52.65986254632923,52.87973434238076,51.97437408352931,52.03257369995117,1567300
2015-06-30,52.439987427559075,52.48526037573595,51.80623522689216,51.929107666015625,1511000
2015-07-01,51.87736337349746,52.459384134956544,51.87736337349746,52.42704772949219,1356700
2015-07-02,52.549938581711615,52.83447832746162,52.187789462088304,52.45293426513672,1082700
2015-07-06,52.278320557489664,52.55639694061861,51.9614444249431,52.22658920288086,1435300
2015-07-07,52.485270748661826,52.97028739830836,52.38179816182521,52.802146911621094,1580300
2015-07-08,52.549937734964914,52.873282162441456,52.058452823724124,52.07138442993164,1108400
2015-07-09,52.5628580292316,52.679262195425835,52.01964187622071,52.0196418762207,1314600
2015-07-10,52.39472907443505,52.78274633608966,52.14898908471897,52.60166931152344,1212000
2015-07-13,52.931478167412486,53.04141408110556,52.22012146243299,52.3106575012207,1552000
2015-07-14,52.22011664467589,52.899141806781884,52.20718504054673,52.72453308105469,1554400
2015-07-15,52.692192315241705,52.692192315241705,52.16837116424282,52.536983489990234,1635100
2015-07-16,52.88622164053705,53.08023029943811,52.711617794602226,52.82802200317383,2030500
2015-07-17,52.82800821383505,52.82800821383505,52.27831880171217,52.43999099731445,1847000
2015-07-20,52.49174509258077,53.08023445247133,52.29774135234588,53.022029876708984,1698100
2015-07-21,52.71807468154077,52.90561504650699,52.1037222265971,52.245994567871094,2051100
2015-07-22,52.278313278004944,52.601657635045086,52.00024186744003,52.12957763671875,2657400
2015-07-23,52.62752201252646,54.528788274801876,52.62752201252646,53.843299865722656,4500200
2015-07-24,53.67517679360881,53.82391740621766,53.235428159873656,53.30656433105469,2819400
2015-07-27,53.39062499999999,53.62990162882634,53.15135330501758,53.390625,2202600
2015-07-28,53.50703263258207,53.67517311054933,53.002616132524516,53.196624755859375,1918200
2015-07-29,53.22896954365198,53.351842031403336,52.64695339584032,53.106101989746094,1682500
2015-07-30,53.00262525501956,53.034961675755675,52.41414088161409,52.68574905395508,1882200
2015-07-31,53.002622622980795,53.422971402450806,52.67280989646188,52.97029113769531,1351600
2015-08-03,53.080211217969236,53.19661538469544,52.67279416750583,52.950870513916016,1295800
2015-08-04,53.00907302898832,53.487621281003555,52.840932587096354,53.028472900390625,1292400
2015-08-05,53.144887009604425,53.60403547615469,53.034951095186216,53.190155029296875,1699200
2015-08-06,53.306575385063994,53.46824763784729,52.95736272699059,53.05436706542969,1777500
2015-08-07,52.87973585334946,53.34535253340223,52.87973585334946,53.248348236083984,1615100
2015-08-10,53.57169229965321,54.08904525984341,53.39062024373968,54.030845642089844,1536700
2015-08-11,53.843299113385186,54.80039556546108,53.791562836558676,54.43825149536133,2002100
2015-08-12,54.28952561334804,54.968550862242864,54.11492179914768,54.936214447021484,2049200
2015-08-13,54.87801215377618,55.28542432301083,54.74220809736463,54.871543884277344,1856000
2015-08-14,54.7551531145539,55.97739485548463,54.56114938666447,55.660518646240234,2348400
2015-08-17,55.55704964486804,55.93859375425255,55.31130468805554,55.835121154785156,1881200
2015-08-18,55.77044535072333,55.89978608174472,55.07202513858543,55.18196105957031,1699500
2015-08-19,55.03967997532031,55.54409641152956,54.755135346138225,55.246620178222656,1192900
2015-08-20,54.99440717089745,55.32421978655989,54.50292238161426,54.574058532714844,2206100
2015-08-21,54.574066990926774,54.645203153052464,53.429429995180215,53.461761474609375,3142900
2015-08-24,52.187798192260175,52.98322780062339,50.64221194017402,51.689849853515625,4838100
2015-08-25,52.59518229278935,52.957326311166945,51.411741032079725,51.4311408996582,3750600
2015-08-26,52.19425258749172,52.93147742664234,51.573431929988246,52.79567337036133,3470300
2015-08-27,53.190159771895445,54.78101380644641,53.07375557747247,54.33479690551758,2994800
2015-08-28,54.192523180976956,54.32185896688433,53.80450595556689,54.160186767578125,2037200
2015-08-31,54.03732316695868,54.45767194076405,53.720446985900075,53.92738723754883,2433700
2015-09-01,53.028484259573624,53.39062842690641,52.38826369694053,52.67927169799805,2032400
2015-09-02,53.19015906133683,53.51350349332064,52.67280599662494,53.20309066772461,1585400
2015-09-03,53.35182440492437,53.54583301266164,53.015548409869474,53.23542022705078,2024000
2015-09-04,52.5822728995555,52.82801783930674,52.18779227570248,52.40766906738281,1843600
2015-09-08,53.19662506375719,53.34536073317644,52.81507608468205,53.26776123046875,1498300
2015-09-09,53.81098588247672,53.90799020984399,52.16839538961822,52.25246810913086,2042400
2015-09-10,52.0584480508865,52.284788142599815,51.11428300127952,51.27595520019531,3225000
2015-09-11,51.15954913390708,51.21128541977571,50.338251630734824,50.84913635253906,3486700
2015-09-14,50.93320768811934,51.20481578089872,50.68099946856082,50.90087127685547,1775000
2015-09-15,51.043159249439775,51.06902739961704,50.28006608766862,50.68101501464844,4208500
2015-09-16,50.68100842403297,51.32799859939107,50.58297840085408,51.203826904296875,2187900
2015-09-17,51.216902667126575,51.66130113877679,50.56337579623004,50.96855926513672,2306200
2015-09-18,50.09282633108847,51.1450047963434,50.09282633108847,50.589508056640625,2977500
2015-09-21,50.82478463016494,51.10580139556058,50.56990953899384,50.74636459350586,1442300
2015-09-22,50.334614034069766,50.62870398104651,49.935967415033225,50.04706573486328,1594200
2015-09-23,49.94906035398273,50.30850213754197,49.91638201510845,50.210472106933594,1866100
2015-09-24,50.05361989633046,50.21700161159883,49.52426473438551,50.177791595458984,2730400
2015-09-25,50.622178970014545,51.49137070146131,50.282347270553664,51.46522903442383,3189000
2015-09-28,51.14500780243442,51.465234532329525,50.36730932953261,50.69407272338867,3599200
2015-09-29,50.83130847150463,51.190750168893956,50.4849401009367,50.66792678833008,1965600
2015-09-30,51.046969902778876,51.58286158649283,50.83784156245179,51.54365158081055,2400300
2015-10-01,51.56327574169156,52.066489283627774,51.15808725038172,52.01420593261719,2303900
2015-10-02,51.55019713046798,52.26254400347839,51.229970363855955,52.24293899536133,2488700
2015-10-05,52.56969065318059,53.22974904669508,52.36056230341114,53.21014404296875,1985500
2015-10-06,53.14479935392572,53.31471771857667,52.6023709114721,52.77228927612305,2345200
2015-10-07,52.87685571078211,53.151335769772814,52.62197567198927,53.09905242919922,1801100
2015-10-08,52.9748846588371,53.43235644366115,52.6807995718899,53.35393142700195,2838000
2015-10-09,53.30165437113336,53.340869377096645,52.90300254827398,53.059852600097656,1743300
2015-10-12,52.98141159146575,53.33431662258726,52.961806587405654,53.262428283691406,1008500
2015-10-13,53.020635423560975,53.56306394537859,52.92261037770258,53.02717208862305,1691000
2015-10-14,53.05329184033379,53.242815160703316,52.497795203947234,52.5958251953125,1416000
2015-10-15,52.81804246681328,53.164410916924204,52.687339084663115,53.144805908203125,1480700
2015-10-16,53.38008036880829,53.4258270549193,53.02717522480263,53.36701202392578,1176900
2015-10-19,53.2754936909386,53.98784037731617,53.00755034018201,53.955162048339844,1173900
2015-10-20,53.96169437058068,54.40609268444064,53.88980604142594,54.35380935668945,2620300
2015-10-21,54.61523205519567,55.0661671227279,54.2492586589455,54.32767868041992,3712900
2015-10-22,54.73941863482357,56.72614115776055,54.569500232028886,56.7196044921875,5345100
2015-10-23,57.02019865890052,57.02019865890052,55.42559208082388,55.75889205932617,3954300
2015-10-26,55.82426065526335,56.53007082872783,55.6347372761286,56.44511413574219,2022000
2015-10-27,56.327465234494525,56.418958569335,55.79810524176001,56.05951690673828,1604400
2015-10-28,56.28825160732041,56.39935493318609,55.24260990809137,56.19675827026367,1516800
2015-10-29,55.94190895011344,56.1510373859899,55.62168212336843,55.98765563964844,1200500
2015-10-30,56.11834739520305,56.17062574916579,55.673948977430584,55.850399017333984,1629400
2015-11-02,55.922303476892914,57.4842325601484,55.86348844198258,57.34699249267578,2014500
2015-11-03,57.177051628818035,57.51035165380446,56.93524993223117,57.275081634521484,1382200
2015-11-04,57.379655802970795,57.62799419533217,56.948325715906776,57.07902908325195,1343600
2015-11-05,56.04645946073023,56.90911463262052,55.66087605809004,56.556209564208984,2107300
2015-11-06,56.667295982229284,56.667295982229284,54.876634333327154,55.36677932739258,2269900
2015-11-09,55.138076295901016,55.27531637133993,54.5956476743933,54.857059478759766,1502000
2015-11-10,54.785171152644196,55.17074970023761,54.62178939803367,55.111934661865234,1345300
2015-11-11,55.17728761559098,55.60208118439776,55.03351087051647,55.30799102783203,933400
2015-11-12,55.02695511751827,55.44521187483231,54.85050507359453,54.99428176879883,1000700
2015-11-13,55.1053859668244,55.74584449894088,54.62177747482688,54.6740608215332,2216500
2015-11-16,54.67405937380382,55.30797623827839,54.399574303871,55.27530288696289,1360400
2015-11-17,55.164214672899156,55.94190838716821,55.01390127393093,55.45176315307617,1294000
2015-11-18,55.556294848069314,56.164074754724794,55.379839882840166,56.11832809448242,1563500
2015-11-19,56.170637448031044,56.31441416990436,55.76545394385873,56.30134582519531,1233300
2015-11-20,56.47778981194235,57.085569988679666,56.33401310557224,56.8895149230957,2358100
2015-11-23,56.967938420366146,57.36659022645593,56.830698370304596,57.11825180053711,2102600
2015-11-24,56.8568279911593,56.967926343464306,56.34707791727658,56.68037796020508,1652400
2015-11-25,56.64769473243807,56.83068141124774,56.32093138141709,56.432029724121094,864200
2015-11-27,56.47125566959624,56.64770571952514,56.111813919352535,56.249053955078125,741100
2015-11-30,56.32095463567891,56.37976966986046,55.92230278395359,56.14450454711914,2258200
2015-12-01,56.32093180027423,57.0724885104144,56.2751851302316,57.03981018066406,1544000
2015-12-02,56.90258847282435,57.15092690635866,55.987649791675494,56.09221649169922,1432900
2015-12-03,56.00723697855011,56.38628366649213,55.131513581594156,55.39292526245117,2338300
2015-12-04,55.58896855813436,56.072581810815294,55.340630256009696,55.621646881103516,2561500
2015-12-07,55.602048091468944,56.64768972510471,55.45173476944039,56.4908447265625,2911300
2015-12-08,56.275197736801985,56.660776186963936,55.83079927711538,56.1837043762207,2344100
2015-12-09,55.863467264664756,56.62155568132192,55.75236393081597,55.81118392944336,2684200
2015-12-10,55.758897595073144,56.10526594676127,55.55630591450378,55.824249267578125,2168000
2015-12-11,55.20342597316342,55.65436119448476,55.000834200576854,55.432159423828125,2750100
2015-12-14,55.419062837395906,56.16408283192302,55.22300284472552,55.68046951293945,3679700
2015-12-15,56.05953561783444,56.3078790261596,55.804660530564014,56.072608947753906,2492900
2015-12-16,56.234384443493774,56.94094587615771,56.128727949124354,56.769256591796875,2692200
2015-12-17,56.934343793749576,57.06640938001389,56.307019664046166,56.56455612182617,1964400
2015-12-18,56.41268672883774,56.87492140531282,55.983465936122236,56.00988006591797,4156900
2015-12-21,56.34664941802754,56.78907472127584,56.14854597938934,56.74285125732422,2972800
2015-12-22,56.96736312785157,57.62770119838087,56.82209298423804,57.475826263427734,2588400
2015-12-23,57.601298504106474,57.81920626270958,57.33716223897336,57.64752197265625,3048400
2015-12-24,57.54845659713194,57.73995521799424,57.33714864272853,57.409786224365234,675800
2015-12-28,57.21828227361258,57.62108881135681,57.0664023339801,57.502227783203125,1401200
2015-12-29,57.792765387770814,58.20878145018022,57.63428571722232,58.1097297668457,1067500
2015-12-30,58.129570397297506,58.129570397297506,57.409804184247065,57.46262741088867,791000
2015-12-31,57.370169171257935,57.59468673270711,57.066414266456974,57.08622360229492,1093100
2016-01-04,56.5513378333359,56.742836430519986,56.01646574194552,56.386253356933594,2487900
2016-01-05,56.47869526262274,57.56825371805365,56.47869526262274,57.541839599609375,2055200
2016-01-06,57.11923100456545,57.56165620901196,56.894718526361046,57.0598030090332,2143100
2016-01-07,56.412669856621804,56.6437871257355,55.24387393111618,55.64007568359375,2851300
2016-01-08,55.983469952166274,57.1918900276131,54.715621858900995,54.860897064208984,2603000
2016-01-11,55.21746748823536,55.61366929581215,54.959936061411476,55.26369094848633,1440800
2016-01-12,55.60706257220412,55.871198780734574,55.17124211041115,55.50801086425781,1916000
2016-01-13,55.77875752580571,56.65040357585563,54.16092623306011,54.662784576416016,3300700
2016-01-14,54.82785636176967,55.910810141018125,54.34581250433682,55.44197082519531,1857000
2016-01-15,54.66278345611832,54.85428209686862,51.77710937641711,52.245948791503906,6702100
2016-01-19,52.774228043537946,53.74492600929203,52.33180265606575,52.49688720703125,4571500
2016-01-20,52.278957102028556,52.496869846354805,49.994188276795,51.65163803100586,4752400
2016-01-21,51.80352570492625,52.86667052644001,51.52618489183055,52.25255584716797,2475100
2016-01-22,53.08456031977068,54.11468577227228,52.727977269755954,53.89677810668945,2183300
2016-01-25,53.87037780368571,54.266579614878054,53.573222666806934,53.61284637451172,2472200
2016-01-26,54.50431103723673,55.725935596644035,54.27979344841613,55.210872650146484,2952700
2016-01-27,55.05897059798315,55.818360167265084,54.51749373812596,54.933509826660156,1922000
2016-01-28,55.13821292695284,56.76924829506017,55.13821292695284,56.00325393676758,2812900
2016-01-29,56.458889001687496,56.98716132332732,56.10891072974185,56.92112350463867,3165100
2016-02-01,56.53814747711058,57.614496719632754,56.4919240136398,57.33055114746094,2411400
2016-02-02,56.94095921766977,57.350365634329606,56.5711664387117,56.92774963378906,2053400
2016-02-03,56.9937876089542,57.403199100730404,55.745748831968385,57.297542572021484,2453800
2016-02-04,57.119239086037126,57.35035638688188,56.55795277313436,56.93434524536133,1776800
2016-02-05,56.604174366366486,56.87491032757532,55.118413861109225,55.50801086425781,2246200
2016-02-08,55.00615258676108,55.085389915499,52.86005427514522,53.949607849121094,3126100
2016-02-09,53.32230825066144,54.62317527659967,53.025158083651824,54.2797966003418,2383700
2016-02-10,54.444860086978494,54.94671832232625,53.929797309796214,54.03545379638672,1472700
2016-02-11,52.853452450124905,54.167523617860105,52.82043353597932,53.82415008544922,2494700
2016-02-12,54.70901177368229,54.959943481476344,54.24017231698814,54.89390563964844,2030000
2016-02-16,55.58727157308818,55.71273744706905,55.11182724850888,55.46841049194336,1551600
2016-02-17,55.580660825556315,56.12213790654192,55.30332001192521,55.91743469238281,2031600
2016-02-18,55.94380635921489,57.370133059518835,55.74570304957269,56.802242279052734,2890700
2016-02-19,56.52492676714125,56.723030164720825,55.95703573459041,56.43247985839844,2136300
2016-02-22,56.86830817166811,57.779572762710444,56.62398130745624,57.290924072265625,2448300
2016-02-23,56.97396010615334,57.23809630573908,56.68340978281114,57.02018356323242,2372100
2016-02-24,56.729624567395206,57.396562138638785,56.538125994926595,56.98715591430664,1913900
2016-02-25,57.4163956157728,58.281441950127736,56.80888577462359,57.27772521972656,3588800
2016-02-26,56.32024062811724,57.053216367375036,55.84479636070892,56.65040969848633,2797300
2016-02-29,56.6768107493509,57.60128494063924,56.59756837707623,57.11923599243164,2169100
2016-03-01,57.44941578262121,57.951274158712984,57.12585151815808,57.93806457519531,1936500
2016-03-02,57.84560832392736,58.413499412183846,57.621095820094375,58.38048553466797,1575400
2016-03-03,58.40688170568249,58.40688170568249,57.52863618068756,58.03709411621094,2354700
2016-03-04,57.87203725302969,58.04372658916145,57.48244014801658,57.614505767822266,2319100
2016-03-07,57.31732949663933,57.528637414867475,56.6966102827287,56.96734619140625,1841800
2016-03-08,56.7296356749092,57.11923264698834,56.37305257752662,56.4456901550293,3321700
2016-03-09,56.60416721998187,56.78906103121624,55.91081038987445,56.27399826049805,3123400
2016-03-10,57.13242679940304,57.290911505848634,55.7985466003418,56.12871551513672,2293800
2016-03-11,56.61736563618031,56.6966079915554,55.91080434084742,56.64377975463867,2977200
2016-03-14,56.34002341908636,56.551331323035996,55.72590903604869,56.12871551513672,2925100
2016-03-15,55.871208349915634,56.66361207324452,55.68631448367089,56.32684326171875,2969400
2016-03-16,56.27012020525197,56.79725699540691,56.08995688807635,56.72385787963867,2984100
2016-03-17,56.89067644135784,57.9182590311949,56.850637318098265,57.3711051940918,3877800
2016-03-18,57.357744900324185,57.91157265508781,57.31103684213909,57.6646842956543,3649200
2016-03-21,57.47786437183804,57.54458945627789,57.07083473871804,57.3310661315918,2055300
2016-03-22,57.29769166754755,57.5645919379167,57.184253452764686,57.38443374633789,2089000
2016-03-23,57.45116504737111,57.52456415692532,57.11753458241449,57.15757369995117,1837200
2016-03-24,57.137543184127836,57.19759930619309,56.71717069285563,57.104183197021484,2122800
2016-03-28,57.18425454513582,57.577941105804555,57.07749545310805,57.17758560180664,1544900
2016-03-29,57.217623224654396,57.87821010234976,57.18425814272365,57.6847038269043,2174700
2016-03-30,57.90489566381326,58.44537532246824,57.88487865286992,58.00498580932617,2535500
2016-03-31,58.031688273866855,58.28524561370541,57.704731818928174,57.718074798583984,3056500
2016-04-01,57.4711850119808,58.311935252268526,57.371099939991794,58.12510299682617,4645600
2016-04-04,58.285257050372515,58.38534723522112,58.01835158770899,58.065059661865234,1883200
2016-04-05,57.80480229733533,58.04501659686275,57.3710868422737,57.484519958496094,1895900
2016-04-06,57.40445501203136,58.15846309501644,57.230965750796294,58.04502487182617,1691200
2016-04-07,57.87154554773523,58.078394817162945,57.57794909502714,57.898231506347656,1897500
2016-04-08,58.1985067287162,58.859093710252836,57.931601303704184,58.75233459472656,1887600
2016-04-11,58.92581931374122,59.26612386090417,58.271906362029384,58.39201354980469,1717900
2016-04-12,58.45205766100342,58.73898007048051,58.11175315422897,58.50543975830078,1024500
2016-04-13,58.73229735239349,58.83238749732906,58.47874006391346,58.65222930908203,1477400
2016-04-14,58.64556013087641,58.64556013087641,58.051698336764055,58.15846252441406,1320900
2016-04-15,58.138450478876095,58.378664851848185,57.911584177067766,58.23854064941406,1275500
2016-04-18,58.178485517774305,58.545475996256144,58.0850693893755,58.438716888427734,1059900
2016-04-19,58.5187718309819,58.85907627433322,58.31192260600171,58.77900314331055,1502900
2016-04-20,58.752312022803935,58.959161229590464,58.11841124558766,58.45204162597656,2248100
2016-04-21,58.26521839464521,58.32527451957171,57.29101814487329,57.31103515625,3036000
2016-04-22,57.42449301115351,58.61889108203045,57.38445897115941,58.55216598510742,2758600
2016-04-25,58.47871889936644,58.47871889936644,57.818132327144376,58.17177963256836,2182000
2016-04-26,58.31191708243545,58.69225550987273,58.14510189337006,58.425350189208984,1336800
2016-04-27,58.29859170985231,58.68559919633187,57.99165228019061,58.545475006103516,1508500
2016-04-28,58.09840683892797,58.71228565020389,57.998316684942466,58.14511489868164,1424200
2016-04-29,58.004991363702956,58.25187973416991,57.47118059704884,57.97162628173828,1800200
2016-05-02,58.09841789678219,58.538812621819915,58.03169281169099,58.405357360839844,1378900
2016-05-03,57.99831441586804,58.07838755408307,57.11085622447165,57.57794189453125,2212100
2016-05-04,57.37107643366059,58.85239089093586,57.337711362803304,58.65888977050781,1681800
2016-05-05,58.63889306941312,59.07261372442243,58.61887605454761,58.678932189941406,1635400
2016-05-06,58.62555267993219,59.059273354103915,58.14512393874489,58.94583511352539,2171300
2016-05-09,59.07927253199528,59.84662347910483,58.88576628684272,59.699825286865234,2472900
2016-05-10,60.05346303584535,60.720723736243635,59.61974256242744,60.44047546386719,3191400
2016-05-11,60.32040774309997,60.84087061491572,60.06017630719209,60.133575439453125,2525700
2016-05-12,60.34707724904023,60.51389247355368,60.06015485924524,60.36042022705078,1555500
2016-05-13,60.213611883909685,60.50053422542952,59.84662150620484,59.9533805847168,2381700
2016-05-16,59.91335336885629,60.467181105728244,59.78657217610825,60.287017822265625,1420400
2016-05-17,60.18028351536484,60.4471838972612,59.793270834497264,60.133575439453125,3032000
2016-05-18,60.09352115310667,60.787473170769466,59.65313156141129,60.38044357299805,3794700
2016-05-19,59.79990520022075,60.006754386206886,59.47294379494545,59.73984909057617,1883200
2016-05-20,59.94673233330553,60.10020461999178,59.59975881542069,60.00011444091797,1611700
2016-05-23,60.14690675053684,60.4938853249474,59.84664133377162,60.293704986572266,2092200
2016-05-24,60.47386234779488,60.94094810034611,60.40713726622967,60.91425704956055,1721400
2016-05-25,61.047694636107394,61.36798208875355,60.633996161151714,60.77412033081055,1535900
2016-05-26,60.99434345450791,60.99434345450791,60.43384144782243,60.5939826965332,1069100
2016-05-27,60.66069082374604,60.8875570860184,60.54058365819107,60.5872917175293,1220600
2016-05-31,60.6073307702249,60.707420959718576,60.11355385960236,60.5939826965332,2031900
2016-06-01,60.35374633004149,60.834174992261374,60.27367828020261,60.5872917175293,1977300
2016-06-02,60.4938852384676,61.25456237792969,60.40046401410794,61.25456237792969,1212700
2016-06-03,61.014342103855704,61.98186843245884,61.014342103855704,61.89512634277344,2055300
2016-06-06,61.921825179509845,62.32885481217609,61.815060971887,62.081966400146484,1990900
2016-06-07,62.09531180704576,63.05616935000591,62.061951808958305,62.73588180541992,2047900
2016-06-08,62.78258735846768,63.22298207826855,62.54237807315529,62.71586227416992,1431200
2016-06-09,62.66248527178864,63.12289191707919,62.40224878862753,63.002784729003906,1695200
2016-06-10,62.79592215899805,63.022788415825765,62.475634694939274,62.80926513671875,1847000
2016-06-13,62.795940005952836,63.20964370402304,62.74923193446088,63.05617141723633,2138400
2016-06-14,62.916023731723435,63.14956400206024,62.37554409311596,62.49565124511719,2866600
2016-06-15,62.57986892225724,63.4219015903733,62.43167035037129,63.29391098022461,2273400
2016-06-16,63.125487469048664,63.79237572381681,63.05138820303463,63.758697509765625,2084900
2016-06-17,63.56335872325294,63.71828984703228,63.199600015299055,63.597042083740234,2495300
2016-06-20,64.00121671279148,64.2774007392221,63.516205102186284,63.597042083740234,1470700
2016-06-21,63.72501848160232,64.3447531672759,63.72501848160232,64.24371337890625,1682300
2016-06-22,64.31107944039006,64.42559463477545,64.00121207592194,64.15614318847656,2052600
2016-06-23,64.5737863265942,64.94428266831183,64.35148852156364,64.72198486328125,2080400
2016-06-24,63.48925021976833,65.57075208368882,63.287160364916915,64.96449279785156,9755600
2016-06-27,64.78261085282438,65.46971224732552,64.53337252329779,65.46297454833984,4207100
2016-06-28,65.92778450305306,66.68898010253906,65.40908955754783,66.68898010253906,3221700
2016-06-29,66.96515763720008,67.73982336220746,66.77653805560163,67.58489227294922,3860100
2016-06-30,67.54448091245607,68.33262728683708,67.29524256631815,68.32588958740234,2818300
2016-07-01,68.40672945796044,68.83111203185219,67.65226640946047,68.15748596191406,2727400
2016-07-05,68.1238040327665,69.14098085874676,68.0362344920055,69.08708953857422,2131600
2016-07-06,68.96582742356078,69.26222450554992,68.19116164185759,68.65596008300781,2439600
2016-07-07,68.57512815570536,68.7906882679305,68.13727023230345,68.37977600097656,1910000
2016-07-08,68.85807989597272,68.97259513134365,68.13729997428408,68.8446044921875,2450700
2016-07-11,68.50106599293005,68.58189786670276,67.26159082168222,67.72639465332031,3075800
2016-07-12,67.5444777670759,67.72635966783206,66.7091829536259,67.4636459350586,4041900
2016-07-13,67.54447464890912,67.84087172424579,66.81696249754567,67.22787475585938,2437600
2016-07-14,67.49732886040042,67.49732886040042,66.68897964768719,67.00558471679688,1552200
2016-07-15,67.18073808597036,67.63206637225248,67.03253951092617,67.43671417236328,1654900
2016-07-18,67.32220238909635,67.58491618937798,66.91802256771548,66.95170593261719,1289300
2016-07-19,66.39932790936352,67.13358306884766,65.51014161689876,67.13358306884766,1797500
2016-07-20,67.14704511380742,67.21440669118066,66.28480458896864,66.34542846679688,1971800
2016-07-21,65.77960537383997,66.39260259850339,65.68529810850713,66.19725036621094,2490100
2016-07-22,66.14335914295026,67.05949119884662,66.0153685185741,66.60142517089844,2461000
2016-07-25,66.58792069275289,66.60139608909793,65.2474065604626,65.5572738647461,2227900
2016-07-26,65.5707394337772,65.7324133422116,64.82301944953757,65.16656494140625,1907200
2016-07-27,65.09247701453386,65.14636832672537,64.57378726792626,64.71524810791016,1759100
2016-07-28,64.77587899916044,65.18005357361154,64.56705144319652,65.05206298828125,2109500
2016-07-29,65.10595481385364,65.6785358937738,65.07227145765187,65.36193084716797,1920800
2016-08-01,65.28110423454049,65.84694766058826,65.22721291605241,65.8402099609375,1802800
2016-08-02,65.65834125413419,65.82001009010725,65.15312164477872,65.24742889404297,1509400
2016-08-03,65.1733153573019,65.31477620026915,64.56031323175199,64.74219512939453,1665000
2016-08-04,64.7893316707417,65.34844233562939,64.66807881738481,65.25413513183594,1365100
2016-08-05,65.42929647231551,65.44950957090354,64.6546306252846,64.81629943847656,1396600
2016-08-08,64.82303635293665,65.07227469955598,64.4996935911098,64.60073852539062,912300
2016-08-09,64.67485035877509,64.82304893924729,64.3447698334107,64.54685974121094,1739700
2016-08-10,64.53336971355166,64.9105986105893,64.53336971355166,64.78260803222656,1292900
2016-08-11,64.84324302598212,65.03859519122189,64.51990027056765,64.8499755859375,1050300
2016-08-12,64.89040138065904,65.33499192003866,64.78935644100395,65.01838684082031,1118200
2016-08-15,65.07228409595051,65.34173557982169,64.79610005101826,64.8095703125,1261600
2016-08-16,64.56033080565223,64.62769753532938,63.63072852481061,63.859764099121094,1583500
2016-08-17,64.01469282500953,64.04837618857584,63.41516595691908,63.71156311035156,1707700
2016-08-18,63.69807684512491,63.89342901389977,63.26022402959931,63.5229377746582,1307900
2016-08-19,63.42191202404611,63.42191202404611,62.445150884726715,62.896484375,1967900
2016-08-22,62.9840350582528,63.26695676303626,62.63375177700074,63.12549591064453,1651900
2016-08-23,63.24001110457705,63.51620024926485,63.08507999263514,63.12549591064453,1214700
2016-08-24,63.20631847377693,64.01466748579894,63.20631847377693,63.83952331542969,2261900
2016-08-25,63.913634603238656,64.25718531071648,63.53640567854686,63.65092086791992,1855400
2016-08-26,63.73177052676363,63.9473306894061,62.62702405080102,62.8223762512207,2113700
2016-08-29,63.02446051485478,63.32085766340623,62.99751485231741,63.138980865478516,1510500
2016-08-30,63.21982076271173,63.53642591363563,62.82238375324404,63.448856353759766,1542600
2016-08-31,63.327571339516,63.994459531402036,63.293887989282716,63.83952331542969,2347400
2016-09-01,63.79239314496038,63.93385915642624,63.55662502478322,63.82607650756836,1623600
2016-09-02,64.16289107200382,64.77589333811457,64.14942081026234,64.70852661132812,2186400
2016-09-06,65.3417266013479,66.05576856703583,65.17332008948875,66.03556060791016,3204800
2016-09-07,65.84694120318449,66.68897369938888,65.74589627576825,66.58792877197266,6552100
2016-09-08,66.41949003544106,66.51379721809444,65.75933975686738,65.78628540039062,3438100
2016-09-09,65.38213847625892,65.38213847625892,62.84257069579204,62.856040954589844,5777800
2016-09-12,62.660683376194974,63.46229989832817,62.33734579943004,63.273685455322266,2685300
2016-09-13,63.40169474857114,63.496001997917226,61.279771359564855,61.88603591918945,4138100
2016-09-14,62.2295196394741,62.528799792586334,61.90303691730558,62.161502838134766,2293600
2016-09-15,62.15470237016892,62.644431664588296,61.93024743468465,62.2091178894043,2717700
2016-09-16,61.98465569385398,62.079880254659976,61.093623650876744,61.46772384643555,3927200
2016-09-19,61.56294180287277,62.61041704871668,61.467717252282306,62.440372467041016,2511300
2016-09-20,62.82807649167623,62.89609328927629,62.27712849561303,62.283931732177734,2263300
2016-09-21,62.25671563768335,63.59666764728552,61.95063749479938,63.55585861206055,2882300
2016-09-22,63.92316171343965,64.8209969011388,63.83473520938859,64.50131225585938,3964700
2016-09-23,64.07280277199581,65.02505356344138,63.916364647086866,64.7393798828125,2603300
2016-09-26,64.51492328980414,65.18829848501396,64.37888967903335,65.0318603515625,2611900
2016-09-27,65.29032423729252,65.36514427767159,64.59654454119054,64.60334777832031,1910800
2016-09-28,64.6781548240379,64.86180587893253,64.18162754982406,64.18843078613281,2649800
2016-09-29,64.22243578161967,64.27685129270799,63.3926174002434,63.943565368652344,2473900
2016-09-30,64.24964204934628,64.52851764520449,63.75311479287241,64.07959747314453,2712500
2016-10-03,63.78711617482631,64.02517752714425,63.28378571716148,63.54225158691406,2308100
2016-10-04,63.657906054537456,63.657906054537456,61.5901678924758,61.801021575927734,3191400
2016-10-05,62.052670121002826,62.24311921939883,60.12776423913843,60.57667922973633,3829000
2016-10-06,60.467854328488556,61.07321262457407,60.005332858399186,60.427040100097656,2303100
2016-10-07,60.6310853660287,61.202437762225635,59.828474868778,60.05973815917969,1618000
2016-10-10,60.06655228327204,60.53587703548726,59.92371544332595,60.33182144165039,1029200
2016-10-11,60.27060806856221,60.794343150028205,60.14817574974104,60.5358772277832,2321200
2016-10-12,60.42025950275181,62.453991835496986,60.42025950275181,62.20232391357422,3352200
2016-10-13,62.134294818950124,62.64442861087804,62.00506445375257,62.4539794921875,1888900
2016-10-14,62.53559201888702,63.24297804483515,62.45396875804165,62.596805572509766,2141400
2016-10-17,62.76684765078792,63.11374000893495,62.460769516118795,62.56959533691406,1347300
2016-10-18,62.90969776753261,63.12055659695366,62.30433941625943,62.4539794921875,2325200
2016-10-19,62.67844583099324,62.821282684196994,61.65137490822363,62.37916564941406,2303000
2016-10-20,62.385951582946255,62.44716513619051,61.760188821712596,62.263519287109375,2425500
2016-10-21,61.617364171132955,64.67816723967357,61.60376288525336,64.56253814697266,4441600
2016-10-24,64.98423820210117,65.18828858727576,64.07279654240502,64.71216583251953,3932900
2016-10-25,64.56932151755898,64.86860160832414,63.66468319909022,63.89594650268555,3137100
2016-10-26,63.54224784699411,64.12039829412315,62.651216042469926,62.9368896484375,2419300
2016-10-27,63.05249968159391,63.05249968159391,61.69894688976633,61.746559143066406,1803900
2016-10-28,61.87583475062374,62.37916535324,61.78061018227336,62.04587936401367,1588500
2016-10-31,62.372341661906184,62.528784938236335,61.62414664621626,61.8894157409668,2559300
2016-11-01,62.12068700957411,62.29752963586947,60.87595944256731,61.17523956298828,2975800
2016-11-02,59.814881705072935,60.22979088559646,59.522404826824356,59.78767395019531,6492700
2016-11-03,59.95091019187766,60.11415151791265,59.53600104663807,59.6312255859375,1991900
2016-11-04,59.86928868691011,59.984922936028866,59.48839051856128,59.7264518737793,2655400
2016-11-07,60.59710472146862,60.896384945013274,60.09377404588486,60.5630989074707,5054100
2016-11-08,60.69231185261283,61.16843458577746,60.69231185261283,61.080013275146484,3664000
2016-11-09,60.19579875165561,60.35904014270983,57.99881985853531,58.31170654296875,5479400
2016-11-10,58.13484953544779,58.13484953544779,55.8290451405985,56.38679122924805,6994500
2016-11-11,56.475194532294,57.13496820977394,55.56375824459644,55.94465637207031,9705500
2016-11-14,56.2031436896867,56.223553402325585,53.99256371796915,55.76782989501953,6627900
2016-11-15,55.890238354772265,56.52280425333072,55.70659253425096,56.31195068359375,4978900
2016-11-16,56.38677136770972,57.9919922651063,56.38677136770972,57.87635803222656,4909900
2016-11-17,57.821971138836744,58.379717256899404,57.48188191588757,57.88998794555664,3437100
2016-11-18,57.88317564005847,58.37970811109099,57.63151297568555,57.81515884399414,2357500
2016-11-21,57.957993971823,58.09403274930866,57.20299562216102,57.50907897949219,2532600
2016-11-22,57.883169425779954,58.42051087889286,57.39344024373536,58.100826263427734,2218700
2016-11-23,57.75394247603832,57.998801892093766,56.97173638596127,57.24380874633789,2107200
2016-11-25,57.291414984973045,57.87636349254208,57.216594964017496,57.65870666503906,860700
2016-11-28,57.61110827660262,58.03962398883669,57.012553154094704,57.373046875,3068300
2016-11-29,57.44104857903434,58.182445536982605,57.07375690701548,57.97159194946289,2427500
2016-11-30,57.82197123454538,57.86278028077492,56.76088932842981,56.76769256591797,3883500
2016-12-01,56.58403936307057,56.67926391821171,54.972014783582935,55.45494079589844,3122700
2016-12-02,55.84263703409612,56.543219848308574,55.31890202976743,55.692996978759766,2660500
2016-12-05,55.62499779657792,56.64526556302829,55.41414411877025,56.63166427612305,2153500
2016-12-06,57.16899860922979,57.58390786299083,56.63165703158271,56.75408935546875,3265100
2016-12-07,56.94452987453,57.71312950923096,56.72006978311643,57.638309478759766,2670100
2016-12-08,57.78114785128752,58.06682669771595,57.42065416173256,57.81515884399414,2137400
2016-12-09,57.92399135805217,58.25727729987839,57.685924781684406,58.20286178588867,1871300
2016-12-12,58.16205737766666,59.44759415930957,57.842372694200535,59.07349395751953,2789300
2016-12-13,59.331963886884786,59.92371577142294,59.20272833079055,59.8284912109375,2669900
2016-12-14,59.890375891211995,60.13103651743108,59.16839401255476,59.27840805053711,3018000
2016-12-15,59.202757395762944,59.55343722477186,58.67330414067707,59.0583610534668,2248000
2016-12-16,59.40217956148176,59.47781651082938,58.66644261910721,58.927730560302734,5407300
2016-12-19,59.09273605417968,60.13789265041322,58.934584701180604,60.00037384033203,1422200
2016-12-20,60.000379559093815,60.344181863071654,59.82160089214343,60.21353530883789,1245100
2016-12-21,60.241032704025315,60.68109917924244,59.897230442386544,59.910980224609375,1528100
2016-12-22,59.83534330736835,60.16539578678429,59.33339494313922,59.910980224609375,1272100
2016-12-23,60.09664875053146,60.37856393516541,59.800978534837945,59.986629486083984,562000
2016-12-27,60.124176119475166,60.4817283710343,59.95914716090089,60.186058044433594,790000
2016-12-28,60.29607553341024,60.4267168975004,59.60159311352719,59.663475036621094,1115600
2016-12-29,59.81473617807086,60.021019703006814,59.505316136674885,59.8284912109375,1681400
2016-12-30,59.91101322101487,59.91789073891722,59.40906458033405,59.663475036621094,1633100
2017-01-03,59.99351734412699,60.24793300251603,59.47781375664166,59.68409729003906,2472100
2017-01-04,59.869736259321,60.172283981989885,59.84223144398682,60.0416374206543,1939500
2017-01-05,59.98662948608398,60.172285683337286,59.67033196980838,59.986629486083984,2400300
2017-01-06,59.986637721256194,60.048524877505805,58.75582457281791,58.79020690917969,2568800
2017-01-09,58.865849789826264,59.13401525327088,58.164489926964556,58.9483642578125,2141600
2017-01-10,58.81083249789108,58.920851774234634,57.73129326730714,58.0063362121582,2220700
2017-01-11,58.06820842749355,58.865832309816554,57.9100623016582,58.58391189575195,1645200
2017-01-12,58.522039234740184,58.74207253942013,58.191986654716366,58.57017135620117,1379500
2017-01-13,58.583914589463966,59.1202506277595,58.55641501971187,58.91396713256836,1270500
2017-01-17,58.879601755835125,60.16542472129917,58.85209693215577,60.06916046142578,1816700
2017-01-18,60.08977973169635,60.69487003369545,59.862868901193686,59.95913314819336,1318800
2017-01-19,59.86287644001443,59.993523039970384,58.907106120147176,58.996498107910156,1782000
2017-01-20,59.20965048908953,59.74598140044401,59.195895455152645,59.69784927368164,1842900
2017-01-23,59.752866651094976,60.06916427447229,59.704734518102974,59.86288070678711,1424900
2017-01-24,59.91099388489568,60.29605607301321,59.68408832744213,60.275428771972656,1885400
2017-01-25,60.529824882182574,60.60546179884557,59.68407426277802,59.94536209106445,1797400
2017-01-26,60.55048656437259,61.98070603310861,60.364835547319814,60.516109466552734,2120100
2017-01-27,60.61924506194304,60.880533011931064,59.601587593026494,59.71847915649414,1497600
2017-01-30,59.780377685807956,59.883514234354124,59.285301268748,59.65660858154297,1390100
2017-01-31,60.06226238571649,60.41294221008564,59.711582561347335,60.39231491088867,3073200
2017-02-01,60.701737753901796,61.05241759481103,59.56718903049461,59.5809440612793,2286500
2017-02-02,59.62219969594318,60.42669589256737,59.47780334624196,60.35105895996094,1777500
2017-02-03,60.743004368747314,61.28621278002737,60.591735722246106,61.01804733276367,2090300
2017-02-06,61.004285676982754,61.004285676982754,59.78035023353319,59.8491096496582,1711700
2017-02-07,60.02100681376398,60.1997854805827,59.62907239735819,60.11039352416992,1093600
2017-02-08,60.16540950507982,60.694862800481275,60.07602278523493,60.275428771972656,1116500
2017-02-09,60.32356358589317,60.50921454956325,60.06914795433794,60.357940673828125,1052600
2017-02-10,60.18604155109298,60.30981061310148,59.7734797597339,60.206668853759766,1229100
2017-02-13,60.46795631519886,62.04257163789158,60.45420128404462,62.03569412231445,2225300
2017-02-14,61.905050132179845,62.118205909873936,61.31370967211797,62.05632400512695,2041500
2017-02-15,61.62312217108378,62.00130152911914,61.22431026973179,61.91191482543945,1717800
2017-02-16,61.95319417073393,62.55141226175365,61.95319417073393,62.22823715209961,1558500
2017-02-17,62.26259926672864,62.81267980476409,60.880512537677376,61.35496139526367,3408600
2017-02-21,61.3412253094879,61.960070696152975,61.07993736667752,61.88443374633789,2552600
2017-02-22,62.12507464672188,62.33135812540989,61.73314023402008,62.283226013183594,1865100
2017-02-23,62.503281993915714,63.33528323395577,62.324503263805276,62.75082015991211,2490000
2017-02-24,62.57202106698475,63.71344726607025,62.25572356803512,63.66530990600586,2147800
2017-02-27,63.71345651980707,64.02287654854379,63.17712042611821,63.65156936645508,1558300
2017-02-28,63.61031389230678,64.42855993894304,63.41090789468735,64.3116683959961,2294000
2017-03-01,64.24288272274502,64.24288272274502,63.19772628733322,63.9540901184082,1942700
2017-03-02,64.0503672996384,64.39416958761711,63.644677871900065,63.73406982421875,1416300
2017-03-03,63.569043905474246,63.78907717017417,62.46887758197466,63.08772277832031,2546500
2017-03-06,62.977720112188834,63.39028718243316,62.771441823074895,63.23213577270508,2135300
2017-03-07,63.19087545952856,63.789088214564394,62.73705382163183,62.91583251953125,1408500
2017-03-08,63.41778505010005,63.5277990763634,62.29698600937178,62.303863525390625,2161300
2017-03-09,62.38640042615833,62.489536973511264,61.89819628730999,62.23512649536133,2210700
2017-03-10,62.2351091077418,62.840199415866515,61.80191474584982,62.07695770263672,2127100
2017-03-13,62.16634429871195,62.427632199737076,61.9325559695778,62.2969856262207,2523000
2017-03-14,62.1182043436057,62.27635572842841,61.636883165462464,61.643760681152344,1838500
2017-03-15,61.75497242229473,62.77657814164789,61.650725966855525,62.49163818359375,2883000
2017-03-16,62.49162584265748,62.686216359878635,61.8800548882204,62.283138275146484,2528100
2017-03-17,62.26923662713768,62.769615278335316,62.22058899728202,62.408233642578125,2597700
2017-03-20,62.408238500994024,63.29084708342657,62.3943361472707,63.16575241088867,2404400
2017-03-21,63.36730189619048,63.97887298018388,62.978120779303325,63.033714294433594,3294100
2017-03-22,63.22137617770804,63.805148011862904,62.85304319155844,63.74260330200195,3937300
2017-03-23,63.70087733143009,64.81977282877779,63.547983264084905,64.63213348388672,2405400
2017-03-24,64.69467128245098,65.29234513547654,64.48618373277286,65.10470581054688,2232300
2017-03-27,64.9657037415527,65.36878172747232,64.84060911083485,65.29928588867188,2740500
2017-03-28,65.32013672455145,65.8622117119613,65.27148910522473,65.73017120361328,3497700
2017-03-29,65.76492962800701,66.33480412647799,65.60508969061546,65.70238494873047,1883900
2017-03-30,65.70238154429661,66.0220667047088,65.38964225753708,65.75798034667969,1384800
2017-03-31,65.50085506573235,65.84833970799087,65.27151392931495,65.63984680175781,2118000
2017-04-03,65.63291193209815,66.34872956683088,65.17422958234957,65.48696899414062,2128400
2017-04-04,65.47999139027623,65.52168784080962,65.11165860471486,65.20895385742188,1900300
2017-04-05,65.33406139812035,65.67459484976388,65.07692086399257,65.1116714477539,1609700
2017-04-06,65.04911143433209,65.66763355417737,64.89621737285235,65.5911865234375,1982400
2017-04-07,65.61896938571051,65.93170860596062,65.27843607237338,65.67456817626953,1324600
2017-04-10,65.70238296402212,66.04291635713795,65.68153473822638,66.00817108154297,1231700
2017-04-11,66.12630621281193,66.78652468988271,66.10545798964867,66.59193420410156,1860700
2017-04-12,66.36956645894989,67.05063868856244,66.27227118360452,67.02978515625,1857600
2017-04-13,66.99502974696225,67.05757442786125,66.63364280556561,66.717041015625,2057000
2017-04-17,67.01587355827986,67.23826346825768,66.64754076695978,66.92552947998047,2387600
2017-04-18,66.86296894098453,67.4606427238174,66.67532963809181,67.26605224609375,2008300
2017-04-19,67.32165834272419,67.62049526655542,66.91162381830766,67.07841491699219,1976100
2017-04-20,67.12013420543074,67.12013420543074,66.49466079419852,66.7448501586914,4264100
2017-04-21,66.59889661876355,66.8629829937217,66.11936619630853,66.3904037475586,2207000
2017-04-24,66.6822863656161,66.82823454985989,65.4799927315967,65.82052612304688,3261400
2017-04-25,67.22436877958783,67.41200811870551,64.98656724935813,65.51473999023438,2857400
2017-04-26,65.46607536276946,65.81355985047459,65.15334144471184,65.67456817626953,5034000
2017-04-27,65.67458334808708,66.43209716122895,65.67458334808708,66.03596496582031,2593900
2017-04-28,65.93171657572009,66.02901181986307,65.38963625553227,65.74407196044922,1821300
2017-05-01,65.9386735336006,66.16801463428895,65.42439782779157,65.80663299560547,2033800
2017-05-02,65.85529059743199,65.97343410275641,65.36880891908076,65.57035064697266,1960500
2017-05-03,65.771879883787,65.86917514054042,65.23675597164312,65.37574768066406,1579600
2017-05-04,65.17420958416591,66.02207284164119,64.78502853569624,65.86917877197266,1672700
2017-05-05,65.93170848793321,66.73786974082587,65.81355973265867,66.66142272949219,1527000
2017-05-08,66.75873888676414,66.75873888676414,65.94562620465139,66.27226257324219,1664000
2017-05-09,66.27921102459479,66.35565805674702,65.76493002608095,65.98731994628906,1261100
2017-05-10,65.93172372967192,66.077666611722,65.41744275232168,65.82052612304688,1446600
2017-05-11,65.69542743202615,65.91781732942452,65.42438991026545,65.61898040771484,1044300
2017-05-12,65.3757408482343,65.5772825167872,65.18810153044684,65.36878967285156,1383500
2017-05-15,65.43134357720479,66.59194073275053,65.26455247335352,66.5293960571289,1930600
2017-05-16,66.68228541623263,67.08536878121897,66.45294963467263,66.66838836669922,1578100
2017-05-17,67.00892552159993,68.78805018696491,66.84908558310556,68.19037628173828,4158700
2017-05-18,68.17647303484769,68.67685167472374,67.25911396247287,68.55870819091797,2280100
2017-05-19,68.68381065275346,69.17028699556239,68.14868137346916,69.10774230957031,2195200
2017-05-22,69.10774318524281,69.45522780656492,68.69075739790065,69.43437957763672,1887200
2017-05-23,69.50386232318444,70.34477431180542,69.39266472029561,70.03898620605469,2043300
2017-05-24,70.1780027724648,70.97721323169337,69.9903580908305,70.31004333496094,1882000
2017-05-25,69.97645660844984,71.71387976148756,69.97645660844984,71.42893981933594,1569300
2017-05-26,71.4914774497562,71.4914774497562,70.85210181031263,71.44977569580078,1821300
2017-05-30,71.40807528175586,72.22813903479224,71.31773120722066,71.94319915771484,3048600
2017-05-31,72.07525048639856,72.51307914560874,70.56716869136963,70.64361572265625,4980700
2017-06-01,70.89381724619923,71.98491879615132,70.65752493549518,71.89456939697266,1982900
2017-06-02,72.25594350351754,72.74937096463977,71.95015538026676,72.68682098388672,1847200
2017-06-05,72.49919376958383,72.72158372308398,71.8598233160452,71.90151977539062,1303500
2017-06-06,71.94319239822688,72.283731044035,71.60265905461175,71.69300842285156,1219800
2017-06-07,71.83201438106667,72.14474838906484,71.3038363232399,71.72776794433594,924500
2017-06-08,71.72775719116153,71.97099530560516,69.74709639898744,70.31697082519531,2383500
2017-06-09,70.21274843909353,71.45674413845231,70.12240433771481,70.9285659790039,1481900
2017-06-12,69.81659521161735,71.21348458846963,69.21197018529182,71.03279113769531,3039000
2017-06-13,71.01194631732021,71.54707021748308,70.58801472144583,70.9771957397461,1928200
2017-06-14,71.53839271813112,72.24689812404188,71.2858543361509,71.48928833007812,2472600
2017-06-15,71.24375550422474,71.73480469859102,70.95614563996114,71.06137084960938,1642900
2017-06-16,70.94913532461871,71.51734401301188,70.689580498673,70.9771957397461,3079400
2017-06-19,71.10346897488564,71.18063378287945,70.71764493491656,70.9140625,1796900
2017-06-20,71.04735702801653,71.20870310636033,70.11436812519506,70.5843734741211,1637600
2017-06-21,69.98106553455365,70.2195710026163,69.3356867786684,69.79867553710938,2825200
2017-06-22,69.94601229683052,70.43004518916419,69.75661114660058,69.96705627441406,2063100
2017-06-23,70.02315051048421,70.28971637855682,69.78464505252073,70.03717803955078,2688000
2017-06-26,70.21957434978357,70.21957434978357,69.68643721367435,69.97405242919922,1961700
2017-06-27,71.32092584077338,72.94138135047592,71.32092584077338,71.48928833007812,5558200
2017-06-28,71.60854170017015,71.71376691890366,70.68256940887386,70.9771957397461,2316200
2017-06-29,71.0192786185257,71.0192786185257,69.52509774546071,70.17047119140625,2745000
2017-06-30,70.12838264711897,70.5983825209905,69.953009080572,70.27569580078125,1394800
2017-07-03,70.52124472092385,70.89303596801858,69.3216897087588,69.66542053222656,859400
2017-07-05,69.44795486998629,69.72153729434616,68.99899882221737,69.45497131347656,2074300
2017-07-06,69.30061536573501,69.398824129411,68.51493990435085,69.00598907470703,1273100
2017-07-07,69.14631045483169,69.86884891056732,69.14631045483169,69.77765655517578,1306400
2017-07-10,69.90391171408184,69.9670436354282,69.37779096162058,69.56719207763672,868500
2017-07-11,69.61630002033156,69.65839332202131,68.79555288907562,68.94988250732422,1231500
2017-07-12,69.33570397244236,70.5212312218513,69.29361602104763,70.18451690673828,1124300
2017-07-13,70.22659323752777,70.5422635247085,69.89689006755249,70.36688995361328,685600
2017-07-14,70.50018598064398,71.27884517933467,70.48615844775671,70.92108154296875,1967300
2017-07-17,70.75972169520522,70.75972169520522,67.91165161132812,67.91165161132812,3650400
2017-07-18,67.56794904034176,68.38168521742179,67.09093257322063,67.79242706298828,2950800
2017-07-19,66.6279424555417,69.29361804391868,65.33718993798776,69.20944213867188,6701000
2017-07-20,69.23747374920048,69.60927016199999,67.3925459738786,68.23433685302734,6212800
2017-07-21,68.23435176767278,69.97406007734793,67.42062112022742,69.56719207763672,23616100
2017-07-24,69.7004798225594,70.00913905263914,68.77450748429742,69.54615020751953,6329100
2017-07-25,69.64434595096239,69.82673594840666,69.10419775142414,69.79867553710938,5560200
2017-07-26,69.85479978906395,70.01614047197376,69.36375059521878,69.84076690673828,5984800
2017-07-27,69.98807557613074,70.28971830309271,69.45494382538837,70.28270721435547,4721500
2017-07-28,70.26868967134793,70.90003567396103,69.78466219599231,70.55630493164062,4786800
2017-07-31,70.59137643891077,71.01928843223868,69.44794254393956,70.55630493164062,5191200
2017-08-01,70.79481717011504,71.20168522731724,70.32481718264584,70.77377319335938,2762200
2017-08-02,70.76676878528457,71.43319182375566,70.26870829344669,71.41915893554688,2940100
2017-08-03,71.53138633987354,71.5384027825759,70.57735350750194,70.79481506347656,2272800
2017-08-04,70.53525229662041,71.59450481052993,70.53525229662041,71.56644439697266,2373700
2017-08-07,71.29284516038759,71.53837238283657,70.67553226434318,70.95613098144531,2432900
2017-08-08,70.78077313492795,71.19465218657459,69.93897679710734,70.17047119140625,2160500
2017-08-09,70.19856165295346,70.6966221571694,69.72154512959497,70.68960571289062,2539900
2017-08-10,70.68958703506699,70.86496063184663,70.38794423452691,70.64749908447266,1954300
2017-08-11,70.90003426533785,71.00525948901233,70.52122667129605,70.7457046508789,1985300
2017-08-14,71.02629802738012,71.87510548996394,70.59136963373538,71.81197357177734,1776500
2017-08-15,71.6225713222408,72.3100381329852,71.40510978862747,72.29600524902344,2104600
2017-08-16,72.14166744882479,73.69197448002734,72.14166744882479,72.80809020996094,2726600
2017-08-17,72.84317655156487,73.5797478186708,72.78706106658669,73.05362701416016,2740400
2017-08-18,73.17286920676439,73.39033608055415,72.93436371212785,73.03958892822266,3525000
2017-08-21,73.20794027915676,73.6428686403989,73.08868754125977,73.53764343261719,1666000
2017-08-22,73.68496623384038,74.6740704717963,73.66392225992301,74.17601013183594,2423100
2017-08-23,73.72006258651182,74.77932089717693,73.72006258651182,74.42857360839844,2214800
2017-08-24,74.53378691087782,75.18617697744745,74.33035287377783,74.87751770019531,1990600
2017-08-25,75.13003650325037,75.68421762805693,74.87749813366821,75.05287170410156,2158400
2017-08-28,75.12304103127508,75.27737067265134,74.8845354778595,75.09498596191406,3116500
2017-08-29,75.0599165557225,75.25633417263583,74.83543851468173,75.07394409179688,1821400
2017-08-30,74.91256860747038,75.31242009991986,74.80032696300502,75.24928283691406,1967200
2017-08-31,75.50183900731061,76.37870699177152,75.28437745979708,76.07005310058594,2253400
2017-09-01,76.09108313663606,76.18929190474644,74.83540777068013,75.06690216064453,2590700
2017-09-05,75.19317427196047,75.71929498676126,75.05287220349426,75.0809326171875,2004500
2017-09-06,75.28437336557504,75.43870297876357,74.00063742166363,74.36541748046875,2682200
2017-09-07,74.47063551776509,75.19317377163422,74.36541030510976,75.05287170410156,1825000
2017-09-08,75.03886815521493,75.17916491560878,74.29528569156649,74.7021484375,2079900
2017-09-11,74.94765831491756,75.30542195359453,74.7231803234291,75.01079559326172,1864200
2017-09-12,75.01780764787213,75.06691203838876,73.8112365072037,74.5057144165039,1692900
2017-09-13,74.41452588412946,74.45661383473177,73.25705907476875,73.62183380126953,2103900
2017-09-14,73.63599275699552,74.31558369826001,73.01304069517981,74.19523620605469,1769400
2017-09-15,74.32264159188276,74.73322611506798,74.00408780026308,74.66951751708984,2987800
2017-09-18,74.59875217969747,75.16507625406204,73.89084978717509,73.96871948242188,1557700
2017-09-19,74.03242778113925,74.5067210512433,71.09463199918301,72.31930541992188,4935600
2017-09-20,72.38302365636798,72.79360836304738,71.36364242623071,72.09278106689453,2093200
2017-09-21,72.00073650010201,72.41132109732202,71.83792200866803,71.92286682128906,1616400
2017-09-22,71.5335097487495,71.81666626957562,70.82560764495528,71.21495056152344,2720000
2017-09-25,71.13000271239973,71.69632113060747,70.48580923318377,70.88223266601562,1733800
2017-09-26,70.99551505296319,71.26451595513531,70.19558748009962,70.48582458496094,2275300
2017-09-27,70.47872872335478,71.20079186295186,70.2309640777535,70.78312683105469,2574600
2017-09-28,70.6344781861014,71.21495775380299,70.4150302400389,71.1724853515625,1544600
2017-09-29,70.80436571358273,71.25742802668488,70.40086173234397,70.77605438232422,2217100
2017-10-02,71.00966616003174,71.48396472670858,70.3725585168171,70.57077026367188,1509000
2017-10-03,70.51414084355122,70.79022227836762,70.31592908531024,70.5424575805664,1385900
2017-10-04,70.75483398400961,72.29098610700949,70.50706925477286,72.12816619873047,2051500
2017-10-05,72.17065811165966,72.35471427491503,71.73883715221484,71.90165710449219,2614600
2017-10-06,71.8237766688606,71.92996310875743,70.85394843907412,71.86624908447266,1565400
2017-10-09,71.75295512719856,72.75109424968969,71.5547434093061,72.29096221923828,1595400
2017-10-10,72.298054604982,72.70863920480855,71.60431342680042,71.91578674316406,2527600
2017-10-11,71.92993509963964,72.73694308722433,71.78127630201767,72.35467529296875,2466100
2017-10-12,72.38299494513754,73.25371696731287,71.94409366717355,72.98471069335938,2182200
2017-10-13,73.28202482445802,73.62182021722562,72.51749464224389,72.55996704101562,2084200
2017-10-16,71.61846454301865,72.43963369047498,71.51935866672083,72.09983825683594,2293900
2017-10-17,72.17062438394231,72.34759992720933,71.40609414168618,71.76712036132812,2503400
2017-10-18,71.49104668919361,71.83792268019035,70.46459058741407,71.46981048583984,2990100
2017-10-19,72.33344508497488,73.94038065978329,71.88746865516775,73.06966400146484,3784200
2017-10-20,73.28203756635985,74.59166103208769,73.09090633778953,74.3226547241211,3305300
2017-10-23,74.32265236556732,74.42175824403142,73.09090401832405,73.58643341064453,1900800
2017-10-24,73.66429138183594,74.08195643259725,73.26786793096915,73.66429138183594,1742900
2017-10-25,73.28912195701982,73.8766821438058,72.91393461392165,73.706787109375,1735600
2017-10-26,74.32972537950839,74.45714798190785,73.0271880224159,73.04134368896484,2072600
2017-10-27,73.09089616733652,73.62182277387892,72.85021203145237,73.04842376708984,1650600
2017-10-30,73.1545870330183,78.33643464147954,73.05548118922556,75.115478515625,5454800
2017-10-31,75.00223684746214,76.12780416768568,74.5350241981947,75.80216979980469,2476300
2017-11-01,76.22691296417679,76.26938537004628,74.17399540025916,74.42884063720703,2467200
2017-11-02,74.51380375578803,75.82342203862596,74.37930057941774,75.29957580566406,1451200
2017-11-03,74.92437537484469,75.93667586008928,74.52087128776766,75.39867401123047,1613500
2017-11-06,78.50637015427411,81.29550168594078,77.47283339166401,79.15055847167969,6502000
2017-11-07,79.15054995353138,79.61068750265339,78.1807273139931,79.11515808105469,2602800
2017-11-08,79.02313268509758,81.38752920188998,79.02313268509758,80.72209930419922,2104200
2017-11-09,80.48844865042744,81.09724475265713,79.83009962828898,80.34687042236328,1459600
2017-11-10,79.89382927285106,80.52386169270729,79.22132445642251,80.19114685058594,1286000
2017-11-13,80.26196263353842,80.6159137914933,79.12932000825599,79.92217254638672,2060100
2017-11-14,79.85136359865257,80.40352640403442,79.34167319341864,80.10620880126953,1519000
2017-11-15,80.33980169209013,80.41059081652068,79.25671242579725,79.67437744140625,1551500
2017-11-16,79.72393194750167,80.29733088786823,78.42846988139694,78.66207885742188,2923900
2017-11-17,78.23735873787957,78.89570808381161,77.7205930905095,77.88340759277344,2652800
2017-11-20,78.02498930713922,78.64794136237248,77.88340561217775,78.20904541015625,1321500
2017-11-21,78.35062975438788,79.5045086028798,78.31523247769775,79.36293029785156,2274300
2017-11-22,79.08683101432777,79.4832544998364,78.49927091911681,79.1717758178711,1000700
2017-11-24,79.22133212743086,80.19115461550228,79.17885432588112,79.79473114013672,535500
2017-11-27,80.33276062033956,81.07605484330372,80.08499047848522,80.19825744628906,1095100
2017-11-28,80.7008642144489,80.7008642144489,79.70979988953684,80.36106872558594,2705700
2017-11-29,80.37522600321955,80.4460151514726,78.71165671537685,79.89385223388672,1368100
2017-11-30,80.04958391296307,80.24071513497749,79.25673148641981,79.99295043945312,1731200
2017-12-01,80.31148496214512,80.31148496214512,79.28502915574227,79.67437744140625,1777100
2017-12-04,79.60359119549038,80.33981004804117,77.56483503517906,77.60730743408203,1875500
2017-12-05,77.42326913285191,78.1807243057881,77.00560400711892,77.02684020996094,2082600
2017-12-06,77.23921201401839,77.5152934490279,76.4534401141097,77.28876495361328,2812700
2017-12-07,77.50114119443597,77.98959007742334,76.46759915016565,77.66395568847656,1540200
2017-12-08,77.76305399137468,78.10992455000236,76.95604593203228,77.51528930664062,1667900
2017-12-11,77.56485868454013,78.67626513523818,77.09764595156152,78.5134506225586,2869400
2017-12-12,78.6196325685381,79.14348419153642,78.32939541605128,78.4992904663086,1198400
2017-12-13,78.71165818097249,79.61069172234419,78.51344640182697,78.83908081054688,1838000
2017-12-14,78.99628585581287,79.50367947052098,78.78189173026563,79.04631042480469,2397000
2017-12-15,79.38220076815054,79.81813153985931,78.68899919830974,79.07490539550781,3284900
2017-12-18,79.03917172810668,79.31073837914208,77.91718730492134,78.3459701538086,1649900
2017-12-19,78.56035101630603,78.66040014904793,77.43121885848306,77.57415008544922,1242400
2017-12-20,77.48838412577484,77.58128532544094,76.7022815336826,77.10247802734375,1924300
2017-12-21,77.53842269003648,77.82427971667481,77.18825069484592,77.30973815917969,1514200
2017-12-22,77.23826851741477,77.69563753916884,76.86665277957158,77.57415008544922,1003300
2017-12-26,77.57415829510741,78.20303940350642,77.33832583485676,77.87430572509766,721400
2017-12-27,77.98151206979536,78.3817086907206,77.76711790728825,78.20304870605469,1059100
2017-12-28,78.35310747640098,78.76045194556097,77.90288636383542,78.48174285888672,1779300
2017-12-29,78.61038082849547,79.63231599735667,78.33167173264869,79.33216857910156,1266800
2018-01-02,78.98914878458723,79.29644416555224,77.51699230717192,77.8457260131836,2036100
2018-01-03,77.71708131174661,78.25306118286211,77.23827393542804,77.51698303222656,2078900
2018-01-04,77.38836677398201,77.72424844860095,76.53794342354435,76.6165542602539,2240400
2018-01-05,76.77376991659024,77.47411946540319,76.65228243384078,77.20255279541016,1769400
2018-01-08,77.18823848866163,77.70277996478958,76.9809923134285,77.43121337890625,1776500
2018-01-09,77.39550178757034,77.65991505577674,76.91668892051703,76.95242309570312,1031900
2018-01-10,75.71607374334967,76.13056607630243,73.85086369733045,74.97999572753906,4849400
2018-01-11,75.00145553448544,75.17297303660081,73.32205285522835,74.10101318359375,4380700
2018-01-12,74.35828836121412,74.37257876109665,73.65793881702835,74.0152587890625,2430400
2018-01-16,74.30825435417576,76.30209474712835,74.30825435417576,75.265869140625,2844800
2018-01-17,75.32301813142561,76.45929252662502,75.07289535124973,75.77323913574219,2616500
2018-01-18,75.54456446808499,75.9804951353197,75.18724460656594,75.8304214477539,2062500
2018-01-19,75.93048809505281,76.93098502864154,75.51599565149509,76.71659088134766,2867600
2018-01-22,76.82377853256104,77.44551712164139,76.38784781819474,77.39549255371094,2837800
2018-01-23,77.83855444633419,78.92480983845321,77.52411668736768,78.84619903564453,2996400
2018-01-24,78.95341732975,79.26071270008755,78.14587076578847,78.3173828125,2405700
2018-01-25,78.16728983324866,78.76759002725699,76.58079425053505,77.61701965332031,4370700
2018-01-26,78.86050200616461,79.23211776093272,77.71707939970325,79.06060028076172,3328800
2018-01-29,78.98200471732348,79.43223137437754,77.7814093856295,78.48890686035156,3214500
2018-01-30,77.91001023599527,78.90336433997956,77.6527449847123,78.63179779052734,2954600
2018-01-31,78.67470024345671,81.03301398254239,78.660409845133,80.58993530273438,2814800
2018-02-01,80.69001985019698,81.80485671040894,80.27552726545659,80.80435943603516,3168300
2018-02-02,80.51133947010798,80.89009777164942,79.50369452244175,80.11113739013672,1809700
2018-02-05,79.71809503666489,80.6971483577217,78.53179000684032,78.97486877441406,2853200
2018-02-06,77.93861244660809,78.8176217725763,76.41643168223302,77.57415008544922,4553800
2018-02-07,77.39550102755385,78.54607166819616,77.05247148685264,77.71708679199219,2978700
2018-02-08,77.53842253867687,78.01722992230656,74.17246955094764,74.18675994873047,4391400
2018-02-09,74.42974989635017,74.85853276445151,72.00712096669416,74.22250366210938,3670300
2018-02-12,74.6798681829934,75.50885306890841,74.20106076730265,75.11579895019531,3325300
2018-02-13,75.1300923723933,76.28781099860855,74.83709284214572,76.00910186767578,1879200
2018-02-14,75.80185781173827,75.93764114433748,74.32970128794909,75.29446411132812,2917800
2018-02-15,75.48739310430203,77.1739433119348,74.76561089893288,76.92382049560547,2673900
2018-02-16,76.84521857515328,78.67469476017368,76.84521857515328,77.98149871826172,2769000
2018-02-20,77.7313733585564,78.41028448106883,77.55271339772723,77.58844757080078,2480900
2018-02-21,77.72421684173541,78.08153669882948,76.28064156580514,76.31637573242188,2443700
2018-02-22,76.7451774537119,78.26021598535824,76.39500543377838,77.50984191894531,2293900
2018-02-23,77.74566320541352,78.92481994628906,77.502682842268,78.92481994628906,1726100
2018-02-26,79.01773590376774,79.72522789943153,78.50319428791411,79.7109375,1670600
2018-02-27,79.61802690325763,79.88244015364806,77.60988525258435,78.8676528930664,3278000
2018-02-28,78.97485813824154,80.13257130529779,78.56036568107014,78.65326690673828,3384000
2018-03-01,77.25256740164991,77.53842443472027,75.33733236802871,75.80184936523438,6252300
2018-03-02,75.2158510890421,75.530294396516,74.07242831495957,74.72274780273438,3842100
2018-03-05,74.33684691890264,77.17396845836902,74.33684691890264,76.98101806640625,2935900
2018-03-06,76.90239280758043,77.8457171683415,76.70943699954451,76.98815155029297,2326700
2018-03-07,76.41643343000847,77.25256068087609,76.41643343000847,76.8952407836914,2197700
2018-03-08,77.59560665263682,79.04632487079218,77.10965127121959,78.78190612792969,4080700
2018-03-09,79.07490378113019,79.31787872314453,78.6889975918107,79.31787872314453,3951900
2018-03-12,79.16065818301065,80.06825389619999,79.16065818301065,79.6037368774414,3442900
2018-03-13,79.539413495861,80.15400417221197,79.41077811122314,79.79668426513672,3026600
2018-03-14,79.90386885984637,80.28262705572794,79.63230771712924,80.0968246459961,2415500
2018-03-15,80.14010713833379,80.55130931259244,78.9714458138694,79.07244110107422,2914300
2018-03-16,78.81273797268778,79.33214545595818,77.90377487696459,78.69010162353516,5239600
2018-03-19,78.61797036680531,78.67567803410127,77.47816000428844,78.04806518554688,2542600
2018-03-20,78.16348986817384,79.37543900228943,78.14184880389465,78.53861999511719,3502900
2018-03-21,78.7910937993942,79.00029988877203,77.3987953798888,77.6152114868164,1819700
2018-03-22,77.39159510753682,79.49807645147001,77.29059980363806,78.59632873535156,3447000
2018-03-23,79.15178736666377,79.85154428894141,78.97143787138933,79.10850524902344,4929700
2018-03-26,79.73613460325979,80.45753273484281,79.4115076455798,80.3132553100586,2535500
2018-03-27,80.38539179140594,80.97693802273281,79.52692627742238,79.83712768554688,2259500
2018-03-28,79.9525579676959,81.02743966585172,79.87320373120475,79.9886245727539,2014100
2018-03-29,80.05354289434702,80.41424192117289,78.61796230865255,79.07244110107422,3418300
2018-04-02,79.05804378302473,79.67123679327344,77.96152069539646,78.48814392089844,2733800
2018-04-03,78.66846309497065,78.7694583862101,76.81447024317397,77.47093963623047,3879800
2018-04-04,77.1463116520759,78.71895967063993,77.1463116520759,78.56746673583984,3047400
2018-04-05,78.63239014193314,79.59185090219898,78.28611664439332,79.20951080322266,2773900
2018-04-06,79.24558279654265,79.5846407953325,77.82442761208173,77.918212890625,2273300
2018-04-09,78.03364368712542,79.38266033213652,77.85329413316396,78.53141021728516,2418200
2018-04-10,78.9786933871846,79.23118170766328,73.35899960815298,74.7657241821289,5754800
2018-04-11,74.21020222424437,76.72066377557121,73.99378065775834,75.64578247070312,2665900
2018-04-12,75.89106332648967,75.95599200499747,74.39055974991082,74.92439270019531,2088500
2018-04-13,75.28510981395424,75.75401970250188,74.3977876861591,74.8522720336914,1393200
2018-04-16,75.24181719153336,75.79007573493476,74.81618948923386,75.26345825195312,1738900
2018-04-17,75.6890844498932,77.23287588482064,75.25624670713579,76.5691909790039,3159900
2018-04-18,76.46098395212599,77.56472217713241,76.07142831321241,76.8938217163086,2084500
2018-04-19,75.81893482763178,76.15799279565043,73.23632845796212,74.04429626464844,4308800
2018-04-20,74.21023388612058,75.63859922208898,73.9072424630027,74.0298843383789,3004100
2018-04-23,74.50599795073387,75.76844467763993,74.28236629176499,75.71073150634766,3117400
2018-04-24,76.03537020667872,76.76398391850077,75.59531687116721,75.99929809570312,3866600
2018-04-25,75.73235695443745,76.01370170624173,75.48707879675997,75.89105987548828,2095900
2018-04-26,75.9055013242574,76.38883668170008,75.56644337076382,75.81893157958984,3342300
2018-04-27,74.24631348638661,74.39059645212814,72.50053087965694,73.0848617553711,4451600
2018-04-30,72.13259171100917,74.86669106559214,71.31019834886163,72.76742553710938,6689300
2018-05-01,73.04155293049384,73.37339537470606,71.97388138942941,72.76020812988281,3706500
2018-05-02,72.45722447242443,73.63310135423991,72.45000895059609,72.73135375976562,3714000
2018-05-03,72.76744619805135,73.65476299680661,72.32739280867995,73.27242279052734,2083700
2018-05-04,73.2291204290641,75.02540010197143,73.2291204290641,74.52763366699219,1861700
2018-05-07,74.47713845355945,74.98212042687922,73.51046763944308,73.98658752441406,1675600
2018-05-08,73.66917651636955,74.15251192614389,73.26518983467733,74.11643981933594,2732500
2018-05-09,74.30400384064556,74.90997559906064,73.71967314448378,74.87390899658203,2456000
2018-05-10,75.02539442414286,76.45376493198007,74.94604020127245,75.68907928466797,2175800
2018-05-11,75.74679960855264,76.22292499078796,74.46992740826538,74.74405670166016,1476100
2018-05-14,74.79452831119356,75.01815988048749,73.9721352134618,74.51318359375,1276900
2018-05-15,74.1525055743571,74.5420611784251,73.37339436622108,74.50598907470703,2942700
2018-05-16,74.36171213359908,74.62141587127226,73.95051546625494,74.29678344726562,1699600
2018-05-17,74.39780145979097,74.43387357475399,73.21470873958634,73.5177001953125,1964600
2018-05-18,73.52487516879238,74.44826363184953,73.30124357334775,73.7485122680664,1983000
2018-05-21,74.19577254338948,74.23184463974087,73.1064601787619,73.65472412109375,1610200
2018-05-22,73.58982899390206,73.66196771026436,72.9405695389789,73.38062286376953,2585100
2018-05-23,73.37341132623268,73.82068019810215,73.0848509412792,73.69804382324219,1052800
2018-05-24,73.79182800347614,73.97939309044,73.17864058882982,73.47441101074219,1553200
2018-05-25,73.58260676232891,74.49156991634794,73.51046805254376,74.11643981933594,1427400
2018-05-29,73.94329990415693,75.09753567994356,73.90722780023253,74.6358413696289,2609900
2018-05-30,74.57091351142451,75.34280915406659,74.31841980744618,75.0398178100586,1348100
2018-05-31,74.71520136544224,75.23460888061757,74.26793255985665,75.13361358642578,3124200
2018-06-01,75.24181012836966,75.24181012836966,74.16692319522888,74.88111114501953,1335400
2018-06-04,75.30676303207568,75.73960088219953,74.7224322096001,75.27069091796875,2445100
2018-06-05,75.29229960290829,75.37165381094835,74.15970513813474,74.41219329833984,2849900
2018-06-06,74.3833483334323,74.5348412532031,73.51045741256435,74.22463989257812,2206500
2018-06-07,74.43386292783332,74.52043268906255,73.48883309236363,73.92888641357422,1739900
2018-06-08,74.09480015377676,74.44828369107016,73.62589027558626,74.3328628540039,2840600
2018-06-11,74.27514919773974,75.18411236295117,74.14529731699524,74.54206848144531,1941200
2018-06-12,74.42664791504416,75.53760175785716,73.95052798459932,75.51596069335938,2966400
2018-06-13,75.3356266982211,75.4510475673064,72.81073258088665,72.91172790527344,2606100
2018-06-14,72.88982901694723,74.31132619949399,72.88982901694723,73.75001525878906,3433000
2018-06-15,74.00515400642878,74.56646494667073,73.43655735852262,73.69169616699219,3324200
2018-06-18,73.43656451692632,73.71357716021767,73.19600822355416,73.59693908691406,2242000
2018-06-19,73.26160237943098,74.8653367242875,73.26160237943098,74.30403137207031,2504100
2018-06-20,74.13640254929362,75.00388045173284,73.83752711333436,74.78518676757812,1825800
2018-06-21,74.75600252712086,75.48497376361503,74.73412871827433,75.0184326171875,1153800
2018-06-22,75.20798066308238,75.856764787099,74.61022431640603,75.52143859863281,2537800
2018-06-25,75.47768319853769,76.12646716014477,75.10590630720479,76.01712036132812,2173200
2018-06-26,76.2868460019116,77.6354417653254,75.9660968571567,77.53338623046875,3673100
2018-06-27,77.56255578917023,78.35713192220788,77.23451533186028,77.51152801513672,1775600
2018-06-28,77.78122642980274,78.59038492352656,77.56253840222894,78.43730163574219,2087400
2018-06-29,77.9343181995935,78.97674173714805,77.40945801517411,78.5976791381836,2588400
2018-07-02,78.61956840096157,79.13713745405443,77.93433903179066,78.8601303100586,2178600
2018-07-03,78.96214945686106,80.09934259498016,78.48831712877538,79.46514129638672,2165200
2018-07-05,79.49432539837309,80.99600455160505,79.49432539837309,80.91581726074219,2311300
2018-07-06,81.22200247600242,81.67396680418035,80.79191196438418,81.11265563964844,1795800
2018-07-09,81.30944913755366,81.4916919393964,79.45057033411405,79.90253448486328,2164600
2018-07-10,79.88068110832997,80.77731274580373,78.72890505149394,80.62422943115234,3474900
2018-07-11,80.5950652352179,81.25114051824751,80.4201136802799,80.81375885009766,1771100
2018-07-12,81.09804424690608,81.33131480339912,80.38365003924122,80.73355865478516,2011200
2018-07-13,81.06159684592494,81.2729991655704,80.43468115638571,80.95954132080078,1105800
2018-07-16,80.95953500832603,80.95953500832603,80.07748057475084,80.60234069824219,1178100
2018-07-17,80.79189303096787,80.88665730074091,80.23058199797805,80.82105255126953,2896500
2018-07-18,80.56591235900103,80.74086948997511,80.04834336015884,80.50759887695312,2156200
2018-07-19,79.93168963759679,81.82701356098609,79.93168963759679,80.93766784667969,2178700
2018-07-20,80.75543351678199,81.36048098406063,80.1576773191936,80.42739868164062,3099800
2018-07-23,80.35451481690009,80.64609890927872,78.85283004542192,79.275634765625,2227200
2018-07-24,78.91114512275809,79.41413711156979,77.96348018532355,78.72161102294922,4123600
2018-07-25,79.00590622850285,79.77132830590749,78.56852456781859,79.39955139160156,2160800
2018-07-26,79.63282553344357,80.09208102501535,79.57451205459826,79.85881042480469,1792600
2018-07-27,80.15037075244085,80.44196030669822,79.45055915918807,79.5015869140625,1594000
2018-07-30,79.45057033411405,80.0045900089665,78.84552845881892,79.90253448486328,2422000
2018-07-31,79.88069393896195,81.2074217739861,79.85882568501493,80.79190826416016,2921900
2018-08-01,80.3034850592764,81.41881031372026,79.85881209929933,81.30946350097656,1559100
2018-08-02,81.41152616172005,81.63021980632998,80.83563808841694,81.09806823730469,1256200
2018-08-03,81.20739244872328,82.07486439115885,80.87935207314592,82.00196838378906,1305700
2018-08-06,82.12591233259269,82.57787099569985,80.80647044941922,80.91581726074219,3334100
2018-08-07,80.93769363947213,81.20012378835989,79.76404924072702,81.09806823730469,3557400
2018-08-08,81.21469605928783,81.39693888621028,80.04833751769647,80.15768432617188,2289300
2018-08-09,80.15039611028276,81.28030390490522,80.12852786007625,81.22198486328125,1743600
2018-08-10,81.12722616544737,81.88535707381443,80.39825477989562,80.43470001220703,948100
2018-08-13,80.25244214094621,80.87207215194623,79.99730331609229,80.63880157470703,1397500
2018-08-14,80.77003333200021,81.17825553622097,80.47844365972378,81.09806823730469,1345300
2018-08-15,81.13449074459659,81.89990711064992,80.80645039205217,81.82701110839844,1854000
2018-08-16,81.69581714300939,82.3810519763834,81.66665762226903,82.14778137207031,1694700
2018-08-17,82.2717152227028,83.02255489833426,81.96554855991123,83.00068664550781,1850900
2018-08-20,83.06627433976767,83.48178774294362,82.36646258502974,83.2922592163086,1818700
2018-08-21,83.31414785487799,83.31414785487799,82.06031606850723,82.2644271850586,3458600
2018-08-22,82.19880179229555,82.3081485948911,80.98141554709244,81.39693450927734,2589900
2018-08-23,81.43337968014022,81.74683754784172,81.15637260048214,81.33861541748047,1116600
2018-08-24,81.4261004020106,82.27170986699014,81.27301708058023,81.958251953125,1479400
2018-08-27,82.24256176013114,82.24256176013114,81.21471487025553,81.37508392333984,1531200
2018-08-28,81.33863218730033,82.81844327656617,81.28760441048463,82.7892837524414,1429200
2018-08-29,82.78928951150486,83.46723320013635,82.64349744234987,83.08087921142578,2493400
2018-08-30,83.27038224487931,83.42346552879093,82.66533481684142,82.92776489257812,1385200
2018-08-31,82.94965170237616,83.69320004229367,82.86946440786613,83.12460327148438,2181000
2018-09-04,82.88404564718846,83.30685039240294,82.56330201427608,82.8403091430664,1197600
2018-09-05,82.62891727666852,83.04443080349145,82.11134818617757,83.02985382080078,1247800
2018-09-06,83.13918115686502,83.43076523517814,82.62160662615672,83.34329223632812,1132000
2018-09-07,83.02982681420154,83.11001409694597,82.35188332656817,82.3883285522461,1236600
2018-09-10,82.65077825194683,82.9350766630694,82.06031317678621,82.10404968261719,1915100
2018-09-11,82.00927395739434,82.10403822734335,81.59376052514128,81.7249755859375,1996400
2018-09-12,81.83432767409168,82.04573003909655,81.28030787482409,81.80516815185547,1515800
2018-09-13,82.01854511487764,83.15912466155831,81.72420146275311,82.7838363647461,1779500
2018-09-14,82.66609172284994,82.7396818420912,81.79042656808531,82.08477020263672,1541700
2018-09-17,82.12158164283652,83.18857690209266,81.94497766046078,82.93102264404297,1738300
2018-09-18,82.79122503928888,83.21801758714597,82.4821610102432,82.54103088378906,1282400
2018-09-19,82.6955326447926,82.82063248809226,82.04798109312945,82.28345489501953,2120200
2018-09-20,82.20990625236654,82.97519784593693,81.89348766669936,82.71028900146484,2274500
2018-09-21,82.42328910547643,83.04876601499821,82.17309497318395,82.20252990722656,2906200
2018-09-24,82.03328497922416,82.30554829080646,80.96628968718416,81.11346435546875,1918300
2018-09-25,81.13552524930324,81.69477205053704,80.6277825554692,80.7160873413086,1513800
2018-09-26,80.71609926522181,81.20176162373731,79.7006137275395,79.86250305175781,2141900
2018-09-27,80.10533313682846,80.67194012985846,79.94344382049442,80.14948272705078,2020900
2018-09-28,80.37759996549364,81.96704692794846,80.37759996549364,81.92289733886719,2375100
2018-10-01,81.92289720868364,82.3864847357173,81.21647571381084,81.24591064453125,2121400
2018-10-02,81.2753237941506,81.4813682682079,80.22304909030105,80.26720428466797,1830800
2018-10-03,80.41438529715967,81.0545823767234,79.31796084943349,80.09060668945312,1757500
2018-10-04,79.7962591840665,80.12003213932721,78.87643880658192,79.70795440673828,1280000
2018-10-05,79.77420805305815,80.51741909631113,79.56816351151603,80.01703643798828,1232100
2018-10-08,80.19364101901316,81.73157835512161,80.17156060891271,81.14289093017578,2149300
2018-10-09,81.1723301199865,82.46743915430676,81.08403093151125,81.73158264160156,2330300
2018-10-10,81.73159429574507,82.04801286589215,79.98761209086827,79.9949722290039,3186700
2018-10-11,80.19364252773168,80.19364252773168,76.97058751743252,77.4709701538086,2324800
2018-10-12,78.19944129347073,78.67039445893623,76.57319965308277,77.22811126708984,3033400
2018-10-15,77.1251177252307,78.46437632644123,77.07360799495873,77.64022064208984,1871100
2018-10-16,77.68436499661514,78.83965939549614,77.33851156776697,78.66305541992188,2210500
2018-10-17,78.83229603125325,79.10456492697564,77.74323167664153,78.58210754394531,2465100
2018-10-18,78.00076780530118,79.95078812326132,77.27962616103143,78.45700073242188,3933100
2018-10-19,78.493803017037,79.39154874819137,78.04493015145981,78.68512725830078,2567800
2018-10-22,78.9279600316434,79.34739796036911,77.8388900756836,77.8388900756836,2462500
2018-10-23,77.66228204368747,78.25096377181218,76.91906553726126,78.11851501464844,3149500
2018-10-24,78.30982882248267,79.79626174410303,78.1552996678042,78.57473754882812,4904400
2018-10-25,78.8102222944175,79.69325337625939,78.0228561412384,78.99418640136719,3272000
2018-10-26,78.44966934932754,78.6557082905929,76.00662576234966,76.19058990478516,3148700
2018-10-29,76.67623591403526,78.56003214708933,76.63208632582284,78.0375747680664,4762700
2018-10-30,78.56736824124908,81.03249113551338,77.98604675233676,80.59097290039062,3117100
2018-10-31,80.70874336353037,80.96629202278336,79.42099445312566,80.01703643798828,3168200
2018-11-01,80.38496253003669,81.12817916738403,79.95817002655977,80.44383239746094,2540500
2018-11-02,80.39231748413904,80.67194091516767,79.38419212251556,80.45854187011719,2817400
2018-11-05,80.8043874945899,82.19515560715817,80.7602379082032,81.70213317871094,2731300
2018-11-06,81.81988769587912,82.29818993929695,81.33421970121282,81.83460235595703,1365400
2018-11-07,81.93761035028447,82.74705128062618,81.71685679517611,82.21723937988281,1844600
2018-11-08,82.11421623166912,82.3349754060633,81.29742076034431,82.02591705322266,2177200
2018-11-09,82.02592439526235,82.35705757235391,81.34157763035219,81.58441162109375,1495800
2018-11-12,81.52554290336413,82.33498393644047,80.69402707338908,80.74553680419922,2334100
2018-11-13,80.98102294807471,81.73159422720745,80.59837436330865,81.44461059570312,2137300
2018-11-14,81.87138423540186,81.87138423540186,80.39231130667937,81.16496276855469,1837000
2018-11-15,80.99573685472076,81.6727235886657,80.06855595397158,81.37837982177734,2648700
2018-11-16,81.25325984511265,82.68082301379297,80.98835110011757,82.50421905517578,2328900
2018-11-19,82.54101661311383,83.72574594622834,82.07742907090608,82.6146011352539,2006900
2018-11-20,82.90894019048193,83.10026442863276,80.67193603515625,80.67193603515625,2550300
2018-11-21,80.52477191631323,81.07666425633708,79.93608450796542,80.55420684814453,2112900
2018-11-23,80.38494174855087,80.52475624400309,79.41361164372174,79.44304656982422,684700
2018-11-26,79.7226958936587,79.90666003106973,79.39892282943043,79.75949096679688,1539900
2018-11-27,79.86249335362314,81.31949148051729,79.68588939143979,81.29741668701172,2016200
2018-11-28,81.45929873252246,82.68818314952578,81.08401602222828,82.50421905517578,1865100
2018-11-29,82.53366244917702,83.42404808345832,82.04799449549311,83.15177917480469,2647000
2018-11-30,83.37254224237428,84.58670095489842,82.9383839955896,84.54991149902344,3752300
2018-12-03,84.38801955182876,84.87368189892204,81.93025604167534,83.66687774658203,3640600
2018-12-04,83.6374519997823,84.92520086731479,83.6374519997823,84.62349700927734,2907900
2018-12-06,84.1966909519257,86.53671461218288,83.32102562222165,86.44105529785156,3247300
2018-12-07,86.1835121396272,86.52200544351352,84.85896824255951,85.18274688720703,2308200
2018-12-10,85.16065910284273,85.84500574293007,84.11573880379537,85.43292236328125,2188900
2018-12-11,85.90386925728036,86.22028771429898,85.359337126878,85.46235656738281,1732600
2018-12-12,85.9038825666901,86.47784971389763,84.95462704856254,84.9767074584961,2173400
2018-12-13,85.27764279487954,86.08018164147511,84.72774803243973,85.4931411743164,2153400
2018-12-14,85.08445549702024,85.5897607870088,84.48254980944937,85.12161254882812,2231100
2018-12-17,85.12159234261478,85.28506859140106,82.37956811570389,82.4167251586914,2837500
2018-12-18,82.83287837848815,83.754315456755,81.70336974247178,82.20124816894531,2091500
2018-12-19,82.6768344560117,83.7840455323862,81.83713263292185,81.9337387084961,2324300
2018-12-20,81.78510821831667,82.71397781254385,81.16834311647108,81.74052429199219,3422400
2018-12-21,80.51442802360356,82.61739047807504,78.84989503499835,78.9167709350586,4839300
2018-12-24,78.95392195086265,79.1842798148266,77.18535614013672,77.18535614013672,1501100
2018-12-26,77.29679479147447,79.98680265993536,76.69488922438377,79.9793701171875,2234500
2018-12-27,79.6152794857603,80.16516876220703,77.59405810605577,80.16516876220703,1690600
2018-12-28,80.96769581203833,81.17576167272428,79.83076045231186,80.34349822998047,1575600
2018-12-31,80.6258879978447,80.74478603784908,79.2734539743331,80.72248840332031,1375800
2019-01-02,79.971946183578,79.971946183578,78.1439317868645,78.73097229003906,2127700
2019-01-03,78.63440143718974,80.73736402170032,78.63440143718974,79.12484741210938,2288000
2019-01-04,79.73416952325074,80.9008295256571,79.41463815090403,80.30635070800781,1591300
2019-01-07,80.5664378540461,81.51759948333134,80.38809646589775,80.7001953125,1431300
2019-01-08,81.34667315451338,81.44327353787737,79.76387595813502,79.9124984741211,3250600
2019-01-09,79.77874445605983,79.91250189148263,77.60147411073665,78.52291107177734,3213600
2019-01-10,78.4857530450933,79.60039635607778,78.10677273193525,79.3997573852539,2277000
2019-01-11,79.22143603237721,80.04627274418122,78.71613071045556,79.79361724853516,1482700
2019-01-14,79.36263363320646,79.64500799596766,77.44544511035814,79.08025360107422,1989200
2019-01-15,79.29575662267172,80.14288542903594,79.06539872584132,79.8084945678711,1271800
2019-01-16,79.62268179584328,80.15027890618632,79.15452801516516,79.75643920898438,1483500
2019-01-17,79.66727481347552,80.26175353300046,79.3328840770985,79.9719467163086,1488500
2019-01-18,80.42525233255522,80.51442019062736,79.43693366353911,79.96453094482422,1907600
2019-01-22,79.97194344828623,81.15346262661397,79.89020248595762,81.13860321044922,2322300
2019-01-23,81.52502273196134,81.96345211165567,80.97513354074037,81.94115447998047,2558000
2019-01-24,82.3275742104781,83.88064151967065,81.42842908367658,83.15984344482422,2990300
2019-01-25,83.77661894634387,85.28510251399658,83.44966064935316,84.489990234375,2449500
2019-01-28,84.4825604342374,85.15134209592637,83.78404859186708,84.99529266357422,2026900
2019-01-29,84.75004566013502,85.53772509096926,84.74261311756992,85.4931411743164,1788000
2019-01-30,85.41140470965475,86.3997174868134,85.35938824769903,85.80524444580078,2357800
2019-01-31,85.80526637822909,87.09081883917487,84.91354808472697,86.98678588867188,3463200
2019-02-01,87.1056790274012,87.14283041084997,85.3519727185034,86.92733764648438,1982000
2019-02-04,86.80845491810517,87.41779327392578,86.16939204866267,87.41779327392578,1915100
2019-02-05,87.4252131084269,88.60673258891012,87.23943917732926,88.59187316894531,2352900
2019-02-06,88.73304981148561,88.74790922921325,87.06851155751018,87.20970153808594,2007700
2019-02-07,86.73412134523332,88.00481417029972,86.73412134523332,87.89334869384766,1521400
2019-02-08,87.73730462924415,88.15343638597292,87.2765832776016,87.96023559570312,2113500
2019-02-11,88.00480500600672,88.3986447350049,87.6332572361037,88.01223754882812,1233400
2019-02-12,87.98252432120861,88.09398980033679,86.78613989526369,87.22456359863281,2072700
2019-02-13,87.33601788630746,88.0568214670184,86.96447011640443,88.01223754882812,1538900
2019-02-14,88.02712392262575,88.5175698503896,87.55897563015453,88.24262237548828,1168100
2019-02-15,88.94111582077747,89.32009050183039,88.37636156692403,89.26807403564453,1861000
2019-02-19,89.34239273839731,89.58760999484693,88.88167139316396,89.28294372558594,1602600
2019-02-20,89.46127295286215,89.46127295286215,88.45809509264464,88.85936737060547,2355300
2019-02-21,88.51011081834018,89.12688148133765,87.95278915959118,88.69588470458984,1782700
2019-02-22,88.93368489455627,89.34238975728476,88.19802181101468,89.07487487792969,1290000
2019-02-25,89.21605761799192,89.26807408420609,87.64069854443743,87.81160736083984,2104000
2019-02-26,87.97508930304711,88.29462064389688,87.49950856355485,87.81160736083984,1251900
2019-02-27,87.76702341633776,88.21287965082955,86.9644787926308,87.9230728149414,1097000
2019-02-28,87.96767490058697,89.17149208470394,87.57383505097884,88.24262237548828,2215100
2019-03-01,88.31690899022296,88.70332186859973,87.23942266158922,88.59928894042969,1462100
2019-03-04,88.91140599642404,89.00800640118513,87.57383140312136,88.807373046875,1647700
2019-03-05,88.80735090879773,89.39439707455324,88.67359348281079,88.85936737060547,1272700
2019-03-06,89.06745008946224,90.07806068405007,88.87424362213422,89.67678833007812,1884200
2019-03-07,89.61731870413838,90.43472264341396,89.37952836417878,89.72135162353516,1615000
2019-03-08,89.70650056470353,90.35299009984351,89.31266080895863,89.88484191894531,1133800
2019-03-11,90.0483413423499,91.86149674890697,89.98889232293511,91.80204772949219,1564800
2019-03-12,91.93578639501106,92.44109161800132,91.54194664329515,92.03238677978516,1766200
2019-03-13,92.31477260721691,93.37739958486631,92.15129066152166,92.8943862915039,2509400
2019-03-14,93.07812152782226,93.25808818337985,92.38076646988779,92.98814392089844,1660400
2019-03-15,93.35553634833242,93.83543583655117,93.01810898722188,93.7529525756836,3155000
2019-03-18,93.84294673911052,94.17287409992292,93.01061971643716,93.47552490234375,1865200
2019-03-19,93.50551290586384,93.91042921550078,92.9356357775041,93.40803527832031,2166900
2019-03-20,93.42301732938057,94.55528283934879,92.74066258475544,94.30033874511719,2154500
2019-03-21,93.95540088466517,95.3276102593335,93.8579175599715,94.78022766113281,2587900
2019-03-22,94.75024318791911,95.74003656785305,94.09787715899672,94.10537719726562,1917600
2019-03-25,94.16536981892973,94.45780839370224,93.7754479053309,93.94041442871094,2186500
2019-03-26,94.23285359514763,95.14766379719654,93.52800442835273,94.1353759765625,1496400
2019-03-27,94.08288874687457,94.78024360775883,93.3780338472476,94.76524353027344,1673100
2019-03-28,94.9902096728886,95.41762039592616,94.45032123939819,95.40262603759766,2477500
2019-03-29,95.40261099941699,96.12995454120664,94.87021696858437,95.97998809814453,2609500
2019-04-01,96.2574439504848,96.2574439504848,94.49531218285533,94.98271179199219,1810600
2019-04-02,94.98269904288249,96.41490323986191,94.765243685814,96.25743103027344,1203100
2019-04-03,96.24993827673836,96.53488254552651,95.26014481656368,96.26493835449219,1466500
2019-04-04,96.489890102926,96.54238465844938,95.47010784661263,96.1374740600586,966000
2019-04-05,96.14495872141825,96.87980233297951,95.62756474532172,96.80482482910156,962800
2019-04-08,96.6998273551179,96.99976019258247,95.98746684315697,96.36238861083984,1625700
2019-04-09,96.39240440343997,97.38969784033488,96.18994341235596,97.35220336914062,1608000
2019-04-10,97.5996463381848,97.74211845375712,97.23971316988461,97.66712951660156,1534100
2019-04-11,97.76463093877084,97.92959747767725,96.24244905480407,96.52738189697266,1873500
2019-04-12,96.21995744820441,96.69985700029262,95.16267499319967,96.63236236572266,1799600
2019-04-15,96.61735171766234,96.80481261626728,95.23013649130378,95.53007507324219,2395900
2019-04-16,95.48511217369598,95.62008429420244,92.74818672480298,93.43804168701172,3001700
2019-04-17,95.3951110773559,95.3951110773559,92.17828109832828,93.10808563232422,3250000
2019-04-18,91.2934879833928,92.93564783200159,89.8387890957355,91.94585418701172,2748500
2019-04-22,91.93834980663043,92.00583300337715,90.51364542648349,91.91585540771484,2050400
2019-04-23,92.29824234985028,92.86062502774365,91.585893246193,92.55319213867188,1879800
2019-04-24,92.74818099874587,93.25057496928206,91.9158539271511,92.32077026367188,2045700
2019-04-25,92.26077627482915,92.34325954552344,91.51843255943446,91.97583770751953,1405100
2019-04-26,92.60572192890729,93.50553232327533,92.26079442037104,92.98814392089844,1644500
2019-04-29,92.98063325086467,93.22058304332306,92.44824482762434,92.68069458007812,1330200
2019-04-30,92.74066003256372,94.42780819361153,92.03580519238639,94.3153305053711,2061500
2019-05-01,94.20286236838623,95.00519490193247,93.25806342142009,93.31804656982422,1481400
2019-05-02,93.37801932104382,93.94790203891598,92.80813660317165,93.00309753417969,1223300
2019-05-03,93.30304624394435,93.89542341804567,93.12308536853796,93.57299041748047,772300
2019-05-06,93.1905768353623,93.81294849749719,92.54571077690868,93.55799865722656,1172800
2019-05-07,93.45300521643277,93.60297736799423,91.75836281018289,92.40322875976562,1171900
2019-05-08,92.50072417028427,93.64798417648062,92.25327436322326,92.76316833496094,1273300
2019-05-09,92.71815903566983,93.58797460635134,92.02830432084443,93.00309753417969,1191500
2019-05-10,92.98813389534581,94.58529917544931,92.75567842052662,94.24037170410156,1352000
2019-05-13,93.58049568483779,94.85522768154486,93.49801242048991,94.70526123046875,1710000
2019-05-14,94.84773591139316,96.0174960710073,94.80274711631895,95.14767456054688,1717100
2019-05-15,95.09517749366924,95.97249324679066,94.70526128812197,95.41011047363281,1083700
2019-05-16,95.32012293812036,96.03247780891621,95.29012850684818,95.62755584716797,1396200
2019-05-17,95.26763610042676,95.86750757582266,95.15515841102348,95.4176025390625,1817400
2019-05-20,94.52528825035407,94.54778264441335,91.93082991987758,92.59819030761719,3521200
2019-05-21,93.01809316861252,93.95539759102557,92.18576638384155,93.76793670654297,1541700
2019-05-22,93.92541563191189,95.05018108812384,93.92541563191189,94.95269775390625,1224800
2019-05-23,94.81773303327505,95.80003216482599,94.49530001528872,95.74754333496094,1472300
2019-05-24,97.21722568217739,97.2247314414493,95.77003291426888,95.8525161743164,2023600
2019-05-28,96.00999016914778,96.75233961190098,94.57029724121094,94.57029724121094,1492100
2019-05-29,94.61528609830945,95.2826465886823,93.87294237592299,94.1128921508789,1423900
2019-05-30,94.39782239435458,95.86001531263364,93.91792288677307,95.74754333496094,2377300
2019-05-31,95.7475360661226,98.90437137801895,95.57506951202856,97.48716735839844,3175500
2019-06-03,97.56216608989409,99.02435904390792,96.9847832264143,98.85189819335938,2616300
2019-06-04,98.60444546174847,98.94937859429261,97.53966879250474,98.8743896484375,2141200
2019-06-05,99.33927421667234,100.96643341131688,98.3719810333878,100.90645599365234,1943300
2019-06-06,101.07894987143662,101.49136626341858,100.29161156705443,101.26641082763672,1266600
2019-06-07,101.80626850111553,102.27116787051604,101.273874512201,101.39385223388672,1348200
2019-06-10,101.61131753887076,101.75378967516708,100.60652970838008,101.0114517211914,1467200
2019-06-11,101.04892625442083,102.18119748972691,100.2840939686966,101.90374755859375,2524400
2019-06-12,102.04622276272407,102.96103295957029,101.18390711503275,101.29637908935547,1756600
2019-06-13,100.68772498705275,101.24726186871969,99.81815602960074,100.22647857666016,1925300
2019-06-14,100.44574508902181,101.08846940964489,100.19621723058438,100.80113220214844,1417600
2019-06-17,101.07330126235294,102.84266729850337,100.88426613359015,102.82755279541016,1541300
2019-06-18,103.37199610642475,103.7803069917314,102.44193477480846,102.86537170410156,1889200
2019-06-19,102.26801563584768,103.55345234182715,101.91262863261119,103.30392456054688,1599500
2019-06-20,103.59128488210825,104.23400914795364,103.16027910759706,103.53079223632812,1659400
2019-06-21,103.40225019379719,103.53079274003316,102.23022969391411,102.66879272460938,2477800
2019-06-24,102.97121428327185,103.12245162309547,102.05629068140023,102.19239044189453,1444300
2019-06-25,102.44192765151303,102.71413873538627,100.71037071367365,100.7557373046875,1936800
2019-06-26,100.62721083567365,100.91454800831589,98.21512003449368,98.64612579345703,2049100
2019-06-27,99.04688295178298,99.78789767083246,98.547827277859,98.6536865234375,2153300
2019-06-28,98.51755674634036,99.12247155261954,98.23023115514522,98.56293487548828,3630700
2019-07-01,98.9334373750093,98.9939300100144,95.90887485149726,98.3890151977539,2247100
2019-07-02,98.75952653554714,100.91453191102613,98.47218940873923,100.7557373046875,1915400
2019-07-03,101.01283992724811,101.92777531050551,100.89942342997298,101.71605682373047,946800
2019-07-05,101.0733205839956,101.95800377119093,99.59129135234541,101.49675750732422,849200
2019-07-08,101.51944317414731,102.44193572341712,101.14894162648051,102.14704132080078,1105800
2019-07-09,101.7084849478404,102.49487776440866,101.59506845400452,102.32096862792969,1393100
2019-07-10,102.44194843444598,103.04686335886322,102.04119474880046,102.89563751220703,1058500
2019-07-11,102.85024870140651,103.31149493366657,101.31528419062752,101.48163604736328,1404500
2019-07-12,101.9050746355401,101.96556726970316,99.61396947889406,100.2037582397461,2130300
2019-07-15,100.41549375305917,101.43627684131327,100.01474007919914,100.71038818359375,1660500
2019-07-16,100.81623435664851,101.36821380115632,100.30962150514262,100.35498809814453,1202000
2019-07-17,100.58939262239973,100.71793515203997,99.00149259688425,99.52323150634766,1640700
2019-07-18,94.75198101893633,97.2396901664432,93.66314242861316,95.93156433105469,5462200
2019-07-19,96.43063169044848,97.0431038694696,94.67638533088633,94.88054656982422,4059100
2019-07-22,94.88053266597387,96.04498420710647,94.23780848910657,95.59130096435547,1912000
2019-07-23,95.68203061431134,96.58939701156179,95.01662897425402,96.55915069580078,1951000
2019-07-24,96.68014090353584,97.75385920793948,96.1508447728848,97.70093536376953,2105800
2019-07-25,97.69337601211517,97.9958392144175,96.23402423215678,97.89753723144531,1746500
2019-07-26,98.29073430675022,98.97125632551186,97.80680471750404,98.73685455322266,2143500
2019-07-29,99.23591438559826,100.17352151442321,98.11681778866424,98.41928100585938,2386800
2019-07-30,98.55537116788659,100.45329161469175,98.34365270543842,100.32473754882812,1785600
2019-07-31,100.63477074908621,101.48921349802488,99.3342077218384,100.76331329345703,3278100
2019-08-01,101.7992314245101,102.4646274293985,100.96747199615955,101.20187377929688,2102200
2019-08-02,101.22453984860306,102.78975645067925,100.58938450477072,102.25289154052734,1449900
2019-08-05,101.95800259677898,102.22265643970634,99.89374185043388,100.66500854492188,1835500
2019-08-06,100.7254793478797,103.26611184566035,100.58181080930646,103.06195068359375,1834900
2019-08-07,102.57049775609299,105.32284988308996,101.01284951084104,104.53646850585938,2498300
2019-08-08,104.4532540040714,106.72923288175014,103.63662083422594,106.57044982910156,1713800
2019-08-09,106.59313343918373,107.27365531384994,105.33793736673898,106.79729461669922,1632500
2019-08-12,107.04685476480559,107.47784900573551,106.22265255356672,106.9939193725586,904900
2019-08-13,106.67632119672113,107.55344709438548,105.30770850590866,107.33415985107422,1762800
2019-08-14,107.0544003536497,107.22830948189633,104.9976967523103,105.05818939208984,1693400
2019-08-15,105.13380466606675,107.98445852042562,104.8691623265877,107.6820068359375,1222500
2019-08-16,108.38518935747207,108.57422450489523,107.16780254655535,108.06761169433594,1637000
2019-08-19,108.61962567578028,109.69335580824543,107.76519438309684,109.53456115722656,1090800
2019-08-20,110.01847328793181,110.11677527230988,108.76327694045656,109.26988983154297,1434500
2019-08-21,109.88993670522137,110.18483113654027,109.29257905088811,109.76895141601562,1201300
2019-08-22,109.82187475101176,110.63850805681629,108.95987485118324,110.4797134399414,893300
2019-08-23,110.77461076740428,111.8180886087058,110.2755551443652,110.65362548828125,1751200
2019-08-26,111.15266522739101,111.84075592405866,110.69141901221475,111.59878540039062,980800
2019-08-27,111.93905698894007,112.43811258807789,110.41921843279201,110.44947052001953,1690700
2019-08-28,110.53264754700574,111.81809603188944,110.3133718096057,110.73680877685547,1447600
2019-08-29,111.27365407975203,111.71977426714685,109.65551364832493,110.35871887207031,1396400
2019-08-30,110.66120350166779,110.66120350166779,109.17160529947456,109.76895141601562,2003500
2019-09-03,109.70845303384495,111.60637360340147,109.53454390082696,111.59124755859375,1361400
2019-09-04,111.90884217456619,113.02037011108027,111.74249026993188,112.7179183959961,1361400
2019-09-05,112.92959646561339,112.96739426311902,110.47213966270667,111.20559692382812,1273000
2019-09-06,111.18293321342834,111.73492428010397,110.33605924716458,110.72925567626953,977700
2019-09-09,110.57040628042698,110.62334164599929,108.23393523845148,108.49102020263672,1631600
2019-09-10,107.62149920348757,107.64418249977557,104.52131794916875,105.34552001953125,2363800
2019-09-11,105.15649415424288,106.17727719080959,104.27936816093562,104.84647369384766,2205900
2019-09-12,105.52112909124712,106.72560517407179,104.47674653433741,105.81843566894531,1699100
2019-09-13,105.66597184812395,106.47403527567062,103.4247322994687,104.01172637939453,2276800
2019-09-16,103.76776031330913,105.62021763008207,103.5695598384641,105.17044830322266,1693800
2019-09-17,105.89466839365573,108.73052099825692,105.89466839365573,108.61616516113281,2057600
2019-09-18,109.00495881887505,109.21840908976164,105.78031265022986,107.14488220214844,2550800
2019-09-19,107.4879055951592,108.18162465703197,107.15248048251016,107.67086791992188,1599800
2019-09-20,107.99870277825093,108.28075962308046,106.36732590936253,107.16777038574219,2333900
2019-09-23,107.27446597323188,108.40270467375188,105.96326492985747,107.8233413696289,1295700
2019-09-24,108.15113464442157,108.94395982271445,107.96055323473891,108.51705932617188,1289700
2019-09-25,108.87534669564383,108.87534669564383,106.72558294152515,106.794189453125,1512000
2019-09-26,106.74846917756629,108.61616485702402,106.73321940622564,108.25025177001953,1158400
2019-09-27,108.05203758869052,108.23498829294216,104.08031598951747,105.1018295288086,2696500
2019-09-30,105.52875874273585,106.58840281009765,105.33055821511907,105.97090911865234,2530100
2019-10-01,105.879414912459,106.10811494652665,104.19467001473309,104.27852630615234,2234000
2019-10-02,104.39288978986852,104.66732752442893,103.08930764266465,104.05746459960938,1981100
2019-10-03,104.34715161300547,105.26194017982772,103.95073896892099,104.69781494140625,2433300
2019-10-04,104.83503560946805,105.58973062291572,104.67494209112526,105.13996124267578,2126700
2019-10-07,104.78165929116265,105.21619049935356,103.4552200917723,104.77404022216797,1673500
2019-10-08,104.69019233052768,105.20094916612634,103.6153102755884,104.4996109008789,2297600
2019-10-09,104.71304481883426,105.05608901219655,104.05744433793865,104.62918853759766,1475300
2019-10-10,104.13371113214541,105.52113806871985,103.52384815283153,105.3686752319336,2212600
2019-10-11,105.37627879839731,105.65834721872815,104.11082697030659,104.19467163085938,1851800
2019-10-14,104.40049158619236,104.43861019371813,103.42471572079512,103.775390625,938000
2019-10-15,103.84401275140428,104.0117253439993,101.77048581765469,102.64715576171875,1894100
2019-10-16,102.26599565822224,102.73864553748052,101.75523879684475,102.67765808105469,2266500
2019-10-17,103.3103854449563,107.38120202221228,103.3103854449563,106.40542602539062,2355400
2019-10-18,107.06866658410588,110.52963256308247,106.79422880441685,109.82066345214844,3120000
2019-10-21,109.81302939862181,109.81302939862181,107.73188330535415,109.27940368652344,1570600
2019-10-22,109.07356018490613,109.59956676763824,107.51079020738565,107.71662139892578,1323500
2019-10-23,107.4879040790676,108.31883614866848,106.70270968197102,107.41166687011719,1301500
2019-10-24,107.68614176615912,108.17402982848382,106.72561541500491,108.0291976928711,1657700
2019-10-25,107.86910082769732,108.12066973785537,106.92381264699759,107.4879379272461,2028100
2019-10-28,107.46504530256463,107.67087648026657,105.71169402205908,106.2681884765625,2219900
2019-10-29,106.25296097474566,107.03052482226789,105.7040855340434,105.97852325439453,1345000
2019-10-30,106.12337408728874,106.87806914452902,105.77269911980072,106.15386199951172,1959200
2019-10-31,106.20722019520178,106.52739558757706,105.32291960740334,105.80317687988281,2397800
2019-11-01,106.39017323073968,106.52739790598233,103.81350863276137,104.75879669189453,2545300
2019-11-04,104.65206311958354,104.65206311958354,102.5175489972555,102.53279876708984,1626900
2019-11-05,102.17452921961534,102.380360449021,98.99563193065664,100.3678207397461,3104000
2019-11-06,100.74896834133847,102.30410766720142,100.71084972951247,102.08303833007812,2315300
2019-11-07,101.49604512784883,102.00680196052565,100.23058165049999,100.55838775634766,2122900
2019-11-08,99.54448646975213,101.4350508569732,99.46824925058603,99.71981811523438,2279700
2019-11-11,99.74268566235446,100.62698621169228,99.68169821424499,99.94851684570312,1878400
2019-11-12,99.94853592112466,100.2001048305264,99.31580411241762,99.6054916381836,2657400
2019-11-13,99.87992148652738,100.61174768126286,99.66647121038224,100.146728515625,1799100
2019-11-14,100.48978221403438,102.09065925024181,100.1695951746255,101.90007781982422,2384200
2019-11-15,102.22787478502025,102.71576273796312,101.73235613095609,102.67001342773438,1732900
2019-11-18,102.74626118811963,104.67494435875037,102.70814257510106,103.63056182861328,1795400
2019-11-19,103.85924791877606,104.43861120943846,102.15163432164053,102.39558410644531,2681400
2019-11-20,102.38799504406839,104.48439137709902,102.38799504406839,104.35479736328125,1620900
2019-11-21,104.60634658738354,105.46014775603574,103.20366991540678,103.25702667236328,2378400
2019-11-22,103.23414382831916,104.30140677655929,100.87094116210938,100.87094116210938,1996300
2019-11-25,100.9624086572828,101.29783379682183,99.85703881628623,100.1619644165039,3021000
2019-11-26,100.69560162591542,102.48707172190026,100.69560162591542,102.46420288085938,4903300
2019-11-27,102.4565553832494,102.8987056245032,101.5951353701992,101.98391723632812,2048600
2019-11-29,102.15166694788381,102.57856757547408,101.88484823955504,101.8924789428711,859100
2019-12-02,101.732359920024,102.25074743242693,99.75793919568314,99.82654571533203,2026700
2019-12-03,99.98663728165782,102.47181476865241,99.87991215355784,102.26598358154297,1953900
2019-12-04,101.64850984325595,102.93684218552701,101.33595350286063,102.55567932128906,1908600
2019-12-05,102.39558745645056,103.089294961332,101.6027622620627,102.9139633178711,1945300
2019-12-06,102.73100353114104,103.4399724559319,102.3803402354882,103.26464080810547,1532200
2019-12-09,103.05119388333259,104.26330072017177,103.02070597013089,103.58483123779297,1579800
2019-12-10,103.96598846418784,104.37763924690384,101.38932373274619,102.15164947509766,1314500
2019-12-11,102.06018175396798,103.18842068016123,101.83910075811025,102.6166763305664,1916600
2019-12-12,102.80895044126858,102.86278712082033,100.99367901269402,101.5321044921875,2335700
2019-12-13,101.52443428966328,102.532061803278,100.65525403587476,102.05516052246094,2966400
2019-12-16,102.28590953530014,103.71658979006438,101.93977967654027,103.45507049560547,2026600
2019-12-17,103.66274026281376,103.86272350966003,102.20898564669079,102.41665649414062,1990500
2019-12-18,102.7013034486009,105.80110957716785,102.67822890068994,105.53189086914062,2958100
2019-12-19,105.30881053034992,107.68558235258644,105.29342358942495,107.6240463256836,2640400
2019-12-20,109.26242236497822,109.57779013927006,108.0701866418543,109.22396087646484,3225900
2019-12-23,109.47009609555214,109.86237507811535,107.97787966246452,108.1317138671875,1035200
2019-12-24,108.10862213893783,108.3547544800112,107.30097802152423,107.7163314819336,561300
2019-12-26,107.89328585594889,108.24710340811518,107.48561986852289,108.1471176147461,692500
2019-12-27,108.5393632976864,108.83934405919044,107.93171417348951,108.51628875732422,863700
2019-12-30,108.21631514332239,108.80088976576725,107.63942812257412,108.7624282836914,1125000
2019-12-31,108.80089936499552,109.37778643664109,108.11632717611467,109.33932495117188,1591300
2020-01-02,109.47777425513625,109.73160595259432,108.55475736961375,108.97779846191406,1795500
2020-01-03,108.33938941508687,109.7623703867304,107.76250238249705,109.57777404785156,1254500
2020-01-06,109.33161620609744,109.74696965316971,108.64704414960008,108.65473175048828,1631100
2020-01-07,108.45477703290106,108.77783240713646,106.27030065275792,106.81641387939453,1667200
2020-01-08,106.9240623767163,107.61633371590652,106.60100711314526,107.26250457763672,2644600
2020-01-09,107.07023965213914,108.27786223938831,107.0471651078934,107.87788391113281,1534400
2020-01-10,107.99323570429918,109.65467298880728,107.83940152687335,109.53160095214844,2760400
2020-01-13,109.93160028318123,110.64694636373824,109.72391764859401,110.21619415283203,1743200
2020-01-14,109.95466856747463,110.36233447417524,108.49322607969476,109.18548583984375,1667100
2020-01-15,109.34701874327807,111.10075441317154,109.31624486174483,110.80077362060547,1431600
2020-01-16,111.06997388119717,111.72378385146641,110.58539677563392,111.7083969116211,1505500
2020-01-17,111.92376867396734,112.46220594485212,111.08536236111568,111.72378540039062,2070000
2020-01-21,111.77763468912983,114.1005579737555,111.62378876094304,114.00057220458984,1650500
2020-01-22,114.61592150932768,114.76206811501592,113.8236641870366,114.36978912353516,1920100
2020-01-23,114.70820403823211,115.53892264845166,113.8390239509404,115.20816802978516,1246800
2020-01-24,115.37742193841393,115.92354689978035,114.80822243160371,115.30049896240234,868100
2020-01-27,114.8620689301296,115.69278776252882,114.29286943289361,115.6081771850586,1363900
2020-01-28,115.49275897043673,116.7465303237748,115.16970369727123,116.70806884765625,1539100
2020-01-29,116.7619118345376,116.8926714578273,114.53897476502421,114.64665985107422,1519400
2020-01-30,114.32364034015711,116.33120786530579,114.2851788537999,116.24659729003906,968300
2020-01-31,116.19273733347426,116.754237420826,114.39285262379555,115.25433349609375,1293900
2020-02-03,115.90043867641235,116.09273434323953,114.5620683468447,114.75436401367188,1225000
2020-02-04,115.09280992624875,116.8080840426067,114.53129811075868,115.7235336303711,1264700
2020-02-05,115.58507865175412,115.96197063397658,114.84665815282766,115.34663391113281,1257900
2020-02-06,115.47739957221026,116.30811827551524,114.92358710334027,115.76199340820312,1005100
2020-02-07,116.19273099252813,116.19273099252813,115.70814215990738,115.75430297851562,1119300
2020-02-10,116.19273284299263,117.68494910826587,116.06197319684343,117.6234130859375,1583600
2020-02-11,118.71565423877875,125.76905813812489,117.96954608625501,123.86148834228516,3488200
2020-02-12,123.70764118395671,125.71520827541548,122.14620141691047,125.53829956054688,1969900
2020-02-13,125.42292928786375,126.31518403743301,124.86142920270231,126.08442687988281,1202800
2020-02-14,126.5074657008589,127.9919825150022,126.15363653356518,127.66123962402344,1424600
2020-02-18,127.72281415805311,127.88433598339967,126.82287163501151,127.84588623046875,1275300
2020-02-19,127.89202188258324,128.33814929560498,126.54595204109957,127.37667083740234,1211500
2020-02-20,127.58429317080338,129.17650652519725,127.23047580546681,128.44578552246094,2180300
2020-02-21,128.19196323985656,129.79955191039025,127.61507634247705,129.26881408691406,3006000
2020-02-24,127.1843419917347,129.59957477967225,125.76134954981711,127.96121215820312,2092400
2020-02-25,128.4919636394384,129.16114878713043,124.9383318262149,125.39215850830078,2038500
2020-02-26,125.94598036942618,127.04590600415378,124.86142993830835,125.13833618164062,2293700
2020-02-27,114.40824430687942,120.18480242540723,113.06986212182312,114.14671325683594,5822200
2020-02-28,111.63149937221428,113.81597562622062,108.23171293094585,110.21619415283203,6204100
2020-03-02,110.70846693709257,120.39248662386046,110.62386810240459,120.17711639404297,4077800
2020-03-03,120.63091955654109,124.98449628600616,119.73866484242107,121.630859375,4248500
2020-03-04,123.54611903493795,126.31518139399819,121.87699401790309,125.8075180053711,2384700
2020-03-05,123.69226844343966,126.23826130943375,123.14615529756965,124.79220581054688,2513900
2020-03-06,122.50004668039342,124.29224398614777,119.01564958717255,123.69998168945312,3109400
2020-03-09,117.669572114636,119.4233078204441,114.4697808406686,115.59278106689453,3291300
2020-03-10,118.15416908286697,122.63080682668183,114.33132966980965,122.56928253173828,2944400
2020-03-11,119.28484409858797,120.07710127139876,116.36963534777925,118.33875274658203,3287100
2020-03-12,111.00511325740224,116.55575927936246,102.86520356168398,110.47795104980469,3854100
2020-03-13,115.99755584513231,122.48622084778223,110.98956971201274,120.23030090332031,3769000
2020-03-16,107.70260062408113,114.23778975313904,104.6792110954453,105.2916488647461,3833900
2020-03-17,107.52427452735061,118.8116084066152,107.14441983639256,113.85789489746094,4441300
2020-03-18,109.43137798564925,115.26109418608846,101.64032064516941,107.22196960449219,4357000
2020-03-19,106.91186541137614,107.07465692458541,98.64791902210243,101.36122131347656,4548200
2020-03-20,100.24490798981722,105.81880905542303,97.36880773549044,99.27587127685547,5346100
2020-03-23,98.2990847449441,99.764267755193,89.65527623926732,90.68633270263672,4029300
2020-03-24,94.44620390267012,96.43854332283826,88.5156975158211,95.90363311767578,4397100
2020-03-25,95.32994878549677,104.64044849994266,94.32214832103523,99.1983413696289,3121700
2020-03-26,99.22935993627016,111.43147454939552,99.22935993627016,110.44692993164062,4092400
2020-03-27,108.08249981139244,109.92754988079484,104.78777430406753,106.12117004394531,3220000
2020-03-30,108.91973174479504,115.24560654844984,107.98945882168393,114.78046417236328,2934600
2020-03-31,113.14472311228768,114.58665019997062,109.91976612470798,111.943115234375,3078400
2020-04-01,106.72580760022187,108.71039255358424,103.72567423940137,106.66378784179688,2519000
2020-04-02,106.59404077392098,113.93546401936614,105.47770856334786,113.47032165527344,3240000
2020-04-03,112.29198263938711,114.36959174081476,110.55546453547517,112.88890075683594,2117600
2020-04-06,115.03628560630838,116.28440536370798,112.2067031407494,115.31536865234375,3275700
2020-04-07,119.03646952229293,119.75742714265374,113.41605671288566,113.60210418701172,2645600
2020-04-08,114.73393514529836,122.50948399294208,113.7959024977699,121.99008178710938,2153800
2020-04-09,122.68780207260579,127.7345530983758,122.34671106888351,127.24615478515625,4349400
2020-04-13,126.5096550449811,126.80424592629002,121.18383422609757,121.74974822998047,1725500
2020-04-14,124.26148906585055,128.61052555409978,123.36998017584332,128.5175018310547,2460700
2020-04-15,128.7035938827585,128.92840521372264,125.18404562982062,125.94377899169922,2697900
2020-04-16,127.47869543666349,127.93607783966793,124.77314118751494,125.43209075927734,2038600
2020-04-17,128.09118217746163,130.10678384834168,126.95935359738753,129.50210571289062,2058900
2020-04-20,128.11438324470095,129.09117968286537,125.89722708801536,125.91273498535156,1883500
2020-04-21,124.16849851070259,124.73441269215964,122.60253172313908,123.7808837890625,2103500
2020-04-22,125.4786301587035,128.06014545964928,125.23831093926566,126.49417877197266,1649400
2020-04-23,126.16085108940099,126.96708455183804,123.82740276077469,124.46309661865234,1537200
2020-04-24,125.28483581542969,125.78098220582172,122.89712761508585,125.28483581542969,1475000
2020-04-27,126.36236581837551,127.69576105431749,125.56388064940624,126.98255157470703,1626500
2020-04-28,126.3856481194929,128.68808038352304,124.77316954821192,125.01348876953125,2059900
2020-04-29,126.68022660444001,126.73448650597871,120.20705702096065,120.50164794921875,3280000
2020-04-30,116.74954568543906,123.95916922929815,116.74954568543906,123.59481048583984,3669500
2020-05-01,121.69549087808983,122.48622806762528,120.22255995573614,121.25361633300781,1553200
2020-05-04,121.82726687918232,122.3311729683265,118.05965240647483,122.27690124511719,1803800
2020-05-05,122.16837726711404,124.02117474086167,122.0133337796281,123.01337432861328,1174900
2020-05-06,123.40877026209392,123.9901923129582,120.14504927845526,120.1528091430664,1581600
2020-05-07,121.18383922546448,122.43194693310066,119.72640448399015,119.92021179199219,2337300
2020-05-08,121.95906017678975,122.67226960232519,120.81171247439669,122.2536392211914,1370000
2020-05-11,120.8039772280173,124.68012353516387,120.6024218785072,123.8738784790039,2017700
2020-05-12,124.02119472145579,124.23050996926672,117.61005617163556,119.55587768554688,1961200
2020-05-13,119.50934330947767,122.92034725760357,118.2689717852176,118.75736999511719,2143700
2020-05-14,118.42402603912774,118.4627898707351,115.91229062619557,117.86585998535156,1718500
2020-05-15,117.39298508028921,118.37752975320693,114.39285101817191,116.3929443359375,2593900
2020-05-18,118.80391211366432,122.05987340773692,118.586848815997,121.24588012695312,2565900
2020-05-19,120.70320149985453,120.95128055761742,118.22247006752835,118.26898193359375,1349800
2020-05-20,119.01318314822149,119.53258526241206,117.33868533500349,118.1139144897461,1816900
2020-05-21,117.98991698001107,118.42404356852839,115.02854670601808,116.9278564453125,2254200
2020-05-22,117.48600861996208,121.61798241381177,116.24563694669045,121.0908203125,1874000
2020-05-26,124.67241286456388,124.94373608994218,121.5559869875077,123.7188720703125,2657200
2020-05-27,123.9126803535236,126.41668015368104,122.5560287294816,126.40892028808594,1690800
2020-05-28,127.93612399187452,131.16882960136522,127.10663457440076,130.85098266601562,2437000
2020-05-29,130.33156746755333,133.75808011502764,129.1222114542168,133.4635009765625,3286300
2020-06-01,133.13790931643004,136.145791523191,131.4789187751285,134.7116241455078,2907100
2020-06-02,135.6030846690171,136.40156976586167,133.45569656117328,135.31625366210938,3183300
2020-06-03,136.87447893613623,137.09930205021695,134.83562215706888,135.3240203857422,1917600
2020-06-04,134.52556168388443,135.10698375483847,128.77336074806647,129.9672088623047,1941800
2020-06-05,131.58745067214946,132.21538463195077,129.08345103989382,130.7036895751953,3265800
2020-06-08,130.2385355800472,134.24647004716007,130.2385355800472,133.98289489746094,1958300
2020-06-09,133.61855237431456,136.91327763295865,133.4014890683054,135.15350341796875,1717800
2020-06-10,135.06042407819007,136.2387757037257,133.09133540389493,134.9596405029297,1858300
2020-06-11,132.74276554175196,133.9683173494771,125.26451847249324,125.45967102050781,3072000
2020-06-12,128.63673849330115,129.3470965725533,126.84914653079532,128.3088836669922,1941300
2020-06-15,125.94365891725809,131.00982389032762,125.83437395519834,130.80686950683594,3733600
2020-06-16,134.26492475875565,134.26492475875565,130.0886563462707,132.38365173339844,2053000
2020-06-17,133.76535174512333,134.45229246797325,132.21193330546595,132.27438354492188,2422700
2020-06-18,131.2752302124668,131.82946875578696,128.27768957644204,128.995849609375,1982300
2020-06-19,130.6428952796046,133.32038196888334,129.05045605709387,133.0549774169922,5207000
2020-06-22,132.29779489696782,132.70371547944282,129.0114330838762,129.8466796875,2747500
2020-06-23,130.4555377533031,130.97074320552474,129.07386664665853,129.21437072753906,1727400
2020-06-24,128.02007326101113,129.4563931755035,124.23410901291099,126.53691864013672,2054600
2020-06-25,126.64618263762074,128.71479456833768,125.49087115257463,128.58209228515625,1302600
2020-06-26,128.34007860547095,128.66793333946495,125.4283950550682,125.93579864501953,2750500
2020-06-29,127.38772784938396,127.62191319492945,125.42058762242797,126.69298553466797,1402700
2020-06-30,127.19262287237405,131.13470660897858,127.11455709098944,130.63511657714844,2003100
2020-07-01,131.0878408306564,135.1157915735004,130.52581254927657,134.17906188964844,1780600
2020-07-02,135.6075616649436,135.82613149836982,132.4617045147422,133.26573181152344,2253800
2020-07-06,139.42476064076524,140.50980812707778,134.5537496710075,136.06033325195312,3263000
2020-07-07,134.23369979768495,135.78710606246779,133.64042857915118,133.88241577148438,1705000
2020-07-08,134.34295924732223,135.45142379918954,132.45387293837382,133.80433654785156,2282800
2020-07-09,133.3984551091416,134.46008528654434,131.9074870086781,133.99171447753906,1435300
2020-07-10,134.24150619284134,135.0143144012391,132.5944185729611,133.87461853027344,2070000
2020-07-13,133.7028880749124,134.17125886820034,129.6124871351786,130.2916259765625,2245400
2020-07-14,131.1425214997096,132.5788414955501,129.33150000925815,132.19635009765625,2534200
2020-07-15,133.59364825060698,133.96833786504743,130.62732668429712,131.1425323486328,1797100
2020-07-16,130.3306563503781,131.15810107957054,128.48841619605457,129.37831115722656,1623900
2020-07-17,130.15892099712386,132.82079215321588,129.30024519763364,131.89187622070312,1403400
2020-07-20,138.3865532062118,138.3865532062118,132.77396485861613,132.82861328125,3817800
2020-07-21,133.87462718295956,133.87462718295956,130.1120809231991,130.77560424804688,2411100
2020-07-22,130.29942086487193,132.32119792317096,129.97936790350505,131.18931579589844,1368300
2020-07-23,130.7834049265327,131.75916750686758,128.58209073910265,130.17453002929688,1730700
2020-07-24,129.90131388617058,131.0097786647454,129.3704928885756,130.127685546875,1498100
2020-07-27,130.36189663737747,132.07143479248052,129.84669107342424,131.48597717285156,1603200
2020-07-28,131.23614995381686,134.983080352192,131.22054632978725,134.0931854248047,2070300
2020-07-29,134.99091020756157,136.7238657279291,134.34301425199848,135.7246856689453,2469800
2020-07-30,131.88408409810017,133.250151877565,130.4399624493654,132.86766052246094,2780900
2020-07-31,132.86766052246094,132.86766052246094,132.86766052246094,132.86766052246094,0
2020-08-03,129.52661992384046,129.62030122946436,126.45882814364053,128.09811401367188,2799700
2020-08-04,128.33228319282904,130.96294707354008,128.13713068681125,129.4875946044922,2300200
2020-08-05,129.87008575172968,130.02621728530485,127.80927576687239,128.42596435546875,1713500
2020-08-06,128.02784877226821,129.02702867369598,127.57509351831439,127.91856384277344,1513600
2020-08-07,127.94979204806464,132.20411430180377,127.8639244688737,131.29080200195312,1633400
2020-08-10,131.18933736419368,131.3220396577855,128.73822201707884,129.72178649902344,2287500
2020-08-11,130.49460077451258,130.59608390825176,125.99047675555393,126.29491424560547,1865200
2020-08-12,127.23161533630551,129.7061473570125,126.94278156588966,128.95675659179688,1098600
2020-08-13,128.56642986019443,129.10505252036546,127.70776623902974,128.301025390625,1309700
2020-08-14,128.2854572276736,129.48760341680722,127.73123074311673,128.5118408203125,1435300
2020-08-17,128.6133021297143,129.8310637617709,128.34009577042673,129.6280975341797,1182100
2020-08-18,129.37050026190377,131.3064217620995,129.06606281882554,129.58126831054688,1071200
2020-08-19,130.4633711004967,130.6819409777411,126.67740731400426,126.95842742919922,1486900
2020-08-20,124.89763646160982,127.82492481617881,124.89763646160982,127.14579772949219,1261400
2020-08-21,127.62975700960274,127.72342641418365,126.01388831358966,127.37215423583984,1077600
2020-08-24,127.31751168332862,127.31751168332862,124.11700551869508,125.68602752685547,1144700
2020-08-25,125.72508602145268,126.1466222302678,124.65565378149063,125.43626403808594,1443600
2020-08-26,124.8976001319515,126.00606490378297,124.03112255458956,125.65479278564453,1828100
2020-08-27,126.06855157189712,127.71563962615619,125.97488215629633,127.56732177734375,1858900
2020-08-28,127.47363354657116,128.05127740573792,126.22465260413246,127.85612487792969,1781200
2020-08-31,127.32532351365695,128.0434834306124,126.87256819208739,127.43460845947266,1386400
2020-09-01,126.85695977080276,127.2706822253993,125.17865259922559,126.53691864013672,1148600
2020-09-02,125.80311565167091,130.14330552504228,125.29571198402795,129.79983520507812,2362600
2020-09-03,129.86229209339785,130.22137796753813,125.35036682877492,126.23246002197266,1749100
2020-09-04,125.89678475304468,126.66959297117822,122.55577477574549,125.35816192626953,1943200
2020-09-08,124.74928945342626,126.0216876390399,123.0397515481614,123.72669219970703,2921300
2020-09-09,124.82735304766636,127.65315755129707,124.69465077159593,125.90458679199219,1743100
2020-09-10,125.42060199014406,125.74845674700097,123.84376652140699,123.92963409423828,1892000
2020-09-11,124.41361693299555,125.13177665356012,123.14902072161746,123.79692840576172,1267100
2020-09-14,124.4655564123851,126.52634470067014,124.44982181420484,125.97575378417969,1390100
2020-09-15,126.25101400131557,129.86134132167396,126.09370406189201,128.57138061523438,2093600
2020-09-16,129.73545932449287,131.97715246041088,129.12194229765413,130.7029266357422,1598600
2020-09-17,129.39727048666435,130.2153014360855,126.94320164236073,127.93426513671875,1819900
2020-09-18,127.60392542328681,127.910684064367,125.0004076229941,125.59819030761719,3016300
2020-09-21,125.0712041544504,125.45662380849416,122.75872223613442,123.94642639160156,2017400
2020-09-22,123.56883245210585,126.54989564226362,123.52950197161762,125.83412170410156,2203100
2020-09-23,124.74871765786718,125.05547630776431,121.92495141683462,122.40475463867188,2495500
2020-09-24,123.12048954206922,125.26779940627158,122.42831147514129,123.80479431152344,2292200
2020-09-25,123.01824771455883,127.3128799694311,122.79801139399915,127.19490051269531,1827100
2020-09-28,128.90957010518352,129.5860135085851,127.28925525568074,128.67359924316406,1843900
2020-09-29,128.37478700434085,129.3894466853165,127.72193911578178,129.1377410888672,1552600
2020-09-30,129.62537191053096,131.35580526815878,129.27142154224015,130.9625244140625,2341600
2020-10-01,131.159174532271,132.37834767044825,129.7276263566355,132.15023803710938,1693200
2020-10-02,131.28505176796503,133.16493425979337,130.64793853880724,132.63006591796875,2275700
2020-10-05,132.6300298343717,132.9289271206016,130.00291664039216,132.6614990234375,1450200
2020-10-06,132.73228858826667,132.73228858826667,129.34220953782525,129.8534698486328,2010000
2020-10-07,130.72657049608233,130.96254143961292,129.13771227842253,129.7197723388672,1514400
2020-10-08,130.37264433583033,133.17280298164007,130.05015105307572,130.396240234375,1329000
2020-10-09,131.04114886350675,131.85130623698973,129.68826214231703,131.63893127441406,1010400
2020-10-12,132.32327270507812,132.535647726678,130.97825890623025,132.32327270507812,1029700
2020-10-13,132.21314558122796,132.21314558122796,130.52204282539688,131.198486328125,1635400
2020-10-14,131.48954685965958,131.7412524199526,129.38942809913934,129.80630493164062,1463900
2020-10-15,129.1220046913112,132.5356804649475,128.56354046011197,132.2525177001953,1045700
2020-10-16,131.3872635457236,132.49631844395188,130.85240734066502,131.2771453857422,1171700
2020-10-19,132.33904643344394,132.73232740352847,128.79951770268318,129.24786376953125,3165600
2020-10-20,129.52314246398012,130.28610844258216,127.62752546551602,129.35797119140625,2080900
2020-10-21,128.146642972203,130.1366433032518,128.01292891065992,128.83094787597656,1434300
2020-10-22,127.92640539882704,128.47699623573573,121.61031536533311,122.90027618408203,3377500
2020-10-23,123.01037369774012,125.05543875086417,121.91705350445669,124.64642333984375,1784100
2020-10-26,124.0407962214657,126.18810662272261,123.23063850958538,125.7869644165039,1548100
2020-10-27,125.99931929685758,127.69829543117689,125.94425421749607,126.32967376708984,1763700
2020-10-28,124.67002964786978,125.91279857607972,123.09690624537299,123.37220764160156,1743400
2020-10-29,124.91390174236278,125.54315370468963,122.87670916608948,124.04869079589844,1310500
2020-10-30,123.20701280337107,123.95424394880845,121.19341695807447,122.86092376708984,1256000
2020-11-02,123.84413763793869,126.48698543798484,123.43512219215155,125.44085693359375,1260700
2020-11-03,126.47127549910681,127.73764056688285,125.17345323797412,126.12519836425781,1311500
2020-11-04,125.55885654170173,130.1366397056726,125.50379145801082,127.52526092529297,1684400
2020-11-05,128.77588875392308,129.3500754623246,127.11624300604007,128.14663696289062,1213400
2020-11-06,128.53207479459553,130.00294161352582,127.50954198915456,129.05120849609375,877200
2020-11-09,131.48952930200656,133.25929327981387,126.99039502937798,127.24996185302734,2174000
2020-11-10,127.24997668431702,127.47808634470776,124.01720696132273,126.18025207519531,2372500
2020-11-11,127.21854765687097,131.583957342508,126.61289153034012,129.49957275390625,1254000
2020-11-12,129.24784830889007,131.45808517605911,129.00400405494085,131.31649780273438,1883700
2020-11-13,131.75695715395415,132.43340075306034,130.28609049158717,132.15023803710938,1649900
2020-11-16,133.1412888909471,133.25926833325607,129.38938659980917,130.11302185058594,2073100
2020-11-17,129.86135624298353,131.26929656527096,129.38941436850683,130.83668518066406,2371700
2020-11-18,130.79736594576315,135.39089631306587,130.52993779480533,134.22677612304688,3104400
2020-11-19,133.97505250984145,133.98291380593585,131.48951471842926,132.21315002441406,2220200
2020-11-20,132.22890961968898,132.8030963945927,130.76590413693486,131.3322296142578,1569800
2020-11-23,131.7490969330256,132.05585554431286,129.85348018026028,130.8524169921875,2037400
2020-11-24,131.9850608269263,132.35474580055586,129.00398514612436,129.19276428222656,2143900
2020-11-25,129.45233864614218,130.96253581712912,128.61071178414466,129.75123596191406,1932400
2020-11-27,130.0264968890197,131.489501953125,129.57028971827964,131.489501953125,879700
2020-11-30,131.3558379139141,131.9457593416712,129.00401350120887,131.80418395996094,3208900
2020-12-01,132.14238165214624,134.42340605844467,131.94574120325913,134.34475708007812,2891900
2020-12-02,133.74696051928314,134.15597600766685,130.82096172355756,131.22996520996094,1494000
2020-12-03,130.72656338426697,132.59858423192526,130.72656338426697,131.701904296875,1861200
2020-12-04,132.07941433945984,132.10301022585594,128.23312883119493,128.60281372070312,2521300
2020-12-07,128.07582136933388,129.78265852914663,126.91171361095935,127.77692413330078,2032600
2020-12-08,128.05223501383654,128.79946615756114,126.65215628080112,126.89598846435547,2403800
2020-12-09,126.27463746221501,126.58926941173611,123.39583013648239,124.58353424072266,3029600
2020-12-10,124.57565303018626,125.49592883172024,123.09691310875745,123.66323852539062,2148200
2020-12-11,124.62284189579117,124.98465356895633,122.813747524027,124.0250473022461,2702600
2020-12-14,125.26252947340134,126.04784185409844,122.89069968094238,123.1048812866211,2711700
2020-12-15,123.19215303029296,123.75535569781019,122.43856534757309,123.27941131591797,3088400
2020-12-16,123.65224374519877,124.73899614995752,121.78016675283921,122.25611114501953,4286500
2020-12-17,123.96951041732696,124.96107612779576,122.97001653864089,123.54908752441406,4831200
2020-12-18,122.81138582513856,123.58877006301516,120.64579729208361,122.01019287109375,5924500
2020-12-21,120.93136559747484,121.84361341892958,119.94774004567235,121.57389831542969,2423100
2020-12-22,121.1376191784348,122.3909477311391,120.57440446337209,121.75635528564453,2248400
2020-12-23,122.32750806483904,123.25561230072734,120.89965073882779,120.93931579589844,1977100
2020-12-24,121.2724724401986,122.3909495092812,121.03449421764319,122.1609115600586,521800
2020-12-28,122.43058643779607,124.00123508339227,121.7087237667054,123.9457015991211,1742200
2020-12-29,124.54066754779377,125.31805176500205,123.0969418974748,123.59669494628906,1771500
2020-12-30,123.7394969644333,124.69139781388131,123.5015187260523,124.05679321289062,1310100
2020-12-31,123.58878943001615,126.41276747893988,123.112832905423,126.27791595458984,1579900
2021-01-04,125.61157944529587,126.17478212687156,122.45442474411139,122.95417785644531,2218700
2021-01-05,123.12076830740881,124.57241023140503,122.874849780186,123.43806457519531,2380600
2021-01-06,122.6448189375145,122.68448399931484,120.05087882796366,120.12226867675781,2709900
2021-01-07,119.82080952169191,121.57389101678297,119.59075948581842,120.93135833740234,2568000
2021-01-08,122.0181460650319,123.05730525004229,121.64531629733062,122.2085189819336,2432600
2021-01-11,121.97052713808567,122.74792347571524,120.54268200415028,121.41525268554688,1622500
2021-01-12,120.8996541575914,121.35974220365391,118.30571428399332,119.35281372070312,2304100
2021-01-13,119.31315733853161,121.3280141380034,119.2655641068706,121.12177276611328,1457400
2021-01-14,122.23232363992211,123.8426258897551,120.90759288831,122.76380157470703,3882400
2021-01-15,122.7796480785552,125.3021978793876,122.18470857225489,124.73898315429688,2437200
2021-01-19,126.02406674495347,126.92044627004026,124.55655634740232,126.43656158447266,2824700
2021-01-20,126.57138521833697,128.07857244815733,125.54809467154296,126.17475891113281,1670800
2021-01-21,125.45291603531227,126.75385004522565,124.6279385112037,126.39688873291016,1491600
2021-01-22,126.04782174586049,126.6586295810196,125.30217453762265,126.06369018554688,1367800
2021-01-25,126.96008215318048,128.75282868727982,126.53171896717961,127.62641143798828,1720100
2021-01-26,127.36466545861494,130.33143523747214,126.61900590268291,129.65716552734375,1882800
2021-01-27,129.1177330597732,129.30017777424015,126.21442554955779,126.82523345947266,1866000
2021-01-28,124.89763175047631,127.65021951190732,124.4375437446729,125.43704986572266,2522300
2021-01-29,123.85056953453234,126.84112402040869,123.04144825021058,126.33344268798828,2569600
2021-02-01,126.92045468162058,130.52181725741735,125.36567378597651,130.30764770507812,1898500
2021-02-02,130.950167215032,132.56046935124888,130.29176597103015,131.37059020996094,1608400
2021-02-03,130.53765766292727,130.88669077497926,127.99925153537909,129.42710876464844,2201500
2021-02-04,129.00670916382882,130.60907113503254,127.89614796049365,129.40333557128906,2014400
2021-02-05,129.69683363659385,129.76029531349246,128.44349275202006,128.71319580078125,2192900
2021-02-08,128.49106799980322,128.53866122479664,124.6993210903718,127.63435363769531,2556100
2021-02-09,128.0547732428043,130.3869380389937,127.80093868146355,130.08551025390625,3077100
2021-02-10,130.735986617759,131.267464519262,129.20501458711138,129.36366271972656,1447600
2021-02-11,128.4276431328301,129.86344108798824,127.59473724862458,128.50697326660156,2336300
2021-02-12,128.78459489877562,130.6487316870488,128.1182533581434,130.45835876464844,2199500
2021-02-16,130.34728120517843,130.79942892137643,127.45190177140586,128.47520446777344,3150900
2021-02-17,127.80096149600796,129.60164877501919,127.7137032022036,129.40333557128906,1569300
2021-02-18,129.2525893647048,131.13259428116692,128.90355626033252,130.80735778808594,1744100
2021-02-19,131.23572981078718,131.98931746178312,130.70425194947265,131.52130126953125,4530800
2021-02-22,130.89461495920665,131.90997737931374,129.47469804648767,131.14053344726562,3437100
2021-02-23,131.91793524570483,131.91793524570483,128.22137451171875,128.22137451171875,2594800
2021-02-24,127.71371969622892,128.59423091867043,127.13464845569247,127.87236785888672,1731800
2021-02-25,127.72952719274618,129.06218564803797,125.24664287288155,126.61103820800781,2360600
2021-02-26,126.92041094000803,127.31703722419556,123.45390108951263,123.54908752441406,3615900
2021-03-01,124.01711379523267,125.31804762978753,121.8515374952884,121.94672393798828,2198700
2021-03-02,122.01815578942423,122.55756190240314,120.3919850715218,121.4946060180664,2443300
2021-03-03,121.66117244861442,121.71670595200885,117.7980353641844,117.81390380859375,2593500
2021-03-04,118.16290852492999,121.2327921071894,117.83767206522857,118.29776000976562,2880900
2021-03-05,118.94028867283573,119.78906260285873,115.93385474549416,119.10686492919922,3773800
2021-03-08,119.06723016030294,119.69389444145028,116.1559822207786,116.42569732666016,3389500
2021-03-09,117.71075917858381,120.38401671146264,117.56003923980286,119.81287384033203,2533600
2021-03-10,120.13019857558112,121.08209945618366,118.98791267722751,120.52682495117188,1860900
2021-03-11,120.97102534963484,124.24716256519436,120.74891558289262,123.54116821289062,2568400
2021-03-12,123.07710606108029,127.10153358417513,122.38103585347342,126.95751190185547,2381300
2021-03-15,126.60550160588308,129.62982304742386,126.21345541593047,129.2457733154297,2622000
2021-03-16,129.60580318311574,132.510104095605,128.94173101625705,132.05406188964844,2594500
2021-03-17,131.84607617035078,132.8141849382549,130.62194640632163,131.9821014404297,2235100
2021-03-18,131.1339901906981,132.58215499776713,129.69384625917596,132.16610717773438,1561500
2021-03-19,132.3740730619792,134.68631843768674,131.60599822754364,132.5100860595703,4115900
2021-03-22,132.51011230788535,135.8544749282673,132.50211585055933,134.32630920410156,2404200
2021-03-23,134.3423345478315,136.14252659202256,133.3582207736735,134.96640014648438,2269100
2021-03-24,134.47835141180178,135.21442849244102,132.47014151380776,134.15830993652344,1855700
2021-03-25,134.07830663257204,134.57435565109853,133.13419955564476,134.0063018798828,1485000
2021-03-26,135.44638841781693,138.8067552871783,134.27827111878102,138.646728515625,1866700
2021-03-29,138.64678749988155,140.28696493945168,137.39865628407873,140.0389404296875,2317700
2021-03-30,139.09483937870772,139.09483937870772,136.61456997460556,136.8065948486328,2030800
2021-03-31,136.83859023637027,138.31875295016667,135.8624851769117,137.71868896484375,2314300
2021-04-01,138.42273716742682,139.68687325856746,137.35862237789073,139.58287048339844,1815400
2021-04-05,139.90291110230692,142.1831590100584,139.60688345843474,141.96713256835938,2005900
2021-04-06,141.96711083864471,141.96711083864471,139.92689126635673,141.31103515625,1751200
2021-04-07,141.2870245424879,141.847081669488,139.9268823173934,141.0229949951172,1900000
2021-04-08,141.86315212648887,142.5112194010874,140.55900890929135,140.61502075195312,1606400
2021-04-09,140.25492759358133,141.30303717446984,139.5188507292041,140.20692443847656,1390800
2021-04-12,140.41498089299415,142.11115795210029,139.83891845625362,142.04714965820312,1425200
2021-04-13,141.79913134087073,143.479315556114,141.3030823019263,141.703125,1473500
2021-04-14,141.71111756784853,142.94325588075063,140.29497524555285,140.56700134277344,1564500
2021-04-15,141.3830926029335,143.72733690188065,141.2870740558487,143.59132385253906,2242500
2021-04-16,144.01535529312304,144.2873813675657,142.64720404617188,143.71131896972656,1390400
2021-04-19,144.33536701925232,144.78342499190842,142.9512230241069,144.59140014648438,1394600
2021-04-20,144.38339243428095,147.6237279940231,144.0793561266183,146.4156036376953,1900800
2021-04-21,147.1837187163456,147.7597689850483,145.44752261772763,146.32762145996094,1482100
2021-04-22,146.81566205589664,148.79187385151735,145.37550598098406,147.38372802734375,1971700
2021-04-23,148.1357766767974,150.52003947192293,147.7597356389196,149.75994873046875,1308700
2021-04-26,149.95999205985228,149.97599718526777,147.71175416815132,148.89588928222656,1382400
2021-04-27,149.4319420352845,149.4319420352845,147.33571014751502,147.80776977539062,1353600
2021-04-28,148.18383654877044,148.84789675126422,147.71978550716676,148.16783142089844,1097200
2021-04-29,149.1359050550688,150.7040777200793,147.9357770244486,150.38404846191406,1373700
2021-04-30,149.88793654266308,151.68812797969463,149.7359184235366,151.2640838623047,1310000
2021-05-03,151.28013176546804,151.3281349306985,149.74396943642898,150.17601013183594,1413300
2021-05-04,148.98390389283387,150.3200450116389,145.73554699696578,147.1356964111328,2966700
2021-05-05,147.0476685991942,147.63973610284202,145.35948816593182,146.5596160888672,1929000
2021-05-06,146.59962982325163,146.59962982325163,143.89534974224853,144.7194366455078,2141600
2021-05-07,145.99954998492962,147.4397058468386,145.58351445352508,146.671630859375,2023000
2021-05-10,146.67162667838795,147.14367402267845,146.27158407305743,146.56761169433594,1452000
2021-05-11,145.68751943523822,146.4155999387036,144.4553935287316,145.79153442382812,1262100
2021-05-12,145.31949540835808,145.567519895401,142.99924073790393,143.07925415039062,1414300
2021-05-13,143.29530275696746,144.87946846085487,142.5272153866476,143.8153533935547,1764200
2021-05-14,144.55936892647685,145.60749065463233,144.13532480331574,144.90341186523438,1438500
2021-05-17,144.74344941424104,146.263606756987,144.66343599269268,145.61553955078125,1198700
2021-05-18,145.6155287833585,147.11969309723784,144.2153794681339,146.23159790039062,1615200
2021-05-19,145.7515195731651,146.6316181774285,143.7433101140402,145.49549865722656,1301400
2021-05-20,145.66352017841146,148.9038679163185,145.20747792949552,148.3758087158203,1178000
2021-05-21,147.87976342871679,148.8798700264263,147.18369314337738,148.45582580566406,1567300
2021-05-24,148.855916365189,149.72001020878332,148.1438407267182,149.0079345703125,1890300
2021-05-25,149.3039019880647,151.20810870041836,148.1197792919363,150.57603454589844,1497000
2021-05-26,150.5760078769923,151.90415202446727,150.13595864640368,150.71202087402344,1541100
2021-05-27,150.47205858633978,151.62417124262748,149.83998431917468,151.44015502929688,2905400
2021-05-28,152.016207813273,153.26433893461714,151.60016003671402,151.6161651611328,1583800
2021-06-01,152.59227487638586,153.272352289159,151.63217492354926,153.2323455810547,1412000
2021-06-02,153.65638991803743,156.41668186217385,153.432367002523,156.26466369628906,1579300
2021-06-03,155.8566312349722,156.30467708515138,155.0565458715569,155.94464111328125,1662400
2021-06-04,156.74471021778368,157.7368081521761,156.0966430939738,157.38478088378906,1013100
2021-06-07,157.53677115725503,159.1369415588862,157.00071553770837,158.44886779785156,1271000
2021-06-08,158.9769613655861,159.21698941944302,156.77672658717674,157.04075622558594,1625800
2021-06-09,157.8248405667501,158.47291999147114,156.74473260888357,157.68882751464844,1695800
2021-06-10,157.27276450557312,160.39309211813352,157.10474123028197,160.20907592773438,2569200
2021-06-11,160.07216559784223,160.2171380070588,155.85168152895048,156.5282440185547,1807300
2021-06-14,156.25439656050114,158.8801103463578,155.9000031792275,158.73513793945312,1057000
2021-06-15,158.67071429257118,158.67071429257118,157.29341486752347,157.47061157226562,1081300
2021-06-16,158.05854886884535,158.41292990053455,155.6502940985108,156.21409606933594,1381900
2021-06-17,155.69056096796047,158.71899161857453,155.46504019025306,158.5579071044922,1240900
2021-06-18,158.4210369905147,158.6465578427273,156.39133703063638,156.44772338867188,2997100
2021-06-21,157.07592829367746,159.47612101729382,156.01274825438037,159.1942138671875,1190700
2021-06-22,158.8157039054557,160.45879856550894,158.75932983327849,158.7673797607422,1396400
2021-06-23,158.67070666621723,158.92845178435,157.5592023517061,157.87332153320312,1170700
2021-06-24,158.83985183919376,159.18618301199336,157.10010917918075,157.8088836669922,1079400
2021-06-25,157.84108791163288,158.7753954019034,157.65584131458405,158.29212951660156,1996800
2021-06-28,158.85593946768446,160.11241608435512,157.9458062871263,159.5002899169922,1218000
2021-06-29,159.55669778328487,160.4185069471123,158.3807571329633,158.95262145996094,1268300
2021-06-30,158.30822846231533,159.64525331558022,156.95509147022673,157.14035034179688,1643500
2021-07-01,156.94706407748922,157.76861121598768,155.73891158144676,156.8181915283203,2176700
2021-07-02,157.4384090861957,159.04122945228752,156.83433272625683,158.6626739501953,1372800
2021-07-06,158.68684563093476,160.86151820041246,158.35661425124553,160.78903198242188,1583700
2021-07-07,160.7245526321925,162.51261927004612,160.02381584278774,161.75550842285156,1524300
2021-07-08,161.3205735864445,163.06837838242495,160.56347499666583,161.6830291748047,961900
2021-07-09,162.230702877318,162.58509621455357,161.1030988860792,162.4723358154297,1192700
2021-07-12,162.58514762793465,163.8174624830342,161.93274709170143,163.56777954101562,1299900
2021-07-13,162.41598210166993,163.72884524020498,161.15145539243784,161.40113830566406,1219400
2021-07-14,161.74748100407848,163.2133664800978,161.20782867750538,162.61734008789062,1213400
2021-07-15,163.09253819097688,163.7046643689045,162.50456178998078,162.8347930908203,1086500
2021-07-16,163.4147222452141,164.28459360297967,162.87508221853776,163.5919189453125,734800
2021-07-19,162.72203063964844,164.59869564798467,161.31251940201057,162.72203063964844,1418600
2021-07-20,163.656334602593,164.8081007181252,162.74618914768828,163.72882080078125,1173200
2021-07-21,163.63215533412733,163.93821223540093,161.6185681075013,161.97296142578125,1900800
2021-07-22,153.78169543554685,157.05982171618984,152.54938089450914,154.6676788330078,3394300
2021-07-23,155.58588054593352,156.7779209282707,153.55618086468465,155.8114013671875,2226900
2021-07-26,155.41673666931234,155.67446946802073,153.04069368424294,154.83682250976562,1955700
2021-07-27,155.070397037019,156.77791527637487,154.16025156907884,156.70542907714844,1477800
2021-07-28,156.93097742823613,156.93097742823613,154.57105840180313,155.39259338378906,961400
2021-07-29,156.16577932808795,156.5121227415225,153.51590379489664,155.30397033691406,1219900
2021-07-30,155.49727653223405,157.00343602424886,155.07844689805123,155.5214385986328,1802800
2021-08-02,156.10135391659173,157.19674599789593,155.2073205833952,155.5375518798828,1104900
2021-08-03,155.6341808779592,157.01147995208325,155.05426677200816,156.8745574951172,1038500
2021-08-04,157.30147998951585,157.63976126209974,155.2959421342352,157.172607421875,1291800
2021-08-05,157.8411109733565,157.86527304215565,155.1590107269773,156.62490844726562,1121700
2021-08-06,155.61808882302648,157.36588115295916,155.46505421935225,156.8987274169922,1171300
2021-08-09,156.8182002276233,157.2853540268034,155.95639112341914,156.4315948486328,874700
2021-08-10,156.89873651464745,157.05982105260637,153.73337065342213,153.8139190673828,1090900
2021-08-11,154.52268959244765,155.27978807052673,153.83806501539988,154.6032257080078,910800
2021-08-12,154.90934641483892,156.27053380705706,154.25694589903384,155.69866943359375,652300
2021-08-13,156.2543910734125,156.98733987803865,155.57782861835582,156.88262939453125,778900
2021-08-16,157.05983040172737,157.92165178054995,156.17384695527082,157.02761840820312,1216400
2021-08-17,156.83433624214783,159.20231759258763,156.6168653065044,158.54185485839844,1100500
2021-08-18,158.2841255913917,158.3002254462752,156.24637556176577,156.30274963378906,1250800
2021-08-19,156.4316136361725,159.8063888340362,155.70672692726052,159.40367126464844,1055600
2021-08-20,159.1137009210579,161.40113357579514,158.4935124744691,159.51641845703125,1558000
2021-08-23,159.57278391001572,160.05604984309005,157.51893441935783,157.8330535888672,1336000
2021-08-24,157.95387845346247,157.96192838010083,154.88517267912604,155.07041931152344,1353900
2021-08-25,155.05431200071664,155.11069835883563,152.97628789656775,153.27430725097656,1404300
2021-08-26,153.5239876390864,154.47439517484406,152.5896799568414,152.81520080566406,1790300
2021-08-27,153.3548152297394,154.06360194471347,152.50911833296453,153.8139190673828,1437600
2021-08-30,153.86223275565155,155.24758180999345,153.5803256158874,154.8931884765625,1429500
2021-08-31,154.78045040135592,157.01150890679574,153.86225494593455,156.81015014648438,2023300
2021-09-01,156.95514087693735,159.60502935435022,156.62492181185064,159.43588256835938,1345300
2021-09-02,159.50835978621475,159.87886533512975,157.51894642105344,159.39559936523438,1454200
2021-09-03,159.08149051722796,159.9916361607353,156.68934716161115,159.87887573242188,1320700
2021-09-07,159.8788749104656,159.8788749104656,156.11749429039048,157.49478149414062,1472100
2021-09-08,156.25440176950408,158.8720657166736,155.795297885741,158.30020141601562,1534700
2021-09-09,157.88138495220952,158.09884357108163,154.90127766838626,155.0140380859375,1516400
2021-09-10,153.71729937132466,154.1602788605498,151.09157298374353,151.71176147460938,2294500
2021-09-13,152.831300415676,153.90253050471588,151.888942883956,152.89573669433594,1812500
2021-09-14,154.00697858066664,154.77755062144294,152.93630920174866,153.50408935546875,1608200
2021-09-15,154.05562499659482,154.5341939893125,152.87950645440162,153.01739501953125,1845400
2021-09-16,152.76597896193914,153.99888193116422,151.4357457819026,153.47976684570312,1375700
2021-09-17,152.5469780406264,153.9826480820237,152.16575156590167,152.92819213867188,2503100
2021-09-20,152.06837483089166,153.666278025228,150.26769216901698,151.8412628173828,1174100
2021-09-21,152.46585146082623,153.7230868362501,151.85751296078357,152.31173706054688,1053400
2021-09-22,152.652404454886,153.19585202730016,151.80072808328714,152.05218505859375,978700
2021-09-23,152.0440714557979,152.4252979180455,148.68604332416518,149.5377197265625,1651800
2021-09-24,149.24571920879237,149.94328121755282,146.3986993468813,147.68026733398438,1622200
2021-09-27,146.70690349570367,147.62347076372973,143.51921580957804,143.77066040039062,2153600
2021-09-28,141.84022456306062,143.39756989987137,140.72088995088197,141.9943389892578,2823500
2021-09-29,142.58641913628583,143.54354475417537,141.70230354024895,142.57020568847656,1377800
2021-09-30,143.07307205372817,143.3407424200512,140.43693913358766,140.58294677734375,1701300
2021-10-01,140.9966030208338,141.6049413465067,139.77992636948792,140.339599609375,1457400
2021-10-04,139.796171687425,141.60496109589207,139.33382855462747,140.85873413085938,1462500
2021-10-05,140.9723183861608,141.20753717295443,138.8228481456327,139.87730407714844,1514400
2021-10-06,139.2689728454058,141.5806643404232,138.10907992361072,141.4103240966797,1250400
2021-10-07,141.95377263790368,143.3813483990141,139.99086834305677,140.20176696777344,947200
2021-10-08,140.11254292065436,140.11254292065436,137.46018330848543,137.74407958984375,971700
2021-10-11,137.5169484311429,138.37674395855197,136.47061159481746,136.88427734375,1202900
2021-10-12,137.4033576713082,138.9039306317228,136.7220216535023,138.376708984375,1478700
2021-10-13,137.34661308195297,138.18206363581356,134.8970332447698,137.66294860839844,2809700
2021-10-14,138.02794225754587,139.47173124133238,137.5331598051239,138.92828369140625,2173400
2021-10-15,139.27705778306606,139.45549233161293,135.75679674820864,136.95726013183594,2276400
2021-10-18,136.7544833112143,137.01403460414048,135.253910240929,136.1136932373047,1812300
2021-10-19,138.22258182395223,140.52615331481474,137.4763549625464,140.22604370117188,2788000
2021-10-20,140.3234272984096,142.0916587651787,140.2423105400508,141.94566345214844,2364300
2021-10-21,140.44506056247693,144.4763175479928,139.13105351445856,144.330322265625,2901600
2021-10-22,144.37901207686505,145.96068979001174,143.4948963778086,145.28746032714844,2834200
2021-10-25,144.97924039433045,145.14146152416276,143.0568822569469,144.08700561523438,1898100
2021-10-26,144.45198721865714,146.45544946864297,144.10321245430586,146.0661163330078,1519400
2021-10-27,147.42068462184568,147.95602542911442,144.3303272711142,144.58177185058594,2486000
2021-10-28,144.74398882052756,147.80190681211317,144.15998293415905,147.54234313964844,2031200
2021-10-29,146.43924353580272,148.39404095644116,145.3361225211006,146.2445831298828,2619700
2021-11-01,146.83669525537627,147.51803142680745,144.9954538709021,147.2260284423828,1738200
2021-11-02,147.62345733269527,148.8239083554257,145.6767793295283,148.27235412597656,1750700
2021-11-03,148.88072881939533,149.84596133275824,146.7393775435646,148.36972045898438,1334400
2021-11-04,148.57247134290333,148.94559104043446,146.33379028774908,146.8529052734375,1343000
2021-11-05,147.61538484611722,148.4102771044927,145.8958060885942,146.10670471191406,1373300
2021-11-08,146.4716500160349,146.8934347265811,143.6976286970746,145.97686767578125,1525100
2021-11-09,146.0012338652127,147.29090846061936,145.68489835357187,146.69068908691406,1719200
2021-11-10,146.69068613199954,147.9641348769659,145.6118977738584,146.27700805664062,1246600
2021-11-11,146.40680871715531,146.78803519259193,144.87379609047497,146.53659057617188,1323700
2021-11-12,146.95835338232465,147.2341429087563,146.04179845794752,146.6339111328125,1080300
2021-11-15,146.54470487368465,148.30482965625737,145.77414515805955,148.25616455078125,1085700
2021-11-16,148.6454696468341,149.45658758911523,146.00122961060157,146.17156982421875,1453800
2021-11-17,146.17159481759163,150.57596005645996,145.89580526378478,149.81350708007812,2011600
2021-11-18,149.8459499049971,149.98383848543597,147.01514351359978,148.7022705078125,1285000
2021-11-19,149.7729285045176,150.35693443420092,148.23991603326843,149.03482055664062,1478500
2021-11-22,149.04292968236044,149.30249337825907,146.43112878160196,147.59103393554688,1369100
2021-11-23,147.10436198988182,149.4565992554376,147.10436198988182,148.97804260253906,1188900
2021-11-24,149.27815220552299,151.48439416942074,147.9317057233989,151.40328979492188,1035600
2021-11-26,150.64893855079907,152.36039797901822,148.50758758448166,148.84014892578125,807300
2021-11-29,148.84015037087732,151.6790633207306,147.46125227057,150.7300567626953,1295100
2021-11-30,150.0487124221117,151.16804676500539,147.16924125505716,147.33956909179688,2658700
2021-12-01,147.6234714590668,150.92472755832503,146.38246194737482,146.45545959472656,1410800
2021-12-02,147.50179631311448,152.09271425966605,147.2422326421144,150.575927734375,1761000
2021-12-03,150.88418298859796,151.46006987263135,148.596824148882,149.9432830810547,1232700
2021-12-06,150.4948018850452,153.40672440071614,149.91080841399247,152.3441619873047,2042000
2021-12-07,153.4878600991134,156.14021950104274,153.1471920144944,155.8563232421875,1847900
2021-12-08,155.58864947470727,157.17843370906053,154.44497020682365,155.36964416503906,2298200
2021-12-09,155.00466283255017,155.57244298681832,153.16342141107864,153.80419921875,1430600
2021-12-10,154.0312993215447,156.97566154700087,153.17151624373767,156.7161102294922,1642500
2021-12-13,156.54576760856378,161.623361625652,156.54576760856378,161.11236572265625,1676900
2021-12-14,160.79367205348845,160.97344947568192,157.4351210755384,159.26556396484375,1629100
2021-12-15,160.17262995892162,161.52096072400016,159.07763101197872,160.98162841796875,1291400
2021-12-16,161.1777130962665,164.2257366436215,160.74461641804803,163.81715393066406,1631200
2021-12-17,164.0296504242833,166.8243553315919,163.26969238735592,164.5281219482422,3381400
2021-12-20,163.089900904373,165.590425476074,162.29724932851266,165.17367553710938,1096500
2021-12-21,165.84374504110127,166.56285471153552,161.43922324760496,162.27273559570312,1439500
2021-12-22,162.85288931570972,163.30233278567167,161.90498691509993,163.08987426757812,1165100
2021-12-23,163.13892272616874,163.96425540653493,161.9295212566826,162.93463134765625,1211000
2021-12-27,163.89893526525233,167.45359868365563,163.21250658061,167.31468200683594,920600
2021-12-28,167.31467426184037,169.02254755357473,166.7426607752498,168.58128356933594,1156000
2021-12-29,168.36875532850138,169.74976686428874,167.2655895080879,169.3983917236328,849500
2021-12-30,169.97044981944768,170.534296095132,168.91631165065894,169.9050750732422,735500
2021-12-31,170.21559468194081,171.49853817280882,169.5945408541701,170.5751495361328,739400
2022-01-03,170.78760447815404,170.78760447815404,166.52199919654197,169.7579803466797,1641800
2022-01-04,169.26764717937712,170.17470130815718,164.98569582450415,165.1899871826172,1896600
2022-01-05,162.4116651478858,162.4116651478858,153.5208993122395,154.00303649902344,3577200
2022-01-06,154.8692322605858,157.91725654106637,151.37993156135857,157.30438232421875,2592500
2022-01-07,157.45960547494255,161.1695309647756,156.29105245013292,159.12661743164062,2260900
2022-01-10,157.39426318441244,157.39426318441244,153.71701806689288,155.8089599609375,1937300
2022-01-11,156.0377605086347,156.0377605086347,151.97644669560594,153.29208374023438,2446600
2022-01-12,153.15315980955603,155.88248964574132,152.80995178844498,154.78749084472656,2051800
2022-01-13,154.8692171612542,155.40853694308987,152.63017908517963,153.1204833984375,1614900
2022-01-14,152.76906841206002,153.0632484536163,148.56883877197853,150.4810028076172,1639100
2022-01-18,148.72415857729703,150.9877110755238,148.14396543936226,150.35848999023438,1682700
2022-01-19,151.02851680926773,152.6465008270604,149.66383960416496,149.696533203125,1981200
2022-01-20,149.90084360148913,152.24610463219577,148.16845670513072,148.4381103515625,1440700
2022-01-21,149.54131050266847,151.19198856892422,148.18481256238942,148.92843627929688,1413100
2022-01-24,148.23383816044276,150.46470927587688,145.29204941616754,150.03977966308594,2102100
2022-01-25,148.42179994994652,150.25224301286855,146.9100385205542,148.87123107910156,1459800
2022-01-26,149.7864465471676,150.7016679653927,143.66587214039563,144.55657958984375,2469000
2022-01-27,145.04689696168947,145.45547977003227,138.98352958215744,140.20111083984375,2298700
2022-01-28,143.02029983004246,147.7271683095143,140.6096642584737,147.64544677734375,1934700
2022-01-31,146.84463610799506,149.32882618103565,146.06833138602832,149.140869140625,2076200
2022-02-01,148.6914627483823,149.41873965654426,145.95395291452613,147.55560302734375,1460400
2022-02-02,148.30740855582332,150.87330837537655,147.98053479186035,150.35848999023438,1649300
2022-02-03,149.37786512101093,150.05611402418177,148.22565870228854,148.46263122558594,990100
2022-02-04,146.7711146755441,149.3370141740861,145.8640603560841,147.3349609375,1095100
2022-02-07,147.531064703161,149.14906148946852,147.12248192319672,147.81707763671875,1098700
2022-02-08,147.7271806021847,148.1194165575406,144.8425873356955,145.03871154785156,1840600
2022-02-09,146.50144367276692,147.99685817521436,145.92126309561107,146.79562377929688,2814900
2022-02-10,144.72001470453426,146.1745682936704,140.9120204907483,141.41049194335938,1877400
2022-02-11,141.56575652808792,142.59538057522235,137.0141386816481,138.00291442871094,2920000
2022-02-14,138.37883517969863,138.82011163564155,135.89465696435377,136.9406280517578,2146100
2022-02-15,138.2480737866671,138.45236519193332,134.75060592602577,135.3226318359375,2536400
2022-02-16,135.34715236726709,135.62498569934573,133.48401565845026,134.5626678466797,2050200
2022-02-17,134.80780559796173,134.93037544634947,133.27970996626144,133.50033569335938,3107000
2022-02-18,133.4840214808743,134.70159038825204,131.64539866416231,132.65867614746094,4020700
2022-02-22,132.62597339332018,134.78328998128254,130.9916422670167,133.320556640625,2584500
2022-02-23,133.4349621270135,134.6035153907543,130.6484369744692,130.6892852783203,1920000
2022-02-24,128.87520413912947,135.29812684580685,128.42576052391846,134.83233642578125,2967200
2022-02-25,135.39618539387538,137.1040586962349,133.97431260211104,136.9406280517578,1676300
2022-02-28,136.18879936451313,136.94875726172538,134.47274690074516,136.131591796875,3137900
2022-03-01,136.956963757609,138.38700360156813,136.03356261115746,137.2919921875,1985800
2022-03-02,137.528959729096,142.24400827832238,137.528959729096,141.53306579589844,3584700
2022-03-03,142.26855408358887,144.53209410648935,141.58212541567713,143.69041442871094,1846200
2022-03-04,142.7261527052059,147.14702178011854,142.6199171826611,146.3543701171875,1741900
2022-03-07,145.5617051042392,146.3625238612437,143.8865132134678,144.45852661132812,2091800
2022-03-08,143.66586160763507,146.51777363285248,142.04787744219232,142.06422424316406,1962300
2022-03-09,143.7720979443579,144.74452687004728,141.77004499267989,142.15411376953125,1238300
2022-03-10,140.59336424056076,144.33598472434068,139.253212962134,143.9600830078125,1624500
2022-03-11,144.89160814858585,146.43605039514057,141.81089082138948,141.8844451904297,1179300
2022-03-14,142.3706901340719,143.3019756624128,140.68944410214368,142.38717651367188,1435000
2022-03-15,143.86241206516337,144.73600170594744,141.49712548204892,142.3789520263672,1855800
2022-03-16,143.19485769110753,144.22503652341766,140.27739677119234,142.90640258789062,1866400
2022-03-17,142.9063862653174,145.98868550668632,142.9063862653174,145.807373046875,1411500
2022-03-18,148.2221207893013,148.34573720680405,143.92009340427006,144.12612915039062,3674600
2022-03-21,143.8706393290846,145.55188539650257,143.46680476061061,144.30743408203125,2036900
2022-03-22,144.29918480783667,145.00794824151959,142.97231416717761,143.4173583984375,1707100
2022-03-23,143.1289331173932,144.44756713012998,141.43943721839477,142.9228973388672,1206000
2022-03-24,142.56025973151074,144.57117076390716,141.86798259507339,144.4805145263672,1568700
2022-03-25,145.42001756502788,146.58206211508158,144.05193728235855,146.35130310058594,1422500
2022-03-28,146.9199659753677,149.05449317971804,146.89524269311062,149.02976989746094,1470200
2022-03-29,149.69733611416078,151.70001017143773,149.69733611416078,151.53517150878906,1441500
2022-03-30,150.7687283711138,152.2109786779266,149.89513876876947,152.1038360595703,1595700
2022-03-31,152.46644719690434,154.66690738523585,152.02965243529303,152.1367950439453,2602500
2022-04-01,152.50763753587918,155.90310206773268,150.76044613539426,155.79595947265625,1292800
2022-04-04,155.787742155351,156.57892492725568,154.39493854595614,155.83718872070312,1216000
2022-04-05,155.68060577494307,160.6584364765923,155.27678375812974,159.15025329589844,2250300
2022-04-06,158.8205925173169,163.70775414660014,158.58158402094978,162.825927734375,2160700
2022-04-07,162.0924245998606,163.59237076092455,161.16115164505337,161.9605712890625,2119200
2022-04-08,161.9358548786741,163.83962310586537,161.12818572286525,163.19679260253906,1258200
2022-04-11,163.08141289773712,164.5978329255594,161.07050206390065,161.5814666748047,1562200
2022-04-12,160.55130024215111,161.36720636178725,159.01015681381844,159.95791625976562,1240800
2022-04-13,159.85898323632026,160.08150531805163,157.8151125710635,159.4386749267578,1097500
2022-04-14,159.71069785044966,159.91673364097502,158.48273258719158,158.7958984375,1099700
2022-04-18,158.62280279863603,159.08432086244417,156.52947255510372,157.37010192871094,1120100
2022-04-19,158.05414025319126,160.36998002305285,157.67504152329786,159.77659606933594,1361800
2022-04-20,159.97435498290127,163.66651110358387,159.51283703974354,163.12257385253906,1440700
2022-04-21,164.09514306392984,164.8039066757932,161.85347269038186,161.86170959472656,1308400
2022-04-22,162.15836553801762,162.15836553801762,159.55408332157492,159.99911499023438,1840700
2022-04-25,160.60898906265805,160.70788219679733,156.99923876148662,158.95245361328125,1381300
2022-04-26,159.01016366689677,160.19693168281546,155.02131428316727,155.44985961914062,1915500
2022-04-27,155.59819839818698,157.9387614622251,154.44439067159604,155.5487518310547,1443200
2022-04-28,155.73830352837751,158.49093812695895,153.71915569589532,158.29315185546875,1603400
2022-04-29,157.68327736440108,157.68327736440108,152.35107129494733,152.6395263671875,1827700
2022-05-02,153.66969575834653,153.9004547719579,146.35953944186966,149.0215301513672,1612600
2022-05-03,150.01050147292247,153.07631421602213,149.12866249084286,151.40330505371094,1347900
2022-05-04,151.667026959312,152.67248237015883,149.26876794284513,152.0049285888672,1936200
2022-05-05,151.5022282679881,152.44175090322483,148.2551024272184,149.65614318847656,1393400
2022-05-06,148.50233762954002,150.62862819954375,147.61226162985764,150.488525390625,1876900
2022-05-09,149.47481668814277,149.5572360209604,144.0107569738837,144.5382080078125,1934600
2022-05-10,145.74968035190616,146.47491756981918,139.3213630643616,140.34329223632812,1747000
2022-05-11,140.81306400934727,142.88990775073944,140.4504391016762,140.6811981201172,1593200
2022-05-12,140.7553645911076,142.2965204117461,139.5109133018322,141.79379272460938,1439800
2022-05-13,143.24429314541734,145.49420001944233,141.81852927327654,145.4530029296875,1855000
2022-05-16,145.14807666358192,146.42550096532366,144.30745976795944,144.793701171875,1690600
2022-05-17,145.94749204889897,146.1123181464595,142.87344194417852,145.70849609375,1675600
2022-05-18,145.84035577743094,146.30187386107264,144.01899415224716,144.60414123535156,1634200
2022-05-19,143.89537577818746,147.95839481522384,143.5327508386904,147.01063537597656,1751300
2022-05-20,148.26331268118975,150.76871430843266,146.96117787772394,150.15884399414062,1501800
2022-05-23,151.59286126484113,153.02686199714955,150.10116448791516,152.6395263671875,1384500
2022-05-24,152.5488658768781,158.36731312238874,151.69999963995082,157.91403198242188,1447400
2022-05-25,155.8042463128018,157.8151573693894,154.15596021073657,156.7355194091797,1606100
2022-05-26,157.41130601988647,158.07885980821717,153.62849283573016,154.55152893066406,1106600
2022-05-27,155.46631788547697,159.84251472117703,154.33724612403,159.38099670410156,1326000
2022-05-31,156.90862232223327,157.89759164070162,155.01309045950313,156.2987518310547,2354900
2022-06-01,156.63660890121568,156.63660890121568,153.83452786853567,155.01304626464844,1056000
2022-06-02,151.89778911589337,154.32900836754663,145.1480561649834,154.28781127929688,2695500
2022-06-03,153.04335874017727,153.77684553666046,150.62862568926255,150.85113525390625,1775700
2022-06-06,151.8977927791011,153.37301577639363,150.64509191067307,152.28514099121094,1295600
2022-06-07,151.55986925467798,153.33178397618155,148.9638242359221,153.2576141357422,2158500
2022-06-08,151.44453807688365,154.7163873313833,151.38685459661096,152.01319885253906,1274900
2022-06-09,151.23021560397382,153.150469986906,147.82650155016893,148.04078674316406,1381400
2022-06-10,145.93925999109095,146.3760548230707,142.1811695100593,142.28829956054688,1879100
2022-06-13,139.41201740900382,141.50533486324326,136.18961561892064,136.84068298339844,1733800
2022-06-14,136.78250471402092,137.2897230201666,130.70420820631372,131.3112030029297,3224600
2022-06-15,133.3317822531714,135.61842015301357,131.21144275394866,133.24862670898438,2949700
2022-06-16,130.197013192319,131.51079219880842,127.8022754905909,128.8749237060547,2080700
2022-06-17,130.31338013677438,132.2008988157254,128.99129108890722,129.83941650390625,3134600
2022-06-21,130.55451386434945,135.35229826751723,130.54620338713823,134.67047119140625,2265300
2022-06-22,134.14663129767675,142.60303109426403,133.88054375012015,139.7509765625,2495800
2022-06-23,140.3911835289847,143.4178586855918,140.04195324411643,142.6695098876953,1608100
2022-06-24,143.68399258127604,146.07040664287044,140.8153043453842,145.50498962402344,2245100
2022-06-27,145.12249137691757,146.66077990429102,143.8087126356898,144.2327880859375,1412700
2022-06-28,144.69011851551127,144.80652865814557,139.58468050954374,140.18336486816406,1976600
2022-06-29,137.74704117826238,139.85905706648535,135.62670212471738,139.1190185546875,1988000
2022-06-30,140.34134003838898,141.6551187789806,139.0857727077062,140.0087432861328,2245900
2022-07-01,139.46826021218743,143.71724914059968,139.12735297570757,143.31813049316406,1505700
2022-07-05,142.52818372912162,142.73605984586519,138.98596657965035,142.62796020507812,1525500
2022-07-06,143.67568605127772,145.28049665871035,142.63630521591477,142.8275604248047,1288100
2022-07-07,142.95224161459302,144.40737438268263,141.59688531909214,142.71942138671875,1176700
2022-07-08,141.97942449258292,143.50939006284455,141.14791981034233,142.5198974609375,1027300
2022-07-11,142.1373755358175,143.4760982344139,140.09186896558433,143.23495483398438,1720000
2022-07-12,142.37022568002143,144.21616699848937,141.36409948156663,142.1374053955078,1410800
2022-07-13,140.4245039162516,143.45118021757887,140.07527349930078,142.11245727539062,1023500
2022-07-14,139.9588586028029,142.5614593404153,139.78423705638647,142.20391845703125,1269600
2022-07-15,143.80040683675284,145.60477028722215,143.0686787323217,144.18289184570312,1558700
2022-07-18,144.33255522650634,144.4822199490753,141.03148128715858,141.4638671875,1702200
2022-07-19,142.44502890785168,144.3658022059682,141.44722608012572,144.2909698486328,1580000
2022-07-20,143.86692929086348,145.2222731597432,141.6883786135188,141.79647827148438,1820300
2022-07-21,142.69451064885922,145.288801045051,140.21663039383623,143.85861206054688,1563800
2022-07-22,144.53216741028447,145.55491474037183,142.09585179948783,143.73391723632812,1050800
2022-07-25,143.33475539253334,143.56757564664582,141.28093818195012,142.60302734375,1116300
2022-07-26,142.4866262790131,145.42183645081246,142.26211648835692,145.19732666015625,1254700
2022-07-27,144.96450735784813,145.5798253228131,142.86912492359522,144.29930114746094,1081000
2022-07-28,145.35531905247538,150.90145328659722,145.11418829784114,150.6769561767578,1431800
2022-07-29,150.93474485672584,151.50848516078537,149.33825726894372,150.2196502685547,1482500
2022-08-01,149.75397367440064,150.46906809082466,148.06602046256586,149.6458740234375,1043100
2022-08-02,149.3964188197299,151.04279425239702,147.65857738037278,147.88308715820312,1581000
2022-08-03,148.44849758681318,149.39641221068769,147.42575060288976,148.42355346679688,901500
2022-08-04,148.48179067966095,149.3299162831314,147.42577622700182,148.29885864257812,1081800
2022-08-05,147.15139316830764,148.37370613713566,145.67962624278414,148.34043884277344,879800
2022-08-08,150.1364741687946,151.64981868759318,147.99951386439395,149.0388946533203,1246500
2022-08-09,149.16360467789912,150.21961903701137,148.7062746257046,149.55441284179688,988300
2022-08-10,151.66642135097266,151.66642135097266,149.25506328662394,151.1675262451172,1274200
2022-08-11,151.58329195466632,151.58329195466632,148.1741180007379,148.7395477294922,1315300
2022-08-12,149.64588326836252,151.19248232558215,148.87257739587608,151.0677490234375,1091000
2022-08-15,151.3587906693622,153.76183860423993,151.16754815212394,153.11326599121094,1314200
2022-08-16,152.1154351466432,153.27122589327152,151.07605452241802,151.59158325195312,779000
2022-08-17,150.0283556286911,152.09049598962588,149.94521278869107,150.89312744140625,789300
2022-08-18,151.35044461458202,151.83271872153125,149.32988218912652,150.54388427734375,771500
2022-08-19,150.13644654481647,151.30056042687806,149.11369958926176,149.78721618652344,980300
2022-08-22,148.83929365772312,149.77889772804485,146.7771662143651,147.17628479003906,999400
2022-08-23,146.90191145327552,146.90191145327552,143.66735917040873,143.94175720214844,1244400
2022-08-24,144.11635614650743,145.97060750177093,143.8585791114745,145.38023376464844,1241900
2022-08-25,146.13691695140363,147.63362759997835,144.26603181262323,147.52552795410156,1331200
2022-08-26,147.45901469582208,147.99117710335744,144.0914187114994,144.1912078857422,1384500
2022-08-29,143.40960108078835,145.96231363548395,142.39516444171613,144.22447204589844,1069800
2022-08-30,144.89798199854116,144.89798199854116,140.88181339742468,141.49713134765625,1043800
2022-08-31,142.42841395682032,143.70062763723206,141.66343126558294,142.04592895507812,2380800
2022-09-01,141.47219968212465,143.08532072220345,140.72385057731162,143.018798828125,1497900
2022-09-02,143.9750034633998,144.10804723249242,139.18554196583455,139.49319458007812,1584800
2022-09-06,139.08575819902643,142.74437284320848,139.08575819902643,140.7154998779297,1610000
2022-09-07,141.41399107311085,144.6651643626434,140.9400273688287,144.41571044921875,1611000
2022-09-08,143.63409797891683,145.17237375639485,143.035413698549,144.87303161621094,1629700
2022-09-09,144.85639066321258,146.3281443521678,143.51766803883345,145.13909912109375,1555900
2022-09-12,145.82094047129218,147.82486936638745,145.48003326812702,147.03494262695312,1273300
2022-09-13,144.65686470738552,145.48836935584427,139.97548947648158,140.63238525390625,1551500
2022-09-14,139.43288456688302,140.80012446648075,138.4263331606067,139.65936279296875,1574800
2022-09-15,139.5335623964262,139.65937653496707,134.42529078872045,135.54928588867188,1730900
2022-09-16,136.4467870013502,137.34430383359316,135.12148930828846,136.9081268310547,2378500
2022-09-19,135.89319302374702,137.26043316744287,134.15689377775703,137.07589721679688,1443700
2022-09-20,136.00221529048662,136.07770376567615,134.03104200056805,135.3311767578125,2107100
2022-09-21,136.39645103861878,137.7552947988727,132.79802623687402,132.8567352294922,1697100
2022-09-22,132.07667451806228,133.4019594370909,130.9694589059157,131.7663116455078,1786100
2022-09-23,130.52491496502978,130.75139324126476,127.44653827301441,128.88926696777344,1587300
2022-09-26,127.87431477737766,128.7131099058603,124.40170345741949,126.45674896240234,2134900
2022-09-27,127.22840736575372,128.67953179312804,124.05776359098498,124.25907897949219,1622500
2022-09-28,125.67662958158702,126.58252952425634,124.01581941952324,125.87794494628906,1958300
2022-09-29,124.70366573080734,125.07273762190611,120.25804914993135,120.9961929321289,2217300
2022-09-30,122.20405145644132,122.70732080117105,120.0986677141494,121.2478256225586,2517900
2022-10-03,122.73250519339555,124.49396722425362,121.02135602170772,123.89842987060547,1688200
2022-10-04,124.87979525850959,128.08398528654917,124.7455849958181,126.12120819091797,1724700
2022-10-05,124.27587594051924,124.48557470008451,120.28320336703877,122.27115631103516,1846500
2022-10-06,122.28789980816222,122.28789980816222,115.1917022975001,115.5020523071289,2627300
2022-10-07,114.47034937632257,115.61949437746235,111.96234783475235,112.69210815429688,2436700
2022-10-10,112.69211040500882,114.13483879097465,110.71255374512515,111.24938201904297,1854700
2022-10-11,110.8383749053743,112.32304569424451,108.53168856968738,111.1655044555664,2596000
2022-10-12,110.8635369363021,110.8635369363021,107.12251189213679,108.22972106933594,2759300
2022-10-13,105.98173905069208,110.63704711312879,104.69838382050955,109.9827880859375,2976100
2022-10-14,111.80297056503044,112.22236802994374,106.88763816378419,107.07217407226562,2449100
2022-10-17,108.95108618187588,112.49080224042478,108.53168866592455,111.53457641601562,2436000
2022-10-18,113.21215995601953,113.90836132826001,110.76288013988204,111.87847900390625,3189400
2022-10-19,110.49445859473902,112.21399085518217,109.31176740592295,109.63050079345703,2576800
2022-10-20,105.52041973363822,108.70784347992873,104.31255281512841,106.35921478271484,4425600
2022-10-21,107.1225015988456,107.1225015988456,103.08789996346316,103.66666412353516,5311200
2022-10-24,104.27061623718713,105.81400254010504,102.08975026955193,102.71045684814453,3355800
2022-10-25,104.55579695248868,106.5605164698709,103.60795451657714,106.0488510131836,5489800
2022-10-26,105.83075751367316,108.51489879915087,105.70493699102629,107.62577819824219,3500600
2022-10-27,108.62395331263542,108.62395331263542,105.99013750489121,107.36576080322266,3095200
2022-10-28,106.98830248310213,112.05461854136566,106.94636017421506,111.14033508300781,2973300
2022-10-31,109.73116772947493,112.08817962488996,108.8336509385255,111.77781677246094,3297200
2022-11-01,112.87663762090308,113.82446716957041,110.28475161169403,110.93901062011719,2768400
2022-11-02,110.38542537228973,111.55973323410304,107.87742375435074,108.07034301757812,2718500
2022-11-03,106.8792509711069,109.28658838143261,106.31725989060207,108.47296905517578,2224300
2022-11-04,109.16077747741639,109.58017496469692,106.98830156506219,109.08528900146484,2136500
2022-11-07,109.55502495963378,110.03313149560445,108.29683235055705,108.90914916992188,2454900
2022-11-08,108.83364271304123,109.90729920490345,108.22132599479049,108.89236450195312,2581600
2022-11-09,109.04334087745866,110.18410249398264,106.82892277467622,107.07217407226562,1558200
2022-11-10,112.12171320653589,116.67637618767559,111.28291830309895,116.30730438232422,3264000
2022-11-11,116.28213626674943,118.91595163170783,115.86273883411914,117.82551574707031,2717700
2022-11-14,117.47325489427222,117.48163823753174,113.30444227376314,113.32960510253906,2028100
2022-11-15,115.82921241723542,116.39120359898645,113.23733862708598,114.07613372802734,2057400
2022-11-16,113.93352884782912,115.14977906431146,113.27926975761115,113.74899291992188,2472500
2022-11-17,112.26432413917803,113.30443458768318,110.9054802814669,112.07978820800781,1950400
2022-11-18,112.88504781435938,114.10129816809673,112.24756813628265,113.94192504882812,1874300
2022-11-21,113.87479296468871,116.969948246484,113.86640962318327,116.68476104736328,2105800
2022-11-22,116.96156490497856,117.07899568102795,115.44334815784192,116.68476104736328,2331500
2022-11-23,116.65120467232653,118.06875720235185,116.19824829078532,117.53192901611328,1273100
2022-11-25,118.57206749803187,119.34375739980923,117.80037759625452,118.42947387695312,1003500
2022-11-28,117.70809354320122,118.48816668114031,114.73875233667111,115.35108184814453,2629100
2022-11-29,115.41818533433096,116.99511106999496,115.08265968919366,116.68476104736328,1789500
2022-11-30,116.09760873264788,118.77336659334911,115.30913945468636,118.6307601928711,5632400
2022-12-01,120.34191324642336,121.89368903314096,118.12749507665592,118.86563873291016,1718700
2022-12-02,117.61586352325452,118.20301760123489,115.52725887551117,117.57392120361328,1734400
2022-12-05,116.14795904738808,116.95319517959942,114.89814973508393,116.27377319335938,2051200
2022-12-06,116.39119966504417,116.5757356049339,114.57941203548609,115.14140319824219,1691200
2022-12-07,114.57941685324694,117.52358307419568,114.57941685324694,116.35765838623047,1947500
2022-12-08,116.33249970246275,117.70812321641372,115.56919305535023,116.7686767578125,1914300
2022-12-09,116.86092172756213,119.16760790224001,116.50023323386208,117.28031921386719,2415400
2022-12-12,117.86746222923277,118.16103276308642,116.33246603550195,118.0436019897461,3033400
2022-12-13,122.17889118211343,124.6113917299596,120.33354461488562,121.6001205444336,2895400
2022-12-14,121.23973062805953,121.55348052072613,116.46578709853192,116.57601165771484,3730900
2022-12-15,115.42280438349353,118.28040108015672,114.99035508647069,117.01695251464844,2844800
2022-12-16,115.38040461983095,116.07571593901753,111.94620923752355,114.27806854248047,4387700
2022-12-19,113.90498279215483,114.6681316635516,111.96317247169289,112.95528411865234,1842100
2022-12-20,112.28537908465016,113.9897515229445,111.34415539456596,113.46402740478516,2315600
2022-12-21,114.8292294157354,115.63477821937558,113.4385938471197,114.04911804199219,2338300
2022-12-22,113.51492675396688,115.40586231090019,112.85352757917376,114.98188781738281,2563300
2022-12-23,114.62571288356577,116.18594851317773,114.43068828186624,116.15202331542969,978400
2022-12-27,116.033337353946,116.52514932361673,114.3374393641882,116.10964965820312,1131400
2022-12-28,116.64386030653306,117.48333445960682,114.23568829441248,114.35440063476562,1317700
2022-12-29,115.30409373289518,117.59355329297956,114.23568272183556,117.36461639404297,1612400
2022-12-30,116.72015780300052,116.99998248519374,113.54034951263175,115.01578521728516,1401500
2023-01-03,116.09269988695827,117.59356029066221,115.00732620960945,117.27982330322266,1994700
2023-01-04,118.11927895073768,122.48621041036881,117.85641687395812,121.55347442626953,2150200
2023-01-05,120.23915722588619,121.25669332338268,118.82308410824695,119.34880828857422,2230500
2023-01-06,120.20522574601209,124.15667053923328,119.1622522709508,123.55463409423828,1923800
2023-01-09,124.06339702910508,124.61457155749605,123.24088559057803,123.27481079101562,2208600
2023-01-10,122.95257867300613,124.80110088663076,122.3420544886395,124.7332763671875,1555400
2023-01-11,126.26807623493498,128.79496038274883,125.98825153990757,128.5405731201172,2499900
2023-01-12,125.75928671387109,128.89669474242024,124.73327589312123,128.25225830078125,2337200
2023-01-13,127.10751045578843,128.67622079415088,126.53938635484027,127.92154693603516,1513900
2023-01-17,127.98090906402247,128.46424610150166,126.47156120102599,127.45518493652344,2245600
2023-01-18,128.04028761530498,128.3370749143861,122.82540690445576,123.16458129882812,2382300
2023-01-19,122.65582814359239,125.10640044520949,122.1894665047269,123.1561279296875,2135800
2023-01-20,122.81690395496844,125.78472482427853,120.84966942113527,125.59817504882812,2159900
2023-01-23,125.32686178762125,125.37773665621542,122.7575774142196,122.76605224609375,2038200
2023-01-24,122.6557971206684,124.22450768326404,122.52860996745156,123.21544647216797,1658300
2023-01-25,123.04587311321518,124.36867140998508,122.24879902703994,123.35113525390625,1669700
2023-01-26,124.37716060745753,125.90347148720548,122.54560049043569,125.60669708251953,1608100
2023-01-27,125.45404428172215,125.45404428172215,122.67277276709105,123.85990905761719,1581400
2023-01-30,122.95259544886456,125.47100481832487,122.67277074796075,122.74060821533203,1767200
2023-01-31,122.82539778974545,125.58970642089844,122.50317308193195,125.58970642089844,3946300
2023-02-01,124.76722997387478,127.35347731489834,122.8763071049557,126.43769073486328,1801700
2023-02-02,127.93004205012386,130.5671635569493,127.31951782780155,129.3461151123047,1624600
2023-02-03,127.72653777410362,127.72653777410362,121.85024559102655,123.77509307861328,2617000
2023-02-06,121.95202059377321,123.97013023680476,120.84968440363147,123.59703063964844,1882000
2023-02-07,123.10521722071711,123.52919167805034,120.69704540834596,123.01195526123047,1478400
2023-02-08,122.36749745131283,122.53708463493369,120.73096236829598,121.61282348632812,1507500
2023-02-09,122.50319027243155,123.07131453683922,119.37425646357278,119.56080627441406,1654800
2023-02-10,118.78915309716285,120.40873853056675,118.15319144999437,119.9847640991211,1630100
2023-02-13,120.29003555871844,121.12950965616422,119.08594963244725,120.18828582763672,1605600
2023-02-14,119.56079690522243,120.40874581944387,117.72922414522246,117.89881134033203,1512000
2023-02-15,117.12717667150689,118.87394920071213,116.56752733535208,118.82307434082031,1831000
2023-02-16,116.99150041643371,119.50990946169333,116.37250139703264,118.50932312011719,1649200
2023-02-17,118.50933254137597,119.59470608853098,116.87279738964203,119.28944396972656,1659100
2023-02-21,117.97512619728582,119.0265744776694,115.083617548886,115.88069152832031,1640900
2023-02-22,116.21987840149542,116.55057796700667,113.16727001339332,113.81170654296875,1727700
2023-02-23,114.65965587117898,115.66871717265612,113.16727040551403,113.84561920166016,1697400
2023-02-24,113.15031018463856,113.15031018463856,110.41143869348595,111.21698760986328,2045600
2023-02-27,112.79416798589902,113.41316706931791,110.75060800108797,111.6324691772461,1854000
2023-02-28,111.39501726977798,112.08185365085221,110.53011890625434,110.86929321289062,1687200
2023-03-01,110.29272530983123,110.74213721486656,108.71553975711367,109.35150146484375,2021800
2023-03-02,108.74097106286148,109.96200660441261,108.16435908556731,109.64826965332031,1971500
2023-03-03,110.52165713248908,111.90381798751525,110.13160788198715,111.51375579833984,2064100
2023-03-06,112.05644636755703,112.14972126777316,110.15704903759035,110.3520736694336,1603900
2023-03-07,110.23337433258625,110.41144932260224,106.66350967859763,107.28250885009766,2368200
2023-03-08,107.1637906501882,111.50529179267431,107.1637906501882,110.26728057861328,2650100
2023-03-09,110.36902424072099,111.35264800148111,107.95236486860169,108.41873931884766,1901400
2023-03-10,108.35090859404046,108.99534509528337,106.68044823847865,107.58775329589844,2215900
2023-03-13,107.49446928154627,112.97221789346631,107.22312591737283,110.72515869140625,2447700
2023-03-14,112.41161200346073,113.0982025943083,110.04288821544421,112.55751037597656,2765000
2023-03-15,111.6563483761987,114.62583333517314,111.28730061682572,113.8791732788086,2746700
2023-03-16,113.52729530618822,115.07212052462428,112.05972117039153,113.7332763671875,2261900
2023-03-17,113.57021538957058,114.7202469063068,111.21006963275231,111.79366302490234,3556700
2023-03-20,111.57911203495544,113.37283288683977,111.31306131745406,112.63475036621094,1885500
2023-03-21,112.66049237280863,112.7634763641599,109.50218131658274,111.1328353881836,1890000
2023-03-22,110.13727372712613,111.69925425725435,108.13758506671908,108.20624542236328,2074200
2023-03-23,108.36074501224653,109.46786886705368,106.09500530169656,106.20657348632812,3191200
2023-03-24,105.95767068498415,111.16715580965258,105.34832474510834,111.10708618164062,2784000
2023-03-27,111.51045089600153,112.10263505437787,109.17605753881948,109.39920043945312,1745300
2023-03-28,108.61819270339078,109.86263052720302,108.30922765580218,109.41635131835938,1258800
2023-03-29,110.3604120797223,112.42876113360325,110.3604120797223,112.40301513671875,1838000
2023-03-30,114.10231648829186,114.23963720218701,112.81496426067903,113.74185943603516,1299500
2023-03-31,113.89634585579789,114.96913935377961,113.16684103892082,114.86614227294922,2379800
2023-04-03,113.78478754451427,114.25681937079864,112.75490825711016,113.47582244873047,1863100
2023-04-04,113.71611756218222,114.84040311976123,113.0724414250378,114.73741912841797,1539800
2023-04-05,115.00346540652714,116.96881737416113,114.50568764150162,114.7631607055664,2007300
2023-04-06,115.57848846621111,116.10201226116546,114.43703451670002,115.36392974853516,1149600
2023-04-10,114.4627694135862,115.30384893415072,113.33848393730703,115.0206298828125,1312200
2023-04-11,115.2094481344446,116.27365094097472,114.17955586336817,115.441162109375,1574400
2023-04-12,116.60835583297032,116.78001326615357,114.26537854100238,114.78890228271484,1924100
2023-04-13,114.71167590644863,115.43259005454564,114.03366302536644,114.94338989257812,1469500
2023-04-14,115.05496231679524,115.19228303624772,110.09436591328968,110.94402313232422,1895500
2023-04-17,111.24440330012897,113.84485399369873,110.7723845826784,113.44148254394531,1800000
2023-04-18,113.02095535822627,113.66463152913671,112.05973646693343,113.63029479980469,1642100
2023-04-19,112.86644990001955,115.08069717832474,112.56607558786227,114.61725616455078,1885000
2023-04-20,112.79779535573364,112.79779535573364,108.3006533100734,108.93574523925781,3631300
2023-04-21,109.01298960282497,109.34770722395223,106.89315498776818,108.11184692382812,3102200
2023-04-24,109.2447299014811,110.08580305145934,106.40397425168656,106.83309173583984,2328100
2023-04-25,106.7987599277882,107.63124888203997,104.7046645416549,104.90206146240234,2024200
2023-04-26,104.70465479434483,105.56288966970831,102.83370250413994,103.10833740234375,1976500
2023-04-27,103.18558571105963,105.92335061085315,103.18558571105963,105.53714752197266,2133100
2023-04-28,105.34833237074905,106.24089743889452,104.40427530468773,105.64012908935547,2241400
2023-05-01,105.29682945311808,105.82893083723401,104.2497819519957,104.73897552490234,2061000
2023-05-02,104.79906130168723,105.53714381936173,101.23738525436266,101.7179946899414,2437900
2023-05-03,102.0784608126115,103.30573697805313,100.91126082808745,101.15156555175781,2398900
2023-05-04,101.25456212098395,102.42175562713943,100.20751443599927,100.92842864990234,2870600
2023-05-05,101.36611748843077,102.30159032119356,100.53362864588058,101.7008285522461,2382300
2023-05-08,101.22880896879519,101.98405990969114,99.27203434522477,99.872802734375,1854500
2023-05-09,99.22911430092655,100.80826325948539,98.20781274867267,100.45639038085938,1782700
2023-05-10,101.11723307775354,102.64489011315061,101.09148707906006,102.0870361328125,2139800
2023-05-11,101.24597002061806,101.7179952767668,98.92015427743512,100.14743041992188,2053500
2023-05-12,100.2246684163087,100.9455891216484,99.11754463340982,100.14743041992188,2336200
2023-05-15,100.3534110051314,100.79969028937616,97.30667437302047,97.75296020507812,2422200
2023-05-16,97.75294780303236,98.00183668783131,95.56444638181492,95.6502685546875,1880900
2023-05-17,95.94207429857212,98.35371212250527,95.5987790503288,98.2249755859375,2528800
2023-05-18,97.8645227470057,98.31080855333364,96.56000860473463,97.83019256591797,2628300
2023-05-19,98.29364765152738,98.63694294065579,96.8003206738038,97.04920959472656,1371800
2023-05-22,97.43540630075803,99.51233316919448,97.28950794050374,98.74850463867188,1816600
2023-05-23,98.36230165216627,99.34068890677516,96.8603905887809,96.94621276855469,2140300
2023-05-24,97.07494817181579,97.61563379107075,95.11817368558357,95.1954116821289,1793300
2023-05-25,95.27265773390448,97.37533061208838,94.59465137964693,96.34545135498047,3581700
2023-05-26,96.62008842888069,96.6887487936458,95.38422805435992,95.91633605957031,2119300
2023-05-30,96.69732327354207,98.63693595409156,95.7961805696986,96.30253601074219,2130800
2023-05-31,95.89916032416842,97.47831585333635,95.26406836843297,97.1607666015625,8181000
2023-06-01,96.92045091586637,97.52979680474431,96.17378432356222,96.25961303710938,2534600
2023-06-02,97.50407216102886,98.40522146811341,97.14361505732022,97.83878326416016,3240800
2023-06-05,98.12198953664645,98.86007201315267,96.72306257526712,96.80889129638672,1992100
2023-06-06,97.0835367055253,97.56414616640498,95.34131431421089,96.97196197509766,1853900
2023-06-07,97.40107535064031,98.73992622492642,96.13089138650194,98.6197738647461,1782600
2023-06-08,98.06191852668266,99.33210247329887,97.3152518291659,99.17761993408203,2690300
2023-06-09,99.41790702019283,99.41790702019283,96.48274584341178,97.80442810058594,1921400
2023-06-12,98.37945773064091,98.97164186782007,97.23801036538485,98.8343276977539,1956500
2023-06-13,98.69700499401958,99.45224928371798,97.80443998920578,99.21194458007812,3235800
2023-06-14,99.69481928595997,100.63443522815805,98.88571330190976,99.53822326660156,1618600
2023-06-15,99.54690533591584,101.97424287716481,99.13799808391593,101.69583892822266,1984800
2023-06-16,100.66924018956344,101.79155816586187,99.546922213265,99.71222686767578,3983600
2023-06-20,99.28591206105703,99.52951470309523,97.65028294278775,97.8329849243164,2341600
2023-06-21,97.26746796839824,97.9199777983177,96.2495475890922,97.58067321777344,1835900
2023-06-22,97.13698395596391,97.13698395596391,93.63083150260833,95.39695739746094,5884100
2023-06-23,95.44043966715537,96.96296267594201,94.83143311871014,95.21424102783203,8885700
2023-06-26,94.87494231509153,96.63236606222011,94.2659290912032,96.38876342773438,5610700
2023-06-27,96.74545353216003,97.5023673145541,95.91894374678084,96.88465881347656,4194500
2023-06-28,96.76286191565744,98.85089476673745,95.30994157356545,98.81609344482422,5070300
2023-06-29,98.18967401326393,99.25978635485193,97.58066752924414,99.25109100341797,2825000
2023-06-30,100.04280512714836,100.34730838649078,97.77207039113695,99.1292953491211,3495800
2023-07-03,99.08579634195851,100.97372326954512,98.64208778040513,100.46041870117188,1154000
2023-07-05,100.3125207131475,102.73115625304042,99.97321610935958,102.54845428466797,2260300
2023-07-06,101.50442819831854,102.2613419954277,100.79101771188482,101.51313018798828,2051400
2023-07-07,100.53871071987491,101.6262270841438,100.32120744702114,100.51261138916016,1919200
2023-07-10,99.86011481863451,100.5561280391731,99.39900888103917,100.18202209472656,1775000
2023-07-11,100.1472112444366,100.91282040406898,99.6165027077309,100.86932373046875,1979100
2023-07-12,102.30483868744552,102.93124919031806,101.11292497172673,101.30432891845703,2073300
2023-07-13,100.56483332287937,100.72143598108134,99.45121737018742,100.3734359741211,3427800
2023-07-14,100.06891472200724,100.94762990709923,99.37290814893372,100.61702728271484,1989700
2023-07-17,100.05151696907366,100.52132488875365,95.06633846386417,95.6927490234375,3993600
2023-07-18,95.9450494178457,97.98957899915848,94.88363230952262,96.18865203857422,3588400
2023-07-19,98.06787372064379,99.92970114819488,97.77206582703887,98.7464828491211,2957400
2023-07-20,93.50902324954188,95.68405628659448,89.80276509585552,93.52642059326172,8369700
2023-07-21,93.35241832423034,94.3964315014347,92.25619984179401,93.33501434326172,4882900
2023-07-24,93.8570188216187,97.11956822412083,93.25671424517645,96.9803695678711,4448500
2023-07-25,97.14567868949382,97.26748000847522,95.74495688353372,96.16255950927734,3893900
2023-07-26,96.5714639747192,98.4941923258031,96.38876200155816,97.84168243408203,3503900
2023-07-27,98.59858985637173,99.7644042673313,95.67534520142961,95.78844451904297,3880700
2023-07-28,96.53665173281885,96.84115498698276,94.66612226056469,94.77922821044922,2817300
2023-07-31,94.93583471676305,95.60574190333435,93.91791431451742,94.2137222290039,3862200
2023-08-01,94.39643549753943,95.02284608544959,93.69172690497759,94.1789321899414,3941700
2023-08-02,93.76133035462095,93.87443633165338,91.72550242013357,93.09142303466797,3166900
2023-08-03,92.82170659462773,93.05660722833994,90.67277301744095,91.29048156738281,2293900
2023-08-04,90.96857278938342,92.05608922627897,89.77665902265697,90.3160629272461,2176600
2023-08-07,90.41176124819934,90.78586715286845,89.67225142855294,90.35086059570312,1851200
2023-08-08,89.61134468370756,90.72496033231238,88.91533158449312,90.51615905761719,2125200
2023-08-09,90.22034474307266,91.37746361711237,90.03764281101465,91.02945709228516,2592800
2023-08-10,90.307369112611,91.66458752491154,90.307369112611,91.08168029785156,3246600
2023-08-11,90.72496015600979,91.31656929789055,90.52486087080365,90.83806610107422,2692100
2023-08-14,90.5335748315037,90.72497880464269,89.48956160778545,89.71576690673828,2581900
2023-08-15,88.91534069665154,89.75055915637228,88.39333413758123,89.3416519165039,1875200
2023-08-16,89.52435421771521,89.52435421771521,86.2618049141372,86.87081146240234,2989300
2023-08-17,87.03611442778458,88.20192883732203,86.69680983768497,86.81861114501953,3445400
2023-08-18,86.18351072370564,87.723437898713,85.99210674600535,87.20143127441406,2458400
2023-08-21,87.05352135935799,87.05352135935799,85.20909756644568,86.3401107788086,2966000
2023-08-22,86.4184006715164,86.62720195178638,85.34828166449584,85.87899017333984,2147000
2023-08-23,86.53152099855059,87.0100309629638,85.99211036936431,86.56632232666016,3766100
2023-08-24,87.03610128689859,87.94961095398422,86.06168433766814,86.61849212646484,2393800
2023-08-25,86.70550835685377,87.49721682283749,86.13129652725561,86.74030303955078,2243300
2023-08-28,86.9752217342564,87.61032766095936,86.77511577522216,86.88822174072266,2192500
2023-08-29,87.1231177997595,88.25413756916895,86.63591255148401,87.52332305908203,3346800
2023-08-30,87.92352296800317,88.12362890432425,87.03611251440664,87.7147216796875,2863600
2023-08-31,88.19324662902831,88.39334596189687,86.99262408111927,87.43633270263672,4362300
2023-09-01,87.87133530773332,87.99313662764101,86.4010108404096,86.80121612548828,1719800
2023-09-05,86.80121078724606,87.79303190469987,86.60981346607207,86.99261474609375,3143500
2023-09-06,86.8186130651421,87.06221568519884,85.54839466222224,86.13130187988281,2276000
2023-09-07,85.91379306401349,87.31451467688113,85.91379306401349,87.06221008300781,3779700
2023-09-08,87.32322997331478,87.34932930809386,86.27051476528911,86.3401107788086,2987900
2023-09-11,86.3487997118593,86.77510427002427,85.4526872856934,85.7223892211914,2486100
2023-09-12,85.36568069689115,85.496177340953,83.47774738150063,85.2177734375,2542600
2023-09-13,85.70499211822977,85.70499211822977,84.15636986625654,84.77407836914062,3423800
2023-09-14,84.69893161749526,87.36041990091142,84.64588089128188,87.21009826660156,2835900
2023-09-15,86.86524996872886,87.99704370184229,86.49388141493029,87.01557159423828,4574400
2023-09-18,87.15704135866444,87.89978520308752,86.19325058868928,86.23745727539062,3292000
2023-09-19,85.91030489539342,86.26398538436061,85.07914090507012,85.74230194091797,3014800
2023-09-20,86.29050629017456,86.64419350689938,85.36208493554732,85.53892517089844,3676500
2023-09-21,85.14987839019769,85.43282682462855,82.10817766054876,82.14354705810547,4574300
2023-09-22,82.67406610632064,82.67406610632064,81.01174506665457,81.33006286621094,3532500
2023-09-25,80.72881224669894,81.7721859586755,80.29554214664137,81.62186431884766,4303900
2023-09-26,80.64922435544992,81.400805523406,80.29553711581676,80.5342788696289,3789800
2023-09-27,80.56080236951179,80.81722544366686,78.49173645040878,79.31405639648438,4427600
2023-09-28,79.84458653267681,81.71028000580606,79.70310894892175,81.41848754882812,3610300
2023-09-29,82.70944900607417,82.97470938500466,80.90565009604929,81.37428283691406,4198400
2023-10-02,81.07365459059801,81.51576197652817,80.03028088996193,80.40164947509766,3216600
2023-10-03,79.93300339682209,80.42816142777048,77.85510037863824,78.19994354248047,3376100
2023-10-04,78.46520521110872,79.57931754563386,77.78436290702369,78.933837890625,3589800
2023-10-05,78.67742288211697,79.79152848903422,78.13805140348869,79.41131591796875,4258300
2023-10-06,78.51825995325764,80.88795537448361,77.90814971450979,80.62268829345703,2938100
2023-10-09,80.23364244721336,82.6829210190241,80.23364244721336,82.39112854003906,3308700
2023-10-10,82.1081775871922,82.85975873303808,81.84291047876528,82.32923126220703,2378300
2023-10-11,82.68291838672155,83.70860392955956,81.8517544109911,83.59365844726562,3445700
2023-10-12,83.52291522425989,83.83238900327713,82.49722973579956,83.3902816772461,2609300
2023-10-13,83.87660688108537,84.30102615880358,83.2664965800898,83.59365844726562,3092600
2023-10-16,83.02775447723194,84.19491751014927,82.38227483397195,83.62902069091797,5127300
2023-10-17,83.11618268887142,83.89428920462454,82.09049038781139,82.58565521240234,3651700
2023-10-18,82.44418343936746,82.76250129691904,80.16291445494565,80.40164947509766,5802700
2023-10-19,77.84626096361713,78.61553016108647,75.15824753632468,75.94519805908203,8487000
2023-10-20,76.09551334265436,77.57215698795956,75.97172382690746,76.16625213623047,4481800
2023-10-23,75.41466979457628,77.58099303136929,74.91066770398243,76.58183288574219,4355300
2023-10-24,76.79405091803366,78.04079697358951,76.79405091803366,77.91700744628906,3024100
2023-10-25,77.19193219636983,77.59867007606903,76.47571383022809,77.15656280517578,3373600
2023-10-26,77.49256132539034,81.43615734286709,77.26266365735188,80.87910461425781,3848000
2023-10-27,80.85258741807856,80.85258741807856,78.70394561083364,79.46437072753906,2992600
2023-10-30,79.72080591672098,80.46354307625681,78.35027034173808,79.73848724365234,3595900
2023-10-31,80.49006406998514,82.41765240997414,80.29553575418451,82.21428680419922,3604700
2023-11-01,82.22311671423213,82.55912259173785,80.9498522318586,81.72795867919922,3834000
2023-11-02,83.13385881606328,86.94482856279686,83.13385881606328,86.25514221191406,3558100
2023-11-03,87.53726428059424,89.40295802868071,86.93599795306842,87.0067367553711,4020100
2023-11-06,86.64419900683106,87.02441160839112,85.627350723959,85.88377380371094,2988200
2023-11-07,85.91913987256758,86.2639830622439,85.24714156480094,85.37976837158203,2398500
2023-11-08,85.6538809434815,85.9191413074965,84.78734756391096,85.48587799072266,2126500
2023-11-09,85.68039280846365,85.91029048454693,84.09764792554502,84.54859924316406,2584200
2023-11-10,85.33556101246643,85.48587588964945,82.8774452711529,84.56629180908203,1974200
2023-11-13,84.18607467756193,84.74312746963106,83.02775566321817,84.47786712646484,4142600
2023-11-14,87.30735413122663,90.6143218353876,87.10398853605388,89.63284301757812,4946000
2023-11-15,89.10230910397738,91.86990533158435,89.10230910397738,91.30400848388672,3400300
2023-11-16,91.75495732145589,92.41811835274893,91.26864327945471,92.06443786621094,2745600
2023-11-17,92.66569404769432,92.66569404769432,91.1713691944988,91.88758087158203,2512700
2023-11-20,91.51621920288572,92.4800099641296,90.95916638413195,92.33853912353516,2991300
2023-11-21,92.22359145371227,92.86906437576108,91.43664094840635,91.6046371459961,2275300
2023-11-22,92.7275926986997,92.7275926986997,90.7557910625525,91.16252899169922,2080300
2023-11-24,91.13600845498073,91.81685080271123,90.0837908079199,91.58695983886719,1193500
2023-11-27,95.3979312393626,96.40593554005622,94.4960351399085,94.74361419677734,6304300
2023-11-28,94.51370338007507,98.79330579315804,94.51370338007507,98.26277160644531,5348600
2023-11-29,99.21772318059398,102.887215257532,99.20004185618001,102.55121612548828,7393100
2023-11-30,102.56890511682056,103.96596596073306,102.17984849040877,103.70069885253906,5697100
2023-12-01,103.74490719748599,105.08006647078061,102.21521287450413,104.8413314819336,4672300
2023-12-04,104.46996552525793,105.1154384622421,103.12595543730667,104.71754455566406,4712500
2023-12-05,105.64597549777181,105.66365682355082,104.06323037264944,104.29312133789062,3329000
2023-12-06,104.70869907984337,105.21270116938743,103.46195990929651,103.5326919555664,6380500
2023-12-07,103.7714334248109,105.32765312110882,103.46195964185968,104.01901245117188,3794700
2023-12-08,104.55837885258298,105.37185468423004,101.23372999130173,102.63079071044922,4391200
2023-12-11,102.259420730412,102.53352510007382,100.88888539005875,101.26025390625,3642200
2023-12-12,101.06575643732822,101.22491537447455,100.15500950775417,100.77396392822266,3241500
2023-12-13,100.93311241445977,103.58575659488697,99.70405448387702,103.24091339111328,4295500
2023-12-14,104.8586115714501,105.45012497008995,101.74870122825209,102.66285705566406,7682500
2023-12-15,102.4298131552587,102.4298131552587,100.09065948729244,101.13027954101562,8435400
2023-12-18,101.10340384735127,102.24161639610865,100.61944026414011,100.75387573242188,4618400
2023-12-19,101.13924356200377,102.79726260315047,100.87933683958188,102.16094207763672,4647600
2023-12-20,103.08406113728574,104.38359482614764,102.21472639908778,102.53736877441406,5141800
2023-12-21,103.45151954561736,104.45529660290617,101.5784008962161,102.70764923095703,4991700
2023-12-22,103.21849420554655,104.2491569451706,102.52840220846193,102.91378021240234,1412700
2023-12-26,103.06613884640436,103.93548041591889,102.564253749642,103.59490966796875,1554000
2023-12-27,103.7114224366695,104.32085726352061,103.05717351053327,104.04302215576172,1442400
2023-12-28,103.881708509903,104.63453615173894,103.43359486471354,104.06095123291016,1410600
2023-12-29,103.09302765366826,104.01614070038777,102.4925569895634,103.2364273071289,2353800
2024-01-02,102.6449096812458,104.8854778899089,102.47462430933253,104.51802825927734,2231200
2024-01-03,103.49633451945458,103.91755561864112,101.69491568131045,101.71283721923828,2027600
2024-01-04,101.51567287547023,103.07511344826534,101.11237328734836,102.169921875,2293100
2024-01-05,101.27369120874707,102.94963882571041,100.98689872838848,101.96378326416016,2650300
2024-01-08,101.38123904172909,103.53217918503212,100.83453981796585,102.8510513305664,2620300
2024-01-09,102.04443245121489,102.57320323222321,101.40811194157573,101.9548110961914,2174300
2024-01-10,101.66802952444178,102.42085719231139,101.29160885283515,101.64114379882812,2471400
2024-01-11,101.20198595158162,101.53359251701583,100.01000199121532,101.02274322509766,2771900
2024-01-12,102.04444145440469,102.6269905699612,100.94207886111028,101.01377868652344,1944200
2024-01-16,100.37745697408428,101.10339889450266,99.09585166956903,99.32887268066406,5121300
2024-01-17,97.8321672427631,99.40952223692463,96.20999131457556,97.24065399169922,4237800
2024-01-18,97.3392533851747,98.34303048239396,96.24585492016331,96.6043472290039,3975200
2024-01-19,97.28546895417037,97.63499702830315,95.78876427724641,96.76565551757812,4177200
2024-01-22,97.1600080206407,98.67462755705984,96.78358734582362,97.47368621826172,2457900
2024-01-23,97.69773965518144,98.68358831530233,96.63122698266312,96.74773406982422,2410000
2024-01-24,97.22273993467243,97.661889394514,94.39962258891903,94.60575103759766,3217400
2024-01-25,97.66188867554033,99.57981452500671,96.53264037801802,99.31094360351562,3736100
2024-01-26,99.27508795088006,99.63358021291445,97.11518386710564,97.33027648925781,2424900
2024-01-29,97.20481718952873,97.75151641795618,95.80670471691923,97.64396667480469,2416400
2024-01-30,97.25858441451138,97.52745534186651,96.40717120733963,96.77462768554688,2471200
2024-01-31,96.8284098863135,99.2302996109156,96.11142522554445,97.01661682128906,2645400
2024-02-01,96.76566453399008,99.57981776303896,96.6312290688731,99.53500366210938,2388200
2024-02-02,98.08311508245713,98.37886488633077,94.9463196225667,97.07933807373047,3629900
2024-02-05,95.77085724156024,96.05764972626272,94.05905968391531,94.63264465332031,2965200
2024-02-06,94.498212955493,96.64915310221669,94.11283492563182,96.48783874511719,3061000
2024-02-07,96.72084254819387,96.79254236876739,95.59160114368154,95.7798080444336,2436800
2024-02-08,95.26897414364679,96.35340846333663,94.98218165280048,96.34444427490234,3003400
2024-02-09,96.08452646564962,97.26754620909776,95.68122692221085,97.15103912353516,2641000
2024-02-12,97.24065785279691,97.76047130540137,96.78358003497772,96.96282958984375,1860600
2024-02-13,94.35482008502014,94.91944772616472,92.6699150255278,94.31001281738281,2992100
2024-02-14,94.45339010004113,95.37650308103476,93.96046237345652,94.82084655761719,2313500
2024-02-15,95.64537892780642,97.28547653432567,95.39443637684272,96.78358459472656,2273700
2024-02-16,95.42131035860221,97.05244357679751,94.91046113196057,96.98970794677734,2949700
2024-02-20,96.97179590662998,98.97038589275638,96.3265179624554,97.61708068847656,4592600
2024-02-21,97.92178590484934,97.92178590484934,95.86046060729065,96.51470947265625,3170500
2024-02-22,96.51471298616701,96.87319840951365,95.2151793946864,96.76565551757812,3478100
2024-02-23,96.84631453352235,97.93971287352721,96.06660120143493,97.41094207763672,1709200
2024-02-26,97.02555842568832,97.49159356034048,94.43546236899614,94.93734741210938,2898800
2024-02-27,95.34962256710523,95.99490732164746,93.3779252283788,94.67745208740234,3389200
2024-02-28,94.56094476984178,97.86801887234363,94.48028075688376,97.30339813232422,2787900
2024-02-29,98.10103501861843,99.3647187367795,97.73358539775909,98.5312271118164,4368400
2024-03-01,98.19066268628328,99.67840331494662,96.87320743594621,99.53500366210938,2603400
2024-03-04,99.48123236632564,101.47085810767963,99.33783271326469,101.09444427490234,2371200
2024-03-05,100.74490749751926,102.84207596051424,99.6694307051334,99.99207305908203,2375900
2024-03-06,100.82557118854149,100.82557118854149,99.10481641463159,100.44019317626953,2117900
2024-03-07,100.93312271643188,101.1392511698665,99.34679653916378,100.0279312133789,2145100
2024-03-08,100.96896642626848,102.16990767297382,100.57462424368639,101.20198059082031,3379100
2024-03-11,100.51189570959697,101.48878021024161,99.90246085604014,100.61048126220703,1749100
2024-03-12,100.15340959404774,100.70010884220129,98.36991902454984,99.45435333251953,1597400
2024-03-13,99.45434910891568,100.18925525491144,98.4685004015075,98.66566467285156,1881000
2024-03-14,97.65195913640204,98.40654955722484,95.10633233936554,96.54279327392578,2736900
2024-03-15,95.46091368800846,96.6791734475668,95.34272648240645,96.16095733642578,3214800
2024-03-18,95.86092799601676,96.14276271676053,94.65175494205981,94.86994934082031,3478900
2024-03-19,95.00632807068544,95.54272410550017,94.4699320358707,95.06087493896484,2622100
2024-03-20,94.19718897328806,95.25180112325641,93.77898010896652,95.0245132446289,2428300
2024-03-21,95.54273294923316,95.86094154038464,94.04263844249434,94.2426528930664,3337900
2024-03-22,94.37900760227238,94.48810827078522,93.20620142679034,93.46076965332031,1814500
2024-03-25,93.52441354308432,94.66085287240804,93.29712567721958,94.1153564453125,2533800
2024-03-26,93.99717545537148,93.99717545537148,92.66981506347656,92.66981506347656,2538700
2024-03-27,93.59713989827956,96.11549332318256,93.4698592489641,95.99729919433594,2595600
2024-03-28,96.27914020215047,96.84280966345597,95.68819037080024,96.21549987792969,2074200
2024-04-01,95.97912561392252,96.08822629329647,94.33356358361706,94.78813934326172,2108100
2024-04-02,94.04264389657679,94.33357213166084,93.46078742640871,93.50624084472656,2721500
2024-04-03,93.02438223143923,93.30621697994829,91.6879284018534,92.88800811767578,2691300
2024-04-04,93.63349948687672,94.10626209284403,91.7242829597616,92.10612487792969,2009500
2024-04-05,91.44245531980532,92.39706018903897,91.06061337211186,91.62428283691406,2585600
2024-04-08,91.82430111732286,92.09704934069639,90.9787899483955,91.087890625,2416200
2024-04-09,91.75156657080345,92.76072527811743,91.45154491483973,92.73345184326172,2106600
2024-04-10,90.75149251632405,91.07878757539112,87.83311735320498,88.82408905029297,2932100
2024-04-11,89.57869628427206,89.68779696145191,87.98768115751236,88.26042938232422,3495900
2024-04-12,88.17860306118263,88.33316408953695,87.48765290732146,87.92404174804688,2690100
2024-04-15,87.93312652053699,88.58771665324966,86.4148453126631,86.96033477783203,2954900
2024-04-16,86.36939229143702,86.43303261883233,84.88747784707469,85.42387390136719,4055200
2024-04-17,85.82390312754413,86.09664441622466,84.37834863331796,84.59654998779297,3985800
2024-04-18,86.99669510798878,87.71492550854968,84.07832009990172,85.79661560058594,4938200
2024-04-19,85.79663324893774,86.87851886388762,85.27841714905942,86.55122375488281,5055700
2024-04-22,86.36938963079605,86.6512243668253,85.24204375040378,86.44212341308594,3280300
2024-04-23,86.45121749596548,87.5512969745723,86.16028927763229,86.79669952392578,2484500
2024-04-24,85.88753879073033,86.96943123835047,85.26931552584385,86.76941680908203,2968200
2024-04-25,86.19664302358478,86.43302433250926,85.13293753783682,85.65115356445312,3334100
2024-04-26,85.7966378746215,86.74215635869302,85.00567349583612,85.07840728759766,2697300
2024-04-29,85.8511722267317,86.68758990114817,85.67843123056575,86.66031646728516,2476200
2024-04-30,85.86027436885219,86.36939701586374,85.21477760245514,85.2602310180664,4982600
2024-05-01,85.39659913707169,87.77857852130431,84.77837585073594,86.57849884033203,4364100
2024-05-02,87.10580371942122,87.8604011353996,86.39666665333091,87.67857360839844,3212100
2024-05-03,89.09684983324067,89.42414493855054,87.9876838581656,88.54226684570312,4119400
2024-05-06,88.96046544309263,89.09683954393527,86.3966587050957,87.20580291748047,2930500
2024-05-07,88.1240540432971,89.00593209680146,86.9694347050527,87.4149169921875,3120200
2024-05-08,86.73304500064167,88.60589466618654,86.5421240388771,88.46952056884766,2574800
2024-05-09,88.93320321205752,91.26972238837911,88.77864911523011,90.8060531616211,3209100
2024-05-10,90.80604713502252,90.94242124399176,89.91508257080406,90.46966552734375,3087200
2024-05-13,90.69695389230094,91.34245061292106,90.45147910756033,90.9515151977539,2902000
2024-05-14,91.93339901963745,92.21523375534977,91.12425476732928,91.87884521484375,1854300
2024-05-15,93.61532730217519,94.40628463616837,93.26984530684464,94.1153564453125,2776300
2024-05-16,93.4153117376427,95.08814708071009,93.4153117376427,94.56993103027344,3030400
2024-05-17,94.93358781676959,94.93358781676959,93.08801157886818,93.54258728027344,3284900
2024-05-20,93.0062032610718,93.27894455527874,91.31518087914137,91.47882843017578,2814800
2024-05-21,91.34244645759233,91.76065528842219,90.84241039014627,91.59700775146484,1787400
2024-05-22,91.32425902714768,91.48790656317804,90.66967581930116,91.11515808105469,1974600
2024-05-23,90.71514222625775,91.04243734521057,89.56052278837355,90.01509857177734,1997700
2024-05-24,90.30602036107652,90.32420033915584,88.56045114189024,89.20594787597656,2094800
2024-05-28,89.56050640133122,90.36965059283737,88.79681561808316,88.82408905029297,2226500
2024-05-29,88.19679729408115,89.29686988071397,88.0513297109184,88.97866821289062,2083600
2024-05-30,89.65141924326635,90.64239093028608,89.1786566355173,90.57875061035156,2709900
2024-05-31,91.17880249563548,93.37894740611281,90.9060542779208,93.18802642822266,3191100
2024-06-03,93.63352168602779,94.56086020575127,93.14257898787,93.74262237548828,2891900
2024-06-04,93.66078710501559,94.7608665547928,93.10621105583441,94.20628356933594,2213300
2024-06-05,93.87897613359424,94.51537934333773,92.87891097416528,93.07891845703125,1961100
2024-06-06,92.61525869879446,93.02437406790656,92.07885574807143,92.4061508178711,1940300
2024-06-07,90.91515199077375,91.82430351068149,90.24238180819921,91.47882843017578,2324800
2024-06-10,91.1060731789641,91.44246173913268,90.46966988813236,90.77877807617188,2137000
2024-06-11,92.10614769547973,92.315255618436,90.86061442485877,91.15154266357422,3052500
2024-06-12,93.52441650030136,93.86989157028053,90.38783969042504,90.61512756347656,2304400
2024-06-13,90.84240989950861,91.55154691040204,89.9150784859422,90.76058959960938,3203000
2024-06-14,90.14638334695108,91.56877591924803,89.96165996737807,91.53182983398438,2013600
2024-06-17,90.46042018170802,90.70055916217603,88.91795109392041,88.98260498046875,2595000
2024-06-18,89.01954458248723,90.05401373867234,87.92965982665197,88.05896759033203,3006800
2024-06-20,87.7264715464821,89.29664135736986,87.25541778451779,89.0472640991211,2868100
2024-06-21,89.49984014055141,90.22027115146582,88.18828588751522,89.13038635253906,3595900
2024-06-24,88.9641412381909,91.29168835181048,88.7978873695934,89.98937225341797,2706300
2024-06-25,89.60142964216199,89.71226083289818,88.24369118169109,88.34529113769531,1681500
2024-06-26,87.74492778081806,89.14884352474382,87.44936620068927,88.6039047241211,3409300
2024-06-27,88.77941481884534,89.97089966199746,88.6593382781682,89.95242309570312,2728400
2024-06-28,90.46041551045778,90.9499387757233,89.61990798198696,90.23873901367188,9395100
2024-07-01,89.54600909390433,90.29415488258785,88.38223928349748,88.65009307861328,2230300
2024-07-02,89.01031761664778,89.1765714703176,87.76341019075171,88.0127944946289,2099800
2024-07-03,88.7332218198523,89.78616050037175,88.19751419734392,89.27816772460938,1085400
2024-07-05,88.94566117541034,89.36129227426717,87.9296615173252,88.73322296142578,1245100
2024-07-08,88.91795732354792,89.46290330270169,88.56698006437381,89.2412338256836,1783900
2024-07-09,89.06574375090044,89.7030514397866,88.15135097096281,89.64762878417969,2084600
2024-07-10,90.51583910621568,90.6082007979954,89.22275428106353,90.33111572265625,2282900
2024-07-11,91.97517474145894,94.67217551365344,91.43946708147992,94.5243911743164,2363400
2024-07-12,94.76452944442266,96.47324520933766,94.76452944442266,95.64198303222656,1963800
2024-07-15,95.43879657171185,95.83595819877293,94.50592725294132,95.24483489990234,2865700
2024-07-16,96.07608693979758,96.4270712056779,94.84766314945087,95.96525573730469,1712300
2024-07-17,96.1407407525962,97.59084808709369,95.99296346713307,97.5631332397461,2166800
2024-07-18,96.98124239575479,99.24413523295797,95.95601155526012,97.0181884765625,2733800
2024-07-19,97.47077638680483,97.77557630203309,95.79900656462073,97.05514526367188,3313700
2024-07-22,97.06436715509363,97.4430592036304,95.78052077766688,96.002197265625,1731100
2024-07-23,95.86366210122678,97.30452420274544,95.3926083192898,96.32547760009766,3479900
2024-07-24,96.53790584785033,98.15426004474787,95.93755135497014,97.41535949707031,2311000
2024-07-25,98.13577951114615,100.89743382735966,97.04589480741143,97.47076416015625,2458600
2024-07-26,97.91412203926966,99.3457458284151,97.73862989833277,99.30879974365234,1631800
2024-07-29,99.1702532245002,100.3894457423671,98.09883798774874,99.87220764160156,2155600
2024-07-30,100.21396658935937,101.3223210048292,99.89069713874281,101.06370544433594,1595700
2024-07-31,100.5834092923819,102.4029633448342,100.20471723012768,101.67329406738281,2598800
2024-08-01,102.3567846509424,103.76070063626044,101.92267696401163,103.71452331542969,2232900
2024-08-02,104.78592945113796,106.80868350575206,104.46266002492554,106.4115219116211,2632900
2024-08-05,105.75574692752764,106.91028564944388,102.19053079051068,102.31060028076172,3694800
2024-08-06,102.06121327834748,105.40475963479194,101.79335947481307,104.34258270263672,3113500
2024-08-07,103.72375328160743,105.23850739960581,102.46761468910955,102.77240753173828,2186500
2024-08-08,101.81183307583213,102.86477169536214,101.34077936285999,102.4306640625,2215200
2024-08-09,102.73548247051686,102.92944414102435,101.1653054929513,102.19053649902344,2017700
2024-08-12,101.83955107609216,102.37525167449073,100.72195846609993,102.2736587524414,2585400
2024-08-13,102.68929148241571,102.84630705602954,101.50704496880212,101.92267608642578,1504700
2024-08-14,101.92267324691811,102.5599808531481,101.42391169161789,101.79336547851562,1684700
2024-08-15,101.6455939762318,101.68253301495331,100.14930922518083,100.83279418945312,2018600
2024-08-16,100.79584486846908,101.58093682763275,100.37097546935718,101.45162200927734,1563700
2024-08-19,101.45161963991191,102.08892724706821,100.83278859783704,101.13758850097656,1542500
2024-08-20,101.02675601046232,101.59940976597156,100.55570927520397,101.58094024658203,1434800
2024-08-21,101.42391616901305,101.75642388722521,100.42640006112177,101.19300842285156,1452200
2024-08-22,100.98981087326284,101.16530301946503,100.21396421020226,101.12835693359375,1491200
2024-08-23,101.52550677250105,104.04702222847217,101.36849121081916,103.79763793945312,1194300
2024-08-26,104.18558329047409,105.19233773351704,103.98238333583353,104.35183715820312,1088700
2024-08-27,103.64987169588392,104.96142602148143,103.64987169588392,104.86906433105469,1536600
2024-08-28,104.8228759765625,105.57102184808492,104.30564489244429,104.8228759765625,1549700
2024-08-29,104.22251605704504,104.22251605704504,102.16282292461503,103.15110778808594,1818000
2024-08-30,103.47437957945549,104.2132871965607,102.73547900909556,103.46514129638672,3511000
2024-09-03,103.19728775964215,105.58948850561242,102.55998015773346,104.69356536865234,3110100
2024-09-04,105.18308680289115,106.25450205426147,104.19480199876251,105.13690948486328,1992400
2024-09-05,106.00512085883264,106.00512085883264,104.49036666703144,105.17385864257812,2057000
2024-09-06,105.22926787972291,107.55681462859438,105.05377575516411,107.25202178955078,3016200
2024-09-09,107.03035260518831,108.81296063148417,106.68861366151046,108.56358337402344,3438700
2024-09-10,108.99769585028659,110.93731953323578,108.67442641091928,110.78030395507812,3262600
2024-09-11,109.8197188474117,111.12203479275682,108.35114200626239,110.96501922607422,2582300
2024-09-12,110.83570736059407,111.06661508426198,108.62823008606847,109.97673034667969,2210100
2024-09-13,110.3277096079208,111.44147145765972,109.41986117089229,111.23556518554688,1703500
2024-09-16,111.74097308224812,113.17294856836331,111.33852184871397,112.5458755493164,1434000
2024-09-17,112.31188331481297,112.85472579791124,111.46018143885564,111.88135528564453,1384300
2024-09-18,111.95623490893578,111.9843117381017,109.97205567424078,110.23411560058594,2236600
2024-09-19,109.71936171758215,110.63657149863249,107.04259440124727,107.79133605957031,2387800
2024-09-20,107.10810654751594,108.2873762347616,106.90220027623883,107.94108581542969,4667600
2024-09-23,108.56815968898498,109.438577116943,107.8006953974971,109.37306213378906,2874900
2024-09-24,108.73663275217577,110.43066820831422,108.56816462489253,109.85974884033203,1441800
2024-09-25,109.85973827306597,110.318350272478,108.77406044435793,109.27010345458984,1777600
2024-09-26,109.07356600956199,109.3356259468909,107.14554749298692,107.42632293701172,3574700
2024-09-27,108.43712694257273,109.86910235236549,108.26865882726786,109.13907623291016,2269800
2024-09-30,109.50408825067426,111.18876938769282,108.82085447271747,111.02965545654297,2339900
2024-10-01,111.56314284476268,111.70353413743885,109.97206056935998,111.47891235351562,1421300
2024-10-02,110.4213068299879,111.9000745835647,106.50910914297086,108.36225128173828,5299800
2024-10-03,108.2312196852785,108.2312196852785,105.90075006203463,106.96771240234375,2655500
2024-10-04,104.85251952917291,104.85251952917291,103.38310575200545,104.33776092529297,3314600
2024-10-07,103.48605631831018,104.43135014339872,103.00872874357857,104.07569122314453,2351200
2024-10-08,104.52493225572077,105.07712895235959,103.69195297871117,104.91802215576172,2073200
2024-10-09,104.27223836643134,104.68404379152784,103.46733588290012,104.3283920288086,2749600
2024-10-10,103.00871539660564,104.86186464976743,102.6437023398703,102.89640808105469,2047400
2024-10-11,103.48604868695186,103.88849991820484,102.69986887181453,103.7106704711914,1243200
2024-10-14,103.37373359806122,105.22688294345083,103.08359683098519,104.85250854492188,1276100
2024-10-15,105.88203491153779,107.94109057449403,105.61997496948467,106.97708129882812,2866000
2024-10-16,107.08938466278818,108.46520644829639,106.9396391902649,108.26866149902344,2110900
2024-10-17,104.82443722035795,105.69485470790092,103.45797666346434,104.5904541015625,3863400
2024-10-18,104.74019438571028,105.7884340644387,103.51411813205864,105.1800765991211,2336200
2024-10-21,105.01161297457078,105.88203039676023,102.91512638694155,103.1303939819336,2111300
2024-10-22,102.22253851919734,103.23334723135531,101.76393363965435,102.73729705810547,3016200
2024-10-23,102.95256257837138,103.61707371632373,102.32548959277378,103.58899688720703,3753600
2024-10-24,103.70131152505232,104.80571202935131,103.70131152505232,104.30966186523438,2609400
2024-10-25,104.54364091472603,104.92737660672562,101.90431196638285,101.9323959350586,1873700
2024-10-28,102.78409559022147,103.37373042993038,101.99791580394293,102.06343078613281,1727200
2024-10-29,100.86542480698307,101.87623344458972,99.34921899117016,99.77974700927734,1974200
2024-10-30,100.14476721606424,101.78264892286903,100.14476721606424,100.90287017822266,2234300
2024-10-31,100.09796631870682,101.9885537464586,99.9107826968253,100.6033706665039,1702700
2024-11-01,101.11813893530945,101.4550751758301,99.60192585296652,99.75167846679688,1815700
2024-11-04,100.60337688526242,101.4925169956552,100.19157146354797,101.41764068603516,1975500
2024-11-05,100.58466218048922,102.08215268184566,100.24772592510926,101.73585510253906,2142200
2024-11-06,99.33985710629584,100.16347498750152,95.53061280224945,96.8409194946289,3666200
2024-11-07,97.44928544046819,98.44137151354498,96.78477428391697,97.53351593017578,2634800
2024-11-08,98.23546403201988,99.39601821083687,97.66454469569753,99.06844329833984,1606700
2024-11-11,97.89853109703051,99.3211523944099,97.25274257364701,97.4305648803711,1576700
2024-11-12,96.65372926240313,96.98131129270291,95.0158476732924,95.69908142089844,1929000
2024-11-13,96.87835609785388,97.4867135318086,95.52124995432459,96.17640686035156,2316700
2024-11-14,95.76460621418742,97.26209667816812,95.36215498256158,96.32616424560547,2404200
2024-11-15,96.2138554842714,97.48672414476167,96.12961785349016,97.14978790283203,2293400
2024-11-18,96.40103116096061,98.05762826332023,96.32615485990783,97.88916015625,1580600
2024-11-19,97.78622442190702,98.52560476539412,96.85029198239666,97.77686309814453,2254700
2024-11-20,97.52415937054687,98.10444006573611,97.04683895769239,97.68327331542969,6769100
2024-11-21,97.48672567021646,98.28226681032194,96.75669237421369,97.80493927001953,1456000
2024-11-22,98.56303948811359,99.02165150873633,98.19802642066126,98.6847152709961,1541900
2024-11-25,99.44282109444123,100.50978349775964,98.90933989278201,99.2837142944336,4158000
2024-11-26,98.93741256816365,100.00437492667217,98.38521588288182,99.48961639404297,2914000
2024-11-27,100.03245127011661,100.61273192251738,99.82655214242357,99.86398315429688,1977200
2024-11-29,99.80783841082936,100.44427277848453,99.35859482224812,99.44282531738281,1838400
2024-12-02,99.34922089295638,99.43345137740411,98.18866677233869,98.57239532470703,2514900
2024-12-03,98.60046919087816,99.04035852692782,97.95468074105356,97.98275756835938,1938500
2024-12-04,97.74879051585535,98.41330171991724,96.26065415924495,96.82221221923828,3404000
2024-12-05,96.2138569122422,97.00003672801445,96.19513426485842,96.7005386352539,2284800
2024-12-06,97.28080932737551,97.3369629825667,94.90354033612195,95.32470703125,2965100
2024-12-09,95.04393643293501,96.1857679430909,94.96906012848622,95.46510314941406,4257000
2024-12-10,94.43558371572406,95.6054992544704,93.75234989923318,94.11736297607422,3232700
2024-12-11,93.9208143340034,94.65084045901608,92.54499257197295,92.82577514648438,2749800
2024-12-12,92.75089889376417,93.41541003718045,92.34844767838841,92.4420394897461,3351700
2024-12-13,91.81914163621481,92.96985187759437,91.78110072878559,92.35169982910156,3698400
2024-12-16,92.1615014463575,92.92229781916829,90.88715645716871,91.0298080444336,8087800
2024-12-17,91.20098966197656,92.31365899683281,90.13586601977465,90.23096466064453,5386900
2024-12-18,89.86959205077875,90.85863393449176,88.22435717316924,88.34799194335938,6212700
2024-12-19,87.53964568630029,88.22436031737011,86.24628373500968,86.2843246459961,7923700
2024-12-20,86.03705804506747,87.31139584928638,85.24772550663015,86.2177505493164,8378400
2024-12-23,85.79930016455387,86.59813741745413,85.10506633286218,86.30332946777344,3638400
2024-12-24,85.7992971639589,86.84539663950801,85.49497718460715,86.54107666015625,1323900
2024-12-26,86.07509687496038,86.74079462891065,85.88489233414505,86.67422485351562,2270600
2024-12-27,86.30332737146458,87.51109526179208,85.94194965948674,86.12263488769531,2915300
2024-12-30,86.23676163344459,86.2843145805208,84.56299802310419,85.380859375,2356900
2024-12-31,85.59008061048604,86.91197127502534,85.2001667605912,86.3128433227539,3087200
2025-01-02,86.32235108770224,86.45549789280894,84.73418127843819,84.88634490966797,2463100
2025-01-03,84.87684292611661,85.84686079568203,84.30624375251566,85.58058166503906,2108300
2025-01-06,85.3047870287669,85.3047870287669,83.93535051884074,84.20162963867188,2427500
2025-01-07,84.18259628867405,84.68663285922642,82.98434038133806,83.1745376586914,2891700
2025-01-08,82.87972895965711,83.24110668561555,81.748035579528,83.21257781982422,3431500
2025-01-10,81.890694701532,82.12844494575766,80.07427935297835,80.19791412353516,4120800
2025-01-13,80.32153690124161,81.61489873399289,80.12182757853813,81.52931213378906,4525900
2025-01-14,81.52931235678747,83.03188830155612,81.40567759318436,82.42324829101562,2557900
2025-01-15,84.42035140268695,84.73418345850175,82.17599582879464,82.39472198486328,3053900
2025-01-16,82.4327618002349,86.29382329629847,82.4327618002349,86.20823669433594,4297800
2025-01-17,86.66471430779355,87.14972682578876,86.28431973072271,86.59814453125,4990600
2025-01-21,86.98805787412637,88.16729701808478,86.13215556981726,86.25578308105469,4255100
2025-01-22,85.46644358099603,85.80880444572746,83.87826674799625,84.09700012207031,3213600
2025-01-23,83.75465216864777,84.41084513646601,82.83218009955874,84.29672241210938,2284000
2025-01-24,84.23966948460055,84.8863504483997,83.7166160375712,84.1540756225586,1714500
2025-01-27,86.5886450796604,88.72839735752125,86.1131445734691,87.9010238647461,4198500
2025-01-28,87.46355628447664,87.73934742355587,84.98144328832487,85.35233306884766,2251200
2025-01-29,84.96241393037143,85.41889753873781,83.26963354889253,83.58346557617188,2644300
2025-01-30,84.64860097031477,85.26675307090689,83.78318657837346,84.66761779785156,2704400
2025-01-31,84.4869146520805,85.60909598011254,84.25867647255764,84.90535736083984,2567600
2025-02-03,84.62956730095931,85.62812113923431,83.61199663730163,84.95291137695312,2125500
2025-02-04,84.35378020034295,84.8673215769335,83.59298380416394,84.21113586425781,1732500
2025-02-05,85.42841664522346,85.83734734186552,84.20162455529731,85.44743347167969,1570800
2025-02-06,85.82783326881095,85.99901372510969,85.019483935674,85.81832122802734,1741700
2025-02-07,85.732739778058,85.96097798164735,84.61055833169804,85.12409973144531,1532600
2025-02-10,85.3998798721728,85.6566469111502,84.35377312488521,85.2762451171875,1875500
2025-02-11,85.03850061573166,86.83589177600311,85.00045970822376,86.75030517578125,1769100
2025-02-12,85.33331298828125,86.02753957434751,84.50593960259852,85.33331298828125,2078000
2025-02-13,85.6471387895856,86.18920901272622,85.26674423377966,85.4664535522461,2445500
2025-02-14,84.90535284744384,86.06557501964812,83.65003204345703,83.65003204345703,3411300
2025-02-18,83.56445488194136,85.7897935901409,83.45033215758703,84.93389129638672,4455800
2025-02-19,84.87683286882579,85.4284151486918,84.6485946775424,84.88634490966797,1647000
2025-02-20,84.64858089359375,86.95951306377064,84.182585290505,86.75980377197266,2658800
2025-02-21,86.50304096943103,88.1577805034167,86.35088459836481,87.67277526855469,3041900
2025-02-24,87.39699368423028,88.96614679132355,86.79785840838707,88.02465057373047,2140200
2025-02-25,88.60474861078816,91.32461165776809,88.26238771987036,88.75691223144531,4404600
2025-02-26,87.51109513482328,88.16728804392955,86.4840197297552,87.14020538330078,3345700
2025-02-27,87.14021133761767,89.346533172934,86.86442020125799,88.87103271484375,2201700
2025-02-28,89.47016469336714,90.40214149433669,88.64279131427051,89.48918151855469,3198300
2025-03-03,89.26094677180437,91.36265793057348,89.10878314220747,91.16294860839844,2162500
2025-03-04,91.76207671244416,92.89377012869323,89.56526690966531,89.59379577636719,2583800
2025-03-05,88.5191553372642,90.63037825344996,88.47160239550641,89.99320220947266,2011400
2025-03-06,90.28802768490722,90.99176631870418,88.3479849800206,90.51626586914062,2899100
2025-03-07,91.04882528768545,93.19808938046555,90.76352936740847,92.94132232666016,2669400
2025-03-10,93.80671914453764,96.10813935914858,93.28366579778043,93.69259643554688,3772500
2025-03-11,93.93035472877246,94.9098917403097,92.2756152114491,92.8462142944336,3416100
2025-03-12,92.11395130731907,92.23757881708545,90.42117080091758,90.62088012695312,2965800
2025-03-13,90.93470826130046,92.00933666146861,89.4891828366831,90.43067169189453,3287400
2025-03-14,97.09754539473593,100.24001729562151,96.0049347433686,99.8049087524414,8718500
2025-03-17,100.18200991505535,100.74282208422028,99.07972799743989,99.50517272949219,8458000
2025-03-18,98.49958273003516,102.13517593711387,97.98711184859013,101.46800994873047,5314200
2025-03-19,101.51634663412047,102.48326108977979,99.98862740067734,100.89752197265625,6221300
2025-03-20,101.17792630945871,102.12550570557116,100.75248159565659,101.12957763671875,5277400
2025-03-21,101.22627405427909,103.81760502219181,100.54942952698276,102.87002563476562,9215000
2025-03-24,101.65171047290525,102.93770842392688,100.82983469005433,100.85884094238281,4169100
2025-03-25,98.1611545932082,98.22883831161174,94.39985786270003,97.12655639648438,6703100
2025-03-26,97.07821822115002,98.30619640224548,96.55608350082662,97.7453842163086,2785900
2025-03-27,98.25785413662616,100.19168313644738,97.76472567611954,99.19575500488281,3196900
2025-03-28,99.88226286290774,100.50108750357049,98.91534843975073,100.17233276367188,2689700
2025-03-31,101.1972676400092,102.2898782886367,99.94027593201835,100.781494140625,4198100
2025-04-01,101.52602184365436,101.52602184365436,100.36572740194433,101.14892578125,2476300
2025-04-02,101.52601968282413,101.58403219058329,100.04664171918994,100.3753890991211,2045100
2025-04-03,102.40592222525319,105.47103953918402,101.56470392177285,103.51786804199219,4681300
2025-04-04,105.08426102090186,105.39367334481696,97.46497793388546,97.63902282714844,4773200
2025-04-07,95.66652128950787,97.33927921365878,92.48537175583778,94.9606704711914,4560500
2025-04-08,96.21765708514327,96.21765708514327,90.74491786526121,91.69249725341797,4335700
2025-04-09,90.73525397028159,93.35559878102218,88.16326521274507,92.37901306152344,6752600
2025-04-10,92.37901391132895,94.90266139282126,90.64823603931495,92.01158905029297,4907700
2025-04-11,92.0889306857574,93.71334726624366,90.29046920818432,93.47161865234375,3419500
2025-04-14,93.47161848633414,96.79780656832044,92.58205895923561,96.53673553466797,2927800
2025-04-15,96.672114439945,98.19983373529296,95.99526986737389,97.18457794189453,2615100
2025-04-16,98.28686035382447,99.15708487880659,97.261925967969,97.90009307861328,2261900
2025-04-17,98.0451286496504,100.86851712916555,98.0451286496504,100.16266632080078,1860100
2025-04-21,99.74690470760241,100.77183173080856,97.45531465595428,98.7509765625,2793700
2025-04-22,99.50517581708588,101.77742344137977,99.37947220945789,100.9168701171875,2276300
2025-04-23,100.04664193876746,100.04664193876746,97.3199434135232,98.89601135253906,2368400
2025-04-24,99.42780970268082,99.55350591919891,97.38761972482536,97.4166259765625,3691200
2025-04-25,97.27159896273791,97.6293599898407,95.91791716315473,96.87516784667969,1716700
2025-04-28,96.60443058414192,97.76472502552436,96.29501086433632,97.58100891113281,2756700
2025-04-29,97.49398789895346,101.10057474532839,97.12655567864525,100.26902770996094,2401900
2025-04-30,101.47766618482679,102.56061299901098,100.49141671494083,102.26087188720703,3934700
2025-05-01,102.4832638843677,103.30513971869527,100.93620218852075,102.78301239013672,3154600
2025-05-02,103.26646087935839,103.74991807939851,102.37689402478628,103.33414459228516,3524700
2025-05-05,103.9046284269704,104.08834453754858,102.31888928074235,103.44051361083984,2708600
2025-05-06,103.23745117025577,103.72090838865103,102.42524658429816,102.89903259277344,2818000
2025-05-07,102.06749251474646,103.42117429352787,100.59778571693695,101.28429412841797,5264900
2025-05-08,101.09090814433215,101.60337161970847,99.77590390938035,99.86292266845703,2933400
2025-05-09,100.14333581608065,102.04815858700145,99.56318858367656,101.5260238647461,3043400
2025-05-12,99.41814734448235,99.41814734448235,96.37236523239645,97.15557098388672,3494700
2025-05-13,97.61968551033148,97.94844027122318,94.4965558552068,95.06703186035156,3157600
2025-05-14,94.805966087836,95.13471346444783,93.85838666782959,94.98001098632812,2967900
2025-05-15,95.86956979413756,97.50365020854483,95.54081504305044,97.43596649169922,2455300
2025-05-16,97.79372542435526,98.96369100616988,97.45530684729677,98.93468475341797,2966800
2025-05-19,98.66395870649563,99.68888573914687,97.88076030433554,99.57286071777344,1579900
2025-05-20,98.8283231816785,99.83391507591217,98.42222089082595,99.51483154296875,1902500
2025-05-21,99.42781869791492,99.71788861850042,98.03545947279376,98.1611557006836,3019100
2025-05-22,98.43190162399813,98.51892039032631,95.82122797956652,96.61409759521484,2992700
2025-05-23,97.30060451183776,97.81307539893271,96.13063883965883,96.84616088867188,1853100
2025-05-27,96.78813541210108,97.73571482330082,96.63343293541917,97.22325134277344,2094800
2025-05-28,97.09755303612947,97.23292047697073,95.65685248604898,96.3433609008789,1901700
2025-05-29,95.88890212918524,97.03953266003492,95.30875494732642,97.02986145019531,1811300
2025-05-30,96.76879780029891,97.43596373979932,96.2176568709873,97.02986145019531,5068700
2025-06-02,96.54640554490126,96.69144418657547,95.23140131380609,96.5850830078125,2935600
2025-06-03,96.16930880048827,96.7011146904198,95.17338811295438,96.55607604980469,2867400
2025-06-04,96.6914476720452,97.59067843047411,95.89857809621331,96.9138412475586,3852500
2025-06-05,97.30059967769192,97.42630327904281,96.50773011374875,96.9621810913086,2989800
2025-06-06,96.3433589650597,97.02986736609567,95.39578689821032,95.67618560791016,2805500
2025-06-09,95.38611234016261,96.32402054063853,94.65125528974254,95.74386596679688,2643200
2025-06-10,96.86548908119018,97.11688890162736,95.65684602885798,96.5850830078125,3863500
2025-06-11,96.4013682224384,97.09754781042416,95.47313123078138,96.14030456542969,3617200
2025-06-12,96.42071023579598,96.96217996773488,96.0532780231473,96.72045135498047,2803800
2025-06-13,96.4986010592108,97.41726545611604,95.84381184091794,96.15654754638672,2301100
2025-06-16,96.00995071174111,98.10137213265989,95.67767228795371,96.75270080566406,4456700
2025-06-17,96.78202380788699,97.26089874984115,95.91222735045264,96.5670166015625,1881200
2025-06-18,96.76248059465532,97.40749475413638,95.80472325941652,97.12407684326172,3549400
2025-06-20,97.10453617176616,98.30661109006573,96.90907913900116,97.90592193603516,5035100
2025-06-23,98.345696558377,100.68144296764252,98.04273594361595,100.20256805419922,5335800
2025-06-24,100.10484508417574,101.35578796348541,98.73662351385289,100.84759521484375,4688600
2025-06-25,100.13416131013963,100.60326861056983,99.10800074077294,99.5086898803711,2327200
2025-06-26,99.88005548293302,100.12438047917914,97.475898414616,98.07205200195312,4204200
2025-06-27,97.73000312225292,98.97117088117422,97.46613539455414,98.36524963378906,3004400
2025-06-30,98.0720543501616,100.45666875660658,97.04589381508208,100.39803314208984,3899200
2025-07-01,100.36871221189878,101.96171606631417,99.7627909525132,101.36556243896484,3405600
2025-07-02,101.0430559192963,101.51216324420596,100.57395605059459,100.82804870605469,1951500
2025-07-03,100.28075672273299,100.7987245458874,98.77571378106865,100.5837173461914,1246300
2025-07-07,100.53485988046933,100.76940980718724,98.77571678956569,99.53800964355469,2110400
2025-07-08,98.47274865038271,100.48598423501024,98.47274865038271,100.25143432617188,2209800
2025-07-09,100.17325258024181,101.14077751742508,98.91253465302363,101.0625991821289,1952200
2025-07-10,101.05282544588165,102.08876110043603,100.07552540763562,101.6098861694336,2712400
2025-07-11,100.9453207268121,101.39487784467975,99.7530135003682,100.42735290527344,1804500
2025-07-14,100.14393610872882,101.09191833878911,99.547782488922,100.89645385742188,2649800
2025-07-15,100.828041781501,100.8964524849971,99.15685963363279,99.63573455810547,1969700
2025-07-16,99.8996144071721,101.44375030817051,99.68460719865233,101.43397521972656,1580300
2025-07-17,101.36556365701546,102.20604230710887,100.95509942033014,101.8737564086914,2061700
2025-07-18,102.03012646847453,103.14424792632701,101.82489435320777,102.75332641601562,5210600
2025-07-21,103.4472079466062,104.42450798853201,103.11492951133107,103.98472595214844,2576500
2025-07-22,104.48315114814729,107.98187963443316,104.05313674335594,107.74732971191406,3734800
2025-07-23,107.17072503822763,108.18711050957204,106.72116046225422,107.2391357421875,4709200
2025-07-24,110.40558485940508,113.13225282000188,109.85829923217388,111.32424926757812,6095800
2025-07-25,111.21675302065411,111.21675302065411,107.97211702604893,108.94941711425781,3420700
2025-07-28,108.3630243621084,108.90054235970223,106.06637078878545,106.33024597167969,4044200
2025-07-29,106.80912030017551,107.63982382764219,104.91315587149047,106.84821319580078,3494800
2025-07-30,105.66568272810106,106.88730777485313,103.63289686081582,104.54178619384766,4169100
2025-07-31,103.54493879555719,104.68838553712462,102.38195678964946,102.70446014404297,4962300
2025-08-01,104.64929138847906,110.19058089546166,103.69153405650553,104.45382690429688,3429500
2025-08-04,104.33655845856364,105.44090486292971,103.7404048142382,104.75679779052734,2977200
2025-08-05,104.61019755776096,104.68838335073585,102.31354394662871,102.55786895751953,2534400
2025-08-06,102.84128961373897,104.21927883476748,102.68491802360953,102.8999252319336,2064400
2025-08-07,103.07583419236242,104.2094983371244,101.9128447838175,103.79903411865234,2285200
2025-08-08,103.90653915440944,104.25836776259676,101.86398566551796,102.12785339355469,1964400
2025-08-11,101.71739497428946,102.26468063772151,100.91600920017483,101.42420196533203,2492500
2025-08-12,101.30692138267419,102.26467120534225,98.98094261520865,100.00711059570312,6153300
2025-08-13,100.01688262098018,100.5446255378863,98.96140424337553,99.5086898803711,3751600
2025-08-14,99.03958263075992,99.12754351172653,97.48567914368977,98.75617218017578,2249100
2025-08-15,98.9809486002051,100.32962745111378,98.57048436567102,99.38164520263672,2849900
2025-08-18,99.5380026045786,99.97779207430801,97.85704542685485,98.26751708984375,2682600
2025-08-19,99.35232721161444,100.25144147309867,98.81480919865773,100.0950698852539,2798800
2025-08-20,100.9941776407238,101.2091848320558,100.10483852482277,100.52507781982422,4009200
2025-08-21,100.20257073965261,100.9648635689696,99.88005994072388,100.46644592285156,1897900
2025-08-22,100.79872868261124,102.23536097934976,100.65213218078343,101.43397521972656,2387800
2025-08-25,101.45351974244335,101.71739494166198,100.59349834929628,100.6325912475586,1565600
2025-08-26,98.69752607495413,99.51846196185284,96.75270113978144,99.08844757080078,4864500
2025-08-27,99.39141278705999,99.87029518332774,97.87660217285156,97.87660217285156,3804200
2025-08-28,97.85705552217671,97.90592350925712,95.3063016857047,95.52130889892578,3276600
2025-08-29,95.63858349609443,96.99702996919153,95.63858349609443,96.8895263671875,3262900
2025-09-02,95.9415415017253,97.55408803147655,95.40403096261318,95.87313079833984,4349900
2025-09-03,95.72652977954584,97.26089044542604,94.71014436477012,94.86650848388672,3401800
2025-09-04,95.61903169821892,95.61903169821892,92.74577466996331,93.29306030273438,3967200
2025-09-05,94.3778638212454,94.72969242937106,93.39078870088133,93.96739959716797,5239400
2025-09-08,90.9279958080483,91.8759780314145,89.22749584130287,91.7489242553711,9020300
2025-09-09,91.94438655511476,92.48189708586628,90.9964043542277,92.35485076904297,8185700
2025-09-10,91.88574798299106,92.6089553928896,91.52415173424949,91.89552307128906,2614400
2025-09-11,91.93461421139429,93.57647857232143,91.56324288145164,93.41033935546875,2838900
2025-09-12,93.1660119072555,93.73284770354589,92.84350111389641,93.22464752197266,2930000
2025-09-15,93.88979018716519,94.1269833353198,91.19169079355727,92.47650146484375,4768900
2025-09-16,92.30848996574399,93.17820320246709,92.29860471866922,92.47650146484375,2549700
2025-09-17,92.51603546134179,95.25366077900887,92.4270833176101,93.69213104248047,3476700
2025-09-18,92.90147370587748,93.28691538718314,91.51783322774315,91.87362670898438,2717100
2025-09-19,91.90327740685012,93.21773627381458,91.31029076874286,92.50614929199219,5261500
2025-09-22,93.10901812156148,93.60317489380641,92.51603150291436,93.1781997680664,3935700
2025-09-23,93.33633525922617,93.93920713559478,93.02007522082249,93.24738311767578,1924900
2025-09-24,93.07936910292977,93.45492553204826,92.30848575144587,92.61486053466797,2133500
2025-09-25,93.05961061377354,94.20605044936804,92.61486497719133,92.8817138671875,2579500
2025-09-26,92.86193761622687,94.40370429757137,92.86193761622687,94.19615936279297,2786100
2025-09-29,94.4234745262705,95.6885146243699,93.74153578516882,95.06587982177734,4540200
2025-09-30,95.31296219816069,96.12337901625202,94.62113818159283,95.36237335205078,3696000
2025-10-01,95.81699842536847,96.05419911319167,93.94908636510743,94.59149169921875,3328600
2025-10-02,94.82868530187734,95.29319389246747,93.71189366722872,94.34441375732422,2149600
2025-10-03,94.1862850605508,95.91583378644587,94.02815127201377,94.33452606201172,2359500
2025-10-06,93.60317324968216,93.82060343208823,92.71368956721813,92.89158630371094,1656300
2025-10-07,93.10902054392288,94.0380377127879,92.18988862202545,94.02815246582031,3420300
2025-10-08,93.72177508844904,95.37225689553426,93.52410785571689,95.2931900024414,4330200
2025-10-09,95.84665347428249,96.21232466995905,94.99670319964018,95.49085998535156,1894900
2025-10-10,96.36056933827865,96.66694412022296,94.40370522785994,96.43963623046875,2703600
2025-10-13,95.07575855587615,96.13325373121073,94.17639716463046,94.9769287109375,2626400
2025-10-14,95.05600170374292,96.48905339791217,94.85834200117968,96.15303039550781,2361100
2025-10-15,95.83676620225162,97.36864768144743,95.80711800217287,96.91402435302734,1984000
2025-10-16,96.56811611838532,98.30755007860034,96.45940102460726,96.91402435302734,2172200
2025-10-17,97.1413365904275,97.37852972348543,95.37225448835433,96.34080505371094,2654800
2025-10-20,95.99489049058602,97.76397261478066,95.81699375350964,97.71456146240234,2378400
2025-10-21,97.23028247173762,98.94995344475993,96.91402244340603,97.49713134765625,1804800
2025-10-22,97.36865201435361,98.1790688602502,96.46929056426276,96.55823516845703,2637600
2025-10-23,98.83135248820984,99.3255092506509,94.22580784294703,97.12156677246094,3984000
2025-10-24,97.49713067039127,98.05058383106855,96.37045385602181,97.33899688720703,2108900
2025-10-27,96.7657863291499,97.21052442447922,95.9751324483042,96.45940399169922,2369600
2025-10-28,92.90147723725255,93.8897908248829,89.01740453625592,93.47470092773438,10161000
2025-10-29,93.1386642801524,94.20604469446397,91.1916854337416,91.24110412597656,4055600
2025-10-30,91.35970623997868,92.92123590583992,89.83770248039357,90.25279235839844,2800800
2025-10-31,89.54120584742684,89.85746588084784,88.91857102732003,89.1656494140625,2582200
2025-11-03,88.32558255062094,88.53312748629403,86.7936935689236,88.47382354736328,3551900
2025-11-04,89.03716515392712,90.71730273295165,88.63196051455326,89.26448059082031,2808700
2025-11-05,88.9482162606744,89.53131761462663,88.23662932415161,88.78020477294922,2012500
2025-11-06,88.50348454324465,89.22494923768522,86.6948688732346,86.7838134765625,2568200
2025-11-07,86.68498327529787,88.55289533996691,86.68498327529787,88.49359893798828,3568100
2025-11-10,87.72271361281642,91.00391432726326,87.72271361281642,90.7568359375,4615200
2025-11-11,91.24110925505101,93.33633675571514,91.14227940525917,93.12879180908203,2866600
2025-11-12,92.67416249306281,93.00030778909586,91.48818919505909,92.57533264160156,2451200
2025-11-13,92.12070785421523,92.15035605516721,89.46214191208561,89.55109405517578,3430200
2025-11-14,90.36151077775499,91.22134630547617,89.31390079749076,90.60858917236328,3279200
2025-11-17,90.62835299478208,90.69753464432604,89.14588261292478,89.4917984008789,2335700
2025-11-18,89.34354651992373,90.72718699939341,89.04704943852524,89.97606658935547,2443200
2025-11-19,90.16385103030088,90.42080713158848,88.42441702191624,89.98595428466797,2177300
2025-11-20,89.78828289328747,90.51963279585785,88.10815290462297,89.06681823730469,2639300
2025-11-21,89.64003823400137,90.2231471641575,88.5825430103891,88.9581069946289,3163300
2025-11-24,88.80985495479771,89.14587793775048,87.08030626666881,87.97966766357422,3947500
2025-11-25,88.33546174538154,89.35343102831277,88.31569879222748,88.35523223876953,2453300
2025-11-26,88.39476971508577,89.93653649934238,88.21687296765353,89.4917984008789,2768600
2025-11-28,89.60050727971655,90.31208667982148,88.95810198412002,90.2132568359375,1291600
2025-12-01,88.79997347012534,88.79997347012534,86.82334631423947,87.46575164794922,4164500
2025-12-02,88.13780526220235,88.64184729867429,86.86287984067583,87.24832153320312,2768800
2025-12-03,87.46574861434893,87.8610755398617,86.14141208515018,87.29773712158203,2507300
2025-12-04,87.06053563018125,88.02908621164285,86.6059123091634,87.574462890625,2330500
2025-12-05,87.4953981318698,88.4540634900994,87.21867154191365,88.23663330078125,2706400
2025-12-08,88.16745105296177,89.97606666244704,87.0308889603229,89.75863647460938,2593200
2025-12-09,89.95629848457654,90.68765596071817,88.82962160971795,89.14588165283203,2514700
2025-12-10,89.12611854241104,91.10274569346008,89.08658509456195,89.58074188232422,2589400
2025-12-11,90.21326280883726,91.24110984179734,89.87723980933734,90.76671600341797,2024600
2025-12-12,90.68765706132604,91.12250991323901,89.74875462739298,89.89700317382812,2432100
2025-12-15,90.06999969482422,90.36000061035156,87.80999755859375,89.48999786376953,4454700
2025-12-16,89.33000183105469,89.72000122070312,87.54000091552734,87.9000015258789,3491200
2025-12-17,87.48999786376953,89.04000091552734,87.11000061035156,88.25,3114600
2025-12-18,88.4800033569336,88.75,86.83000183105469,86.9000015258789,3449700
2025-12-19,86.76000213623047,86.94999694824219,86.05999755859375,86.0999984741211,4474600
2025-12-22,85.12000274658203,86.80999755859375,84.20999908447266,86.43000030517578,2615800
2025-12-23,86.7699966430664,87.47000122070312,86.13999938964844,87.41999816894531,3261100
2025-12-24,87.41999816894531,88.58999633789062,86.16999816894531,87.8499984741211,912500
2025-12-26,87.91999816894531,88.62999725341797,87.75,88.27999877929688,1380500
2025-12-29,88.45999908447266,89.16000366210938,88.27999877929688,88.66000366210938,2178100
2025-12-30,88.6500015258789,89.20999908447266,88.37000274658203,89.0999984741211,1896200
2025-12-31,88.77999877929688,89.23999786376953,88.55000305175781,88.87000274658203,2032600
2026-01-02,88.8499984741211,89.22000122070312,87.58999633789062,88.69999694824219,1855500
2026-01-05,87.91000366210938,88.54000091552734,86.16000366210938,88.41999816894531,3970900
2026-01-06,88.05000305175781,88.88999938964844,87.0999984741211,87.12999725341797,2657800
2026-01-07,88.0,88.0199966430664,85.0,85.08999633789062,3002300
2026-01-08,84.61000061035156,86.12000274658203,84.45999908447266,84.5199966430664,2107200
2026-01-09,84.23999786376953,84.45999908447266,83.20999908447266,83.66999816894531,2036600
2026-01-12,84.27999877929688,85.61000061035156,84.16000366210938,84.98999786376953,2565400
2026-01-13,84.48999786376953,86.94999694824219,84.12999725341797,86.80999755859375,3590200
2026-01-14,87.0,90.36000061035156,86.79000091552734,88.66999816894531,3368700
2026-01-15,88.86000061035156,89.86859893798828,87.760498046875,89.72000122070312,767129
