1985-07-22,3.0316343625386555,3.2481796741485596,3.0316343625386555,3.2481796741485596,59400
1985-07-23,3.2481796741485596,3.3564523299535116,3.2120887888802425,3.2481796741485596,20800
1985-07-24,3.2120900641788137,3.2120900641788137,3.1038173653862695,3.175999164581299,32600
1985-07-25,3.175999116361811,3.212090015411377,3.175999116361811,3.212090015411377,16600
1985-07-26,3.2120900641788137,3.2120900641788137,3.1399082649837844,3.175999164581299,10400
1985-07-29,3.175999455068303,3.175999455068303,3.067726746372793,3.1399085521698,25000
1985-07-30,3.1399088460345603,3.1399088460345603,3.103817939758301,3.103817939758301,10400
1985-07-31,3.103817939758301,3.103817939758301,3.0677270334820417,3.103817939758301,12800
1985-08-01,3.103817939758301,3.103817939758301,2.995545220929523,3.103817939758301,31800
1985-08-02,3.0677278694652377,3.0677278694652377,2.9955460372425264,3.031636953353882,13000
1985-08-05,3.031636953353882,3.031636953353882,2.9955460372425264,3.031636953353882,1200
1985-08-06,3.0316350890929438,3.0316350890929438,2.9594533012573976,2.995544195175171,28600
1985-08-07,2.995544195175171,2.995544195175171,2.995544195175171,2.995544195175171,0
1985-08-08,2.9955459280711847,2.9955459280711847,2.959455013275146,2.9594550132751465,600
1985-08-09,2.995544195175171,2.995544195175171,2.995544195175171,2.995544195175171,400
1985-08-12,2.9233617782592773,2.9233617782592773,2.851180005956579,2.9233617782592773,3800
1985-08-13,2.923364098479108,2.959455013275146,2.923364098479108,2.9594550132751465,4400
1985-08-14,2.9233617782592773,2.9233617782592773,2.9233617782592773,2.9233617782592773,1400
1985-08-15,2.887272357940674,2.887272357940674,2.887272357940674,2.887272357940674,1600
1985-08-16,2.8511815071105957,2.8511815071105957,2.8511815071105957,2.8511815071105957,800
1985-08-19,2.8150908946990967,2.8150908946990967,2.8150908946990967,2.8150908946990967,5200
1985-08-20,2.815090601957297,2.8511815071105957,2.7789996968039983,2.8511815071105957,3000
1985-08-21,2.815091678074428,2.815091678074428,2.779000759124756,2.779000759124756,3400
1985-08-22,2.779000759124756,2.815091678074428,2.7429098401750838,2.779000759124756,1600
1985-08-23,2.779000759124756,2.815091678074428,2.779000759124756,2.779000759124756,21800
1985-08-26,2.779000759124756,2.779000759124756,2.779000759124756,2.779000759124756,0
1985-08-27,2.7429080911584807,2.7429080911584807,2.6707262992858887,2.6707262992858887,9200
1985-08-28,2.670726960500081,2.706817865371704,2.6346360556284583,2.706817865371704,12400
1985-08-29,2.706818167979901,2.8150908946990967,2.706818167979901,2.8150908946990967,7200
1985-08-30,2.8511814534664155,2.887272357940674,2.8511814534664155,2.887272357940674,8400
1985-09-03,2.887272357940674,2.923363262414932,2.887272357940674,2.887272357940674,10200
1985-09-04,2.8511815071105957,2.8511815071105957,2.8511815071105957,2.8511815071105957,800
1985-09-05,2.8511815071105957,2.8511815071105957,2.7789996968039983,2.8511815071105957,11400
1985-09-06,2.8511814534664155,2.887272357940674,2.8511814534664155,2.887272357940674,9800
1985-09-09,2.8511815071105957,2.8511815071105957,2.8511815071105957,2.8511815071105957,200
1985-09-10,2.8511815071105957,2.8511815071105957,2.815090601957297,2.8511815071105957,9800
1985-09-11,2.8511818036054954,2.887272712511894,2.8150908946990967,2.8150908946990967,5200
1985-09-12,2.8150908946990967,2.887272712511894,2.8150908946990967,2.8150908946990967,5200
1985-09-13,2.8150908946990967,2.887272712511894,2.8150908946990967,2.8150908946990967,7400
1985-09-16,2.779000759124756,2.779000759124756,2.7429098401750838,2.779000759124756,2600
1985-09-17,2.778998895695335,2.8150897904446253,2.742908000946045,2.742908000946045,4800
1985-09-18,2.706817865371704,2.706817865371704,2.706817865371704,2.706817865371704,800
1985-09-19,2.706817865371704,2.706817865371704,2.706817865371704,2.706817865371704,3200
1985-09-20,2.7068178355693817,2.887272357940674,2.7068178355693817,2.887272357940674,14200
1985-09-23,2.887270892107928,2.9233617782592773,2.887270892107928,2.9233617782592773,3200
1985-09-24,2.887272357940674,2.887272357940674,2.887272357940674,2.887272357940674,58000
1985-09-25,2.8150908946990967,2.8150908946990967,2.778999985792698,2.8150908946990967,8000
1985-09-26,2.779000759124756,2.779000759124756,2.779000759124756,2.779000759124756,1400
1985-09-30,2.742908770243327,2.742908770243327,2.706817865371704,2.706817865371704,5600
1985-10-01,2.742908000946045,2.742908000946045,2.742908000946045,2.742908000946045,200
1985-10-02,2.742908000946045,2.742908000946045,2.742908000946045,2.742908000946045,3000
1985-10-03,2.742908000946045,2.778998895695335,2.742908000946045,2.742908000946045,3800
1985-10-04,2.742908000946045,2.742908000946045,2.742908000946045,2.742908000946045,0
1985-10-07,2.742908770243327,2.742908770243327,2.706817865371704,2.706817865371704,4800
1985-10-08,2.7429098401750838,2.779000759124756,2.7429098401750838,2.779000759124756,2000
1985-10-09,2.7789996968039983,2.8511815071105957,2.7789996968039983,2.8511815071105957,2800
1985-10-10,2.778998895695335,2.778998895695335,2.742908000946045,2.742908000946045,3200
1985-10-11,2.742908000946045,2.742908000946045,2.706817106196755,2.742908000946045,800
1985-10-14,2.7789996968039983,2.8511815071105957,2.7789996968039983,2.8511815071105957,2200
1985-10-15,2.8150908946990967,2.8150908946990967,2.8150908946990967,2.8150908946990967,800
1985-10-16,2.8150908946990967,2.8511818036054954,2.8150908946990967,2.8150908946990967,2000
1985-10-17,2.779000759124756,2.779000759124756,2.779000759124756,2.779000759124756,1400
1985-10-18,2.742908000946045,2.742908000946045,2.742908000946045,2.742908000946045,1600
1985-10-21,2.742908000946045,2.742908000946045,2.742908000946045,2.742908000946045,0
1985-10-22,2.742908000946045,2.742908000946045,2.742908000946045,2.742908000946045,400
1985-10-23,2.779000759124756,2.815091678074428,2.779000759124756,2.779000759124756,2000
1985-10-24,2.7789996968039983,2.8511815071105957,2.7789996968039983,2.8511815071105957,2200
1985-10-25,2.815091678074428,2.815091678074428,2.7429098401750838,2.779000759124756,4600
1985-10-28,2.8150908946990967,2.8150908946990967,2.8150908946990967,2.8150908946990967,200
1985-10-29,2.8150908946990967,2.8150908946990967,2.778999985792698,2.8150908946990967,800
1985-10-30,2.815091678074428,2.8511825970241,2.779000759124756,2.779000759124756,1400
1985-10-31,2.779000759124756,2.779000759124756,2.779000759124756,2.779000759124756,0
1985-11-01,2.742908000946045,2.742908000946045,2.742908000946045,2.742908000946045,400
1985-11-04,2.742908000946045,2.742908000946045,2.742908000946045,2.742908000946045,2200
1985-11-05,2.742908000946045,2.742908000946045,2.742908000946045,2.742908000946045,0
1985-11-06,2.779000759124756,2.779000759124756,2.779000759124756,2.779000759124756,200
1985-11-07,2.742908000946045,2.742908000946045,2.742908000946045,2.742908000946045,1200
1985-11-08,2.706817865371704,2.706817865371704,2.670726960500081,2.706817865371704,1000
1985-11-11,2.706817865371704,2.706817865371704,2.706817865371704,2.706817865371704,0
1985-11-12,2.706817106196755,2.778998895695335,2.706817106196755,2.742908000946045,4200
1985-11-13,2.742908770243327,2.742908770243327,2.706817865371704,2.706817865371704,3800
1985-11-14,2.7068171952221847,2.7068171952221847,2.6707262992858887,2.6707262992858887,3600
1985-11-15,2.6346349716186523,2.6346349716186523,2.6346349716186523,2.6346349716186523,5000
1985-11-18,2.598545789718628,2.598545789718628,2.598545789718628,2.598545789718628,400
1985-11-19,2.598545789718628,2.598545789718628,2.598545789718628,2.598545789718628,0
1985-11-20,2.598545789718628,2.598545789718628,2.598545789718628,2.598545789718628,1400
1985-11-21,2.598545789718628,2.63463670346472,2.598545789718628,2.598545789718628,4600
1985-11-22,2.598544507413297,2.6707262992858887,2.598544507413297,2.6707262992858887,1200
1985-11-25,2.598545789718628,2.598545789718628,2.598545789718628,2.598545789718628,11400
1985-11-26,2.598545789718628,2.598545789718628,2.598545789718628,2.598545789718628,800
1985-11-27,2.598545789718628,2.598545789718628,2.598545789718628,2.598545789718628,5600
1985-11-29,2.598545789718628,2.598545789718628,2.598545789718628,2.598545789718628,400
1985-12-02,2.598545789718628,2.598545789718628,2.598545789718628,2.598545789718628,200
1985-12-03,2.598545369967608,2.598545369967608,2.5624544620513916,2.5624544620513916,4600
1985-12-04,2.5624544620513916,2.5624544620513916,2.5624544620513916,2.5624544620513916,1000
1985-12-05,2.5624544620513916,2.598545369967608,2.5624544620513916,2.5624544620513916,12400
1985-12-06,2.5624544620513916,2.5624544620513916,2.5624544620513916,2.5624544620513916,1000
1985-12-09,2.562454142991234,2.562454142991234,2.454181432723999,2.454181432723999,20800
1985-12-10,2.454181432723999,2.5263632395688225,2.454181432723999,2.454181432723999,6600
1985-12-11,2.41809039404898,2.41809039404898,2.345908591241548,2.3819994926452637,8200
1985-12-12,2.3819994541906544,2.3819994541906544,2.237635850906372,2.237635850906372,11000
1985-12-13,2.2737268374516413,2.3459086418151855,2.2737268374516413,2.3459086418151855,21200
1985-12-16,2.3459086418151855,2.41809044617873,2.3098177396334134,2.3459086418151855,56400
1985-12-17,2.273726751727443,2.273726751727443,2.237635850906372,2.237635850906372,142800
1985-12-18,2.237635850906372,2.273726751727443,2.237635850906372,2.237635850906372,71600
1985-12-19,2.2376357540488243,2.3098175525665283,2.2376357540488243,2.3098175525665283,67400
1985-12-20,2.3098175525665283,2.3098175525665283,2.2737266533076763,2.3098175525665283,45800
1985-12-23,2.3098177396334134,2.3459086418151855,2.2737268374516413,2.3459086418151855,31800
1985-12-24,2.3459086418151855,2.3459086418151855,2.2737268374516413,2.3459086418151855,22800
1985-12-26,2.3459084518253803,2.3459084518253803,2.3098175525665283,2.3098175525665283,3800
1985-12-27,2.3098175525665283,2.3459084518253803,2.3098175525665283,2.3098175525665283,5000
1985-12-30,2.3098175525665283,2.3098175525665283,2.2376357540488243,2.3098175525665283,30000
1985-12-31,2.309818812779018,2.309818812779018,2.2737278938293457,2.2737278938293457,13600
1986-01-02,2.3098177396334134,2.3459086418151855,2.3098177396334134,2.3459086418151855,9200
1986-01-03,2.34590973172869,2.34590973172869,2.2737278938293457,2.2737278938293457,9200
1986-01-06,2.273726751727443,2.3098176525485132,2.237635850906372,2.237635850906372,6600
1986-01-07,2.2737278938293457,2.2737278938293457,2.2737278938293457,2.2737278938293457,6600
1986-01-08,2.2737272958286474,2.309818205286245,2.201545476913452,2.201545476913452,20400
1986-01-09,2.2015449500853017,2.273726751727443,2.2015449500853017,2.237635850906372,26200
1986-01-10,2.2376369748796736,2.2737278938293457,2.2376369748796736,2.2737278938293457,9400
1986-01-13,2.2376363863710496,2.2376363863710496,2.201545476913452,2.201545476913452,5600
1986-01-14,2.2015443245569863,2.237635215123494,2.1293625434239702,2.1654534339904785,24400
1986-01-15,2.1654534339904785,2.1654534339904785,2.1293625434239702,2.1654534339904785,16200
1986-01-16,2.1654534339904785,2.1654534339904785,2.0932716528574624,2.1654534339904785,21800
1986-01-17,2.1654540492642314,2.237635850906372,2.1654540492642314,2.237635850906372,8600
1986-01-20,2.2376363863710496,2.2737272958286474,2.0932727485406595,2.201545476913452,26200
1986-01-21,2.201545476913452,2.201545476913452,2.129363657998257,2.201545476913452,19800
1986-01-22,2.2015443245569863,2.2015443245569863,2.1293625434239702,2.1654534339904785,12200
1986-01-23,2.129363536834717,2.129363536834717,2.0571817220267605,2.129363536834717,44000
1986-01-24,2.1293625434239702,2.1654534339904785,2.0571807622909546,2.1654534339904785,23800
1986-01-27,2.1654537628436907,2.1654537628436907,2.0571810747015062,2.0932719707489014,20800
1986-01-28,2.1293625434239702,2.1654534339904785,2.1293625434239702,2.1654534339904785,9600
1986-01-29,2.1654538104408667,2.1654538104408667,2.0571811199188232,2.0571811199188232,13800
1986-01-30,2.0932726294307384,2.129363536834717,2.0932726294307384,2.129363536834717,11400
1986-01-31,2.1293625434239702,2.1654534339904785,2.0571807622909546,2.1654534339904785,14000
1986-02-03,2.1654545674558543,2.201545476913452,2.1654545674558543,2.201545476913452,10200
1986-02-04,2.129362710884639,2.129362710884639,1.9849991372653417,2.021090030670166,40400
1986-02-05,2.0210901786541116,2.129362866796296,2.0210901786541116,2.0932719707489014,32600
1986-02-06,2.1293625434239702,2.1654534339904785,2.1293625434239702,2.1654534339904785,40800
1986-02-07,2.1654537628436907,2.201544658891086,2.0571810747015062,2.0932719707489014,29600
1986-02-10,2.0571811199188232,2.0571811199188232,1.9849993262374612,2.0571811199188232,8600
1986-02-11,2.0571811199188232,2.1293629136001857,2.0571811199188232,2.0571811199188232,19000
1986-02-12,2.0571811199188232,2.0932720167595047,2.0571811199188232,2.0571811199188232,6000
1986-02-13,2.0571810747015062,2.129362866796296,2.0571810747015062,2.0932719707489014,6600
1986-02-14,2.0932716528574624,2.1654534339904785,2.0932716528574624,2.1654534339904785,14200
1986-02-18,2.1293629136001857,2.1293629136001857,2.0571811199188232,2.0571811199188232,10400
1986-02-19,2.0571810747015062,2.0932719707489014,2.0210901786541116,2.0932719707489014,13000
1986-02-20,2.093271817479815,2.093271817479815,1.9849991372653417,2.021090030670166,6600
1986-02-21,2.021090030670166,2.021090030670166,1.840635563646044,2.021090030670166,16600
1986-02-24,2.021090923656117,2.021090923656117,1.8767272862521085,1.9850000143051147,30600
1986-02-25,1.9849993454085455,1.9849993454085455,1.912817551030053,1.9489084482192993,11400
1986-02-26,1.9489084482192993,1.9849993454085455,1.912817551030053,1.9489084482192993,19800
1986-02-27,1.9489081731209386,1.9489081731209386,1.8767263889312742,1.8767263889312744,9200
1986-02-28,1.8767263889312742,1.9849990652157707,1.840635496836442,1.8767263889312744,37000
1986-03-03,1.8767263889312742,1.9128172810261064,1.840635496836442,1.8767263889312744,16200
1986-03-04,1.9128181956031105,2.021090923656117,1.9128181956031105,1.9850000143051147,16400
1986-03-05,1.9849993454085455,2.0210902425977917,1.9489084482192993,1.9489084482192993,11400
1986-03-06,1.9489091049541127,1.9850000143051147,1.8767272862521085,1.9850000143051147,11600
1986-03-07,1.9849991372653417,2.0571809240749905,1.912817350455693,2.021090030670166,19400
1986-03-10,2.0210902425977917,2.0210902425977917,1.9489084482192993,1.9489084482192993,5800
1986-03-11,1.9489089812872544,1.9849998883481295,1.9128180742263794,1.9128180742263794,19600
1986-03-12,1.9128181956031105,1.9850000143051147,1.9128181956031105,1.9850000143051147,27400
1986-03-13,1.9849992826067167,2.0932719707489014,1.9849992826067167,2.0932719707489014,54800
1986-03-14,2.0932720167595047,2.0932720167595047,2.0210902230781422,2.0571811199188232,8200
1986-03-17,2.0571811199188232,2.0571811199188232,2.0210902230781422,2.0571811199188232,11600
1986-03-18,2.0571818390830616,2.2376363863710496,2.0571818390830616,2.201545476913452,66400
1986-03-19,2.2376357540488243,2.3098175525665283,2.2376357540488243,2.3098175525665283,41000
1986-03-20,2.3098175525665283,2.4180902503430843,2.2737266533076763,2.3098175525665283,26200
1986-03-21,2.2737278938293457,2.2737278938293457,2.2015460559300015,2.2737278938293457,18200
1986-03-24,2.2737272958286474,2.2737272958286474,2.201545476913452,2.201545476913452,8400
1986-03-25,2.2015449500853017,2.237635850906372,2.2015449500853017,2.237635850906372,7600
1986-03-26,2.237635215123494,2.237635215123494,2.1654534339904785,2.1654534339904785,7000
1986-03-27,2.1654540492642314,2.237635850906372,2.1654540492642314,2.237635850906372,15200
1986-03-31,2.237635215123494,2.2737261056900024,2.1654534339904785,2.1654534339904785,17000
1986-04-01,2.1654534339904785,2.1654534339904785,2.0932716528574624,2.1654534339904785,32600
1986-04-02,2.1654545674558543,2.201545476913452,2.1654545674558543,2.201545476913452,7000
1986-04-03,2.2015449500853017,2.273726751727443,2.1654540492642314,2.237635850906372,21800
1986-04-04,2.237635850906372,2.273726751727443,2.237635850906372,2.237635850906372,19400
1986-04-07,2.237635850906372,2.3098176525485132,2.2015449500853017,2.237635850906372,27200
1986-04-08,2.2376369748796736,2.2737278938293457,2.2015460559300015,2.2737278938293457,7600
1986-04-09,2.273726751727443,2.273726751727443,2.237635850906372,2.237635850906372,6800
1986-04-10,2.2376369748796736,2.2737278938293457,2.2376369748796736,2.2737278938293457,3200
1986-04-11,2.273726751727443,2.273726751727443,2.2015449500853017,2.237635850906372,7400
1986-04-14,2.237635850906372,2.273726751727443,2.2015449500853017,2.237635850906372,9400
1986-04-15,2.2376363863710496,2.2376363863710496,2.201545476913452,2.201545476913452,11400
1986-04-16,2.2015443245569863,2.237635215123494,2.0932716528574624,2.1654534339904785,17400
1986-04-17,2.1654534339904785,2.1654534339904785,2.0571807622909546,2.1654534339904785,17400
1986-04-18,2.165454444238695,2.165454444238695,2.021090814622782,2.129363536834717,18600
1986-04-21,2.129362866796296,2.1654537628436907,2.0932719707489014,2.0932719707489014,14600
1986-04-22,2.093271817479815,2.129362710884639,2.021090030670166,2.021090030670166,19200
1986-04-23,2.0571811199188232,2.0932720167595047,2.0571811199188232,2.0571811199188232,22600
1986-04-24,2.0932719707489014,2.1654537628436907,2.0932719707489014,2.0932719707489014,6200
1986-04-25,2.0932720167595047,2.0932720167595047,2.0571811199188232,2.0571811199188232,10200
1986-04-28,2.0571810747015062,2.0932719707489014,2.0571810747015062,2.0932719707489014,4400
1986-04-29,2.0571811199188232,2.0571811199188232,2.0571811199188232,2.0571811199188232,3600
1986-04-30,2.0571811199188232,2.0932720167595047,2.0210902230781422,2.0571811199188232,14000
1986-05-01,2.0571811199188232,2.0571811199188232,1.94890842939678,2.0571811199188232,14800
1986-05-02,2.0932726294307384,2.129363536834717,2.0932726294307384,2.129363536834717,5600
1986-05-05,2.129364218030657,2.2737278938293457,2.093273299080985,2.2737278938293457,66200
1986-05-06,2.273726751727443,2.273726751727443,2.2015449500853017,2.237635850906372,15000
1986-05-07,2.2376363863710496,2.2376363863710496,2.1654545674558543,2.201545476913452,36200
1986-05-08,2.2015449500853017,2.273726751727443,2.2015449500853017,2.237635850906372,48400
1986-05-09,2.2376369748796736,2.309818812779018,2.2376369748796736,2.2737278938293457,67400
1986-05-12,2.201545476913452,2.201545476913452,2.129363657998257,2.201545476913452,19400
1986-05-13,2.201545476913452,2.309818205286245,2.201545476913452,2.201545476913452,23800
1986-05-14,2.2015449500853017,2.237635850906372,2.1293631484431605,2.237635850906372,17800
1986-05-15,2.2376363863710496,2.2737272958286474,2.1654545674558543,2.201545476913452,15400
1986-05-16,2.201545476913452,2.2376363863710496,2.1654545674558543,2.201545476913452,7800
1986-05-19,2.201545476913452,2.2376363863710496,2.1654545674558543,2.201545476913452,21800
1986-05-20,2.201545476913452,2.2376363863710496,2.1654545674558543,2.201545476913452,22400
1986-05-21,2.201545476913452,2.2376363863710496,2.1654545674558543,2.201545476913452,24600
1986-05-22,2.201545476913452,2.2376363863710496,2.1654545674558543,2.201545476913452,14000
1986-05-23,2.2015443245569863,2.237635215123494,2.1654534339904785,2.1654534339904785,11400
1986-05-27,2.1654545674558543,2.201545476913452,2.1654545674558543,2.201545476913452,2600
1986-05-28,2.201545476913452,2.201545476913452,2.1654545674558543,2.201545476913452,4400
1986-05-29,2.1654534339904785,2.1654534339904785,2.1293625434239702,2.1654534339904785,7400
1986-05-30,2.1654545674558543,2.201545476913452,2.1654545674558543,2.201545476913452,2400
1986-06-02,2.1654534339904785,2.1654534339904785,2.1293625434239702,2.1654534339904785,8000
1986-06-03,2.1654534339904785,2.1654534339904785,2.0932716528574624,2.1654534339904785,7800
1986-06-04,2.1654534339904785,2.1654534339904785,2.1293625434239702,2.1654534339904785,24200
1986-06-05,2.1654534339904785,2.1654534339904785,2.1293625434239702,2.1654534339904785,9200
1986-06-06,2.1654534339904785,2.1654534339904785,2.1293625434239702,2.1654534339904785,3600
1986-06-09,2.1654537628436907,2.1654537628436907,2.0932719707489014,2.0932719707489014,10200
1986-06-10,2.129363536834717,2.129363536834717,2.129363536834717,2.129363536834717,8400
1986-06-11,2.129363536834717,2.165454444238695,2.129363536834717,2.129363536834717,6600
1986-06-12,2.129363536834717,2.129363536834717,2.129363536834717,2.129363536834717,2200
1986-06-13,2.1293625434239702,2.1654534339904785,2.1293625434239702,2.1654534339904785,6800
1986-06-16,2.165454444238695,2.165454444238695,2.129363536834717,2.129363536834717,2200
1986-06-17,2.129363536834717,2.129363536834717,2.0932726294307384,2.129363536834717,4000
1986-06-18,2.129363536834717,2.129363536834717,2.129363536834717,2.129363536834717,2800
1986-06-19,2.129362866796296,2.129362866796296,2.0932719707489014,2.0932719707489014,6200
1986-06-20,2.0932719707489014,2.129362866796296,2.0571810747015062,2.0932719707489014,27200
1986-06-23,2.0571811199188232,2.0571811199188232,2.0210902230781422,2.0571811199188232,17200
1986-06-24,2.0571811199188232,2.0571811199188232,2.0210902230781422,2.0571811199188232,5000
1986-06-25,2.0571810747015062,2.0932719707489014,2.0571810747015062,2.0932719707489014,4600
1986-06-26,2.0932720167595047,2.0932720167595047,2.0571811199188232,2.0571811199188232,5800
1986-06-27,2.0571811199188232,2.0571811199188232,2.0210902230781422,2.0571811199188232,10600
1986-06-30,2.0571811199188232,2.0571811199188232,2.0210902230781422,2.0571811199188232,2200
1986-07-01,2.0571809240749905,2.0571809240749905,1.9849991372653417,2.021090030670166,13600
1986-07-02,1.9849990652157707,1.9849990652157707,1.8767263889312742,1.8767263889312744,22200
1986-07-03,1.8767271671655041,1.9489089812872544,1.8767271671655041,1.9128180742263794,4000
1986-07-07,1.9128180742263794,1.9128180742263794,1.9128180742263794,1.9128180742263794,3400
1986-07-08,1.8767268466949463,1.8767268466949463,1.768454144001007,1.8045450448989868,17600
1986-07-09,1.8045449008544285,1.8767266968886056,1.7323631048202515,1.7323631048202515,20400
1986-07-10,1.732363292149135,1.7684541940689087,1.732363292149135,1.7684541940689087,6400
1986-07-11,1.76845400283734,1.8045449008544285,1.7323631048202515,1.7323631048202515,15800
1986-07-14,1.732363518248213,1.7684544248783842,1.6962726116180422,1.696272611618042,6200
1986-07-15,1.6962726116180422,1.732363518248213,1.660181704987871,1.696272611618042,23200
1986-07-16,1.6962726116180422,1.6962726116180422,1.660181704987871,1.696272611618042,7600
1986-07-17,1.696271694224814,1.73236258133598,1.6601808071136477,1.6601808071136475,16000
1986-07-18,1.6601813814856792,1.6601813814856792,1.5879995822906496,1.5879995822906494,17000
1986-07-21,1.5880003088996524,1.6240912250110082,1.515818476676941,1.515818476676941,18600
1986-07-22,1.5158184214336115,1.5519093362296499,1.4075456770454964,1.4797275066375732,31800
1986-07-23,1.5879989518059625,1.7323624928792318,1.5879989518059625,1.6240898370742798,46200
1986-07-24,1.6240898370742798,1.6601807223425973,1.5519080665376452,1.6240898370742798,98400
1986-07-25,1.5879997968673707,1.5879997968673707,1.4075452744960786,1.443636178970337,47600
1986-07-28,1.3714540004730225,1.3714540004730225,1.2992722109744423,1.3714540004730225,42200
1986-07-29,1.3714540004730225,1.4075448952223126,1.3353631057237325,1.3714540004730225,15200
1986-07-30,1.3714545384431498,1.4075454473495483,1.3714545384431498,1.4075454473495483,13800
1986-07-31,1.4075448952223126,1.4075448952223126,1.3353631057237325,1.3714540004730225,27000
1986-08-01,1.3714540004730225,1.3714540004730225,1.3353631057237325,1.3714540004730225,14000
1986-08-04,1.4075457283428738,1.5519093927882968,1.4075457283428738,1.515818476676941,9600
1986-08-05,1.5519086147348085,1.7323631048202515,1.5519086147348085,1.7323631048202515,30400
1986-08-06,1.732363292149135,1.8045450959886824,1.732363292149135,1.7684541940689087,13200
1986-08-07,1.768454144001007,1.8045450448989868,1.7323632431030274,1.8045450448989868,6800
1986-08-08,1.8045449958128088,1.8406358957290652,1.8045449958128088,1.840635895729065,6000
1986-08-11,1.76845400283734,1.76845400283734,1.7323631048202515,1.7323631048202515,5600
1986-08-12,1.732363292149135,1.8045450959886824,1.732363292149135,1.7684541940689087,16400
1986-08-13,1.76845400283734,1.76845400283734,1.7323631048202515,1.7323631048202515,4000
1986-08-14,1.7323631048202515,1.7323631048202515,1.6962722068031628,1.7323631048202515,11600
1986-08-15,1.6962726116180422,1.6962726116180422,1.660181704987871,1.696272611618042,1400
1986-08-18,1.6962726116180422,1.6962726116180422,1.6240907983577,1.696272611618042,8000
1986-08-19,1.6962726116180422,1.6962726116180422,1.660181704987871,1.696272611618042,5200
1986-08-20,1.6962726116180422,1.732363518248213,1.660181704987871,1.696272611618042,6000
1986-08-21,1.6962726116180422,1.6962726116180422,1.660181704987871,1.696272611618042,6200
1986-08-22,1.6601808071136477,1.6601808071136477,1.6601808071136477,1.6601808071136475,2600
1986-08-25,1.6601808071136477,1.696271694224814,1.6240899200024814,1.6601808071136475,3400
1986-08-26,1.6601808071136477,1.696271694224814,1.6240899200024814,1.6601808071136475,5800
1986-08-27,1.6601808071136477,1.6601808071136477,1.5879990328913152,1.6601808071136475,12200
1986-08-28,1.6601808071136477,1.6601808071136477,1.5879990328913152,1.6601808071136475,16800
1986-08-29,1.6601813814856792,1.6601813814856792,1.5519086826931348,1.5879995822906494,5800
1986-09-02,1.5879998917275289,1.6962726116180422,1.5519089850973578,1.696272611618042,9000
1986-09-03,1.696271694224814,1.696271694224814,1.6240899200024814,1.6601808071136475,15400
1986-09-04,1.660181704987871,1.6962726116180422,1.660181704987871,1.696272611618042,7800
1986-09-05,1.6962722068031628,1.7323631048202515,1.6962722068031628,1.7323631048202515,10000
1986-09-08,1.7323631048202515,1.76845400283734,1.7323631048202515,1.7323631048202515,5400
1986-09-09,1.732363292149135,1.8045450959886824,1.732363292149135,1.7684541940689087,6600
1986-09-10,1.7684541940689087,1.8406359979084561,1.7684541940689087,1.7684541940689087,5000
1986-09-11,1.7684541940689087,1.8045450959886824,1.732363292149135,1.7684541940689087,9200
1986-09-12,1.768454144001007,1.8406359457969665,1.768454144001007,1.8045450448989868,4800
1986-09-15,1.8045449008544285,1.8045449008544285,1.7323631048202515,1.7323631048202515,5400
1986-09-16,1.7323631048202515,1.76845400283734,1.7323631048202515,1.7323631048202515,8200
1986-09-17,1.7323631048202515,1.7323631048202515,1.7323631048202515,1.7323631048202515,6200
1986-09-18,1.7323631048202515,1.76845400283734,1.7323631048202515,1.7323631048202515,6400
1986-09-19,1.7323631048202515,1.76845400283734,1.7323631048202515,1.7323631048202515,4000
1986-09-22,1.7323631048202515,1.8045449008544285,1.7323631048202515,1.7323631048202515,5400
1986-09-23,1.732363292149135,1.7684541940689087,1.732363292149135,1.7684541940689087,5800
1986-09-24,1.732363518248213,1.732363518248213,1.6962726116180422,1.696272611618042,10000
1986-09-25,1.7323631048202515,1.76845400283734,1.7323631048202515,1.7323631048202515,4400
1986-09-26,1.732363292149135,1.7684541940689087,1.732363292149135,1.7684541940689087,5600
1986-09-29,1.7684544248783842,1.8406362381387265,1.6962726116180422,1.696272611618042,12000
1986-09-30,1.6962726116180422,1.732363518248213,1.660181704987871,1.696272611618042,16200
1986-10-01,1.6962722810831938,1.6962722810831938,1.5879995822906496,1.5879995822906494,20200
1986-10-02,1.6240898370742798,1.6240898370742798,1.6240898370742798,1.6240898370742798,10400
1986-10-03,1.6240899200024814,1.6601808071136477,1.551908145780149,1.6601808071136475,17800
1986-10-06,1.6962722068031628,1.7323631048202515,1.6962722068031628,1.7323631048202515,4000
1986-10-07,1.7323631048202515,1.7323631048202515,1.6962722068031628,1.7323631048202515,8400
1986-10-08,1.768454144001007,1.8045450448989868,1.768454144001007,1.8045450448989868,14600
1986-10-09,1.8045450959886824,1.8045450959886824,1.7684541940689087,1.7684541940689087,22600
1986-10-10,1.7684541940689087,1.7684541940689087,1.7684541940689087,1.7684541940689087,1200
1986-10-13,1.7684541940689087,1.8045450959886824,1.7684541940689087,1.7684541940689087,2200
1986-10-14,1.76845400283734,1.76845400283734,1.7323631048202515,1.7323631048202515,5000
1986-10-15,1.732363292149135,1.7684541940689087,1.732363292149135,1.7684541940689087,1200
1986-10-16,1.7684541940689087,1.7684541940689087,1.732363292149135,1.7684541940689087,5400
1986-10-17,1.768454144001007,1.8406359457969665,1.768454144001007,1.8045450448989868,14000
1986-10-20,1.8045450959886824,1.8406359979084561,1.7684541940689087,1.7684541940689087,3200
1986-10-21,1.7684541940689087,1.7684541940689087,1.7684541940689087,1.7684541940689087,9000
1986-10-22,1.768454144001007,1.8045450448989868,1.768454144001007,1.8045450448989868,4800
1986-10-23,1.8045450959886824,1.8045450959886824,1.7684541940689087,1.7684541940689087,6600
1986-10-24,1.768454144001007,1.8045450448989868,1.768454144001007,1.8045450448989868,8800
1986-10-27,1.7684541940689087,1.7684541940689087,1.7684541940689087,1.7684541940689087,3400
1986-10-28,1.7684541940689087,1.7684541940689087,1.7684541940689087,1.7684541940689087,8800
1986-10-29,1.7684541940689087,1.7684541940689087,1.7684541940689087,1.7684541940689087,11200
1986-10-30,1.76845400283734,1.76845400283734,1.7323631048202515,1.7323631048202515,10600
1986-10-31,1.7323631048202515,1.76845400283734,1.7323631048202515,1.7323631048202515,2000
1986-11-03,1.7684541940689087,1.7684541940689087,1.7684541940689087,1.7684541940689087,3000
1986-11-04,1.7323631048202515,1.7323631048202515,1.7323631048202515,1.7323631048202515,6400
1986-11-05,1.768454144001007,1.8045450448989868,1.768454144001007,1.8045450448989868,3600
1986-11-06,1.8045450448989868,1.8045450448989868,1.8045450448989868,1.8045450448989868,0
1986-11-07,1.76845400283734,1.76845400283734,1.7323631048202515,1.7323631048202515,1400
1986-11-10,1.7323631048202515,1.76845400283734,1.7323631048202515,1.7323631048202515,2400
1986-11-11,1.7323631048202515,1.7323631048202515,1.7323631048202515,1.7323631048202515,2600
1986-11-12,1.732363292149135,1.7684541940689087,1.732363292149135,1.7684541940689087,3200
1986-11-13,1.76845400283734,1.76845400283734,1.7323631048202515,1.7323631048202515,12400
1986-11-14,1.7323631048202515,1.76845400283734,1.7323631048202515,1.7323631048202515,2600
1986-11-17,1.7323631048202515,1.7323631048202515,1.7323631048202515,1.7323631048202515,16000
1986-11-18,1.7323631048202515,1.7323631048202515,1.6962722068031628,1.7323631048202515,2400
1986-11-19,1.6962726116180422,1.6962726116180422,1.6962726116180422,1.696272611618042,15000
1986-11-20,1.6962722068031628,1.7323631048202515,1.6962722068031628,1.7323631048202515,6400
1986-11-21,1.7323631048202515,1.7323631048202515,1.6962722068031628,1.7323631048202515,600
1986-11-24,1.696271694224814,1.696271694224814,1.6601808071136477,1.6601808071136475,27000
1986-11-25,1.660181704987871,1.6962726116180422,1.660181704987871,1.696272611618042,10200
1986-11-26,1.696271694224814,1.696271694224814,1.6601808071136477,1.6601808071136475,3200
1986-11-28,1.6601808071136477,1.6601808071136477,1.6601808071136477,1.6601808071136475,600
1986-12-01,1.660181704987871,1.6962726116180422,1.660181704987871,1.696272611618042,400
1986-12-02,1.696271694224814,1.696271694224814,1.6601808071136477,1.6601808071136475,13200
1986-12-03,1.6601808071136477,1.696271694224814,1.6601808071136477,1.6601808071136475,3200
1986-12-04,1.660181704987871,1.6962726116180422,1.660181704987871,1.696272611618042,11200
1986-12-05,1.6601808071136477,1.6601808071136477,1.6240899200024814,1.6601808071136475,12800
1986-12-08,1.6240904818881643,1.6240904818881643,1.5879995822906496,1.5879995822906494,17000
1986-12-09,1.5879998761554097,1.624090782431669,1.515818063602891,1.5519089698791504,27400
1986-12-10,1.5519093362296499,1.5519093362296499,1.479727506637573,1.4797275066375732,14800
1986-12-11,1.4797275605655853,1.515818476676941,1.4075457283428738,1.515818476676941,23200
1986-12-12,1.479727506637573,1.479727506637573,1.4436365918415348,1.4797275066375732,6800
1986-12-15,1.479727506637573,1.5158184214336115,1.479727506637573,1.4797275066375732,13000
1986-12-16,1.479727506637573,1.479727506637573,1.4436365918415348,1.4797275066375732,6600
1986-12-17,1.479727506637573,1.479727506637573,1.4436365918415348,1.4797275066375732,7400
1986-12-18,1.443636178970337,1.443636178970337,1.443636178970337,1.443636178970337,1200
1986-12-19,1.443636178970337,1.4797270834445955,1.4075452744960786,1.443636178970337,11400
1986-12-22,1.443636356255947,1.443636356255947,1.4075454473495483,1.4075454473495483,13800
1986-12-23,1.4075456770454964,1.479727506637573,1.4075456770454964,1.4797275066375732,12400
1986-12-24,1.4797270834445955,1.5158179879188538,1.443636178970337,1.443636178970337,12600
1986-12-26,1.443636178970337,1.443636178970337,1.4075452744960786,1.443636178970337,4800
1986-12-29,1.443636178970337,1.443636178970337,1.4075452744960786,1.443636178970337,18600
1986-12-30,1.443636356255947,1.443636356255947,1.4075454473495483,1.4075454473495483,20400
1986-12-31,1.4075454473495483,1.443636356255947,1.3714545384431498,1.4075454473495483,16800
1987-01-02,1.4075452744960786,1.443636178970337,1.4075452744960786,1.443636178970337,2200
1987-01-05,1.4436366444542295,1.515818476676941,1.4436366444542295,1.515818476676941,9000
1987-01-06,1.515818476676941,1.5519093927882968,1.515818476676941,1.515818476676941,3200
1987-01-07,1.515818476676941,1.5519093927882968,1.515818476676941,1.515818476676941,800
1987-01-08,1.51581778309562,1.5879995822906496,1.51581778309562,1.5879995822906494,5800
1987-01-09,1.5879989518059625,1.6240898370742798,1.5519080665376452,1.6240898370742798,3400
1987-01-12,1.6240904107689857,1.7323631048202515,1.587999512751897,1.7323631048202515,8400
1987-01-13,1.732363518248213,1.8045453315085553,1.6962726116180422,1.696272611618042,14000
1987-01-14,1.6962722068031628,1.7323631048202515,1.6601813087860742,1.7323631048202515,18000
1987-01-15,1.696271694224814,1.696271694224814,1.6601808071136477,1.6601808071136475,2400
1987-01-16,1.6601807223425973,1.6962716076109146,1.6240898370742798,1.6240898370742798,5800
1987-01-19,1.6240907983577,1.6962726116180422,1.5879998917275289,1.696272611618042,6800
1987-01-20,1.6601813814856792,1.6601813814856792,1.5879995822906496,1.5879995822906494,8600
1987-01-21,1.5879990328913152,1.6601808071136477,1.5879990328913152,1.6601808071136475,6600
1987-01-22,1.6601808071136477,1.6601808071136477,1.5879990328913152,1.6601808071136475,16800
1987-01-23,1.6240904818881643,1.6240904818881643,1.5879995822906496,1.5879995822906494,6200
1987-01-26,1.6240899200024814,1.6601808071136477,1.6240899200024814,1.6601808071136475,10600
1987-01-27,1.6601807223425973,1.6601807223425973,1.6240898370742798,1.6240898370742798,3000
1987-01-28,1.6601808071136477,1.6601808071136477,1.6601808071136477,1.6601808071136475,4400
1987-01-29,1.660181704987871,1.6962726116180422,1.6240907983577,1.696272611618042,9800
1987-01-30,1.696271694224814,1.696271694224814,1.6240899200024814,1.6601808071136475,30000
1987-02-02,1.660181704987871,1.6962726116180422,1.660181704987871,1.696272611618042,4600
1987-02-03,1.696271694224814,1.696271694224814,1.6601808071136477,1.6601808071136475,1000
1987-02-04,1.6601813087860742,1.7323631048202515,1.6601813087860742,1.7323631048202515,10200
1987-02-05,1.732363292149135,1.7684541940689087,1.732363292149135,1.7684541940689087,8400
1987-02-06,1.7684540958965527,1.8406358957290652,1.7323631959802965,1.840635895729065,21000
1987-02-09,1.732363518248213,1.732363518248213,1.660181704987871,1.696272611618042,4000
1987-02-10,1.6962726116180422,1.6962726116180422,1.660181704987871,1.696272611618042,1800
1987-02-11,1.696271694224814,1.73236258133598,1.6240899200024814,1.6601808071136475,19800
1987-02-12,1.6240904818881643,1.6240904818881643,1.5519086826931348,1.5879995822906494,5800
1987-02-13,1.5879995822906496,1.5879995822906496,1.5519086826931348,1.5879995822906494,9600
1987-02-17,1.6240907983577,1.6962726116180422,1.6240907983577,1.696272611618042,6400
1987-02-18,1.6962722068031628,1.7323631048202515,1.6962722068031628,1.7323631048202515,2000
1987-02-19,1.7323631048202515,1.7323631048202515,1.6601813087860742,1.7323631048202515,5000
1987-02-20,1.73236258133598,1.73236258133598,1.6601808071136477,1.6601808071136475,9800
1987-02-23,1.660181704987871,1.6962726116180422,1.6240907983577,1.696272611618042,7400
1987-02-24,1.696271694224814,1.696271694224814,1.6240899200024814,1.6601808071136475,5200
1987-02-25,1.6601813814856792,1.6962722810831938,1.5519086826931348,1.5879995822906494,9000
1987-02-26,1.5879989518059625,1.6240898370742798,1.5519080665376452,1.6240898370742798,8200
1987-02-27,1.6240907983577,1.6962726116180422,1.6240907983577,1.696272611618042,4000
1987-03-02,1.696271694224814,1.696271694224814,1.6240899200024814,1.6601808071136475,5800
1987-03-03,1.6240898370742798,1.6240898370742798,1.5519080665376452,1.6240898370742798,10000
1987-03-04,1.6240904818881643,1.6601813814856792,1.5879995822906496,1.5879995822906494,14000
1987-03-05,1.6240898370742798,1.6601807223425973,1.6240898370742798,1.6240898370742798,4000
1987-03-06,1.6240899200024814,1.6601808071136477,1.6240899200024814,1.6601808071136475,2000
1987-03-09,1.6601808071136477,1.6601808071136477,1.6240899200024814,1.6601808071136475,600
1987-03-10,1.6240904818881643,1.6240904818881643,1.5879995822906496,1.5879995822906494,10200
1987-03-11,1.5879990328913152,1.6601808071136477,1.5879990328913152,1.6601808071136475,3800
1987-03-12,1.6240898370742798,1.6240898370742798,1.6240898370742798,1.6240898370742798,1000
1987-03-13,1.6240898370742798,1.6601807223425973,1.6240898370742798,1.6240898370742798,8000
1987-03-16,1.6240898370742798,1.6601807223425973,1.5879989518059625,1.6240898370742798,9800
1987-03-17,1.6240898370742798,1.6240898370742798,1.5879989518059625,1.6240898370742798,2200
1987-03-18,1.6240898370742798,1.6601807223425973,1.5879989518059625,1.6240898370742798,10400
1987-03-19,1.6240904818881643,1.6601813814856792,1.5519086826931348,1.5879995822906494,22200
1987-03-20,1.6240899200024814,1.6601808071136477,1.6240899200024814,1.6601808071136475,24400
1987-03-23,1.6601808071136477,1.6601808071136477,1.6240899200024814,1.6601808071136475,4800
1987-03-24,1.6601808071136477,1.6601808071136477,1.6240899200024814,1.6601808071136475,7200
1987-03-25,1.6601813814856792,1.6601813814856792,1.5879995822906496,1.5879995822906494,6200
1987-03-26,1.5879995822906496,1.5879995822906496,1.5519086826931348,1.5879995822906494,5600
1987-03-27,1.5879995822906496,1.5879995822906496,1.5519086826931348,1.5879995822906494,1800
1987-03-30,1.5879998761554097,1.5879998761554097,1.5519089698791504,1.5519089698791504,600
1987-03-31,1.5879989518059625,1.6240898370742798,1.5879989518059625,1.6240898370742798,1400
1987-04-01,1.6240898370742798,1.6240898370742798,1.5879989518059625,1.6240898370742798,2200
1987-04-02,1.6240899200024814,1.6601808071136477,1.5879990328913152,1.6601808071136475,8000
1987-04-03,1.6601807223425973,1.6601807223425973,1.6240898370742798,1.6240898370742798,14400
1987-04-06,1.6240904818881643,1.6601813814856792,1.5879995822906496,1.5879995822906494,9800
1987-04-07,1.5879995822906496,1.5879995822906496,1.5879995822906496,1.5879995822906494,6200
1987-04-08,1.5880003088996524,1.5880003088996524,1.4797275605655853,1.515818476676941,44800
1987-04-09,1.5158184214336115,1.5158184214336115,1.479727506637573,1.4797275066375732,12000
1987-04-10,1.4797270834445955,1.5158179879188538,1.443636178970337,1.443636178970337,9000
1987-04-13,1.4797271573266317,1.5519089698791504,1.4797271573266317,1.5519089698791504,4600
1987-04-14,1.5519089698791504,1.5879998761554097,1.5519089698791504,1.5519089698791504,2000
1987-04-15,1.5519086826931348,1.5879995822906496,1.5519086826931348,1.5879995822906494,4600
1987-04-16,1.5879995822906496,1.5879995822906496,1.5519086826931348,1.5879995822906494,5000
1987-04-20,1.5879995822906496,1.5879995822906496,1.5879995822906496,1.5879995822906494,10800
1987-04-21,1.5879995822906496,1.5879995822906496,1.5519086826931348,1.5879995822906494,33200
1987-04-22,1.5879998761554097,1.5879998761554097,1.5519089698791504,1.5519089698791504,9600
1987-04-23,1.5519086826931348,1.5879995822906496,1.5519086826931348,1.5879995822906494,10400
1987-04-24,1.5879989518059625,1.6240898370742798,1.5519080665376452,1.6240898370742798,8800
1987-04-27,1.6240898370742798,1.6240898370742798,1.6240898370742798,1.6240898370742798,4000
1987-04-28,1.6240907983577,1.732363518248213,1.6240907983577,1.696272611618042,13400
1987-04-29,1.6962722068031628,1.7323631048202515,1.6962722068031628,1.7323631048202515,6600
1987-04-30,1.7323631048202515,1.7323631048202515,1.6962722068031628,1.7323631048202515,2800
1987-05-01,1.7323631048202515,1.7323631048202515,1.7323631048202515,1.7323631048202515,1600
1987-05-04,1.73236258133598,1.73236258133598,1.6240899200024814,1.6601808071136475,7800
1987-05-05,1.6601807223425973,1.6601807223425973,1.6240898370742798,1.6240898370742798,1800
1987-05-06,1.6240899200024814,1.6601808071136477,1.5879990328913152,1.6601808071136475,7200
1987-05-07,1.6601813087860742,1.7323631048202515,1.6601813087860742,1.7323631048202515,7400
1987-05-08,1.7323631048202515,1.7323631048202515,1.6962722068031628,1.7323631048202515,1800
1987-05-11,1.6601813814856792,1.6601813814856792,1.5879995822906496,1.5879995822906494,8200
1987-05-12,1.5879990328913152,1.6601808071136477,1.5879990328913152,1.6601808071136475,7400
1987-05-13,1.6601807223425973,1.6601807223425973,1.5879989518059625,1.6240898370742798,3600
1987-05-14,1.6240898370742798,1.6240898370742798,1.5879989518059625,1.6240898370742798,4800
1987-05-15,1.6240904818881643,1.6240904818881643,1.5879995822906496,1.5879995822906494,3600
1987-05-18,1.5879995822906496,1.6240904818881643,1.5879995822906496,1.5879995822906494,8200
1987-05-19,1.5879998761554097,1.624090782431669,1.5519089698791504,1.5519089698791504,7000
1987-05-20,1.5879995822906496,1.5879995822906496,1.5879995822906496,1.5879995822906494,2600
1987-05-21,1.5879995822906496,1.5879995822906496,1.5519086826931348,1.5879995822906494,19400
1987-05-22,1.5879995822906496,1.5879995822906496,1.5519086826931348,1.5879995822906494,9400
1987-05-26,1.5879995822906496,1.5879995822906496,1.5519086826931348,1.5879995822906494,800
1987-05-27,1.5879995822906496,1.5879995822906496,1.5519086826931348,1.5879995822906494,4800
1987-05-28,1.5879995822906496,1.5879995822906496,1.5879995822906496,1.5879995822906494,8600
1987-05-29,1.5879989518059625,1.6240898370742798,1.5879989518059625,1.6240898370742798,15200
1987-06-01,1.6240898370742798,1.6240898370742798,1.6240898370742798,1.6240898370742798,7000
1987-06-02,1.6240904818881643,1.6240904818881643,1.5879995822906496,1.5879995822906494,5600
1987-06-03,1.5879995822906496,1.6240904818881643,1.5879995822906496,1.5879995822906494,3200
1987-06-04,1.5879989518059625,1.6240898370742798,1.5879989518059625,1.6240898370742798,6000
1987-06-05,1.5879995822906496,1.5879995822906496,1.5879995822906496,1.5879995822906494,4200
1987-06-08,1.5519089698791504,1.5519089698791504,1.5519089698791504,1.5519089698791504,400
1987-06-09,1.5519089698791504,1.5879998761554097,1.5519089698791504,1.5519089698791504,7200
1987-06-10,1.5519093927882968,1.5880003088996524,1.515818476676941,1.515818476676941,5000
1987-06-11,1.515818476676941,1.515818476676941,1.4797275605655853,1.515818476676941,10400
1987-06-12,1.515818476676941,1.515818476676941,1.4797275605655853,1.515818476676941,5200
1987-06-15,1.5519086826931348,1.5879995822906496,1.5519086826931348,1.5879995822906494,12800
1987-06-16,1.5879995822906496,1.5879995822906496,1.5519086826931348,1.5879995822906494,1800
1987-06-17,1.5879998761554097,1.5879998761554097,1.5519089698791504,1.5519089698791504,6600
1987-06-18,1.5519093927882968,1.5519093927882968,1.515818476676941,1.515818476676941,3200
1987-06-19,1.51581778309562,1.5879995822906496,1.51581778309562,1.5879995822906494,5200
1987-06-22,1.5519089698791504,1.5519089698791504,1.5519089698791504,1.5519089698791504,1800
1987-06-23,1.5519080665376452,1.6240898370742798,1.5519080665376452,1.6240898370742798,12200
1987-06-24,1.5879998761554097,1.5879998761554097,1.5519089698791504,1.5519089698791504,4800
1987-06-25,1.5519089698791504,1.5879998761554097,1.5519089698791504,1.5519089698791504,7800
1987-06-26,1.5519086826931348,1.5879995822906496,1.5519086826931348,1.5879995822906494,3000
1987-06-29,1.5879998761554097,1.624090782431669,1.5519089698791504,1.5519089698791504,9000
1987-06-30,1.5519093927882968,1.5880003088996524,1.515818476676941,1.515818476676941,12400
1987-07-01,1.5519086826931348,1.5879995822906496,1.5519086826931348,1.5879995822906494,4000
1987-07-02,1.5519089698791504,1.5519089698791504,1.5519089698791504,1.5519089698791504,600
1987-07-06,1.5519086826931348,1.6601813814856792,1.5519086826931348,1.5879995822906494,18400
1987-07-07,1.5879989518059625,1.6240898370742798,1.5879989518059625,1.6240898370742798,3400
1987-07-08,1.5879995822906496,1.5879995822906496,1.5879995822906496,1.5879995822906494,200
1987-07-09,1.6240899200024814,1.6601808071136477,1.6240899200024814,1.6601808071136475,3000
1987-07-10,1.6601808071136477,1.6601808071136477,1.6601808071136477,1.6601808071136475,600
1987-07-13,1.660181704987871,1.6962726116180422,1.6240907983577,1.696272611618042,7800
1987-07-14,1.6962716076109146,1.6962716076109146,1.6240898370742798,1.6240898370742798,6800
1987-07-15,1.6240904818881643,1.6240904818881643,1.5879995822906496,1.5879995822906494,14000
1987-07-16,1.5879989518059625,1.6240898370742798,1.5158171812693277,1.6240898370742798,17200
1987-07-17,1.6240904107689857,1.76845400283734,1.587999512751897,1.7323631048202515,57000
1987-07-20,1.7323631048202515,1.7323631048202515,1.6962722068031628,1.7323631048202515,6800
1987-07-21,1.7323631048202515,1.7323631048202515,1.6962722068031628,1.7323631048202515,3000
1987-07-22,1.696271694224814,1.696271694224814,1.6601808071136477,1.6601808071136475,8000
1987-07-23,1.6601807223425973,1.6601807223425973,1.5879989518059625,1.6240898370742798,9000
1987-07-24,1.624090782431669,1.624090782431669,1.5519089698791504,1.5519089698791504,7200
1987-07-27,1.5519086826931348,1.6240904818881643,1.51581778309562,1.5879995822906494,16800
1987-07-28,1.5879998761554097,1.5879998761554097,1.5519089698791504,1.5519089698791504,10200
1987-07-29,1.5519086826931348,1.5879995822906496,1.5519086826931348,1.5879995822906494,12400
1987-07-30,1.5879998917275289,1.6962726116180422,1.5519089850973578,1.696272611618042,23800
1987-07-31,1.6962722810831938,1.6962722810831938,1.5879995822906496,1.5879995822906494,7400
1987-08-03,1.5879998761554097,1.6601816887079284,1.515818063602891,1.5519089698791504,41600
1987-08-04,1.5519086826931348,1.5879995822906496,1.5519086826931348,1.5879995822906494,8200
1987-08-05,1.5879995822906496,1.6240904818881643,1.5519086826931348,1.5879995822906494,9000
1987-08-06,1.5879995822906496,1.5879995822906496,1.5879995822906496,1.5879995822906494,400
1987-08-07,1.5519089698791504,1.5519089698791504,1.515818063602891,1.5519089698791504,11000
1987-08-10,1.5519089698791504,1.5519089698791504,1.515818063602891,1.5519089698791504,9800
1987-08-11,1.5519093927882968,1.5880003088996524,1.515818476676941,1.515818476676941,12400
1987-08-12,1.515818063602891,1.5519089698791504,1.4797271573266317,1.5519089698791504,6600
1987-08-13,1.515818476676941,1.515818476676941,1.515818476676941,1.515818476676941,800
1987-08-14,1.51581778309562,1.5879995822906496,1.51581778309562,1.5879995822906494,5800
1987-08-17,1.5880002510256883,1.5880002510256883,1.479727506637573,1.4797275066375732,17000
1987-08-18,1.515818063602891,1.5519089698791504,1.515818063602891,1.5519089698791504,2200
1987-08-19,1.5519089698791504,1.5519089698791504,1.515818063602891,1.5519089698791504,15400
1987-08-20,1.5158184214336115,1.5158184214336115,1.479727506637573,1.4797275066375732,4600
1987-08-21,1.479727506637573,1.479727506637573,1.479727506637573,1.4797275066375732,12400
1987-08-24,1.479727506637573,1.479727506637573,1.479727506637573,1.4797275066375732,7600
1987-08-25,1.4797275605655853,1.515818476676941,1.4797275605655853,1.515818476676941,7800
1987-08-26,1.5158184214336115,1.5158184214336115,1.479727506637573,1.4797275066375732,4800
1987-08-27,1.479727506637573,1.5158184214336115,1.479727506637573,1.4797275066375732,4000
1987-08-28,1.479727506637573,1.5158184214336115,1.479727506637573,1.4797275066375732,4400
1987-08-31,1.515818476676941,1.5519093927882968,1.515818476676941,1.515818476676941,7000
1987-09-01,1.515818476676941,1.515818476676941,1.4797275605655853,1.515818476676941,2600
1987-09-02,1.5158179879188538,1.5158179879188538,1.443636178970337,1.443636178970337,3800
1987-09-03,1.443636178970337,1.5158179879188538,1.443636178970337,1.443636178970337,11200
1987-09-04,1.443636178970337,1.4797270834445955,1.443636178970337,1.443636178970337,1000
1987-09-08,1.4436357899716026,1.4797266847208927,1.3714540004730225,1.3714540004730225,43800
1987-09-09,1.4075452744960786,1.443636178970337,1.4075452744960786,1.443636178970337,5000
1987-09-10,1.443636356255947,1.443636356255947,1.4075454473495483,1.4075454473495483,3400
1987-09-11,1.4075448952223126,1.4436357899716026,1.3714540004730225,1.3714540004730225,11600
1987-09-14,1.4075454473495483,1.443636356255947,1.4075454473495483,1.4075454473495483,6400
1987-09-15,1.4075448952223126,1.4075448952223126,1.3353631057237325,1.3714540004730225,6800
1987-09-16,1.37145437002182,1.443636178970337,1.3353634655475617,1.443636178970337,14600
1987-09-17,1.4436357899716026,1.4436357899716026,1.3714540004730225,1.3714540004730225,7800
1987-09-18,1.3714540004730225,1.4075448952223126,1.3714540004730225,1.3714540004730225,1200
1987-09-21,1.37145437002182,1.443636178970337,1.37145437002182,1.443636178970337,2400
1987-09-22,1.443636356255947,1.443636356255947,1.4075454473495483,1.4075454473495483,5600
1987-09-23,1.3714540004730225,1.3714540004730225,1.3714540004730225,1.3714540004730225,6200
1987-09-24,1.3714540004730225,1.3714540004730225,1.3714540004730225,1.3714540004730225,1000
1987-09-25,1.4075454473495483,1.443636356255947,1.4075454473495483,1.4075454473495483,5600
1987-09-28,1.4436365918415348,1.479727506637573,1.4436365918415348,1.4797275066375732,13200
1987-09-29,1.479727506637573,1.479727506637573,1.4436365918415348,1.4797275066375732,10800
1987-09-30,1.479727506637573,1.479727506637573,1.4436365918415348,1.4797275066375732,6600
1987-10-01,1.479727506637573,1.479727506637573,1.4436365918415348,1.4797275066375732,4600
1987-10-02,1.515818476676941,1.515818476676941,1.515818476676941,1.515818476676941,2200
1987-10-05,1.4797270834445955,1.4797270834445955,1.443636178970337,1.443636178970337,4000
1987-10-06,1.443636356255947,1.4797272651623457,1.4075454473495483,1.4075454473495483,3600
1987-10-07,1.443636178970337,1.5158179879188538,1.443636178970337,1.443636178970337,13600
1987-10-08,1.4436365918415348,1.5158184214336115,1.4436365918415348,1.4797275066375732,5600
1987-10-09,1.4797275605655853,1.515818476676941,1.4797275605655853,1.515818476676941,2400
1987-10-12,1.5158184214336115,1.5519093362296499,1.479727506637573,1.4797275066375732,12200
1987-10-13,1.479727506637573,1.5158184214336115,1.479727506637573,1.4797275066375732,2200
1987-10-14,1.4797270834445955,1.4797270834445955,1.443636178970337,1.443636178970337,3400
1987-10-15,1.443636178970337,1.443636178970337,1.443636178970337,1.443636178970337,1400
1987-10-16,1.443636178970337,1.443636178970337,1.443636178970337,1.443636178970337,6000
1987-10-19,1.443636356255947,1.443636356255947,1.3714545384431498,1.4075454473495483,9000
1987-10-20,1.3714545318058557,1.3714545318058557,1.1188181706837244,1.2631818056106567,45800
1987-10-21,1.2631815314292907,1.2631815314292907,0.8661816215515137,0.9022725224494934,180800
1987-10-22,0.938363436496619,1.2992724505337803,0.938363436496619,1.1909997463226318,198000
1987-10-23,1.1909999881471907,1.3353636230741228,1.1549090794154575,1.2631818056106567,18400
1987-10-26,1.2631816197844112,1.2631816197844112,1.154908909517176,1.2270907163619995,10800
1987-10-27,1.2270907163619995,1.299272523206823,1.1909998129395878,1.2270907163619995,27000
1987-10-28,1.1909997463226318,1.1909997463226318,1.1549088449189158,1.1909997463226318,8800
1987-10-29,1.1909997463226318,1.1909997463226318,1.1549088449189158,1.1909997463226318,5800
1987-10-30,1.1909997463226318,1.2631815491300642,1.1909997463226318,1.1909997463226318,13200
1987-11-02,1.2270908968789236,1.2631818056106567,1.2270908968789236,1.2631818056106567,8200
1987-11-03,1.227090647726348,1.227090647726348,1.1909997463226318,1.1909997463226318,7800
1987-11-04,1.1909997463226318,1.1909997463226318,1.1909997463226318,1.1909997463226318,1000
1987-11-05,1.1909998129395878,1.2270907163619995,1.154908909517176,1.2270907163619995,17800
1987-11-06,1.2631819811132219,1.299272894859314,1.2631819811132219,1.299272894859314,4000
1987-11-09,1.299272894859314,1.299272894859314,1.299272894859314,1.299272894859314,12000
1987-11-10,1.2992722537066486,1.3353631496429443,1.1909995658977612,1.3353631496429443,13800
1987-11-11,1.3353631496429443,1.3353631496429443,1.3353631496429443,1.3353631496429443,4400
1987-11-12,1.3353638086054058,1.371454722351498,1.299272894859314,1.299272894859314,22000
1987-11-13,1.299272894859314,1.3353638086054058,1.299272894859314,1.299272894859314,1600
1987-11-16,1.299272894859314,1.299272894859314,1.299272894859314,1.299272894859314,1200
1987-11-17,1.299272894859314,1.299272894859314,1.2631819811132219,1.299272894859314,4400
1987-11-18,1.2992727143423897,1.2992727143423897,1.2270908968789236,1.2631818056106567,8800
1987-11-19,1.2631814740598202,1.2631814740598202,1.1188178770244122,1.1549087762832642,23600
1987-11-20,1.1549088262742566,1.1549088262742566,1.118817925453186,1.118817925453186,10000
1987-11-23,1.118817925453186,1.1549088262742566,1.118817925453186,1.118817925453186,7400
1987-11-24,1.118817607561747,1.118817607561747,1.0827267169952393,1.0827267169952393,10600
1987-11-25,1.0827267169952393,1.118817607561747,1.0105449358622232,1.0827267169952393,20000
1987-11-27,1.0466359087399075,1.0466359087399075,0.9744541219302587,1.010545015335083,10800
1987-11-30,1.0105449786553016,1.0105449786553016,0.9022723023708049,0.9383631944656372,25200
1987-12-01,0.9383630648903225,0.9744539520014888,0.8300904035568238,0.8300904035568237,37200
1987-12-02,0.8300906543930371,0.8661815524101257,0.8300906543930371,0.8661815524101257,20600
1987-12-03,0.8661815524101257,0.8661815524101257,0.8300906543930371,0.8661815524101257,19000
1987-12-04,0.8300906907428396,0.8300906907428396,0.7939997911453248,0.7939997911453247,10800
1987-12-07,0.7939997911453248,0.8300906907428396,0.75790889154781,0.7939997911453247,20400
1987-12-08,0.7940001544498262,0.7940001544498262,0.7218183222271147,0.7579092383384705,25000
1987-12-09,0.75790889154781,0.8300906907428396,0.75790889154781,0.7939997911453247,24400
1987-12-10,0.7940001544498262,0.7940001544498262,0.7218183222271147,0.7579092383384705,18200
1987-12-11,0.7579089939594269,0.7939998984336853,0.7218180894851685,0.7218180894851685,17800
1987-12-14,0.7218183222271147,0.7579092383384705,0.7218183222271147,0.7579092383384705,19000
1987-12-15,0.7218180894851685,0.7218180894851685,0.68572718501091,0.7218180894851685,30600
1987-12-16,0.7218180894851685,0.7579089939594269,0.68572718501091,0.7218180894851685,20000
1987-12-17,0.7218178949858013,0.7218178949858013,0.6496361054872212,0.6857270002365112,27000
1987-12-18,0.6857270002365112,0.7218178949858013,0.6857270002365112,0.6857270002365112,36600
1987-12-21,0.6857270002365112,0.7218178949858013,0.6857270002365112,0.6857270002365112,36800
1987-12-22,0.6857270002365112,0.6857270002365112,0.6496361054872212,0.6857270002365112,27200
1987-12-23,0.6857270002365112,0.7218178949858013,0.6857270002365112,0.6857270002365112,19400
1987-12-24,0.6857270002365112,0.6857270002365112,0.6496361054872212,0.6857270002365112,13400
1987-12-28,0.6857270002365112,0.6857270002365112,0.6496361054872212,0.6857270002365112,9400
1987-12-29,0.6857270002365112,0.6857270002365112,0.577454315988641,0.6857270002365112,22000
1987-12-30,0.685727361175749,0.685727361175749,0.6135455336835649,0.649636447429657,46000
1987-12-31,0.6135453581809998,0.6135453581809998,0.577454454758588,0.6135453581809998,80000
1988-01-04,0.6496361054872212,0.6857270002365112,0.6496361054872212,0.6857270002365112,12200
1988-01-05,0.685727406115759,0.7579092383384705,0.6496364900044033,0.7579092383384705,21800
1988-01-06,0.7579089939594269,0.7579089939594269,0.68572718501091,0.7218180894851685,13400
1988-01-07,0.7218180894851685,0.7579089939594269,0.7218180894851685,0.7218180894851685,15600
1988-01-08,0.7218183222271147,0.7579092383384705,0.7218183222271147,0.7579092383384705,13600
1988-01-11,0.7218178949858013,0.7218178949858013,0.6857270002365112,0.6857270002365112,7200
1988-01-12,0.6857270002365112,0.6857270002365112,0.6496361054872212,0.6857270002365112,14000
1988-01-13,0.6857270002365112,0.6857270002365112,0.6496361054872212,0.6857270002365112,800
1988-01-14,0.6857270002365112,0.6857270002365112,0.6857270002365112,0.6857270002365112,2800
1988-01-15,0.68572718501091,0.7218180894851685,0.68572718501091,0.7218180894851685,4400
1988-01-18,0.7218180894851685,0.7579089939594269,0.7218180894851685,0.7218180894851685,3800
1988-01-19,0.7218180894851685,0.7579089939594269,0.7218180894851685,0.7218180894851685,3200
1988-01-20,0.7579092383384705,0.7579092383384705,0.7579092383384705,0.7579092383384705,3600
1988-01-21,0.7579089939594269,0.7579089939594269,0.7218180894851685,0.7218180894851685,4200
1988-01-22,0.7218183222271147,0.7579092383384705,0.7218183222271147,0.7579092383384705,6600
1988-01-25,0.7579092383384705,0.7579092383384705,0.7218183222271147,0.7579092383384705,9600
1988-01-26,0.7579092383384705,0.7940001544498262,0.7579092383384705,0.7579092383384705,29400
1988-01-27,0.75790889154781,0.7939997911453248,0.75790889154781,0.7939997911453247,600
1988-01-28,0.7579089939594269,0.7579089939594269,0.7218180894851685,0.7218180894851685,13000
1988-01-29,0.7218180894851685,0.7579089939594269,0.7218180894851685,0.7218180894851685,8400
1988-02-01,0.7218183222271147,0.7579092383384705,0.7218183222271147,0.7579092383384705,6200
1988-02-02,0.7579091886679331,0.7579091886679331,0.649636447429657,0.649636447429657,35400
1988-02-03,0.6496362616034115,0.6496362616034115,0.6135453581809998,0.6135453581809998,22200
1988-02-04,0.6135453581809998,0.6496362616034115,0.577454454758588,0.6135453581809998,33600
1988-02-05,0.6135455336835649,0.649636447429657,0.6135455336835649,0.649636447429657,11000
1988-02-08,0.6496362616034115,0.6496362616034115,0.6135453581809998,0.6135453581809998,4000
1988-02-09,0.6135453581809998,0.6496362616034115,0.6135453581809998,0.6135453581809998,6000
1988-02-10,0.649636447429657,0.649636447429657,0.649636447429657,0.649636447429657,8600
1988-02-11,0.649636447429657,0.649636447429657,0.649636447429657,0.649636447429657,6200
1988-02-12,0.649636447429657,0.649636447429657,0.6135455336835649,0.649636447429657,12600
1988-02-16,0.6496362616034115,0.6496362616034115,0.6135453581809998,0.6135453581809998,7200
1988-02-17,0.6135453581809998,0.6135453581809998,0.6135453581809998,0.6135453581809998,35400
1988-02-18,0.6135453581809998,0.6496362616034115,0.6135453581809998,0.6135453581809998,4600
1988-02-19,0.6135453581809998,0.6135453581809998,0.6135453581809998,0.6135453581809998,5000
1988-02-22,0.6135453581809998,0.6496362616034115,0.6135453581809998,0.6135453581809998,10000
1988-02-23,0.649636447429657,0.649636447429657,0.649636447429657,0.649636447429657,1000
1988-02-24,0.649636447429657,0.649636447429657,0.649636447429657,0.649636447429657,3000
1988-02-25,0.649636447429657,0.685727361175749,0.649636447429657,0.649636447429657,8200
1988-02-26,0.649636447429657,0.649636447429657,0.649636447429657,0.649636447429657,10400
1988-02-29,0.6496362616034115,0.6496362616034115,0.6135453581809998,0.6135453581809998,1600
1988-03-01,0.6135453581809998,0.6496362616034115,0.6135453581809998,0.6135453581809998,5800
1988-03-02,0.6135455336835649,0.649636447429657,0.6135455336835649,0.649636447429657,3400
1988-03-03,0.6135453581809998,0.6135453581809998,0.6135453581809998,0.6135453581809998,4800
1988-03-04,0.6135452874004841,0.6496361866593361,0.5774543881416321,0.5774543881416321,6200
1988-03-07,0.6135455336835649,0.649636447429657,0.6135455336835649,0.649636447429657,9600
1988-03-08,0.6496362616034115,0.6496362616034115,0.6135453581809998,0.6135453581809998,3800
1988-03-09,0.6135455336835649,0.649636447429657,0.6135455336835649,0.649636447429657,14200
1988-03-10,0.649636447429657,0.649636447429657,0.649636447429657,0.649636447429657,2000
1988-03-11,0.649636447429657,0.649636447429657,0.6135455336835649,0.649636447429657,2800
1988-03-14,0.649636447429657,0.685727361175749,0.649636447429657,0.649636447429657,19600
1988-03-15,0.649636447429657,0.721818274921841,0.649636447429657,0.649636447429657,19600
1988-03-16,0.6496361054872212,0.7218178949858013,0.6496361054872212,0.6857270002365112,7600
1988-03-17,0.6857270002365112,0.6857270002365112,0.6857270002365112,0.6857270002365112,3800
1988-03-18,0.68572718501091,0.7218180894851685,0.68572718501091,0.7218180894851685,6400
1988-03-21,0.6857270002365112,0.6857270002365112,0.6496361054872212,0.6857270002365112,7800
1988-03-22,0.685727361175749,0.685727361175749,0.649636447429657,0.649636447429657,2000
1988-03-23,0.6857270002365112,0.7218178949858013,0.6857270002365112,0.6857270002365112,3000
1988-03-24,0.6857270002365112,0.6857270002365112,0.6857270002365112,0.6857270002365112,800
1988-03-25,0.6857270002365112,0.6857270002365112,0.6857270002365112,0.6857270002365112,7200
1988-03-28,0.6857270002365112,0.6857270002365112,0.6857270002365112,0.6857270002365112,4400
1988-03-29,0.6857270002365112,0.6857270002365112,0.6857270002365112,0.6857270002365112,4000
1988-03-30,0.6857270002365112,0.7218178949858013,0.6857270002365112,0.6857270002365112,8000
1988-03-31,0.7218180894851685,0.7218180894851685,0.7218180894851685,0.7218180894851685,800
1988-04-04,0.685727361175749,0.685727361175749,0.649636447429657,0.649636447429657,1800
1988-04-05,0.649636447429657,0.685727361175749,0.649636447429657,0.649636447429657,600
1988-04-06,0.649636447429657,0.685727361175749,0.649636447429657,0.649636447429657,7600
1988-04-07,0.649636447429657,0.685727361175749,0.649636447429657,0.649636447429657,13200
1988-04-08,0.649636447429657,0.649636447429657,0.649636447429657,0.649636447429657,400
1988-04-11,0.649636447429657,0.649636447429657,0.649636447429657,0.649636447429657,11400
1988-04-12,0.6496361054872212,0.6857270002365112,0.6496361054872212,0.6857270002365112,4400
1988-04-13,0.649636447429657,0.649636447429657,0.649636447429657,0.649636447429657,1200
1988-04-14,0.649636447429657,0.685727361175749,0.649636447429657,0.649636447429657,5400
1988-04-15,0.649636447429657,0.649636447429657,0.6135455336835649,0.649636447429657,8400
1988-04-18,0.68572718501091,0.7218180894851685,0.68572718501091,0.7218180894851685,15600
1988-04-19,0.7218180894851685,0.7218180894851685,0.68572718501091,0.7218180894851685,7200
1988-04-20,0.7218180894851685,0.7218180894851685,0.68572718501091,0.7218180894851685,8600
1988-04-21,0.7218178949858013,0.7218178949858013,0.6857270002365112,0.6857270002365112,12400
1988-04-22,0.6857270002365112,0.6857270002365112,0.6857270002365112,0.6857270002365112,11600
1988-04-25,0.685727361175749,0.685727361175749,0.649636447429657,0.649636447429657,14000
1988-04-26,0.649636447429657,0.649636447429657,0.649636447429657,0.649636447429657,1800
1988-04-27,0.649636447429657,0.649636447429657,0.649636447429657,0.649636447429657,2800
1988-04-28,0.649636447429657,0.685727361175749,0.649636447429657,0.649636447429657,23400
1988-04-29,0.6496361054872212,0.6857270002365112,0.6496361054872212,0.6857270002365112,20600
1988-05-02,0.649636447429657,0.649636447429657,0.649636447429657,0.649636447429657,10400
1988-05-03,0.6496362616034115,0.6496362616034115,0.6135453581809998,0.6135453581809998,11600
1988-05-04,0.6135455336835649,0.649636447429657,0.6135455336835649,0.649636447429657,9800
1988-05-05,0.6135453581809998,0.6135453581809998,0.6135453581809998,0.6135453581809998,800
1988-05-06,0.6135453581809998,0.6135453581809998,0.6135453581809998,0.6135453581809998,3200
1988-05-09,0.649636447429657,0.649636447429657,0.649636447429657,0.649636447429657,6800
1988-05-10,0.649636447429657,0.649636447429657,0.649636447429657,0.649636447429657,4600
1988-05-11,0.6496362616034115,0.6496362616034115,0.6135453581809998,0.6135453581809998,18000
1988-05-12,0.6135453581809998,0.6135453581809998,0.6135453581809998,0.6135453581809998,3800
1988-05-13,0.6135455336835649,0.649636447429657,0.6135455336835649,0.649636447429657,12200
1988-05-16,0.6135453581809998,0.6135453581809998,0.6135453581809998,0.6135453581809998,5000
1988-05-17,0.6135453581809998,0.6135453581809998,0.6135453581809998,0.6135453581809998,4200
1988-05-18,0.6135453581809998,0.6135453581809998,0.6135453581809998,0.6135453581809998,3800
1988-05-19,0.6135453581809998,0.6135453581809998,0.6135453581809998,0.6135453581809998,5800
1988-05-20,0.6135452107379311,0.6857270002365112,0.6135452107379311,0.6857270002365112,17400
1988-05-23,0.6496362616034115,0.6496362616034115,0.6135453581809998,0.6135453581809998,9600
1988-05-24,0.6135455336835649,0.649636447429657,0.6135455336835649,0.649636447429657,4600
1988-05-25,0.649636447429657,0.649636447429657,0.6135455336835649,0.649636447429657,7000
1988-05-26,0.6135453581809998,0.6135453581809998,0.6135453581809998,0.6135453581809998,800
1988-05-27,0.6135455336835649,0.649636447429657,0.6135455336835649,0.649636447429657,9200
1988-05-31,0.6496362616034115,0.6496362616034115,0.6135453581809998,0.6135453581809998,23200
1988-06-01,0.6135453581809998,0.6135453581809998,0.6135453581809998,0.6135453581809998,0
1988-06-02,0.6135455336835649,0.649636447429657,0.6135455336835649,0.649636447429657,21800
1988-06-03,0.6135453581809998,0.6135453581809998,0.6135453581809998,0.6135453581809998,6800
1988-06-06,0.6135453581809998,0.6496362616034115,0.6135453581809998,0.6135453581809998,3000
1988-06-07,0.6135453581809998,0.6496362616034115,0.6135453581809998,0.6135453581809998,3800
1988-06-08,0.6135453581809998,0.6135453581809998,0.6135453581809998,0.6135453581809998,3800
1988-06-09,0.6135453581809998,0.6135453581809998,0.6135453581809998,0.6135453581809998,6000
1988-06-10,0.6135453581809998,0.6135453581809998,0.6135453581809998,0.6135453581809998,8000
1988-06-13,0.6135453581809998,0.6135453581809998,0.6135453581809998,0.6135453581809998,3800
1988-06-14,0.6135453581809998,0.6135453581809998,0.577454454758588,0.6135453581809998,6800
1988-06-15,0.5774543881416321,0.5774543881416321,0.5774543881416321,0.5774543881416321,7600
1988-06-16,0.5774543881416321,0.5774543881416321,0.5774543881416321,0.5774543881416321,5200
1988-06-17,0.5774543881416321,0.5774543881416321,0.5774543881416321,0.5774543881416321,2000
1988-06-20,0.5774543881416321,0.6135452874004841,0.5774543881416321,0.5774543881416321,24600
1988-06-21,0.5774543881416321,0.5774543881416321,0.5774543881416321,0.5774543881416321,17200
1988-06-22,0.5774543881416321,0.5774543881416321,0.5413634888827801,0.5774543881416321,4200
1988-06-23,0.5774543881416321,0.5774543881416321,0.5774543881416321,0.5774543881416321,14200
1988-06-24,0.5774543881416321,0.5774543881416321,0.5774543881416321,0.5774543881416321,6400
1988-06-27,0.5774543881416321,0.5774543881416321,0.5774543881416321,0.5774543881416321,2000
1988-06-28,0.5774543881416321,0.5774543881416321,0.5413634888827801,0.5774543881416321,3600
1988-06-29,0.5774543881416321,0.5774543881416321,0.5413634888827801,0.5774543881416321,1600
1988-06-30,0.5774543881416321,0.5774543881416321,0.5413634888827801,0.5774543881416321,600
1988-07-01,0.5774543881416321,0.6135452874004841,0.5413634888827801,0.5774543881416321,11800
1988-07-05,0.5774543881416321,0.5774543881416321,0.5774543881416321,0.5774543881416321,1600
1988-07-06,0.577454454758588,0.6135453581809998,0.577454454758588,0.6135453581809998,2800
1988-07-07,0.5774543881416321,0.5774543881416321,0.5774543881416321,0.5774543881416321,400
1988-07-08,0.577454454758588,0.6135453581809998,0.577454454758588,0.6135453581809998,16600
1988-07-11,0.5774543881416321,0.5774543881416321,0.5774543881416321,0.5774543881416321,11800
1988-07-12,0.5774542490641276,0.5774542490641276,0.5413633584976196,0.5413633584976196,19600
1988-07-13,0.5774543881416321,0.5774543881416321,0.5774543881416321,0.5774543881416321,4200
1988-07-14,0.5774543881416321,0.5774543881416321,0.5413634888827801,0.5774543881416321,2200
1988-07-15,0.5413633584976196,0.5413633584976196,0.5052724679311116,0.5413633584976196,8800
1988-07-18,0.5413633584976196,0.5413633584976196,0.5052724679311116,0.5413633584976196,4200
1988-07-19,0.5413633584976196,0.5413633584976196,0.5052724679311116,0.5413633584976196,5600
1988-07-20,0.5413633584976196,0.5413633584976196,0.5413633584976196,0.5413633584976196,2400
1988-07-21,0.5413633584976196,0.5413633584976196,0.5052724679311116,0.5413633584976196,4600
1988-07-22,0.5413633584976196,0.5413633584976196,0.5052724679311116,0.5413633584976196,3600
1988-07-25,0.5413633584976196,0.5413633584976196,0.5413633584976196,0.5413633584976196,200
1988-07-26,0.5413633584976196,0.5413633584976196,0.5413633584976196,0.5413633584976196,0
1988-07-27,0.5413633584976196,0.5413633584976196,0.5052724679311116,0.5413633584976196,4200
1988-07-28,0.5052725076675415,0.5052725076675415,0.5052725076675415,0.5052725076675415,2400
1988-07-29,0.5052724679311116,0.5413633584976196,0.5052724679311116,0.5413633584976196,2800
1988-08-01,0.5413634888827801,0.5774543881416321,0.5413634888827801,0.5774543881416321,21600
1988-08-02,0.5774543881416321,0.6135452874004841,0.5774543881416321,0.5774543881416321,7000
1988-08-03,0.577454454758588,0.6135453581809998,0.577454454758588,0.6135453581809998,4400
1988-08-04,0.6135453581809998,0.6135453581809998,0.6135453581809998,0.6135453581809998,10000
1988-08-05,0.6135451396306355,0.6135451396306355,0.5413633584976196,0.5413633584976196,6000
1988-08-08,0.5413633584976196,0.5413633584976196,0.5413633584976196,0.5413633584976196,800
1988-08-09,0.5413633584976196,0.5413633584976196,0.5413633584976196,0.5413633584976196,1200
1988-08-10,0.5413633584976196,0.5413633584976196,0.5413633584976196,0.5413633584976196,400
1988-08-11,0.5413633584976196,0.5413633584976196,0.5413633584976196,0.5413633584976196,600
1988-08-12,0.5413633584976196,0.5774542490641276,0.5413633584976196,0.5413633584976196,8600
1988-08-15,0.5413633584976196,0.5774542490641276,0.5413633584976196,0.5413633584976196,8600
1988-08-16,0.5413635513361763,0.6135453581809998,0.5413635513361763,0.6135453581809998,11200
1988-08-17,0.6135453581809998,0.6135453581809998,0.577454454758588,0.6135453581809998,20400
1988-08-18,0.6135453581809998,0.6135453581809998,0.577454454758588,0.6135453581809998,10600
1988-08-19,0.6135453760623932,0.7218180894851685,0.6135453760623932,0.7218180894851685,31200
1988-08-22,0.7218179919502953,0.7939997911453248,0.7218179919502953,0.7939997911453247,12400
1988-08-23,0.7940001544498262,0.7940001544498262,0.7579092383384705,0.7579092383384705,26000
1988-08-24,0.7579092383384705,0.7579092383384705,0.7579092383384705,0.7579092383384705,600
1988-08-25,0.75790889154781,0.7939997911453248,0.75790889154781,0.7939997911453247,25800
1988-08-26,0.8300906543930371,0.9383633484443028,0.8300906543930371,0.8661815524101257,73000
1988-08-29,0.8661815524101257,0.9022724504272143,0.8661815524101257,0.8661815524101257,88200
1988-08-30,0.8661815524101257,0.8661815524101257,0.8300906543930371,0.8661815524101257,27400
1988-08-31,0.8661815524101257,0.8661815524101257,0.8300906543930371,0.8661815524101257,26400
1988-09-01,0.8661815524101257,0.8661815524101257,0.8300906543930371,0.8661815524101257,4600
1988-09-02,0.86618129066799,0.86618129066799,0.8300904035568238,0.8300904035568237,7000
1988-09-06,0.8300906543930371,0.8661815524101257,0.8300906543930371,0.8661815524101257,7800
1988-09-07,0.8661815524101257,0.8661815524101257,0.8300906543930371,0.8661815524101257,25600
1988-09-08,0.8661815524101257,0.8661815524101257,0.8300906543930371,0.8661815524101257,10800
1988-09-09,0.8661815524101257,0.8661815524101257,0.8300906543930371,0.8661815524101257,7200
1988-09-12,0.8661815524101257,0.8661815524101257,0.8661815524101257,0.8661815524101257,4800
1988-09-13,0.8661815524101257,0.8661815524101257,0.8300906543930371,0.8661815524101257,12000
1988-09-14,0.8661814102759727,0.9383631944656371,0.8661814102759727,0.9383631944656372,119000
1988-09-15,0.9383631944656371,0.9744540865604693,0.9383631944656371,0.9383631944656372,44200
1988-09-16,0.9383633269204034,0.9744542241096497,0.9383633269204034,0.9744542241096497,11000
1988-09-19,0.9744542241096497,0.9744542241096497,0.9383633269204034,0.9744542241096497,5000
1988-09-20,0.9744540865604693,0.9744540865604693,0.9383631944656371,0.9383631944656372,32400
1988-09-21,0.9383634233474731,0.9383634233474731,0.9022725224494934,0.9022725224494934,7200
1988-09-22,0.9022725224494934,0.9383634233474731,0.8661816215515137,0.9022725224494934,30000
1988-09-23,0.9022725224494934,0.9022725224494934,0.9022725224494934,0.9022725224494934,21800
1988-09-26,0.9022723023708049,0.9383631944656371,0.9022723023708049,0.9383631944656372,15200
1988-09-27,0.9383634233474731,0.9383634233474731,0.9022725224494934,0.9022725224494934,29000
1988-09-28,0.9022725224494934,0.9022725224494934,0.9022725224494934,0.9022725224494934,0
1988-09-29,0.88422700141867,0.88422700141867,0.8661815524101257,0.8661815524101257,24800
1988-09-30,0.8661817591241066,0.8842272124391921,0.8481363058090211,0.848136305809021,8000
1988-10-03,1.5879995822906496,1.6962722810831938,1.5879995822906496,1.5879995822906494,6400
1988-10-04,1.5879989518059625,1.6240898370742798,1.5879989518059625,1.6240898370742798,6600
1988-10-05,1.5879997968673707,1.5879997968673707,1.443636178970337,1.443636178970337,16000
1988-10-06,1.4436366444542295,1.515818476676941,1.4436366444542295,1.515818476676941,7600
1988-10-07,1.443636356255947,1.443636356255947,1.4075454473495483,1.4075454473495483,7600
1988-10-10,1.407544941515536,1.407544941515536,1.3353631496429443,1.3353631496429443,3600
1988-10-11,1.335363426629235,1.335363426629235,1.1909998129395878,1.2270907163619995,10800
1988-10-12,1.2270908968789236,1.2631818056106567,1.2270908968789236,1.2631818056106567,3400
1988-10-13,1.299272894859314,1.299272894859314,1.299272894859314,1.299272894859314,1200
1988-10-14,1.2992722537066486,1.3353631496429443,1.2992722537066486,1.3353631496429443,2400
1988-10-17,1.2992727143423897,1.2992727143423897,1.2631818056106567,1.2631818056106567,5400
1988-10-18,1.2631818056106567,1.2631818056106567,1.2631818056106567,1.2631818056106567,5000
1988-10-19,1.2631816197844112,1.299272523206823,1.2270907163619995,1.2270907163619995,5400
1988-10-20,1.2270908968789236,1.2631818056106567,1.2270908968789236,1.2631818056106567,5600
1988-10-21,1.2631818056106567,1.2631818056106567,1.2631818056106567,1.2631818056106567,2400
1988-10-24,1.2631815491300642,1.2631815491300642,1.1549088449189158,1.1909997463226318,24000
1988-10-25,1.1909997463226318,1.1909997463226318,1.1549088449189158,1.1909997463226318,25600
1988-10-26,1.1909997463226318,1.227090647726348,1.1909997463226318,1.1909997463226318,2800
1988-10-27,1.1909997463226318,1.227090647726348,1.1549088449189158,1.1909997463226318,5000
1988-10-28,1.1909997463226318,1.1909997463226318,1.1549088449189158,1.1909997463226318,2400
1988-10-31,1.1549087762832642,1.1549087762832642,1.1188178770244122,1.1549087762832642,11000
1988-11-01,1.1549087762832642,1.1549087762832642,1.1188178770244122,1.1549087762832642,10200
1988-11-02,1.118817925453186,1.118817925453186,1.0827270246321157,1.118817925453186,13400
1988-11-03,1.0827267169952393,1.0827267169952393,1.0466358264287312,1.0827267169952393,17800
1988-11-04,1.0827267169952393,1.0827267169952393,1.0466358264287312,1.0827267169952393,8600
1988-11-07,1.0827267169952393,1.0827267169952393,1.0466358264287312,1.0827267169952393,3400
1988-11-08,1.0827267169952393,1.0827267169952393,1.0466358264287312,1.0827267169952393,32600
1988-11-09,1.0827267169952393,1.0827267169952393,1.0466358264287312,1.0827267169952393,27000
1988-11-10,1.0827270421114836,1.1909997463226318,1.0827270421114836,1.1909997463226318,27000
1988-11-11,1.2270908968789236,1.2992727143423897,1.2270908968789236,1.2631818056106567,37400
1988-11-14,1.2270907163619995,1.2270907163619995,1.1909998129395878,1.2270907163619995,8000
1988-11-15,1.227090647726348,1.227090647726348,1.1549088449189158,1.1909997463226318,14400
1988-11-16,1.1909996755421162,1.2270905748009682,1.1549087762832642,1.1549087762832642,6000
1988-11-17,1.1549088262742566,1.1909997270953272,1.118817925453186,1.118817925453186,9400
1988-11-18,1.1188178770244122,1.1549087762832642,1.1188178770244122,1.1549087762832642,2600
1988-11-21,1.118817925453186,1.118817925453186,1.0827270246321157,1.118817925453186,14600
1988-11-22,1.118817925453186,1.1549088262742566,1.0827270246321157,1.118817925453186,5200
1988-11-23,1.118817925453186,1.1549088262742566,1.0827270246321157,1.118817925453186,2800
1988-11-25,1.118817925453186,1.1549088262742566,1.118817925453186,1.118817925453186,9000
1988-11-28,1.0827267169952393,1.0827267169952393,1.0827267169952393,1.0827267169952393,7000
1988-11-29,1.0827270246321157,1.118817925453186,1.0827270246321157,1.118817925453186,11400
1988-11-30,1.118817925453186,1.118817925453186,1.0827270246321157,1.118817925453186,2600
1988-12-01,1.1188178770244122,1.1549087762832642,1.0827269777655602,1.1549087762832642,26600
1988-12-02,1.1549088262742566,1.1549088262742566,1.118817925453186,1.118817925453186,1200
1988-12-05,1.118817925453186,1.1549088262742566,1.118817925453186,1.118817925453186,13400
1988-12-06,1.1549087762832642,1.1549087762832642,1.1549087762832642,1.1549087762832642,10200
1988-12-07,1.1909997463226318,1.227090647726348,1.1909997463226318,1.1909997463226318,8200
1988-12-08,1.1909998129395878,1.2631816197844112,1.154908909517176,1.2270907163619995,9200
1988-12-09,1.2270907163619995,1.2631816197844112,1.2270907163619995,1.2270907163619995,6200
1988-12-12,1.2270907163619995,1.2631816197844112,1.2270907163619995,1.2270907163619995,6200
1988-12-13,1.2270908968789236,1.2631818056106567,1.2270908968789236,1.2631818056106567,4600
1988-12-14,1.2631818056106567,1.2631818056106567,1.2270908968789236,1.2631818056106567,20000
1988-12-15,1.2631819811132219,1.3353638086054058,1.2631819811132219,1.299272894859314,27600
1988-12-16,1.3353631496429443,1.3714540455792403,1.3353631496429443,1.3353631496429443,9200
1988-12-19,1.3353631057237325,1.3714540004730225,1.3353631057237325,1.3714540004730225,10000
1988-12-20,1.3714540004730225,1.3714540004730225,1.3353631057237325,1.3714540004730225,7800
1988-12-21,1.3714540004730225,1.3714540004730225,1.3353631057237325,1.3714540004730225,10200
1988-12-22,1.3714540004730225,1.3714540004730225,1.3353631057237325,1.3714540004730225,10800
1988-12-23,1.3714540004730225,1.3714540004730225,1.3353631057237325,1.3714540004730225,1200
1988-12-27,1.3714540455792403,1.3714540455792403,1.3353631496429443,1.3353631496429443,126800
1988-12-28,1.3353631057237325,1.3714540004730225,1.3353631057237325,1.3714540004730225,109400
1988-12-29,1.3714540004730225,1.3714540004730225,1.3353631057237325,1.3714540004730225,102800
1988-12-30,1.3714540004730225,1.3714540004730225,1.3353631057237325,1.3714540004730225,25600
1989-01-03,1.3714540455792403,1.3714540455792403,1.3353631496429443,1.3353631496429443,84400
1989-01-04,1.3353631496429443,1.3353631496429443,1.3353631496429443,1.3353631496429443,400
1989-01-05,1.3353631496429443,1.3714540455792403,1.3353631496429443,1.3353631496429443,4800
1989-01-06,1.3353634655475617,1.443636178970337,1.3353634655475617,1.443636178970337,67000
1989-01-09,1.443636178970337,1.443636178970337,1.443636178970337,1.443636178970337,1800
1989-01-10,1.4075454473495483,1.4075454473495483,1.4075454473495483,1.4075454473495483,1000
1989-01-11,1.4075454473495483,1.4075454473495483,1.4075454473495483,1.4075454473495483,1200
1989-01-12,1.4075448952223126,1.4075448952223126,1.3714540004730225,1.3714540004730225,4400
1989-01-13,1.4075452744960786,1.443636178970337,1.4075452744960786,1.443636178970337,5200
1989-01-16,1.4075454473495483,1.4075454473495483,1.4075454473495483,1.4075454473495483,2200
1989-01-17,1.4075454473495483,1.443636356255947,1.4075454473495483,1.4075454473495483,3600
1989-01-18,1.443636178970337,1.443636178970337,1.443636178970337,1.443636178970337,6000
1989-01-19,1.443636178970337,1.443636178970337,1.443636178970337,1.443636178970337,9000
1989-01-20,1.443636356255947,1.443636356255947,1.4075454473495483,1.4075454473495483,2400
1989-01-23,1.4075454473495483,1.4075454473495483,1.4075454473495483,1.4075454473495483,5000
1989-01-24,1.3714540004730225,1.3714540004730225,1.3353631057237325,1.3714540004730225,7800
1989-01-25,1.37145437002182,1.443636178970337,1.3353634655475617,1.443636178970337,28800
1989-01-26,1.4075454473495483,1.4075454473495483,1.4075454473495483,1.4075454473495483,11400
1989-01-27,1.4075448952223126,1.4075448952223126,1.3714540004730225,1.3714540004730225,8600
1989-01-30,1.3714540004730225,1.4075448952223126,1.3714540004730225,1.3714540004730225,6800
1989-01-31,1.3714545384431498,1.4075454473495483,1.335363629536751,1.4075454473495483,20000
1989-02-01,1.4075454473495483,1.443636356255947,1.3714545384431498,1.4075454473495483,70200
1989-02-02,1.4075452744960786,1.443636178970337,1.37145437002182,1.443636178970337,80000
1989-02-03,1.443636356255947,1.443636356255947,1.4075454473495483,1.4075454473495483,111600
1989-02-06,1.4075453585766733,1.6962726116180422,1.4075453585766733,1.696272611618042,287400
1989-02-07,1.6962719900267467,2.2376353910991127,1.6962719900267467,2.021090030670166,324600
1989-02-08,1.9849990652157707,1.9849990652157707,1.840635496836442,1.8767263889312744,34600
1989-02-09,1.8767267956453213,1.9128176955615774,1.8406358957290652,1.840635895729065,13800
1989-02-10,1.8767264570508686,2.021090030670166,1.8767264570508686,2.021090030670166,46200
1989-02-13,1.9850000143051147,1.9850000143051147,1.9850000143051147,1.9850000143051147,67000
1989-02-14,1.9849993454085455,1.9849993454085455,1.8767266538408067,1.9489084482192993,64800
1989-02-15,1.94890842939678,2.0571811199188232,1.912817532556099,2.0571811199188232,47400
1989-02-16,2.0571818330071188,2.093272742358121,1.9850000143051147,1.9850000143051147,465000
1989-02-17,1.9850000143051147,2.021090923656117,1.9850000143051147,1.9850000143051147,11200
1989-02-21,2.021090030670166,2.021090030670166,2.021090030670166,2.021090030670166,4400
1989-02-22,1.9850000143051147,1.9850000143051147,1.9850000143051147,1.9850000143051147,600
1989-02-23,1.9850000143051147,1.9850000143051147,1.9128181956031105,1.9850000143051147,7600
1989-02-24,2.0571810747015062,2.0932719707489014,2.0571810747015062,2.0932719707489014,79000
1989-02-27,2.0932719707489014,2.0932719707489014,2.0571810747015062,2.0932719707489014,5000
1989-02-28,2.0571809240749905,2.0571809240749905,2.021090030670166,2.021090030670166,25200
1989-03-01,2.021090030670166,2.0571809240749905,2.021090030670166,2.021090030670166,2000
1989-03-02,2.0571810747015062,2.129362866796296,2.0571810747015062,2.0932719707489014,49600
1989-03-03,2.0571811199188232,2.0571811199188232,2.0571811199188232,2.0571811199188232,33000
1989-03-06,2.0571809240749905,2.0571809240749905,2.021090030670166,2.021090030670166,20000
1989-03-07,2.0571807622909546,2.2015443245569863,2.0571807622909546,2.1654534339904785,218400
1989-03-08,2.165454444238695,2.165454444238695,2.129363536834717,2.129363536834717,21200
1989-03-09,2.129362866796296,2.129362866796296,2.0932719707489014,2.0932719707489014,5400
1989-03-10,2.0932726294307384,2.129363536834717,2.0932726294307384,2.129363536834717,20600
1989-03-13,2.0932719707489014,2.0932719707489014,2.0571810747015062,2.0932719707489014,4400
1989-03-14,2.093271817479815,2.093271817479815,2.021090030670166,2.021090030670166,10400
1989-03-15,2.021090923656117,2.021090923656117,1.9850000143051147,1.9850000143051147,3800
1989-03-16,1.9849991372653417,2.021090030670166,1.8045446702412198,2.021090030670166,9000
1989-03-17,1.9850000143051147,1.9850000143051147,1.9850000143051147,1.9850000143051147,1800
1989-03-20,1.9850000143051147,1.9850000143051147,1.9489091049541127,1.9850000143051147,2200
1989-03-21,1.9489084482192993,1.9489084482192993,1.9489084482192993,1.9489084482192993,1800
1989-03-22,1.9489084482192993,1.9849993454085455,1.9489084482192993,1.9489084482192993,1200
1989-03-23,1.9489089812872544,1.9849998883481295,1.9128180742263794,1.9128180742263794,4800
1989-03-27,1.9128180742263794,1.9128180742263794,1.9128180742263794,1.9128180742263794,1200
1989-03-28,1.9128180742263794,1.9128180742263794,1.9128180742263794,1.9128180742263794,200
1989-03-29,1.9128180742263794,1.9128180742263794,1.8767271671655041,1.9128180742263794,7000
1989-03-30,1.9128180742263794,1.9128180742263794,1.8767271671655041,1.9128180742263794,1200
1989-03-31,1.9128181956031105,1.9850000143051147,1.8767272862521085,1.9850000143051147,18200
1989-04-03,1.9489084482192993,1.9489084482192993,1.9489084482192993,1.9489084482192993,2400
1989-04-04,1.9489091049541127,1.9850000143051147,1.9489091049541127,1.9850000143051147,2000
1989-04-05,1.9489081731209386,1.9489081731209386,1.8767263889312742,1.8767263889312744,11800
1989-04-06,1.9128180742263794,1.9128180742263794,1.9128180742263794,1.9128180742263794,200
1989-04-07,1.9128180742263794,1.9128180742263794,1.8767271671655041,1.9128180742263794,2600
1989-04-10,1.8767263889312742,1.8767263889312742,1.840635496836442,1.8767263889312744,151400
1989-04-11,1.8767263889312742,1.8767263889312742,1.840635496836442,1.8767263889312744,11200
1989-04-12,1.8767266538408067,1.9489084482192993,1.8767266538408067,1.9489084482192993,12200
1989-04-13,1.9128180742263794,1.9128180742263794,1.9128180742263794,1.9128180742263794,800
1989-04-14,1.912817350455693,2.0571809240749905,1.912817350455693,2.021090030670166,10000
1989-04-17,2.0210902230781422,2.0932720167595047,2.0210902230781422,2.0571811199188232,37800
1989-04-18,2.0571809240749905,2.0571809240749905,2.021090030670166,2.021090030670166,88200
1989-04-19,2.0210902230781422,2.0571811199188232,2.0210902230781422,2.0571811199188232,25800
1989-04-20,2.0571811199188232,2.0932720167595047,2.0571811199188232,2.0571811199188232,12800
1989-04-21,2.0571811199188232,2.0571811199188232,2.0571811199188232,2.0571811199188232,3400
1989-04-24,2.0571811199188232,2.0571811199188232,2.0571811199188232,2.0571811199188232,16600
1989-04-25,2.0571817220267605,2.129363536834717,2.0571817220267605,2.129363536834717,776600
1989-04-26,2.129363657998257,2.201545476913452,2.0932727485406595,2.201545476913452,27200
1989-04-27,2.2015443245569863,2.2015443245569863,2.1654534339904785,2.1654534339904785,5000
1989-04-28,2.2015460559300015,2.309818812779018,2.2015460559300015,2.2737278938293457,35400
1989-05-01,2.2737266533076763,2.3098175525665283,2.2737266533076763,2.3098175525665283,17000
1989-05-02,2.273726751727443,2.273726751727443,2.2015449500853017,2.237635850906372,16200
1989-05-03,2.237635850906372,2.237635850906372,2.1654540492642314,2.237635850906372,207400
1989-05-04,2.2376357540488243,2.3098175525665283,2.2376357540488243,2.3098175525665283,24800
1989-05-05,2.2737278938293457,2.2737278938293457,2.2376369748796736,2.2737278938293457,21400
1989-05-08,2.2737278938293457,2.2737278938293457,2.2015460559300015,2.2737278938293457,211400
1989-05-09,2.2737278938293457,2.34590973172869,2.2737278938293457,2.2737278938293457,61800
1989-05-10,2.2737278938293457,2.34590973172869,2.2737278938293457,2.2737278938293457,18400
1989-05-11,2.2376363863710496,2.2376363863710496,2.1654545674558543,2.201545476913452,42800
1989-05-12,2.2376369748796736,2.2737278938293457,2.2376369748796736,2.2737278938293457,8200
1989-05-15,2.2737278938293457,2.2737278938293457,2.165455136980329,2.2737278938293457,9600
1989-05-16,2.2737267884341152,2.3819994926452637,2.2737267884341152,2.3819994926452637,15400
1989-05-17,2.3819995439969577,2.3819995439969577,2.3459086418151855,2.3459086418151855,51200
1989-05-18,2.345908591241548,2.454181295452696,2.345908591241548,2.3819994926452637,12400
1989-05-19,2.4180905293015873,2.4902723361464107,2.4180905293015873,2.454181432723999,33800
1989-05-22,2.4902725219726562,2.526363428088202,2.4902725219726562,2.4902725219726562,3000
1989-05-23,2.4902725219726562,2.526363428088202,2.4902725219726562,2.4902725219726562,5800
1989-05-24,2.4902725219726562,2.4902725219726562,2.4902725219726562,2.4902725219726562,1400
1989-05-25,2.4902723361464107,2.5263632395688225,2.454181432723999,2.454181432723999,45800
1989-05-26,2.454181615857111,2.4902725219726562,2.418090709741565,2.4902725219726562,16600
1989-05-30,2.454181432723999,2.454181432723999,2.454181432723999,2.454181432723999,13200
1989-05-31,2.454181432723999,2.454181432723999,2.454181432723999,2.454181432723999,50400
1989-06-01,2.4180908203125,2.4180908203125,2.381999912546642,2.4180908203125,31400
1989-06-02,2.418090709741565,2.4902725219726562,2.418090709741565,2.4902725219726562,21200
1989-06-05,2.454181728078358,2.454181728078358,2.4180908203125,2.4180908203125,19000
1989-06-06,2.4180908203125,2.454181728078358,2.4180908203125,2.4180908203125,8600
1989-06-07,2.4180908203125,2.4902726358442164,2.4180908203125,2.4180908203125,12600
1989-06-08,2.4180908203125,2.4902726358442164,2.381999912546642,2.4180908203125,25200
1989-06-09,2.4180908203125,2.454181728078358,2.381999912546642,2.4180908203125,12600
1989-06-12,2.4180908203125,2.4180908203125,2.4180908203125,2.4180908203125,5200
1989-06-13,2.4180908203125,2.4902726358442164,2.4180908203125,2.4180908203125,22200
1989-06-14,2.4180905293015873,2.454181432723999,2.3819996258791756,2.454181432723999,40400
1989-06-15,2.454181432723999,2.454181432723999,2.4180905293015873,2.454181432723999,4800
1989-06-16,2.41809039404898,2.41809039404898,2.345908591241548,2.3819994926452637,39800
1989-06-19,2.3819994926452637,2.41809039404898,2.3819994926452637,2.3819994926452637,11600
1989-06-20,2.3819994926452637,2.454181295452696,2.3819994926452637,2.3819994926452637,15800
1989-06-21,2.4180908203125,2.454181728078358,2.4180908203125,2.4180908203125,19000
1989-06-22,2.4180908203125,2.4180908203125,2.4180908203125,2.4180908203125,1200
1989-06-23,2.4180905293015873,2.454181432723999,2.4180905293015873,2.454181432723999,10600
1989-06-26,2.454181728078358,2.454181728078358,2.4180908203125,2.4180908203125,26600
1989-06-27,2.4180905293015873,2.454181432723999,2.4180905293015873,2.454181432723999,21400
1989-06-28,2.454181432723999,2.5263632395688225,2.454181432723999,2.454181432723999,13000
1989-06-29,2.454181432723999,2.454181432723999,2.454181432723999,2.454181432723999,0
1989-06-30,2.454181432723999,2.454181432723999,2.4180905293015873,2.454181432723999,10000
1989-07-03,2.454181295452696,2.454181295452696,2.345908591241548,2.3819994926452637,14600
1989-07-05,2.3819994926452637,2.3819994926452637,2.3819994926452637,2.3819994926452637,5000
1989-07-06,2.3819996258791756,2.454181432723999,2.3819996258791756,2.454181432723999,3400
1989-07-07,2.454181728078358,2.454181728078358,2.4180908203125,2.4180908203125,10200
1989-07-10,2.4180908203125,2.4180908203125,2.381999912546642,2.4180908203125,24400
1989-07-11,2.3819994926452637,2.3819994926452637,2.345908591241548,2.3819994926452637,33000
1989-07-12,2.3819994926452637,2.3819994926452637,2.3819994926452637,2.3819994926452637,13800
1989-07-13,2.381999912546642,2.4180908203125,2.381999912546642,2.4180908203125,2000
1989-07-14,2.3819994926452637,2.3819994926452637,2.3819994926452637,2.3819994926452637,203400
1989-07-17,2.3819994926452637,2.3819994926452637,2.345908591241548,2.3819994926452637,255600
1989-07-18,2.3819995439969577,2.41809044617873,2.3459086418151855,2.3459086418151855,25600
1989-07-19,2.345908591241548,2.3819994926452637,2.345908591241548,2.3819994926452637,1200
1989-07-20,2.381999912546642,2.4180908203125,2.381999912546642,2.4180908203125,6800
1989-07-21,2.4180908203125,2.4180908203125,2.4180908203125,2.4180908203125,3000
1989-07-24,2.4180908203125,2.454181728078358,2.4180908203125,2.4180908203125,8200
1989-07-25,2.4180905293015873,2.454181432723999,2.3819996258791756,2.454181432723999,8200
1989-07-26,2.454181728078358,2.454181728078358,2.381999912546642,2.4180908203125,12600
1989-07-27,2.4180900277318185,2.6707262992858887,2.4180900277318185,2.6707262992858887,61400
1989-07-28,2.670725861640826,2.670725861640826,2.6346349716186523,2.6346349716186523,29200
1989-07-31,2.598545789718628,2.598545789718628,2.5624548759725356,2.598545789718628,15000
1989-08-01,2.5624544620513916,2.5624544620513916,2.5624544620513916,2.5624544620513916,400
1989-08-02,2.526363428088202,2.526363428088202,2.454181615857111,2.4902725219726562,24800
1989-08-03,2.490272646218958,2.5624544620513916,2.4180908303865243,2.5624544620513916,99800
1989-08-04,2.5624544620513916,2.5624544620513916,2.5624544620513916,2.5624544620513916,7400
1989-08-07,2.562454519953046,2.562454519953046,2.5263636112213135,2.5263636112213135,4600
1989-08-08,2.5263636112213135,2.562454519953046,2.5263636112213135,2.5263636112213135,10400
1989-08-09,2.5263636112213135,2.562454519953046,2.5263636112213135,2.5263636112213135,38200
1989-08-10,2.5263632395688225,2.5263632395688225,2.454181432723999,2.454181432723999,2400
1989-08-11,2.454181432723999,2.454181432723999,2.4180905293015873,2.454181432723999,2600
1989-08-14,2.4180902503430843,2.4180902503430843,2.2737266533076763,2.3098175525665283,9200
1989-08-15,2.3098176898378315,2.3819994926452637,2.3098176898378315,2.3819994926452637,18800
1989-08-16,2.4180905293015873,2.454181432723999,2.4180905293015873,2.454181432723999,3000
1989-08-17,2.454181432723999,2.4902723361464107,2.454181432723999,2.454181432723999,2400
1989-08-18,2.454181432723999,2.4902723361464107,2.4180905293015873,2.454181432723999,31400
1989-08-21,2.454181432723999,2.454181432723999,2.454181432723999,2.454181432723999,2400
1989-08-22,2.454181615857111,2.526363428088202,2.418090709741565,2.4902725219726562,11800
1989-08-23,2.41809039404898,2.41809039404898,2.3819994926452637,2.3819994926452637,13800
1989-08-24,2.3819996258791756,2.454181432723999,2.3819996258791756,2.454181432723999,2000
1989-08-25,2.41809039404898,2.41809039404898,2.3819994926452637,2.3819994926452637,8000
1989-08-28,2.3459084518253803,2.3459084518253803,2.3098175525665283,2.3098175525665283,34600
1989-08-29,2.3098177396334134,2.3459086418151855,2.3098177396334134,2.3459086418151855,13800
1989-08-30,2.345908591241548,2.3819994926452637,2.345908591241548,2.3819994926452637,7600
1989-08-31,2.4180908203125,2.4180908203125,2.4180908203125,2.4180908203125,1000
1989-09-01,2.4180908203125,2.454181728078358,2.381999912546642,2.4180908203125,56400
1989-09-05,2.3819994926452637,2.3819994926452637,2.3819994926452637,2.3819994926452637,3600
1989-09-06,2.4180905293015873,2.454181432723999,2.4180905293015873,2.454181432723999,21000
1989-09-07,2.4180908203125,2.4180908203125,2.4180908203125,2.4180908203125,42800
1989-09-08,2.4180908203125,2.4180908203125,2.4180908203125,2.4180908203125,200
1989-09-11,2.4180908203125,2.4180908203125,2.4180908203125,2.4180908203125,3000
1989-09-12,2.4180905293015873,2.454181432723999,2.4180905293015873,2.454181432723999,21400
1989-09-13,2.454181432723999,2.454181432723999,2.454181432723999,2.454181432723999,30200
1989-09-14,2.454181295452696,2.454181295452696,2.3819994926452637,2.3819994926452637,114000
1989-09-15,2.381999912546642,2.4180908203125,2.381999912546642,2.4180908203125,25800
1989-09-18,2.4180905293015873,2.454181432723999,2.3819996258791756,2.454181432723999,63400
1989-09-19,2.454181728078358,2.454181728078358,2.4180908203125,2.4180908203125,5200
1989-09-20,2.454181432723999,2.4902723361464107,2.454181432723999,2.454181432723999,54200
1989-09-21,2.454181615857111,2.4902725219726562,2.454181615857111,2.4902725219726562,5200
1989-09-22,2.4902723361464107,2.4902723361464107,2.454181432723999,2.454181432723999,5600
1989-09-25,2.454181615857111,2.4902725219726562,2.418090709741565,2.4902725219726562,4600
1989-09-26,2.4902725219726562,2.4902725219726562,2.454181615857111,2.4902725219726562,21200
1989-09-27,2.4902727024895803,2.562454519953046,2.4902727024895803,2.5263636112213135,25800
1989-09-28,2.5263636112213135,2.5263636112213135,2.5263636112213135,2.5263636112213135,10600
1989-09-29,2.5624548759725356,2.63463670346472,2.5624548759725356,2.598545789718628,38200
1989-10-02,2.598545789718628,2.63463670346472,2.598545789718628,2.598545789718628,97800
1989-10-03,2.598544507413297,2.6707262992858887,2.598544507413297,2.6707262992858887,39800
1989-10-04,2.6707262992858887,2.7068171952221847,2.634635403349593,2.6707262992858887,9400
1989-10-05,2.6707276172108116,2.6707276172108116,2.598545789718628,2.598545789718628,14200
1989-10-06,2.670726211447465,2.742908000946045,2.670726211447465,2.742908000946045,38400
1989-10-09,2.74290874004364,2.923363262414932,2.7068178355693817,2.887272357940674,47800
1989-10-10,2.887272357940674,2.959454166889191,2.887272357940674,2.887272357940674,52400
1989-10-11,2.8872724122638944,2.923363317417193,2.815090601957297,2.8511815071105957,51400
1989-10-12,2.8872722318802757,3.2120903579668068,2.8872722318802757,3.1399085521698,155800
1989-10-13,3.1399097016879494,3.1399097016879494,2.9594551211311706,3.031636953353882,27600
1989-10-16,2.9594526644106263,2.9594526644106263,2.851180005956579,2.9233617782592773,35400
1989-10-17,2.923363262414932,2.959454166889191,2.8511814534664155,2.887272357940674,60600
1989-10-18,2.8872731836830696,2.9955459280711847,2.8872731836830696,2.9594550132751465,8200
1989-10-19,2.9594533012573976,2.995544195175171,2.9233624073396243,2.995544195175171,6600
1989-10-20,3.031636953353882,3.0677278694652377,3.031636953353882,3.031636953353882,15800
1989-10-23,3.0316350890929438,3.067725983010717,2.995544195175171,2.995544195175171,26400
1989-10-24,2.959454166889191,2.959454166889191,2.887272357940674,2.887272357940674,21600
1989-10-25,2.887272329891429,3.0677268505096436,2.887272329891429,3.0677268505096436,190000
1989-10-26,3.067725983010717,3.067725983010717,2.995544195175171,2.995544195175171,154400
1989-10-27,2.9955435505619756,3.0316344367133246,2.9233617782592773,2.9233617782592773,44200
1989-10-30,2.923364098479108,2.959455013275146,2.8872731836830696,2.9594550132751465,29600
1989-10-31,2.9594551211311706,3.031636953353882,2.9233642050198148,3.031636953353882,10600
1989-11-01,3.0316359463860008,3.1038177546332864,3.0316359463860008,3.0677268505096436,69800
1989-11-02,3.067725983010717,3.067725983010717,2.995544195175171,2.995544195175171,23000
1989-11-03,2.995544195175171,2.995544195175171,2.9594533012573976,2.995544195175171,27200
1989-11-06,2.959455013275146,2.959455013275146,2.959455013275146,2.9594550132751465,10800
1989-11-07,2.9594533012573976,3.0316350890929438,2.9594533012573976,2.995544195175171,13000
1989-11-08,3.0677264657887546,3.2481809637763286,3.0677264657887546,3.175999164581299,26200
1989-11-09,3.248179840004963,3.3203616142272954,3.248179840004963,3.320361614227295,26200
1989-11-10,3.3203616142272954,3.3203616142272954,3.3203616142272954,3.320361614227295,20200
1989-11-13,3.356456129174483,3.428637981414795,3.356456129174483,3.428637981414795,3600
1989-11-14,3.428635311623414,3.572998903691768,3.428635311623414,3.464726209640503,74200
1989-11-15,3.4647289075349503,3.500819833655106,3.392547055294639,3.428637981414795,4600
1989-11-16,3.392543388449628,3.392543388449628,3.3203616142272954,3.320361614227295,4000
1989-11-17,3.3203643023312748,3.3564552186609626,3.2842733860015874,3.284273386001587,9000
1989-11-20,3.284270559416877,3.284270559416877,3.2120887888802425,3.2481796741485596,9400
1989-11-21,3.2120900641788137,3.2120900641788137,3.1759991645812993,3.175999164581299,6600
1989-11-22,3.2481796741485596,3.284270559416877,3.2481796741485596,3.2481796741485596,9600
1989-11-24,3.2481795741665747,3.3564522266387935,3.2481795741665747,3.356452226638794,18400
1989-11-27,3.3925452232360844,3.3925452232360844,3.3925452232360844,3.392545223236084,23200
1989-11-28,3.392547055294639,3.500819833655106,3.392547055294639,3.428637981414795,74400
1989-11-29,3.3925452232360844,3.3925452232360844,3.3564543166059133,3.392545223236084,44400
1989-11-30,3.3925452232360844,3.3925452232360844,3.3925452232360844,3.392545223236084,0
1989-12-01,3.46472658429827,3.5369083881378174,3.46472658429827,3.5369083881378174,97200
1989-12-04,3.5729991888999937,3.6090900897979736,3.5729991888999937,3.6090900897979736,41200
1989-12-05,3.645180891541874,3.7895444912068985,3.645180891541874,3.68127179145813,62200
1989-12-06,3.6812712706408455,3.71736216545105,3.6812712706408455,3.71736216545105,58600
1989-12-07,3.7173626913743862,3.7534535912906426,3.6812717914581303,3.68127179145813,66600
1989-12-08,3.6812712706408455,3.71736216545105,3.6812712706408455,3.71736216545105,16400
1989-12-11,3.71736216545105,3.71736216545105,3.6812712706408455,3.71736216545105,30200
1989-12-12,3.7173622928816696,4.258725733592592,3.7173622928816696,4.186543941497803,216400
1989-12-13,4.1865471676663235,4.222638091525516,4.006092548370361,4.006092548370361,146600
1989-12-14,4.006090683757134,4.042181590818009,3.825636148452759,3.825636148452759,21200
1989-12-15,3.825637929074399,4.006092548370361,3.825637929074399,4.006092548370361,26800
1989-12-18,3.969999776696259,3.969999776696259,3.7534543343310083,3.825636148452759,53800
1989-12-19,3.825636391206221,3.9700000286102295,3.825636391206221,3.9700000286102295,90400
1989-12-20,3.933908326603542,3.933908326603542,3.8617265224456787,3.8617265224456787,27600
1989-12-21,3.8978173229672497,3.9339082241058354,3.8978173229672497,3.933908224105835,6800
1989-12-22,3.9339082241058354,3.9339082241058354,3.8978173229672497,3.933908224105835,20600
1989-12-26,3.8617265224456787,3.8617265224456787,3.8617265224456787,3.8617265224456787,5600
1989-12-27,3.825634849881663,3.825634849881663,3.71736216545105,3.71736216545105,18800
1989-12-28,3.71736216545105,3.753453060261254,3.6812712706408455,3.71736216545105,30600
1989-12-29,3.7173624104923673,3.8978168964385986,3.7173624104923673,3.8978168964385986,38800
1990-01-02,3.861727055513634,3.861727055513634,3.7534543343310083,3.825636148452759,59200
1990-01-03,3.825635102060106,3.8978168964385986,3.825635102060106,3.8978168964385986,12400
1990-01-04,3.8978168964385986,3.8978168964385986,3.861725999249352,3.8978168964385986,71800
1990-01-05,3.861727055513634,3.861727055513634,3.7895452413918833,3.825636148452759,10200
1990-01-08,3.7895439550714585,3.7895439550714585,3.6812712706408455,3.71736216545105,20600
1990-01-09,3.7173626913743862,3.7534535912906426,3.6812717914581303,3.68127179145813,19800
1990-01-10,3.6812711186928326,3.6812711186928326,3.6090893320517967,3.6451802253723145,31200
1990-01-11,3.6090900897979736,3.6090900897979736,3.5729991888999937,3.6090900897979736,33400
1990-01-12,3.572999290057591,3.572999290057591,3.5369083881378174,3.5369083881378174,10600
1990-01-15,3.5369083881378174,3.609090191977365,3.5369083881378174,3.5369083881378174,17400
1990-01-16,3.5369096441367236,3.5369096441367236,3.5008187294006348,3.5008187294006348,12200
1990-01-17,3.5008187294006348,3.573000558872813,3.4647278146645455,3.5008187294006348,44200
1990-01-18,3.5008187294006348,3.5369096441367236,3.5008187294006348,3.5008187294006348,5800
1990-01-19,3.5008171076575914,3.53690800567468,3.3925444136063256,3.464726209640503,16400
1990-01-22,3.4647289075349503,3.500819833655106,3.428637981414795,3.428637981414795,53800
1990-01-23,3.46472658429827,3.5369083881378174,3.46472658429827,3.5369083881378174,18200
1990-01-24,3.4647289075349503,3.4647289075349503,3.428637981414795,3.428637981414795,3400
1990-01-25,3.428635311623414,3.5008171076575914,3.428635311623414,3.464726209640503,36000
1990-01-26,3.4647289075349503,3.4647289075349503,3.428637981414795,3.428637981414795,21200
1990-01-29,3.4647278146645455,3.5369096441367236,3.4647278146645455,3.5008187294006348,2600
1990-01-30,3.500819833655106,3.500819833655106,3.428637981414795,3.428637981414795,129400
1990-01-31,3.46472658429827,3.5369083881378174,3.46472658429827,3.5369083881378174,70400
1990-02-01,3.5369083881378174,3.5369083881378174,3.5369083881378174,3.5369083881378174,21200
1990-02-02,3.5369083881378174,3.5369083881378174,3.5369083881378174,3.5369083881378174,3600
1990-02-05,3.5729991888999937,3.6090900897979736,3.5729991888999937,3.6090900897979736,12200
1990-02-06,3.6090893320517967,3.6451802253723145,3.5729984387312785,3.6451802253723145,9000
1990-02-07,3.6451815282455597,3.6451815282455597,3.5729997158050533,3.5729997158050537,7000
1990-02-08,3.5729991888999937,3.645180990695953,3.5729991888999937,3.6090900897979736,8600
1990-02-09,3.645180375830641,3.71736216545105,3.645180375830641,3.71736216545105,10200
1990-02-12,3.753454862322126,3.825636686597552,3.753454862322126,3.789545774459839,10800
1990-02-13,3.7895452413918833,3.825636148452759,3.7534543343310083,3.825636148452759,6400
1990-02-14,3.7895457744598393,3.7895457744598393,3.753454862322126,3.789545774459839,89400
1990-02-15,3.7895447182878157,3.8617265224456787,3.7895447182878157,3.8617265224456787,61600
1990-02-16,3.8617275987352646,3.8978185108729773,3.7895457744598393,3.789545774459839,25000
1990-02-20,3.789543669957381,3.8256345620522128,3.7173618857677164,3.753452777862549,62400
1990-02-21,3.6812711186928326,3.6812711186928326,3.6451802253723145,3.6451802253723145,28600
1990-02-22,3.645180891541874,3.6812717914581303,3.6090899916256176,3.68127179145813,8800
1990-02-23,3.6451802253723145,3.6451802253723145,3.6451802253723145,3.6451802253723145,2000
1990-02-26,3.645180990695953,3.645180990695953,3.6090900897979736,3.6090900897979736,7600
1990-02-27,3.609090191977365,3.609090191977365,3.5369083881378174,3.5369083881378174,20600
1990-02-28,3.5369083881378174,3.572999290057591,3.5008174862180437,3.5369083881378174,10000
1990-03-01,3.5369083881378174,3.5369083881378174,3.5008174862180437,3.5369083881378174,62400
1990-03-02,3.5369096441367236,3.5369096441367236,3.5008187294006348,3.5008187294006348,10600
1990-03-05,3.5729990917093617,3.6812717914581303,3.5729990917093617,3.68127179145813,52600
1990-03-06,3.6812717914581303,3.6812717914581303,3.645180891541874,3.68127179145813,4200
1990-03-07,3.6812717914581303,3.6812717914581303,3.6812717914581303,3.68127179145813,7400
1990-03-08,3.6812717914581303,3.7173626913743862,3.6812717914581303,3.68127179145813,5800
1990-03-09,3.71736216545105,3.71736216545105,3.71736216545105,3.71736216545105,46800
1990-03-12,3.71736216545105,3.71736216545105,3.6812712706408455,3.71736216545105,14000
1990-03-13,3.7173618857677164,3.7534527778625484,3.7173618857677164,3.753452777862549,3600
1990-03-14,3.753453060261254,3.7895439550714585,3.71736216545105,3.71736216545105,9000
1990-03-15,3.7534527778625484,3.7534527778625484,3.7534527778625484,3.753452777862549,4400
1990-03-16,3.7534527778625484,3.7534527778625484,3.7534527778625484,3.753452777862549,8400
1990-03-19,3.753454862322126,3.8617275987352646,3.753454862322126,3.789545774459839,26400
1990-03-20,3.7534527778625484,3.7534527778625484,3.7173618857677164,3.753452777862549,17400
1990-03-21,3.71736216545105,3.71736216545105,3.6812712706408455,3.71736216545105,69600
1990-03-22,3.6812711186928326,3.6812711186928326,3.6451802253723145,3.6451802253723145,6400
1990-03-23,3.6451802253723145,3.6812711186928326,3.6090893320517967,3.6451802253723145,62200
1990-03-26,3.645180990695953,3.645180990695953,3.5729991888999937,3.6090900897979736,116800
1990-03-27,3.5729997158050533,3.5729997158050533,3.5369088095848005,3.5729997158050537,6800
1990-03-28,3.572999290057591,3.572999290057591,3.5008174862180437,3.5369083881378174,9800
1990-03-29,3.5729990917093617,3.6812717914581303,3.5729990917093617,3.68127179145813,107400
1990-03-30,3.6812711186928326,3.6812711186928326,3.6451802253723145,3.6451802253723145,12200
1990-04-02,3.645180891541874,3.6812717914581303,3.645180891541874,3.68127179145813,11800
1990-04-03,3.6812712706408455,3.71736216545105,3.645180375830641,3.71736216545105,56400
1990-04-04,3.71736216545105,3.71736216545105,3.6812712706408455,3.71736216545105,1400
1990-04-05,3.71736216545105,3.71736216545105,3.71736216545105,3.71736216545105,13200
1990-04-06,3.7173618857677164,3.7534527778625484,3.7173618857677164,3.753452777862549,9800
1990-04-09,3.753453060261254,3.753453060261254,3.71736216545105,3.71736216545105,9400
1990-04-10,3.71736216545105,3.753453060261254,3.6812712706408455,3.71736216545105,2800
1990-04-11,3.7173626913743862,3.7534535912906426,3.6812717914581303,3.68127179145813,12800
1990-04-12,3.6812717914581303,3.7173626913743862,3.6812717914581303,3.68127179145813,6600
1990-04-16,3.6812717914581303,3.7173626913743862,3.6812717914581303,3.68127179145813,4400
1990-04-17,3.6812717914581303,3.7173626913743862,3.6812717914581303,3.68127179145813,6400
1990-04-18,3.6812717914581303,3.6812717914581303,3.645180891541874,3.68127179145813,22400
1990-04-19,3.6090900897979736,3.6090900897979736,3.6090900897979736,3.6090900897979736,15000
1990-04-20,3.6090893320517967,3.6451802253723145,3.6090893320517967,3.6451802253723145,3200
1990-04-23,3.6090906220253065,3.6090906220253065,3.5729997158050533,3.5729997158050537,2000
1990-04-24,3.5369083881378174,3.5369083881378174,3.5369083881378174,3.5369083881378174,1400
1990-04-25,3.5008187294006348,3.5008187294006348,3.5008187294006348,3.5008187294006348,800
1990-04-26,3.5008174862180437,3.609090191977365,3.5008174862180437,3.5369083881378174,22400
1990-04-27,3.5729997158050533,3.6090906220253065,3.5729997158050533,3.5729997158050537,1400
1990-04-30,3.5369083881378174,3.5369083881378174,3.5369083881378174,3.5369083881378174,1200
1990-05-01,3.5729984387312785,3.6451802253723145,3.5729984387312785,3.6451802253723145,11000
1990-05-02,3.6812717914581303,3.6812717914581303,3.6812717914581303,3.68127179145813,2000
1990-05-03,3.7173618857677164,3.789543669957381,3.7173618857677164,3.753452777862549,161200
1990-05-04,3.753454862322126,3.7895457744598393,3.753454862322126,3.789545774459839,5600
1990-05-07,3.7895447182878157,3.8978174245246104,3.7895447182878157,3.8617265224456787,21000
1990-05-08,3.8617265224456787,3.8617265224456787,3.8617265224456787,3.8617265224456787,15800
1990-05-09,3.8617265224456787,3.8617265224456787,3.7895447182878157,3.8617265224456787,16200
1990-05-10,3.8617273005572232,3.9700000286102295,3.8617273005572232,3.9700000286102295,36400
1990-05-11,3.9699986524749225,4.1143622398376465,3.9699986524749225,4.1143622398376465,55000
1990-05-14,4.114361848149981,4.114361848149981,4.042180061340332,4.042180061340332,33400
1990-05-15,4.04217993694803,4.186543506124745,4.04217993694803,4.150452613830566,42600
1990-05-16,4.150452613830566,4.150452613830566,4.114361721536388,4.150452613830566,23000
1990-05-17,4.078272819519043,4.078272819519043,4.078272819519043,4.078272819519043,3200
1990-05-18,4.078271342996966,4.1143622398376465,4.078271342996966,4.1143622398376465,12000
1990-05-21,4.1143622398376465,4.1143622398376465,4.078271342996966,4.1143622398376465,5800
1990-05-22,4.078274396088746,4.078274396088746,4.006092548370361,4.006092548370361,10400
1990-05-23,3.969998690817091,3.969998690817091,3.8978168964385986,3.8978168964385986,21200
1990-05-24,3.8978185108729773,3.8978185108729773,3.7895457744598393,3.789545774459839,48800
1990-05-25,3.7895452413918833,3.825636148452759,3.7895452413918833,3.825636148452759,15800
1990-05-29,3.825636686597552,3.825636686597552,3.7895457744598393,3.789545774459839,20800
1990-05-30,3.7895457744598393,3.825636686597552,3.7895457744598393,3.789545774459839,11200
1990-05-31,3.7895457744598393,3.825636686597552,3.7895457744598393,3.789545774459839,42400
1990-06-01,3.789543669957381,3.789543669957381,3.7534527778625484,3.753452777862549,5400
1990-06-04,3.753453060261254,3.753453060261254,3.71736216545105,3.71736216545105,5800
1990-06-05,3.681271891593933,3.681271891593933,3.5729991888999937,3.6090900897979736,17200
1990-06-06,3.6090906220253065,3.6090906220253065,3.5729997158050533,3.5729997158050537,2400
1990-06-07,3.572999290057591,3.572999290057591,3.5369083881378174,3.5369083881378174,2800
1990-06-08,3.5369083881378174,3.5369083881378174,3.5369083881378174,3.5369083881378174,9200
1990-06-11,3.5729997158050533,3.5729997158050533,3.5729997158050533,3.5729997158050537,2000
1990-06-12,3.5369096441367236,3.5369096441367236,3.5008187294006348,3.5008187294006348,13000
1990-06-13,3.5008171076575914,3.5008171076575914,3.464726209640503,3.464726209640503,4600
1990-06-14,3.464726209640503,3.464726209640503,3.428635311623414,3.464726209640503,8800
1990-06-15,3.46472658429827,3.5369083881378174,3.4286356823784967,3.5369083881378174,22400
1990-06-18,3.464726209640503,3.464726209640503,3.464726209640503,3.464726209640503,6800
1990-06-19,3.464727036496426,3.464727036496426,3.3925452232360844,3.392545223236084,33000
1990-06-20,3.3203614446851946,3.3203614446851946,3.2481796741485596,3.2481796741485596,27600
1990-06-21,3.212090015411377,3.212090015411377,3.175999116361811,3.212090015411377,48000
1990-06-22,3.2120889528937964,3.3203616142272954,3.2120889528937964,3.320361614227295,6200
1990-06-25,3.3203616142272954,3.3564525013384614,3.3203616142272954,3.320361614227295,1200
1990-06-26,3.3564522266387935,3.3564522266387935,3.3564522266387935,3.356452226638794,3600
1990-06-27,3.392544780458723,3.5369083881378174,3.392544780458723,3.5369083881378174,36200
1990-06-28,3.5729991888999937,3.6090900897979736,3.5729991888999937,3.6090900897979736,6400
1990-06-29,3.681272520209258,3.861727055513634,3.681272520209258,3.825636148452759,43200
1990-07-02,3.825636148452759,3.861727055513634,3.825636148452759,3.825636148452759,31600
1990-07-03,3.8256356203667474,3.8617265224456787,3.8256356203667474,3.8617265224456787,25000
1990-07-05,3.8617265224456787,3.8617265224456787,3.8617265224456787,3.8617265224456787,19600
1990-07-06,3.861725999249352,3.933907793627845,3.861725999249352,3.8978168964385986,306200
1990-07-09,3.897817962574509,3.897817962574509,3.7895452413918833,3.825636148452759,128600
1990-07-10,3.789543669957381,3.789543669957381,3.7534527778625484,3.753452777862549,34000
1990-07-11,3.753454862322126,3.7895457744598393,3.753454862322126,3.789545774459839,35600
1990-07-12,3.7895457744598393,3.7895457744598393,3.753454862322126,3.789545774459839,12400
1990-07-13,3.7895457744598393,3.8617275987352646,3.7895457744598393,3.789545774459839,95200
1990-07-16,3.7895457744598393,3.8617275987352646,3.7895457744598393,3.789545774459839,11800
1990-07-17,3.7895457744598393,3.825636686597552,3.7895457744598393,3.789545774459839,6800
1990-07-18,3.7895457744598393,3.825636686597552,3.7895457744598393,3.789545774459839,15600
1990-07-19,3.7895457744598393,3.7895457744598393,3.7895457744598393,3.789545774459839,1400
1990-07-20,3.7895457744598393,3.825636686597552,3.7895457744598393,3.789545774459839,33200
1990-07-23,3.7895457744598393,3.7895457744598393,3.753454862322126,3.789545774459839,11800
1990-07-24,3.7895457744598393,3.7895457744598393,3.753454862322126,3.789545774459839,58400
1990-07-25,3.7895457744598393,3.7895457744598393,3.7895457744598393,3.789545774459839,29400
1990-07-26,3.8256355206900783,3.9339082241058354,3.8256355206900783,3.933908224105835,26000
1990-07-27,3.933908326603542,3.933908326603542,3.8617265224456787,3.8617265224456787,11000
1990-07-30,3.8617265224456787,3.8617265224456787,3.8617265224456787,3.8617265224456787,800
1990-07-31,3.8978182099082255,4.006090937961232,3.8978182099082255,3.9700000286102295,14000
1990-08-01,4.0060891679355075,4.0782709547451566,4.0060891679355075,4.042180061340332,11800
1990-08-02,4.150453045450408,4.258725733592592,4.150453045450408,4.186543941497803,43600
1990-08-03,4.18654363495963,4.222634528364455,4.042180061340332,4.042180061340332,15000
1990-08-06,4.1143621494030125,4.222634837545197,4.1143621494030125,4.186543941497803,27000
1990-08-07,4.18654363495963,4.18654363495963,4.042180061340332,4.042180061340332,40200
1990-08-08,4.042180061340332,4.114361848149981,4.0060891679355075,4.042180061340332,21800
1990-08-09,4.114362933054691,4.2948174476623535,4.114362933054691,4.2948174476623535,40000
1990-08-10,4.2948174476623535,4.2948174476623535,4.258726544740821,4.2948174476623535,31600
1990-08-13,4.294815977414449,4.330906867980957,4.294815977414449,4.330906867980957,82600
1990-08-14,4.330908720158348,4.403090532160987,4.330908720158348,4.366999626159668,49600
1990-08-15,4.366999854389419,4.366999854389419,4.2226362228393555,4.2226362228393555,108200
1990-08-16,4.222636459148036,4.222636459148036,4.078272819519043,4.078272819519043,7600
1990-08-17,4.078272819519043,4.114363729426291,4.042181909611795,4.078272819519043,50800
1990-08-20,4.078272819519043,4.114363729426291,4.078272819519043,4.078272819519043,17800
1990-08-21,4.0782709547451566,4.150452741554806,4.042180061340332,4.042180061340332,52800
1990-08-22,4.006091247286116,4.006091247286116,3.753454862322126,3.789545774459839,166400
1990-08-23,3.753453799656459,3.753453799656459,3.5369083881378174,3.5369083881378174,22400
1990-08-24,3.6090893320517967,3.6451802253723145,3.6090893320517967,3.6451802253723145,10800
1990-08-27,3.71736216545105,3.753453060261254,3.71736216545105,3.71736216545105,13200
1990-08-28,3.7534527778625484,3.7534527778625484,3.7534527778625484,3.753452777862549,2200
1990-08-29,3.753453060261254,3.7895439550714585,3.71736216545105,3.71736216545105,156000
1990-08-30,3.71736216545105,3.71736216545105,3.71736216545105,3.71736216545105,0
1990-08-31,3.6812717914581303,3.6812717914581303,3.6812717914581303,3.68127179145813,1000
1990-09-04,3.6812711186928326,3.6812711186928326,3.6090893320517967,3.6451802253723145,9200
1990-09-05,3.681272520209258,3.825636148452759,3.681272520209258,3.825636148452759,14000
1990-09-06,3.8256355206900783,3.9339082241058354,3.8256355206900783,3.933908224105835,45400
1990-09-07,3.9339107006519765,4.006092548370361,3.9339107006519765,4.006092548370361,36200
1990-09-10,3.9700000286102295,3.9700000286102295,3.9339091192592273,3.9700000286102295,3800
1990-09-11,3.9700000286102295,3.9700000286102295,3.9700000286102295,3.9700000286102295,4000
1990-09-12,3.9700000286102295,3.9700000286102295,3.9339091192592273,3.9700000286102295,9200
1990-09-13,3.9700000286102295,3.9700000286102295,3.9700000286102295,3.9700000286102295,4000
1990-09-14,3.970001624511169,4.006092548370361,3.970001624511169,4.006092548370361,37200
1990-09-17,4.0060891679355075,4.042180061340332,3.9699982745306834,4.042180061340332,14200
1990-09-18,4.0421804461562845,4.1143622398376465,4.0421804461562845,4.1143622398376465,18000
1990-09-19,4.114363444053521,4.258727073669434,4.114363444053521,4.258727073669434,26200
1990-09-20,4.330906867980957,4.403088649113973,4.330906867980957,4.330906867980957,49200
1990-09-21,4.366999626159668,4.403090532160987,4.366999626159668,4.366999626159668,19400
1990-09-24,4.367000044369306,4.403090953826904,4.367000044369306,4.403090953826904,48600
1990-09-25,4.403090953826904,4.403090953826904,4.367000044369306,4.403090953826904,54000
1990-09-26,4.366998421734777,4.366998421734777,4.186543941497803,4.186543941497803,31200
1990-09-27,4.2226362228393555,4.2948180386143875,4.2226362228393555,4.2226362228393555,64400
1990-09-28,4.222634196281433,4.330906867980957,4.150452415148417,4.330906867980957,89400
1990-10-01,4.2948174476623535,4.2948174476623535,4.258726544740821,4.2948174476623535,2400
1990-10-02,4.2587271307268715,4.2587271307268715,4.1504544070643234,4.2226362228393555,48800
1990-10-03,4.186543941497803,4.186543941497803,4.150453045450408,4.186543941497803,30800
1990-10-04,4.1143622398376465,4.1143622398376465,4.1143622398376465,4.1143622398376465,1400
1990-10-05,4.1143622398376465,4.1143622398376465,4.0421804461562845,4.1143622398376465,1000
1990-10-08,4.042183472229554,4.042183472229554,4.006092548370361,4.006092548370361,5600
1990-10-09,4.006090937961232,4.006090937961232,3.9700000286102295,3.9700000286102295,9200
1990-10-10,3.969999125244421,3.969999125244421,3.8978173229672497,3.933908224105835,5000
1990-10-11,3.8978168964385986,3.8978168964385986,3.8978168964385986,3.8978168964385986,400
1990-10-12,3.8978185108729773,3.8978185108729773,3.7895457744598393,3.789545774459839,12000
1990-10-15,3.7895457744598393,3.825636686597552,3.7895457744598393,3.789545774459839,20800
1990-10-16,3.7534527778625484,3.7534527778625484,3.7534527778625484,3.753452777862549,10400
1990-10-17,3.753453060261254,3.753453060261254,3.645180375830641,3.71736216545105,20800
1990-10-18,3.7173626913743862,3.7534535912906426,3.645180891541874,3.68127179145813,16200
1990-10-19,3.681271891593933,3.681271891593933,3.6090900897979736,3.6090900897979736,4800
1990-10-22,3.609090191977365,3.609090191977365,3.5369083881378174,3.5369083881378174,4200
1990-10-23,3.5008171076575914,3.5008171076575914,3.464726209640503,3.464726209640503,10000
1990-10-24,3.464726209640503,3.53690800567468,3.464726209640503,3.464726209640503,42200
1990-10-25,3.4647278146645455,3.5008187294006348,3.4286368999284567,3.5008187294006348,70400
1990-10-26,3.5008166520902426,3.6451802253723145,3.5008166520902426,3.6451802253723145,49600
1990-10-29,3.6451815282455597,3.6451815282455597,3.5729997158050533,3.5729997158050537,28800
1990-10-30,3.572999290057591,3.609090191977365,3.5369083881378174,3.5369083881378174,79600
1990-10-31,3.5369083881378174,3.5369083881378174,3.5369083881378174,3.5369083881378174,0
1990-11-01,3.5369088095848005,3.5729997158050533,3.5008179033645472,3.5729997158050537,33400
1990-11-02,3.5729997158050533,3.6451815282455597,3.5729997158050533,3.5729997158050537,44600
1990-11-05,3.572999290057591,3.572999290057591,3.5369083881378174,3.5369083881378174,2000
1990-11-06,3.5369083881378174,3.5369083881378174,3.5008174862180437,3.5369083881378174,2000
1990-11-07,3.5369088095848005,3.5729997158050533,3.5369088095848005,3.5729997158050537,80800
1990-11-08,3.6090900897979736,3.6090900897979736,3.6090900897979736,3.6090900897979736,14000
1990-11-09,3.6090900897979736,3.645180990695953,3.6090900897979736,3.6090900897979736,9000
1990-11-12,3.609090191977365,3.6451810938971385,3.5369083881378174,3.5369083881378174,88400
1990-11-13,3.5369083881378174,3.572999290057591,3.5008174862180437,3.5369083881378174,51000
1990-11-14,3.5008171076575914,3.5008171076575914,3.464726209640503,3.464726209640503,3000
1990-11-15,3.4647278146645455,3.5008187294006348,3.4647278146645455,3.5008187294006348,52400
1990-11-16,3.5008171076575914,3.5008171076575914,3.464726209640503,3.464726209640503,34600
1990-11-19,3.428637981414795,3.428637981414795,3.428637981414795,3.428637981414795,10000
1990-11-20,3.392543388449628,3.392543388449628,3.3203616142272954,3.320361614227295,17200
1990-11-21,3.3203616142272954,3.3203616142272954,3.3203616142272954,3.320361614227295,29600
1990-11-23,3.3203613424813874,3.3564522266387935,3.3203613424813874,3.356452226638794,41400
1990-11-26,3.3564522266387935,3.428633994953606,3.3564522266387935,3.356452226638794,11800
1990-11-27,3.3925452232360844,3.4286361298662555,3.3925452232360844,3.392545223236084,6200
1990-11-28,3.392543388449628,3.428634275560794,3.3203616142272954,3.320361614227295,45200
1990-11-29,3.284270559416877,3.284270559416877,3.2481796741485596,3.2481796741485596,14200
1990-11-30,3.2481824696718995,3.2842733860015874,3.2120915533422116,3.284273386001587,38800
1990-12-03,3.2481796741485596,3.2481796741485596,3.2481796741485596,3.2481796741485596,1600
1990-12-04,3.2481809637763286,3.2481809637763286,3.1759991645812993,3.175999164581299,69800
1990-12-05,3.1759991645812993,3.2481809637763286,3.1399082649837844,3.175999164581299,28600
1990-12-06,3.1759991645812993,3.2120900641788137,3.1759991645812993,3.175999164581299,4000
1990-12-07,3.1760006177993048,3.1760006177993048,3.031636953353882,3.031636953353882,56600
1990-12-10,3.0316350890929438,3.0316350890929438,2.9594533012573976,2.995544195175171,34600
1990-12-11,2.959454166889191,2.959454166889191,2.887272357940674,2.887272357940674,19600
1990-12-12,2.887272357940674,2.959454166889191,2.8511814534664155,2.887272357940674,19400
1990-12-13,2.887270892107928,2.9233617782592773,2.81508911980523,2.9233617782592773,55000
1990-12-14,2.9233624073396243,2.995544195175171,2.8872715134218514,2.995544195175171,239600
1990-12-17,2.995544195175171,3.0316350890929438,2.9594533012573976,2.995544195175171,4800
1990-12-18,3.031636127205782,3.1399088460345603,3.031636127205782,3.103817939758301,68800
1990-12-19,3.1759991645812993,3.2481809637763286,3.1759991645812993,3.175999164581299,26000
1990-12-20,3.1038186724592998,3.1038186724592998,2.959455013275146,2.9594550132751465,13000
1990-12-21,2.959455013275146,2.959455013275146,2.959455013275146,2.9594550132751465,20200
1990-12-24,2.959455013275146,2.959455013275146,2.959455013275146,2.9594550132751465,600
1990-12-26,2.995544195175171,3.0316350890929438,2.995544195175171,2.995544195175171,4600
1990-12-27,3.031636953353882,3.0677278694652377,3.031636953353882,3.031636953353882,5200
1990-12-28,3.0316350890929438,3.067725983010717,2.995544195175171,2.995544195175171,6200
1990-12-31,2.995543630226799,3.3203616142272954,2.9594527431156328,3.320361614227295,39400
1991-01-02,3.284272275251501,3.284272275251501,3.0677268505096436,3.0677268505096436,32800
1991-01-03,2.9955450713634493,2.9955450713634493,2.887272357940674,2.887272357940674,28600
1991-01-04,2.9233617782592773,2.9233617782592773,2.9233617782592773,2.9233617782592773,800
1991-01-07,2.9233617782592773,2.9594526644106263,2.887270892107928,2.9233617782592773,5600
1991-01-08,2.9233617782592773,2.9594526644106263,2.9233617782592773,2.9233617782592773,84800
1991-01-09,2.887273515973772,2.887273515973772,2.779000759124756,2.779000759124756,108600
1991-01-10,2.815090601957297,2.8511815071105957,2.815090601957297,2.8511815071105957,3200
1991-01-11,2.8511815071105957,2.8872724122638944,2.8511815071105957,2.8511815071105957,4000
1991-01-14,2.887272357940674,2.887272357940674,2.887272357940674,2.887272357940674,200
1991-01-15,2.81509127219518,2.81509127219518,2.598545789718628,2.598545789718628,66000
1991-01-16,2.6346360556284583,2.742908770243327,2.6346360556284583,2.706817865371704,60800
1991-01-17,2.706818167979901,2.8150908946990967,2.706818167979901,2.8150908946990967,41600
1991-01-18,2.8150897904446253,2.851180685193915,2.742908000946045,2.742908000946045,8600
1991-01-21,2.742908770243327,2.742908770243327,2.706817865371704,2.706817865371704,6400
1991-01-22,2.706817106196755,2.742908000946045,2.706817106196755,2.742908000946045,17000
1991-01-23,2.7429098401750838,2.815091678074428,2.7429098401750838,2.779000759124756,60200
1991-01-24,2.815090601957297,2.8511815071105957,2.815090601957297,2.8511815071105957,37400
1991-01-25,2.8511815071105957,2.8511815071105957,2.815090601957297,2.8511815071105957,17200
1991-01-28,2.8511815071105957,2.8511815071105957,2.7789996968039983,2.8511815071105957,30600
1991-01-29,2.815091678074428,2.815091678074428,2.779000759124756,2.779000759124756,2200
1991-01-30,2.779000759124756,2.779000759124756,2.779000759124756,2.779000759124756,6600
1991-01-31,2.779000759124756,2.779000759124756,2.7068189212254117,2.779000759124756,49400
1991-02-01,2.779000759124756,2.779000759124756,2.779000759124756,2.779000759124756,20000
1991-02-04,2.742908000946045,2.742908000946045,2.742908000946045,2.742908000946045,2200
1991-02-05,2.778999985792698,2.8150908946990967,2.778999985792698,2.8150908946990967,101200
1991-02-06,2.8150908946990967,2.8150908946990967,2.778999985792698,2.8150908946990967,57400
1991-02-07,2.81508911980523,2.9233617782592773,2.7789982336538808,2.9233617782592773,57400
1991-02-08,2.923364098479108,2.959455013275146,2.851182268887031,2.9594550132751465,9400
1991-02-11,2.959454138138715,3.0677268505096436,2.9233632340150724,3.0677268505096436,29200
1991-02-12,3.067726746372793,3.175999455068303,3.0316358434742896,3.1399085521698,119000
1991-02-13,3.1760006370125238,3.3203643023312748,3.1760006370125238,3.284273386001587,100400
1991-02-14,3.212090015411377,3.212090015411377,3.175999116361811,3.212090015411377,99400
1991-02-15,3.2120900641788137,3.2120900641788137,3.1399082649837844,3.175999164581299,84200
1991-02-19,3.1399097016879494,3.1399097016879494,3.031636953353882,3.031636953353882,46000
1991-02-20,3.0316350890929438,3.0316350890929438,2.9594533012573976,2.995544195175171,32000
1991-02-21,2.959454166889191,2.959454166889191,2.887272357940674,2.887272357940674,77200
1991-02-22,2.9594533012573976,2.995544195175171,2.9594533012573976,2.995544195175171,14000
1991-02-25,2.9955435505619756,2.9955435505619756,2.9233617782592773,2.9233617782592773,44800
1991-02-26,2.9233617782592773,2.9233617782592773,2.9233617782592773,2.9233617782592773,600
1991-02-27,2.995544195175171,2.995544195175171,2.995544195175171,2.995544195175171,1000
1991-02-28,2.995545042262358,3.0677268505096436,2.995545042262358,3.0677268505096436,9800
1991-03-01,3.067725983010717,3.067725983010717,2.995544195175171,2.995544195175171,13800
1991-03-04,2.9955435505619756,3.103816209016023,2.9233617782592773,2.9233617782592773,65200
1991-03-05,2.9233634083770044,3.103817939758301,2.9233634083770044,3.103817939758301,50400
1991-03-06,3.1038177546332864,3.1399086587569296,3.0677268505096436,3.0677268505096436,23200
1991-03-07,3.0677268505096436,3.0677268505096436,3.0316359463860008,3.0677268505096436,24000
1991-03-08,3.0677278694652377,3.0677278694652377,3.031636953353882,3.031636953353882,3000
1991-03-11,3.031636953353882,3.1038187855765935,3.031636953353882,3.031636953353882,30200
1991-03-12,2.959454166889191,2.959454166889191,2.887272357940674,2.887272357940674,30200
1991-03-13,2.887272357940674,2.887272357940674,2.887272357940674,2.887272357940674,12400
1991-03-14,2.8872715134218514,3.0316350890929438,2.8872715134218514,2.995544195175171,39000
1991-03-15,2.9955435505619756,3.0316344367133246,2.9233617782592773,2.9233617782592773,103800
1991-03-18,2.923363262414932,2.923363262414932,2.8511814534664155,2.887272357940674,24200
1991-03-19,2.887272357940674,2.887272357940674,2.887272357940674,2.887272357940674,6800
1991-03-20,2.887272357940674,2.923363262414932,2.887272357940674,2.887272357940674,21800
1991-03-21,2.887272357940674,2.887272357940674,2.8511814534664155,2.887272357940674,50400
1991-03-22,2.887272712511894,2.887272712511894,2.8150908946990967,2.8150908946990967,110600
1991-03-25,2.778998895695335,2.778998895695335,2.706817106196755,2.742908000946045,66200
1991-03-26,2.742908000946045,2.742908000946045,2.742908000946045,2.742908000946045,36000
1991-03-27,2.742908770243327,2.742908770243327,2.706817865371704,2.706817865371704,2400
1991-03-28,2.74290874004364,2.887272357940674,2.74290874004364,2.887272357940674,51000
1991-04-01,2.815091678074428,2.815091678074428,2.779000759124756,2.779000759124756,8800
1991-04-02,2.778998895695335,2.778998895695335,2.742908000946045,2.742908000946045,4000
1991-04-03,2.7429098401750838,2.779000759124756,2.7429098401750838,2.779000759124756,26200
1991-04-04,2.778999985792698,2.8150908946990967,2.778999985792698,2.8150908946990967,19200
1991-04-05,2.8150908946990967,2.8150908946990967,2.8150908946990967,2.8150908946990967,3400
1991-04-08,2.8150908946990967,2.8150908946990967,2.8150908946990967,2.8150908946990967,11400
1991-04-09,2.815091678074428,2.815091678074428,2.779000759124756,2.779000759124756,57200
1991-04-10,2.8150908946990967,2.8150908946990967,2.8150908946990967,2.8150908946990967,9800
1991-04-11,2.8150908946990967,2.8511818036054954,2.8150908946990967,2.8150908946990967,26600
1991-04-12,2.8150908946990967,2.8511818036054954,2.778999985792698,2.8150908946990967,24200
1991-04-15,2.815090601957297,2.8511815071105957,2.815090601957297,2.8511815071105957,600
1991-04-16,2.8150908946990967,2.8150908946990967,2.778999985792698,2.8150908946990967,12600
1991-04-17,2.778998895695335,2.778998895695335,2.742908000946045,2.742908000946045,11000
1991-04-18,2.742908000946045,2.742908000946045,2.670726211447465,2.742908000946045,33600
1991-04-19,2.742908000946045,2.742908000946045,2.742908000946045,2.742908000946045,15000
1991-04-22,2.742908770243327,2.742908770243327,2.706817865371704,2.706817865371704,37800
1991-04-23,2.706817865371704,2.706817865371704,2.670726960500081,2.706817865371704,6800
1991-04-24,2.706817865371704,2.706817865371704,2.706817865371704,2.706817865371704,0
1991-04-25,2.7068189212254117,2.779000759124756,2.7068189212254117,2.779000759124756,22000
1991-04-26,2.742908000946045,2.742908000946045,2.742908000946045,2.742908000946045,10800
1991-04-29,2.742908000946045,2.742908000946045,2.742908000946045,2.742908000946045,5800
1991-04-30,2.7068171952221847,2.7068171952221847,2.6707262992858887,2.6707262992858887,4400
1991-05-01,2.706817106196755,2.742908000946045,2.706817106196755,2.742908000946045,1800
1991-05-02,2.706817865371704,2.706817865371704,2.706817865371704,2.706817865371704,21400
1991-05-03,2.706817106196755,2.742908000946045,2.706817106196755,2.742908000946045,22000
1991-05-06,2.742908000946045,2.778998895695335,2.742908000946045,2.742908000946045,2000
1991-05-07,2.742908000946045,2.742908000946045,2.742908000946045,2.742908000946045,3200
1991-05-08,2.742908000946045,2.778998895695335,2.742908000946045,2.742908000946045,4000
1991-05-09,2.742908000946045,2.742908000946045,2.742908000946045,2.742908000946045,1000
1991-05-10,2.779000759124756,2.815091678074428,2.779000759124756,2.779000759124756,12600
1991-05-13,2.778999985792698,2.8511818036054954,2.778999985792698,2.8150908946990967,4000
1991-05-14,2.815091678074428,2.815091678074428,2.779000759124756,2.779000759124756,7400
1991-05-15,2.778999644517899,2.887272357940674,2.778999644517899,2.887272357940674,12600
1991-05-16,2.887270892107928,2.9233617782592773,2.887270892107928,2.9233617782592773,18000
1991-05-17,2.923363262414932,2.923363262414932,2.887272357940674,2.887272357940674,3400
1991-05-20,2.887272357940674,2.887272357940674,2.887272357940674,2.887272357940674,200
1991-05-21,2.887272357940674,2.923363262414932,2.8511814534664155,2.887272357940674,29800
1991-05-22,2.887270892107928,2.9233617782592773,2.887270892107928,2.9233617782592773,42000
1991-05-23,2.923364098479108,2.959455013275146,2.8872731836830696,2.9594550132751465,12000
1991-05-24,2.995545042262358,3.0677268505096436,2.995545042262358,3.0677268505096436,26000
1991-05-28,3.0316350890929438,3.0316350890929438,2.995544195175171,2.995544195175171,23200
1991-05-29,2.9955460372425264,3.031636953353882,2.9955460372425264,3.031636953353882,5000
1991-05-30,3.0677268505096436,3.0677268505096436,3.0677268505096436,3.0677268505096436,400
1991-05-31,3.0677270334820417,3.103817939758301,3.0677270334820417,3.103817939758301,7200
1991-06-03,3.1399085521698,3.175999455068303,3.1399085521698,3.1399085521698,6800
1991-06-04,3.1760006370125238,3.2842733860015874,3.1760006370125238,3.284273386001587,3800
1991-06-05,3.284270458323981,3.3564522266387935,3.2481795741665747,3.356452226638794,4000
1991-06-06,3.3203616142272954,3.3203616142272954,3.3203616142272954,3.320361614227295,1400
1991-06-07,3.284270559416877,3.284270559416877,3.2481796741485596,3.2481796741485596,1400
1991-06-10,3.2481824696718995,3.2842733860015874,3.2481824696718995,3.284273386001587,45400
1991-06-11,3.2481809637763286,3.2481809637763286,3.1759991645812993,3.175999164581299,8800
1991-06-12,3.1759991645812993,3.2120900641788137,3.1759991645812993,3.175999164581299,7800
1991-06-13,3.175999455068303,3.175999455068303,3.1399085521698,3.1399085521698,12200
1991-06-14,3.1399085521698,3.1399085521698,3.1399085521698,3.1399085521698,0
1991-06-17,3.103817939758301,3.103817939758301,3.103817939758301,3.103817939758301,3000
1991-06-18,3.103817939758301,3.103817939758301,3.103817939758301,3.103817939758301,200
1991-06-19,3.067725983010717,3.067725983010717,2.995544195175171,2.995544195175171,9000
1991-06-20,2.9233617782592773,2.9233617782592773,2.887270892107928,2.9233617782592773,37400
1991-06-21,2.9233617782592773,2.9594526644106263,2.887270892107928,2.9233617782592773,8800
1991-06-24,2.887272357940674,2.887272357940674,2.887272357940674,2.887272357940674,2600
1991-06-25,2.8872724122638944,2.8872724122638944,2.8511815071105957,2.8511815071105957,25000
1991-06-26,2.815091678074428,2.815091678074428,2.779000759124756,2.779000759124756,10600
1991-06-27,2.742908000946045,2.742908000946045,2.742908000946045,2.742908000946045,94400
1991-06-28,2.742908000946045,2.742908000946045,2.742908000946045,2.742908000946045,200
1991-07-01,2.742908000946045,2.742908000946045,2.706817106196755,2.742908000946045,5800
1991-07-02,2.742908000946045,2.742908000946045,2.742908000946045,2.742908000946045,200
1991-07-03,2.6707272461482456,2.6707272461482456,2.5263636112213135,2.5263636112213135,15800
1991-07-05,2.5263636112213135,2.5263636112213135,2.4902727024895803,2.5263636112213135,3800
1991-07-08,2.5263635541351745,2.5624544620513916,2.5263635541351745,2.5624544620513916,5600
1991-07-09,2.5624544620513916,2.598545369967608,2.5624544620513916,2.5624544620513916,41200
1991-07-10,2.598545789718628,2.598545789718628,2.598545789718628,2.598545789718628,3200
1991-07-11,2.598545789718628,2.598545789718628,2.598545789718628,2.598545789718628,0
1991-07-12,2.5624544620513916,2.5624544620513916,2.5624544620513916,2.5624544620513916,3000
1991-07-15,2.5624544620513916,2.5624544620513916,2.5263635541351745,2.5624544620513916,37000
1991-07-16,2.5624548759725356,2.598545789718628,2.5263639622264438,2.598545789718628,73000
1991-07-17,2.5985451507568356,2.706817865371704,2.5985451507568356,2.706817865371704,81200
1991-07-18,2.706817865371704,2.706817865371704,2.670726960500081,2.706817865371704,22800
1991-07-19,2.7068171952221847,2.7068171952221847,2.6707262992858887,2.6707262992858887,36000
1991-07-22,2.706817865371704,2.706817865371704,2.706817865371704,2.706817865371704,10800
1991-07-23,2.7068189212254117,2.779000759124756,2.7068189212254117,2.779000759124756,31000
1991-07-24,2.778999985792698,2.8150908946990967,2.778999985792698,2.8150908946990967,600
1991-07-25,2.779000759124756,2.779000759124756,2.779000759124756,2.779000759124756,1000
1991-07-26,2.778999985792698,2.8150908946990967,2.778999985792698,2.8150908946990967,5200
1991-07-29,2.8511815071105957,2.8872724122638944,2.8511815071105957,2.8511815071105957,9600
1991-07-30,2.887270892107928,2.9233617782592773,2.887270892107928,2.9233617782592773,8600
1991-07-31,2.9233617782592773,2.9594526644106263,2.9233617782592773,2.9233617782592773,5000
1991-08-01,2.9594537669962104,3.1759991645812993,2.9594537669962104,3.175999164581299,18200
1991-08-02,3.1038187855765935,3.1038187855765935,3.031636953353882,3.031636953353882,17800
1991-08-05,3.031636953353882,3.031636953353882,3.031636953353882,3.031636953353882,0
1991-08-06,3.031636953353882,3.031636953353882,3.031636953353882,3.031636953353882,0
1991-08-07,2.9594526644106263,2.9594526644106263,2.9233617782592773,2.9233617782592773,1400
1991-08-08,2.9233632340150724,3.0677268505096436,2.9233632340150724,3.0677268505096436,22400
1991-08-09,3.0677278694652377,3.0677278694652377,3.031636953353882,3.031636953353882,12000
1991-08-12,3.031636953353882,3.031636953353882,3.031636953353882,3.031636953353882,1000
1991-08-13,2.9955459280711847,2.9955459280711847,2.959455013275146,2.9594550132751465,44600
1991-08-14,2.959455013275146,2.9955459280711847,2.923364098479108,2.9594550132751465,58400
1991-08-15,2.9594526644106263,2.9594526644106263,2.9233617782592773,2.9233617782592773,13600
1991-08-16,2.887272357940674,2.887272357940674,2.887272357940674,2.887272357940674,2400
1991-08-19,2.887272357940674,2.923363262414932,2.887272357940674,2.887272357940674,40400
1991-08-20,2.8872724122638944,2.923363317417193,2.8511815071105957,2.8511815071105957,6600
1991-08-21,2.8511814534664155,2.923363262414932,2.815090548992157,2.887272357940674,52800
1991-08-22,2.887272357940674,2.923363262414932,2.887272357940674,2.887272357940674,75800
1991-08-23,2.9233617782592773,2.9233617782592773,2.9233617782592773,2.9233617782592773,5800
1991-08-26,2.9233617782592773,2.9233617782592773,2.9233617782592773,2.9233617782592773,9200
1991-08-27,2.9233617782592773,2.9594526644106263,2.9233617782592773,2.9233617782592773,28000
1991-08-28,2.959455013275146,2.959455013275146,2.959455013275146,2.9594550132751465,44200
1991-08-29,2.959454138138715,3.0677268505096436,2.959454138138715,3.0677268505096436,6000
1991-08-30,3.0677278694652377,3.0677278694652377,3.031636953353882,3.031636953353882,8600
1991-09-03,3.0677268505096436,3.0677268505096436,3.0677268505096436,3.0677268505096436,4000
1991-09-04,3.103817939758301,3.103817939758301,3.103817939758301,3.103817939758301,1600
1991-09-05,3.1038176492712966,3.1399085521698,3.1038176492712966,3.1399085521698,10000
1991-09-06,3.1399085521698,3.175999455068303,3.1399085521698,3.1399085521698,55400
1991-09-09,3.1399085521698,3.1399085521698,3.1399085521698,3.1399085521698,6000
1991-09-10,3.1399085521698,3.175999455068303,3.1399085521698,3.1399085521698,115000
1991-09-11,3.1399082649837844,3.1759991645812993,3.1399082649837844,3.175999164581299,223000
1991-09-12,3.175999455068303,3.175999455068303,3.1399085521698,3.1399085521698,52400
1991-09-13,3.1399085521698,3.1399085521698,3.1399085521698,3.1399085521698,5200
1991-09-16,3.1399085521698,3.1399085521698,3.1399085521698,3.1399085521698,1200
1991-09-17,3.1399070183436075,3.2481796741485596,3.1399070183436075,3.2481796741485596,31200
1991-09-18,3.212090015411377,3.212090015411377,3.212090015411377,3.212090015411377,600
1991-09-19,3.2120887888802425,3.2481796741485596,3.2120887888802425,3.2481796741485596,4400
1991-09-20,3.320363409975742,3.4286361298662555,3.320363409975742,3.392545223236084,76600
1991-09-23,3.3564522266387935,3.3564522266387935,3.3564522266387935,3.356452226638794,6200
1991-09-24,3.356456129174483,3.428637981414795,3.356456129174483,3.428637981414795,27600
1991-09-25,3.3925452232360844,3.3925452232360844,3.3564543166059133,3.392545223236084,30200
1991-09-26,3.428637981414795,3.428637981414795,3.428637981414795,3.428637981414795,75400
1991-09-27,3.3925452232360844,3.3925452232360844,3.3925452232360844,3.392545223236084,2000
1991-09-30,3.3925452232360844,3.3925452232360844,3.3564543166059133,3.392545223236084,17400
1991-10-01,3.3925452232360844,3.3925452232360844,3.3925452232360844,3.392545223236084,0
1991-10-02,3.392544684410095,3.6090900897979736,3.392544684410095,3.6090900897979736,19400
1991-10-03,3.6090906220253065,3.6090906220253065,3.5369088095848005,3.5729997158050537,3200
1991-10-04,3.5008187294006348,3.5008187294006348,3.5008187294006348,3.5008187294006348,400
1991-10-07,3.464726209640503,3.464726209640503,3.464726209640503,3.464726209640503,8200
1991-10-08,3.5008187294006348,3.573000558872813,3.5008187294006348,3.5008187294006348,3800
1991-10-09,3.5008174862180437,3.5369083881378174,3.5008174862180437,3.5369083881378174,31200
1991-10-10,3.5008187294006348,3.5008187294006348,3.5008187294006348,3.5008187294006348,4200
1991-10-11,3.5369083881378174,3.5369083881378174,3.5369083881378174,3.5369083881378174,1000
1991-10-14,3.5369083881378174,3.5369083881378174,3.5369083881378174,3.5369083881378174,5600
1991-10-15,3.5369083881378174,3.5369083881378174,3.5008174862180437,3.5369083881378174,2600
1991-10-16,3.5369096441367236,3.573000558872813,3.5008187294006348,3.5008187294006348,187000
1991-10-17,3.5008187294006348,3.5369096441367236,3.5008187294006348,3.5008187294006348,4400
1991-10-18,3.464726209640503,3.464726209640503,3.428635311623414,3.464726209640503,18000
1991-10-21,3.428634275560794,3.428634275560794,3.3203616142272954,3.320361614227295,17800
1991-10-22,3.2481809637763286,3.2481809637763286,3.1038173653862695,3.175999164581299,46200
1991-10-23,3.1399085521698,3.1399085521698,3.1399085521698,3.1399085521698,200
1991-10-24,3.1759991645812993,3.2481809637763286,3.1759991645812993,3.175999164581299,14200
1991-10-25,3.175997903611925,3.2481796741485596,3.1399070183436075,3.2481796741485596,5800
1991-10-28,3.212090015411377,3.212090015411377,3.212090015411377,3.212090015411377,400
1991-10-29,3.248179840004963,3.3203616142272954,3.248179840004963,3.320361614227295,5600
1991-10-30,3.3203643023312748,3.3203643023312748,3.2842733860015874,3.284273386001587,6400
1991-10-31,3.3564543166059133,3.3925452232360844,3.3564543166059133,3.392545223236084,12000
1991-11-01,3.3925431107962,3.3925431107962,3.3203613424813874,3.356452226638794,6200
1991-11-04,3.3564522266387935,3.3564522266387935,3.3203613424813874,3.356452226638794,21200
1991-11-05,3.3564543166059133,3.3925452232360844,3.3564543166059133,3.392545223236084,82800
1991-11-06,3.392547055294639,3.4647289075349503,3.392547055294639,3.428637981414795,2400
1991-11-07,3.4286368999284567,3.5008187294006348,3.4286368999284567,3.5008187294006348,24000
1991-11-08,3.5008179033645472,3.6090906220253065,3.5008179033645472,3.5729997158050537,30200
1991-11-11,3.5008187294006348,3.5008187294006348,3.5008187294006348,3.5008187294006348,220000
1991-11-12,3.464727036496426,3.464727036496426,3.3925452232360844,3.392545223236084,114400
1991-11-13,3.3925431107962,3.428633994953606,3.3564522266387935,3.356452226638794,5800
1991-11-14,3.4286368999284567,3.5008187294006348,3.392545985192368,3.5008187294006348,96600
1991-11-15,3.464724879111013,3.464724879111013,3.3564522266387935,3.356452226638794,61200
1991-11-18,3.3564522266387935,3.3564522266387935,3.3203613424813874,3.356452226638794,11800
1991-11-19,3.3564552186609626,3.3564552186609626,3.2842733860015874,3.284273386001587,77000
1991-11-20,3.2481824696718995,3.2842733860015874,3.2120915533422116,3.284273386001587,21200
1991-11-21,3.2481796741485596,3.2481796741485596,3.2120887888802425,3.2481796741485596,11800
1991-11-22,3.2481796741485596,3.2481796741485596,3.2481796741485596,3.2481796741485596,13400
1991-11-25,3.175999116361811,3.212090015411377,3.067726419213113,3.212090015411377,15200
1991-11-26,3.175999455068303,3.175999455068303,3.1399085521698,3.1399085521698,1400
1991-11-27,3.1399082649837844,3.1759991645812993,3.1399082649837844,3.175999164581299,6200
1991-11-29,3.1759991645812993,3.1759991645812993,3.1759991645812993,3.175999164581299,0
1991-12-02,3.1038173653862695,3.1759991645812993,3.1038173653862695,3.175999164581299,1400
1991-12-03,3.103817939758301,3.103817939758301,3.103817939758301,3.103817939758301,2000
1991-12-04,3.0677278694652377,3.1038187855765935,3.031636953353882,3.031636953353882,5000
1991-12-05,2.9955435505619756,2.9955435505619756,2.9233617782592773,2.9233617782592773,11000
1991-12-06,2.887270892107928,2.9594526644106263,2.887270892107928,2.9233617782592773,4000
1991-12-09,2.887272712511894,2.887272712511894,2.8150908946990967,2.8150908946990967,4400
1991-12-10,2.8150908946990967,2.8150908946990967,2.8150908946990967,2.8150908946990967,200
1991-12-11,2.8150908946990967,2.8511818036054954,2.778999985792698,2.8150908946990967,1800
1991-12-12,2.779000759124756,2.779000759124756,2.779000759124756,2.779000759124756,2200
1991-12-13,2.7429080911584807,2.7429080911584807,2.634635403349593,2.6707262992858887,27800
1991-12-16,2.6707262992858887,2.6707262992858887,2.6707262992858887,2.6707262992858887,2000
1991-12-17,2.63463670346472,2.63463670346472,2.598545789718628,2.598545789718628,15400
1991-12-18,2.5985454286847793,2.5985454286847793,2.5263636112213135,2.5263636112213135,76000
1991-12-19,2.5624548759725356,2.598545789718628,2.5624548759725356,2.598545789718628,22000
1991-12-20,2.598545789718628,2.598545789718628,2.598545789718628,2.598545789718628,0
1991-12-23,2.598545789718628,2.63463670346472,2.598545789718628,2.598545789718628,6800
1991-12-24,2.634635403349593,2.6707262992858887,2.634635403349593,2.6707262992858887,6200
1991-12-26,2.706817865371704,2.742908770243327,2.706817865371704,2.706817865371704,10800
1991-12-27,2.7068171952221847,2.7429080911584807,2.6707262992858887,2.6707262992858887,2800
1991-12-30,2.6707272461482456,2.6707272461482456,2.5263636112213135,2.5263636112213135,119600
1991-12-31,2.5624544620513916,2.5624544620513916,2.5263635541351745,2.5624544620513916,18600
1992-01-02,2.5263636112213135,2.5263636112213135,2.5263636112213135,2.5263636112213135,1800
1992-01-03,2.5624548759725356,2.598545789718628,2.5624548759725356,2.598545789718628,3800
1992-01-06,2.598545789718628,2.598545789718628,2.598545789718628,2.598545789718628,1200
1992-01-07,2.562454519953046,2.562454519953046,2.5263636112213135,2.5263636112213135,4200
1992-01-08,2.4902727024895803,2.5263636112213135,2.4902727024895803,2.5263636112213135,400
1992-01-09,2.4902725219726562,2.526363428088202,2.4902725219726562,2.4902725219726562,9200
1992-01-10,2.526363428088202,2.526363428088202,2.4902725219726562,2.4902725219726562,12400
1992-01-13,2.4180908203125,2.4180908203125,2.4180908203125,2.4180908203125,3000
1992-01-14,2.3459084518253803,2.3459084518253803,2.2015448547899723,2.3098175525665283,19200
1992-01-15,2.2737267884341152,2.3819994926452637,2.2737267884341152,2.3819994926452637,17600
1992-01-16,2.3819993510842323,2.3819993510842323,2.3098175525665283,2.3098175525665283,20400
1992-01-17,2.3098175525665283,2.3098175525665283,2.3098175525665283,2.3098175525665283,0
1992-01-20,2.309818812779018,2.309818812779018,2.2737278938293457,2.2737278938293457,11200
1992-01-21,2.309818812779018,2.309818812779018,2.2737278938293457,2.2737278938293457,2600
1992-01-22,2.2737266533076763,2.3098175525665283,2.2737266533076763,2.3098175525665283,52000
1992-01-23,2.237635850906372,2.273726751727443,2.237635850906372,2.237635850906372,41000
1992-01-24,2.2376369748796736,2.2737278938293457,2.2376369748796736,2.2737278938293457,22400
1992-01-27,2.2737278938293457,2.2737278938293457,2.2737278938293457,2.2737278938293457,0
1992-01-28,2.2376369748796736,2.2737278938293457,2.2376369748796736,2.2737278938293457,1600
1992-01-29,2.2737278938293457,2.2737278938293457,2.2737278938293457,2.2737278938293457,5000
1992-01-30,2.2737278938293457,2.2737278938293457,2.2737278938293457,2.2737278938293457,0
1992-01-31,2.2737278938293457,2.2737278938293457,2.2737278938293457,2.2737278938293457,0
1992-02-03,2.2737266533076763,2.3098175525665283,2.2737266533076763,2.3098175525665283,2000
1992-02-04,2.3098175525665283,2.3098175525665283,2.3098175525665283,2.3098175525665283,12200
1992-02-05,2.2737278938293457,2.2737278938293457,2.2737278938293457,2.2737278938293457,400
1992-02-06,2.2737278938293457,2.2737278938293457,2.2737278938293457,2.2737278938293457,0
1992-02-07,2.2737278938293457,2.2737278938293457,2.2737278938293457,2.2737278938293457,600
1992-02-10,2.3098176525485132,2.3098176525485132,2.237635850906372,2.237635850906372,30600
1992-02-11,2.237635850906372,2.237635850906372,2.237635850906372,2.237635850906372,15000
1992-02-12,2.2376369748796736,2.2737278938293457,2.2376369748796736,2.2737278938293457,23000
1992-02-13,2.273727189249067,2.562454451375933,2.237636281483209,2.4180908203125,39400
1992-02-14,2.454181432723999,2.454181432723999,2.454181432723999,2.454181432723999,200
1992-02-18,2.598545369967608,2.598545369967608,2.5624544620513916,2.5624544620513916,73000
1992-02-19,2.5263635541351745,2.598545369967608,2.5263635541351745,2.5624544620513916,44600
1992-02-20,2.5624544620513916,2.5624544620513916,2.5624544620513916,2.5624544620513916,200
1992-02-21,2.562454519953046,2.562454519953046,2.5263636112213135,2.5263636112213135,2200
1992-02-24,2.562454519953046,2.562454519953046,2.5263636112213135,2.5263636112213135,3200
1992-02-25,2.5624544620513916,2.5624544620513916,2.5624544620513916,2.5624544620513916,800
1992-02-26,2.5624544620513916,2.5624544620513916,2.5624544620513916,2.5624544620513916,200
1992-02-27,2.5263636112213135,2.5263636112213135,2.5263636112213135,2.5263636112213135,1600
1992-02-28,2.454181615857111,2.4902725219726562,2.454181615857111,2.4902725219726562,6600
1992-03-02,2.4902727024895803,2.5263636112213135,2.4902727024895803,2.5263636112213135,3200
1992-03-03,2.562453191574306,2.6346349716186523,2.562453191574306,2.6346349716186523,2800
1992-03-04,2.6346349716186523,2.6346349716186523,2.6346349716186523,2.6346349716186523,4000
1992-03-05,2.5985454286847793,2.5985454286847793,2.5263636112213135,2.5263636112213135,18200
1992-03-06,2.5263636112213135,2.5263636112213135,2.5263636112213135,2.5263636112213135,0
1992-03-09,2.5263636112213135,2.5263636112213135,2.5263636112213135,2.5263636112213135,1000
1992-03-10,2.5624544620513916,2.5624544620513916,2.5624544620513916,2.5624544620513916,600
1992-03-11,2.598545789718628,2.598545789718628,2.598545789718628,2.598545789718628,3000
1992-03-12,2.598545789718628,2.598545789718628,2.5624548759725356,2.598545789718628,6400
1992-03-13,2.598545369967608,2.598545369967608,2.5624544620513916,2.5624544620513916,6000
1992-03-16,2.598545789718628,2.6707276172108116,2.598545789718628,2.598545789718628,30200
1992-03-17,2.598545369967608,2.598545369967608,2.5263635541351745,2.5624544620513916,31200
1992-03-18,2.5624544620513916,2.5624544620513916,2.5624544620513916,2.5624544620513916,200
1992-03-19,2.526363428088202,2.526363428088202,2.4902725219726562,2.4902725219726562,10000
1992-03-20,2.4902725219726562,2.4902725219726562,2.4902725219726562,2.4902725219726562,1400
1992-03-23,2.4902727024895803,2.5263636112213135,2.4902727024895803,2.5263636112213135,10200
1992-03-24,2.562454519953046,2.562454519953046,2.5263636112213135,2.5263636112213135,2000
1992-03-25,2.5263635541351745,2.5624544620513916,2.5263635541351745,2.5624544620513916,22000
1992-03-26,2.5624548759725356,2.598545789718628,2.5624548759725356,2.598545789718628,2400
1992-03-27,2.562454519953046,2.6346363374165125,2.5263636112213135,2.5263636112213135,56400
1992-03-30,2.562454334203748,2.562454334203748,2.4902725219726562,2.4902725219726562,38600
1992-03-31,2.454181615857111,2.4902725219726562,2.454181615857111,2.4902725219726562,2800
1992-04-01,2.4180908203125,2.5263635436100746,2.4180908203125,2.4180908203125,45000
1992-04-02,2.4180908203125,2.4180908203125,2.4180908203125,2.4180908203125,19600
1992-04-03,2.4180908203125,2.4180908203125,2.4180908203125,2.4180908203125,20400
1992-04-06,2.4180908203125,2.4180908203125,2.4180908203125,2.4180908203125,2200
1992-04-07,2.454181728078358,2.454181728078358,2.4180908203125,2.4180908203125,30000
1992-04-08,2.4180908203125,2.4180908203125,2.4180908203125,2.4180908203125,61400
1992-04-09,2.4180905293015873,2.454181432723999,2.4180905293015873,2.454181432723999,27200
1992-04-10,2.4180905293015873,2.4902723361464107,2.4180905293015873,2.454181432723999,18000
1992-04-13,2.4180905293015873,2.454181432723999,2.4180905293015873,2.454181432723999,20600
1992-04-14,2.454181432723999,2.454181432723999,2.454181432723999,2.454181432723999,0
1992-04-15,2.4180908203125,2.4180908203125,2.4180908203125,2.4180908203125,1400
1992-04-16,2.4902723361464107,2.4902723361464107,2.454181432723999,2.454181432723999,3000
1992-04-20,2.4902726358442164,2.4902726358442164,2.4180908203125,2.4180908203125,6800
1992-04-21,2.3819994926452637,2.3819994926452637,2.3819994926452637,2.3819994926452637,37400
1992-04-22,2.3459084518253803,2.3459084518253803,2.3098175525665283,2.3098175525665283,7600
1992-04-23,2.3098175525665283,2.3098175525665283,2.3098175525665283,2.3098175525665283,800
1992-04-24,2.273727189249067,2.4180908203125,2.273727189249067,2.4180908203125,48600
1992-04-27,2.454181615857111,2.4902725219726562,2.454181615857111,2.4902725219726562,25400
1992-04-28,2.4902725219726562,2.4902725219726562,2.4902725219726562,2.4902725219726562,2200
1992-04-29,2.4902725219726562,2.4902725219726562,2.454181615857111,2.4902725219726562,6400
1992-04-30,2.4541821347342596,2.598545789718628,2.4541821347342596,2.598545789718628,6000
1992-05-01,2.598545789718628,2.598545789718628,2.598545789718628,2.598545789718628,0
1992-05-04,2.598545789718628,2.598545789718628,2.598545789718628,2.598545789718628,8800
1992-05-05,2.598545789718628,2.598545789718628,2.598545789718628,2.598545789718628,7000
1992-05-06,2.598545789718628,2.598545789718628,2.598545789718628,2.598545789718628,7000
1992-05-07,2.670726960500081,2.706817865371704,2.6346360556284583,2.706817865371704,13200
1992-05-08,2.742908770243327,2.742908770243327,2.706817865371704,2.706817865371704,5200
1992-05-11,2.706817106196755,2.742908000946045,2.706817106196755,2.742908000946045,12400
1992-05-12,2.706817865371704,2.706817865371704,2.706817865371704,2.706817865371704,20800
1992-05-13,2.742908000946045,2.742908000946045,2.742908000946045,2.742908000946045,1600
1992-05-14,2.815091678074428,2.815091678074428,2.779000759124756,2.779000759124756,5600
1992-05-15,2.779000759124756,2.779000759124756,2.779000759124756,2.779000759124756,2800
1992-05-18,2.779000759124756,2.779000759124756,2.779000759124756,2.779000759124756,8400
1992-05-19,2.8150901258661505,3.212090015411377,2.8150901258661505,3.212090015411377,37000
1992-05-20,3.175997903611925,3.2481796741485596,3.1399070183436075,3.2481796741485596,44200
1992-05-21,3.212090658587079,3.212090658587079,3.0677270334820417,3.103817939758301,55600
1992-05-22,3.1399088460345603,3.1399088460345603,3.103817939758301,3.103817939758301,2400
1992-05-26,3.1038161330752905,3.2481796741485596,3.1038161330752905,3.2481796741485596,14600
1992-05-27,3.248181564863338,3.248181564863338,3.103817939758301,3.103817939758301,18400
1992-05-28,3.103817939758301,3.1399088460345603,3.103817939758301,3.103817939758301,32000
1992-05-29,3.1759991645812993,3.1759991645812993,3.1759991645812993,3.175999164581299,16000
1992-06-01,3.1399088460345603,3.1399088460345603,3.103817939758301,3.103817939758301,28400
1992-06-02,3.0677268505096436,3.0677268505096436,3.0677268505096436,3.0677268505096436,800
1992-06-03,3.0677278694652377,3.0677278694652377,3.031636953353882,3.031636953353882,47600
1992-06-04,3.031636953353882,3.031636953353882,2.9955460372425264,3.031636953353882,3200
1992-06-05,2.995544195175171,2.995544195175171,2.995544195175171,2.995544195175171,20200
1992-06-08,2.959454166889191,2.9955450713634493,2.887272357940674,2.887272357940674,77000
1992-06-09,2.8511814534664155,2.887272357940674,2.8511814534664155,2.887272357940674,7600
1992-06-10,2.923363317417193,2.959454222570492,2.815090601957297,2.8511815071105957,13400
1992-06-11,2.887272357940674,2.887272357940674,2.887272357940674,2.887272357940674,5000
1992-06-12,2.8872715134218514,3.067725983010717,2.8872715134218514,2.995544195175171,142800
1992-06-15,2.9955459280711847,2.9955459280711847,2.959455013275146,2.9594550132751465,4200
1992-06-16,3.031636953353882,3.031636953353882,3.031636953353882,3.031636953353882,8600
1992-06-17,3.103817939758301,3.1399088460345603,3.0677270334820417,3.103817939758301,49600
1992-06-18,3.103817939758301,3.103817939758301,3.103817939758301,3.103817939758301,100000
1992-06-19,3.1038176492712966,3.175999455068303,3.1038176492712966,3.1399085521698,39000
1992-06-22,3.10381687692849,3.10381687692849,2.9594533012573976,2.995544195175171,115800
1992-06-23,2.9955459280711847,2.9955459280711847,2.959455013275146,2.9594550132751465,15000
1992-06-24,2.9233617782592773,2.9594526644106263,2.887270892107928,2.9233617782592773,179600
1992-06-25,2.9233617782592773,2.9233617782592773,2.887270892107928,2.9233617782592773,59000
1992-06-26,2.8872715134218514,2.995544195175171,2.8872715134218514,2.995544195175171,1945800
1992-06-29,3.031636127205782,3.103817939758301,3.031636127205782,3.103817939758301,175400
1992-06-30,3.1038187855765935,3.1038187855765935,3.031636953353882,3.031636953353882,210200
1992-07-01,3.031636127205782,3.103817939758301,3.031636127205782,3.103817939758301,98400
1992-07-02,3.1038176492712966,3.175999455068303,3.1038176492712966,3.1399085521698,72000
1992-07-06,3.1399069216943554,3.3564522266387935,3.1399069216943554,3.356452226638794,40200
1992-07-07,3.3564552186609626,3.3564552186609626,3.2842733860015874,3.284273386001587,140200
1992-07-08,3.212090690085229,3.3925452232360844,3.212090690085229,3.392545223236084,116600
1992-07-09,3.3564543166059133,3.4286361298662555,3.3564543166059133,3.392545223236084,107800
1992-07-10,3.392545985192368,3.5008187294006348,3.392545985192368,3.5008187294006348,145000
1992-07-13,3.5369088095848005,3.7173633406860658,3.5369088095848005,3.5729997158050537,154200
1992-07-14,3.5729991888999937,3.645180990695953,3.536908288002014,3.6090900897979736,276800
1992-07-15,3.609089481020437,3.71736216545105,3.609089481020437,3.71736216545105,243000
1992-07-16,3.7173626913743862,3.7173626913743862,3.645180891541874,3.68127179145813,72800
1992-07-17,3.6451815282455597,3.6451815282455597,3.5729997158050533,3.5729997158050537,103600
1992-07-20,3.536907545410761,3.6451802253723145,3.536907545410761,3.6451802253723145,23400
1992-07-21,3.609089481020437,3.71736216545105,3.609089481020437,3.71736216545105,9800
1992-07-22,3.7173624104923673,3.933907793627845,3.7173624104923673,3.8978168964385986,334600
1992-07-23,3.970001624511169,4.006092548370361,3.9339107006519765,4.006092548370361,127000
1992-07-24,4.006090130761405,4.006090130761405,3.8256356203667474,3.8617265224456787,159200
1992-07-27,3.8256356203667474,3.8978174245246104,3.8256356203667474,3.8617265224456787,44800
1992-07-28,3.8978168964385986,3.969998690817091,3.8978168964385986,3.8978168964385986,197800
1992-07-29,3.8978173229672497,3.969999125244421,3.8978173229672497,3.933908224105835,119200
1992-07-30,3.9700000286102295,3.9700000286102295,3.9339091192592273,3.9700000286102295,54000
1992-07-31,3.9700000286102295,4.006090937961232,3.9700000286102295,3.9700000286102295,216200
1992-08-03,4.006092548370361,4.042183472229554,3.970001624511169,4.006092548370361,86600
1992-08-04,3.9700000286102295,3.9700000286102295,3.9700000286102295,3.9700000286102295,11600
1992-08-05,3.9699982745306834,4.042180061340332,3.9699982745306834,4.042180061340332,60000
1992-08-06,4.042180061340332,4.042180061340332,4.0060891679355075,4.042180061340332,183000
1992-08-07,4.0060891679355075,4.0782709547451566,4.0060891679355075,4.042180061340332,234800
1992-08-10,4.042181909611795,4.114363729426291,4.042181909611795,4.078272819519043,14200
1992-08-11,4.0421804461562845,4.1143622398376465,4.006089549315604,4.1143622398376465,8600
1992-08-12,4.114361721536388,4.150452613830566,4.04217993694803,4.150452613830566,16400
1992-08-13,4.114363499176807,4.330908946501903,4.114363499176807,4.2226362228393555,90400
1992-08-14,4.186544738897756,4.2948174476623535,4.186544738897756,4.2948174476623535,49200
1992-08-17,4.2587252907131035,4.2587252907131035,4.150452613830566,4.150452613830566,36600
1992-08-18,4.114363729426291,4.114363729426291,4.042181909611795,4.078272819519043,138200
1992-08-19,4.042180061340332,4.0782709547451566,4.042180061340332,4.042180061340332,28400
1992-08-20,4.042180061340332,4.0782709547451566,4.0060891679355075,4.042180061340332,25000
1992-08-21,4.042180061340332,4.042180061340332,4.042180061340332,4.042180061340332,200
1992-08-24,4.042183472229554,4.042183472229554,4.006092548370361,4.006092548370361,17200
1992-08-25,4.042181909611795,4.078272819519043,4.042181909611795,4.078272819519043,36200
1992-08-26,4.078270829242209,4.186543506124745,4.078270829242209,4.150452613830566,245600
1992-08-27,4.150454351457499,4.294817981073412,4.150454351457499,4.258727073669434,268800
1992-08-28,4.2587250868479405,4.366997758547464,4.2587250868479405,4.330906867980957,532600
1992-08-31,4.367000044369306,4.403090953826904,4.367000044369306,4.403090953826904,68800
1992-09-01,4.40309015642695,4.40309015642695,4.2948174476623535,4.2948174476623535,91000
1992-09-02,4.330906867980957,4.330906867980957,4.294815977414449,4.330906867980957,104200
1992-09-03,4.330906867980957,4.330906867980957,4.330906867980957,4.330906867980957,110000
1992-09-04,4.2948174476623535,4.2948174476623535,4.2948174476623535,4.2948174476623535,200
1992-09-08,4.330908720158348,4.366999626159668,4.330908720158348,4.366999626159668,70800
1992-09-09,4.366999626159668,4.366999626159668,4.330908720158348,4.366999626159668,85000
1992-09-10,4.330908720158348,4.403090532160987,4.330908720158348,4.366999626159668,90200
1992-09-11,4.366999626159668,4.403090532160987,4.330908720158348,4.366999626159668,87600
1992-09-14,4.366998999349533,4.475271701812744,4.366998999349533,4.475271701812744,178600
1992-09-15,4.439181863284502,4.439181863284502,4.403090953826904,4.403090953826904,36400
1992-09-16,4.366998999349533,4.475271701812744,4.330908098528463,4.475271701812744,138000
1992-09-17,4.4752729521023005,4.619636595718504,4.4752729521023005,4.583545684814453,125000
1992-09-18,4.511361199665845,4.511361199665845,4.403088530873864,4.439179420471191,104200
1992-09-21,4.475273949759347,4.547455787658691,4.475273949759347,4.547455787658691,99800
1992-09-22,4.547455787658691,4.547455787658691,4.475273949759347,4.547455787658691,452800
1992-09-23,4.547453503454886,4.547453503454886,4.475271701812744,4.475271701812744,139200
1992-09-24,4.4752703100685185,4.511361199665845,4.439179420471191,4.439179420471191,63600
1992-09-25,4.475272772742099,4.475272772742099,4.403090953826904,4.403090953826904,9000
1992-09-28,4.330906867980957,4.330906867980957,4.330906867980957,4.330906867980957,8400
1992-09-29,4.330908720158348,4.366999626159668,4.294817814157029,4.366999626159668,90400
1992-09-30,4.403089900170603,4.511362602633815,4.403089900170603,4.475271701812744,145200
1992-10-01,4.4752703100685185,4.4752703100685185,4.403088530873864,4.439179420471191,86000
1992-10-02,4.403089317782172,4.403089317782172,4.186543941497803,4.186543941497803,122600
1992-10-05,4.150452741554806,4.150452741554806,4.042180061340332,4.042180061340332,52600
1992-10-06,4.1143636660142375,4.1143636660142375,3.9339091192592273,3.9700000286102295,295600
1992-10-07,3.9700000897972987,4.186545549240788,3.9700000897972987,4.078272819519043,117800
1992-10-08,4.078272819519043,4.078272819519043,4.078272819519043,4.078272819519043,141400
1992-10-09,4.042183472229554,4.042183472229554,3.970001624511169,4.006092548370361,76000
1992-10-12,3.9699982745306834,4.042180061340332,3.9699982745306834,4.042180061340332,17600
1992-10-13,4.042180061340332,4.0782709547451566,4.0060891679355075,4.042180061340332,52600
1992-10-14,4.078272819519043,4.078272819519043,4.042181909611795,4.078272819519043,68800
1992-10-15,4.078271342996966,4.1143622398376465,4.078271342996966,4.1143622398376465,153800
1992-10-16,4.0421804461562845,4.150453136678328,4.0421804461562845,4.1143622398376465,163600
1992-10-19,4.114363444053521,4.258727073669434,4.114363444053521,4.258727073669434,151400
1992-10-20,4.294815977414449,4.366997758547464,4.294815977414449,4.330906867980957,215400
1992-10-21,4.330906867980957,4.330906867980957,4.294815977414449,4.330906867980957,14800
1992-10-22,4.294815977414449,4.330906867980957,4.294815977414449,4.330906867980957,5400
1992-10-23,4.33090888847739,4.33090888847739,4.222636166265455,4.258727073669434,32800
1992-10-26,4.294815977414449,4.330906867980957,4.294815977414449,4.330906867980957,126800
1992-10-27,4.2948174476623535,4.2948174476623535,4.258726544740821,4.2948174476623535,5200
1992-10-28,4.294817981073412,4.294817981073412,4.258727073669434,4.258727073669434,4000
1992-10-29,4.2948174476623535,4.2948174476623535,4.258726544740821,4.2948174476623535,37000
1992-10-30,4.258727073669434,4.258727073669434,4.258727073669434,4.258727073669434,2400
1992-11-02,4.330906867980957,4.366997758547464,4.330906867980957,4.330906867980957,892600
1992-11-03,4.330906867980957,4.330906867980957,4.330906867980957,4.330906867980957,8200
1992-11-04,4.2587271307268715,4.2587271307268715,4.2226362228393555,4.2226362228393555,11800
1992-11-05,4.150452613830566,4.186543506124745,4.150452613830566,4.150452613830566,236800
1992-11-06,4.1504544070643234,4.2226362228393555,4.1504544070643234,4.2226362228393555,360200
1992-11-09,4.186543941497803,4.222634837545197,4.150453045450408,4.186543941497803,12800
1992-11-10,4.222636166265455,4.258727073669434,4.222636166265455,4.258727073669434,66200
1992-11-11,4.222636002154389,4.366999626159668,4.222636002154389,4.366999626159668,120000
1992-11-12,4.366998421734777,4.366998421734777,4.186543941497803,4.186543941497803,57200
1992-11-13,4.186544738897756,4.2948174476623535,4.186544738897756,4.2948174476623535,147600
1992-11-16,4.330908946501903,4.330908946501903,4.2226362228393555,4.2226362228393555,18800
1992-11-17,4.258725827200371,4.294816724041052,4.1143622398376465,4.1143622398376465,109800
1992-11-18,4.078271342996966,4.150453136678328,4.078271342996966,4.1143622398376465,142000
1992-11-19,4.042180485195583,4.042180485195583,3.8978168964385986,3.8978168964385986,183600
1992-11-20,3.933907381125859,4.042180061340332,3.933907381125859,4.042180061340332,105200
1992-11-23,4.060225508042745,4.060225508042745,4.0060891679355075,4.042180061340332,22000
1992-11-24,4.006089549315604,4.150453136678328,4.006089549315604,4.1143622398376465,75800
1992-11-25,4.042183472229554,4.078274396088746,4.006092548370361,4.006092548370361,39800
1992-11-27,4.042180061340332,4.042180061340332,4.0060891679355075,4.042180061340332,16800
1992-11-30,3.9339107006519765,4.006092548370361,3.9339107006519765,4.006092548370361,94200
1992-12-01,4.042180485195583,4.042180485195583,3.825635102060106,3.8978168964385986,97600
1992-12-02,3.8256356203667474,3.8617265224456787,3.753453816208884,3.8617265224456787,143200
1992-12-03,3.8978168964385986,3.933907793627845,3.825635102060106,3.8978168964385986,44200
1992-12-04,3.861726421828664,4.042180927521592,3.861726421828664,3.933908224105835,146800
1992-12-07,3.9339082241058354,3.969999125244421,3.9339082241058354,3.933908224105835,115400
1992-12-08,3.933907381125859,4.042180061340332,3.933907381125859,4.042180061340332,64200
1992-12-09,4.042183472229554,4.042183472229554,4.006092548370361,4.006092548370361,75200
1992-12-10,4.006092548370361,4.006092548370361,3.9339107006519765,4.006092548370361,44000
1992-12-11,4.006090937961232,4.006090937961232,3.9700000286102295,3.9700000286102295,32600
1992-12-14,4.0060891679355075,4.042180061340332,4.0060891679355075,4.042180061340332,564800
1992-12-15,4.042180357308223,4.186543941497803,4.042180357308223,4.186543941497803,217000
1992-12-16,4.1865453149518395,4.2226362228393555,4.1865453149518395,4.2226362228393555,7800
1992-12-17,4.2587250868479405,4.366997758547464,4.2587250868479405,4.330906867980957,22200
1992-12-18,4.33090805053711,4.511362552642822,4.33090805053711,4.511362552642822,123800
1992-12-21,4.4752703100685185,4.511361199665845,4.330906751679211,4.439179420471191,62600
1992-12-22,4.403088649113973,4.511361320813497,4.330906867980957,4.330906867980957,116600
1992-12-23,4.2587252907131035,4.2587252907131035,4.150452613830566,4.150452613830566,160600
1992-12-24,4.186543941497803,4.258725733592592,4.186543941497803,4.186543941497803,29200
1992-12-28,4.186543506124745,4.222634398418925,4.150452613830566,4.150452613830566,14600
1992-12-29,4.150454351457499,4.258727073669434,4.150454351457499,4.258727073669434,39800
1992-12-30,4.258726544740821,4.2948174476623535,4.258726544740821,4.2948174476623535,28400
1992-12-31,4.330906867980957,4.366997758547464,4.330906867980957,4.330906867980957,90000
1993-01-04,4.403088649113973,4.403088649113973,4.2587250868479405,4.330906867980957,411400
1993-01-05,4.222635641819289,4.2948174476623535,4.222635641819289,4.2948174476623535,251800
1993-01-06,4.294817981073412,4.366999795881369,4.258727073669434,4.258727073669434,316000
1993-01-07,4.258726544740821,4.3309083505838855,4.258726544740821,4.2948174476623535,208800
1993-01-08,4.294816629639987,4.3309075256873815,4.186543941497803,4.186543941497803,487400
1993-01-11,4.150452613830566,4.150452613830566,4.150452613830566,4.150452613830566,8400
1993-01-12,4.186543941497803,4.222634837545197,4.186543941497803,4.186543941497803,114600
1993-01-13,4.1504544070643234,4.2226362228393555,4.1504544070643234,4.2226362228393555,35400
1993-01-14,4.258727073669434,4.258727073669434,4.258727073669434,4.258727073669434,13000
1993-01-15,4.294815977414449,4.330906867980957,4.294815977414449,4.330906867980957,37400
1993-01-18,4.294815977414449,4.330906867980957,4.2587250868479405,4.330906867980957,42000
1993-01-19,4.330908946501903,4.330908946501903,4.1504544070643234,4.2226362228393555,96000
1993-01-20,4.222634837545197,4.222634837545197,4.150453045450408,4.186543941497803,7800
1993-01-21,4.222634837545197,4.222634837545197,4.186543941497803,4.186543941497803,77800
1993-01-22,4.2226362228393555,4.2587271307268715,4.1504544070643234,4.2226362228393555,117400
1993-01-25,4.222637517111642,4.547455787658691,4.222637517111642,4.547455787658691,94600
1993-01-26,4.547453306615353,4.691816903650761,4.547453306615353,4.619635105133057,209200
1993-01-27,4.619636949642684,4.655727863311768,4.583546035973601,4.655727863311768,107000
1993-01-28,4.655727506622554,4.655727506622554,4.583545684814453,4.583545684814453,59800
1993-01-29,4.619635379675663,4.763998985290527,4.619635379675663,4.763998985290527,221200
1993-02-01,4.764000007574507,5.088818189909132,4.764000007574507,5.016636371612549,195800
1993-02-02,5.052726479137645,5.052726479137645,4.872271962025587,4.908362865447998,51000
1993-02-03,4.908362865447998,4.9805446722928215,4.908362865447998,4.908362865447998,45000
1993-02-04,4.836181815343959,4.944454542553152,4.727909088134766,4.727909088134766,207400
1993-02-05,4.655728544507708,4.655728544507708,4.547455787658691,4.547455787658691,159400
1993-02-08,4.547453306615353,4.655726004391909,4.439180608838797,4.619635105133057,219400
1993-02-09,4.691817133050216,4.8000898361206055,4.655726232026753,4.8000898361206055,43600
1993-02-10,4.763999825093284,4.872272548390858,4.763999825093284,4.836181640625,96400
1993-02-11,4.872272325598676,5.016635950060858,4.83618141948313,4.9805450439453125,61800
1993-02-12,4.9083632865961455,4.944454193115234,4.872272380077057,4.944454193115234,249600
1993-02-16,4.908363456156716,4.908363456156716,4.727908917327425,4.836181640625,117200
1993-02-17,4.836180637500904,4.908362438060619,4.800089737221047,4.872271537780762,128000
1993-02-18,4.944455183214611,5.197091579437256,4.944455183214611,5.197091579437256,481800
1993-02-19,5.6301795808892505,5.6301795808892505,5.41363421239351,5.48581600189209,1242400
1993-02-22,5.521908178637105,5.630180888022146,5.449726372380411,5.594089984893799,753600
1993-02-23,5.594089410866902,5.666271209716797,5.557998511441954,5.666271209716797,507600
1993-02-24,5.666270345090383,5.991088390350342,5.63017945117261,5.991088390350342,388600
1993-02-25,5.991090255447581,6.063272065754178,5.702363014221191,5.702363014221191,525600
1993-02-26,5.630181789398193,5.630181789398193,5.485818153772599,5.630181789398193,341800
1993-03-01,5.702360011913158,5.882814442669904,5.702360011913158,5.846723556518555,284800
1993-03-02,5.810636523207264,6.099363803863525,5.738454703043199,6.099363803863525,732800
1993-03-03,5.810638150301847,5.991092751242898,5.774547230113637,5.9550018310546875,236600
1993-03-04,5.955000941346331,5.955000941346331,5.810637282162177,5.918910026550293,117600
1993-03-05,5.918911193468555,5.918911193468555,5.738456583911588,5.810638427734375,116600
1993-03-08,5.846729349645768,5.846729349645768,5.774547505822981,5.810638427734375,46200
1993-03-09,5.846726468030145,6.135453701019287,5.846726468030145,6.135453701019287,232600
1993-03-10,6.135454713945559,6.243727444191657,6.02718198369946,6.099363803863525,169400
1993-03-11,6.135454713945559,6.135454713945559,6.02718198369946,6.099363803863525,93000
1993-03-12,6.063272893781493,6.099363803863525,5.991091073617428,6.099363803863525,76000
1993-03-15,6.171544551849365,6.171544551849365,6.099362744225396,6.171544551849365,44000
1993-03-16,6.171541380882263,6.496359348297119,6.135450495613946,6.496359348297119,110800
1993-03-17,6.532453424629124,6.532453424629124,6.135453492745586,6.2798171043396,142000
1993-03-18,6.243727913010591,6.388091564178466,6.243727913010591,6.388091564178467,115000
1993-03-19,6.388088990311596,6.532452583312988,6.315907193810901,6.532452583312988,127600
1993-03-22,6.568546542231901,6.965546607971191,6.532455627164692,6.965546607971191,202600
1993-03-23,7.001635886253195,7.037726792883366,6.748999539841997,6.785090446472168,210400
1993-03-24,6.785091940731926,6.785091940731926,6.676819196996841,6.7490010261535645,310400
1993-03-25,6.749003184469123,6.85727596282959,6.712912258348966,6.85727596282959,276400
1993-03-26,6.8933647778367755,7.0016375230384,6.8933647778367755,6.965546607971191,176800
1993-03-29,6.929452419281006,7.037725113332271,6.893361521263917,6.929452419281006,223600
1993-03-30,6.929449758222026,6.929449758222026,6.640722684962775,6.712904453277588,323200
1993-03-31,6.712904453277587,6.748995337434994,6.712904453277587,6.712904453277588,80200
1993-04-01,6.676814152243359,6.676814152243359,6.604632377624511,6.604632377624512,16000
1993-04-02,6.532452827150172,6.532452827150172,6.315907429565083,6.351998329162598,93000
1993-04-05,6.460268463028802,6.496359348297119,6.315904921955533,6.496359348297119,119600
1993-04-06,6.532452583312988,6.568543481563337,6.496361685062641,6.532452583312988,9200
1993-04-07,6.496361036558409,6.785088193738782,6.496361036558409,6.676815509796143,160400
1993-04-08,6.712905039552782,6.712905039552782,6.49635971569624,6.604632377624512,40400
1993-04-12,6.604632377624511,6.640723264933935,6.532450603005664,6.604632377624512,15400
1993-04-13,6.532450032490555,6.712904453277587,6.532450032490555,6.712904453277588,72200
1993-04-14,6.712904453277587,6.7850862215924,6.712904453277587,6.712904453277588,186200
1993-04-15,6.676819196996841,6.785091940731926,6.64072828241848,6.7490010261535645,25600
1993-04-16,6.748993351345971,6.8572659719557985,6.676811604272752,6.8211750984191895,15200
1993-04-19,6.89336109161377,6.89336109161377,6.89336109161377,6.8933610916137695,13600
1993-04-20,6.929452419281006,7.001634215315183,6.857270623246828,6.929452419281006,33000
1993-04-21,6.857270623246828,6.965543317298094,6.857270623246828,6.929452419281006,84800
1993-04-22,6.929451987381381,6.965542883148992,6.89336109161377,6.8933610916137695,19600
1993-04-23,6.893356845492408,6.893356845492408,6.8211750984191895,6.8211750984191895,66000
1993-04-26,6.785091940731926,6.785091940731926,6.676819196996841,6.7490010261535645,31800
1993-04-27,6.676814115565756,6.712905002676923,6.604632341343424,6.64072322845459,287000
1993-04-28,6.640722889370389,6.640722889370389,6.496359348297119,6.496359348297119,15000
1993-04-29,6.568543726747687,6.568543726747687,6.3519983291625985,6.351998329162598,93200
1993-04-30,6.351997992895932,6.351997992895932,6.171543504461388,6.243725299835205,93800
1993-05-03,6.2076344021482965,6.279816197522114,6.2076344021482965,6.243725299835205,65000
1993-05-04,6.279817692069121,6.279817692069121,6.1715449732403425,6.207635879516602,59400
1993-05-05,6.2437267857928616,6.2437267857928616,6.207635879516602,6.207635879516602,30000
1993-05-06,6.2437266213553295,6.315908432006836,6.2437266213553295,6.315908432006836,208600
1993-05-07,6.388088990311596,6.532452583312988,6.388088990311596,6.532452583312988,97000
1993-05-10,6.424179788269749,6.496361583643566,6.2076344021482965,6.243725299835205,163600
1993-05-11,6.243727913010591,6.388091564178466,6.171546087426654,6.388091564178467,223600
1993-05-12,6.388089131773188,6.532452727971452,6.351998232723622,6.424180030822754,42800
1993-05-13,6.496362958635602,6.496362958635602,6.207635716029576,6.315908432006836,68800
1993-05-14,6.279816529967569,6.3519983291625985,6.279816529967569,6.351998329162598,14800
1993-05-17,6.351998910136606,6.38808981303511,6.243726201441096,6.2798171043396,145600
1993-05-18,6.279817692069121,6.279817692069121,6.207635879516602,6.207635879516602,63800
1993-05-19,6.243725299835205,6.243725299835205,6.2076344021482965,6.243725299835205,57200
1993-05-20,6.2437291925603695,6.2437291925603695,5.846729070490057,5.9550018310546875,91200
1993-05-21,5.991091856142369,5.991091856142369,5.918910026550292,5.918910026550293,58200
1993-05-24,5.918910026550292,5.918910026550292,5.882819111754254,5.918910026550293,10000
1993-05-25,5.882816995464781,5.882816995464781,5.738453388214111,5.738453388214111,138400
1993-05-26,5.738456583911588,5.810638427734375,5.738456583911588,5.810638427734375,903600
1993-05-27,5.846728196958216,5.918910026550292,5.774546367366139,5.918910026550293,338600
1993-05-28,5.918908225165473,6.171544551849365,5.882817321353488,6.171544551849365,99800
1993-06-01,6.3520012740250476,6.568546772003175,6.3520012740250476,6.568546772003174,63000
1993-06-02,6.821181275627829,7.1459994316101065,6.821181275627829,7.145999431610107,231600
1993-06-03,7.182088705400625,7.182088705400625,6.929452419281006,6.929452419281006,63800
1993-06-04,6.965546607971191,6.965546607971191,6.929455692903984,6.965546607971191,77200
1993-06-07,6.929452419281006,6.965543317298094,6.929452419281006,6.929452419281006,20200
1993-06-08,6.929455692903984,6.965546607971191,6.929455692903984,6.965546607971191,39600
1993-06-09,6.938087265726198,6.9742231369018555,6.938087265726198,6.9742231369018555,27000
1993-06-10,6.938080935134101,7.010352611541747,6.938080935134101,7.010352611541748,78800
1993-06-11,7.0103521446907076,7.0103521446907076,6.901944637298583,6.901944637298584,180400
1993-06-14,7.046485878527164,7.046485878527164,6.9380784034729,6.9380784034729,34000
1993-06-15,6.9380801361386135,7.2994384765625,6.9380801361386135,7.2994384765625,92400
1993-06-16,7.299438319206239,7.335574152469635,7.15489498615265,7.227166652679443,79600
1993-06-17,7.263302796027239,7.480117804863873,7.263302796027239,7.371710300445557,67400
1993-06-18,7.480118711229781,7.69693374633789,7.3355753544910405,7.696933746337891,79800
1993-06-21,7.696935607327355,7.805343151092529,7.624663911483906,7.805343151092529,100200
1993-06-22,7.733070888790475,7.805342579339918,7.624663352966309,7.624663352966309,124600
1993-06-23,7.660796165466309,7.769203658373851,7.660796165466309,7.660796165466309,134200
1993-06-24,7.6246592135656455,7.6246592135656455,7.5162517365955175,7.5885233879089355,107400
1993-06-25,7.5885233879089355,7.5885233879089355,7.5523875622522265,7.5885233879089355,6600
1993-06-28,7.552388347112215,7.552388347112215,7.480116688288175,7.516252517700195,49400
1993-06-29,7.51625624326902,7.733071327209473,7.51625624326902,7.733071327209473,46400
1993-06-30,7.733072103456009,7.805343805357467,7.733072103456009,7.769207954406738,39800
1993-07-01,7.805343151092529,7.805343151092529,7.696935607327355,7.805343151092529,41400
1993-07-02,7.733073266964515,7.733073266964515,7.1910354211492455,7.443986415863037,260800
1993-07-06,7.407845978689665,7.407845978689665,7.263302642520111,7.2994384765625,228000
1993-07-07,7.371707108220444,7.407842927378387,7.335571289062501,7.3355712890625,60600
1993-07-08,7.335577843794182,7.371713695241444,7.263306140899658,7.263306140899658,33600
1993-07-09,7.2994384765625,7.335574310604888,7.263302642520111,7.2994384765625,79800
1993-07-12,7.335574152469635,7.371709985733033,7.227166652679444,7.227166652679443,26000
1993-07-13,7.227170289452396,7.263306140899658,7.227170289452396,7.263306140899658,14000
1993-07-14,7.227166033021494,7.480116844177246,7.227166033021494,7.480116844177246,91000
1993-07-15,7.443978746536331,7.443978746536331,7.335571289062501,7.3355712890625,42200
1993-07-16,7.263302485942841,7.263302485942841,7.227166652679444,7.227166652679443,19200
1993-07-19,7.263303478968512,7.263303478968512,7.010352611541747,7.010352611541748,48000
1993-07-20,7.04648900676418,7.04648900676418,6.685130596160888,6.685130596160889,22800
1993-07-21,6.612857178355871,6.612857178355871,6.215363031023005,6.432178020477295,264000
1993-07-22,6.432177707884048,6.540585197342767,6.432177707884048,6.504449367523193,29200
1993-07-23,6.540582237036332,6.685125490893488,6.468310610107753,6.648989677429199,79600
1993-07-26,6.685125490893488,6.685125490893488,6.61285386396491,6.648989677429199,68600
1993-07-27,6.648994755100559,6.757402278281546,6.648994755100559,6.685130596160889,35600
1993-07-28,6.685125490893488,6.685125490893488,6.61285386396491,6.648989677429199,35600
1993-07-29,6.648991735906549,6.648991735906549,6.612855911254882,6.612855911254883,3200
1993-07-30,6.648993009931586,6.648993009931586,6.359906357325865,6.432178020477295,83400
1993-08-02,6.396042504124136,6.468314170837402,6.323770837410868,6.468314170837402,67400
1993-08-03,6.468312911565791,6.540584564208984,6.432177085244195,6.540584564208984,15000
1993-08-04,6.468314170837402,6.468314170837402,6.396042504124136,6.468314170837402,49000
1993-08-05,6.468318697985481,6.468318697985481,6.143095970153809,6.143095970153809,150000
1993-08-06,6.106961059570312,6.106961059570312,5.962417602539062,5.9624176025390625,55800
1993-08-09,5.9985474272270425,6.251498222351074,5.962411599352181,6.251498222351074,48200
1993-08-10,6.287635478106412,6.359907150268555,6.2153638059442695,6.359907150268555,107000
1993-08-11,6.359906048244901,6.504449367523194,6.359906048244901,6.504449367523193,63800
1993-08-12,6.504445757184709,7.010347093854631,6.504445757184709,6.829668045043945,208400
1993-08-13,6.90193966456822,6.938075474330357,6.829668045043945,6.829668045043945,43600
1993-08-16,6.793532235281807,6.829668045043945,6.793532235281807,6.829668045043945,109000
1993-08-17,6.90195139455054,6.9742231369018555,6.90195139455054,6.9742231369018555,20400
1993-08-18,6.974216138399564,7.046487808227538,6.974216138399564,7.046487808227539,59000
1993-08-19,7.15489673614502,7.191032578246762,7.118760894043278,7.1548967361450195,12600
1993-08-20,7.1548964263218915,7.1548964263218915,7.082624745247933,7.118760585784912,20800
1993-08-23,7.118758357301051,7.118758357301051,7.082622528076172,7.082622528076172,409400
1993-08-24,7.118760585784912,7.1548964263218915,7.082624745247933,7.118760585784912,295800
1993-08-25,7.118766621604484,7.118766621604484,6.938087265726198,6.9742231369018555,25800
1993-08-26,6.974214228490988,7.010350053509076,6.865806753436724,6.9380784034729,70800
1993-08-27,6.938087265726198,6.9742231369018555,6.938087265726198,6.9742231369018555,33800
1993-08-30,6.938080935134101,7.010352611541747,6.938080935134101,7.010352611541748,68400
1993-08-31,6.974216138399564,7.046487808227538,6.974216138399564,7.046487808227539,56200
1993-09-01,6.974215040401537,7.082622528076172,6.974215040401537,7.082622528076172,27200
1993-09-02,7.046486698851294,7.118758357301051,7.046486698851294,7.082622528076172,126800
1993-09-03,7.082624287949394,7.082624287949394,7.010352611541747,7.010352611541748,30600
1993-09-07,7.010352611541747,7.046488449745571,7.010352611541747,7.010352611541748,42800
1993-09-08,7.0103519733135515,7.046487808227538,7.0103519733135515,7.046487808227539,160000
1993-09-09,7.0189900398254395,7.055170400855467,7.0189900398254395,7.0189900398254395,174000
1993-09-10,7.055171403017912,7.16371250152588,7.055171403017912,7.163712501525879,152200
1993-09-13,7.163712759017944,7.2360734939575195,7.163712759017944,7.2360734939575195,47200
1993-09-14,7.2360725963816925,7.380794048309327,7.2360725963816925,7.380794048309326,6800
1993-09-15,7.380796094830527,7.561697959899902,7.380796094830527,7.561697959899902,365000
1993-09-16,7.525513648986816,7.670235065313486,7.525513648986816,7.525513648986816,356800
1993-09-17,7.453153273909565,7.489333629608155,7.453153273909565,7.489333629608154,16400
1993-09-20,7.489336066246032,7.52551643371582,7.163712759017944,7.2360734939575195,66000
1993-09-21,7.272256851196289,7.272256851196289,7.199896086507769,7.272256851196289,296400
1993-09-22,7.272253299581593,7.344614028930663,7.236072934907058,7.344614028930664,8600
1993-09-23,7.344617615884809,7.344617615884809,7.272256851196289,7.272256851196289,11600
1993-09-24,7.308433664256128,7.416974758279734,7.308433664256128,7.344614028930664,29600
1993-09-27,7.416978472644843,7.489339238231621,7.380798089851453,7.453158855438232,102200
1993-09-28,7.453154774273144,7.453154774273144,7.380794048309327,7.380794048309326,48000
1993-09-29,7.380794742319844,7.380794742319844,7.308434009552002,7.308434009552002,21000
1993-09-30,7.30843332234551,7.380794048309327,7.2360725963816925,7.380794048309326,321200
1993-10-01,7.308431851115205,7.489333629608155,7.236071139718024,7.489333629608154,140800
1993-10-04,7.634057175438359,7.887319735760959,7.597876809677987,7.6702375411987305,329600
1993-10-05,7.706417906959102,7.706417906959102,7.634057175438359,7.6702375411987305,2200
1993-10-06,7.670236315046038,7.670236315046038,7.597875595092773,7.597875595092773,20600
1993-10-07,7.52551585230334,7.52551585230334,7.344614028930663,7.344614028930664,16000
1993-10-08,7.308431732411287,7.308431732411287,7.018988891523711,7.0913496017456055,561600
1993-10-11,7.091356919837121,7.091356919837121,6.982815742492676,6.982815742492676,19200
1993-10-12,7.018993382704885,7.055173760966251,6.874271869659424,6.874271869659424,20600
1993-10-13,6.946626663208008,6.946626663208008,6.874265968799591,6.946626663208008,63000
1993-10-14,6.946631773270388,6.946631773270388,6.765729904174805,6.765729904174805,9200
1993-10-15,6.7657271748748276,6.7657271748748276,6.54864501953125,6.54864501953125,19000
1993-10-18,6.548645155770439,6.548645155770439,6.3315629959106445,6.3315629959106445,316200
1993-10-19,6.331564520680628,6.331564520680628,6.223023414611817,6.223023414611816,101400
1993-10-20,6.2592041366978695,6.295384507430228,6.186843395233154,6.186843395233154,33800
1993-10-21,6.223023765965512,6.2592041366978695,6.114482653768439,6.186843395233154,47000
1993-10-22,6.186843395233154,6.186843395233154,6.150663024500797,6.186843395233154,21000
1993-10-25,6.15066385269165,6.223024603899788,6.15066385269165,6.15066385269165,80400
1993-10-26,6.114482754752749,6.150663126082647,6.078302383422852,6.078302383422852,30200
1993-10-27,6.114482754752749,6.114482754752749,6.042122012092953,6.078302383422852,248200
1993-10-28,6.114481529557562,6.114481529557562,6.005940437316895,6.0059404373168945,232800
1993-10-29,6.005943689287079,6.005943689287079,5.788861387264655,5.825041770935059,352600
1993-11-01,5.825043140758168,5.969764709472656,5.788862748579545,5.969764709472656,279200
1993-11-02,5.969764709472656,6.005945101651278,5.969764709472656,5.969764709472656,149000
1993-11-03,5.9335808753967285,5.9335808753967285,5.897400504205286,5.9335808753967285,66400
1993-11-04,5.897403240203857,5.9335836281805685,5.897403240203857,5.897403240203857,6000
1993-11-05,5.897400096405384,6.223023414611817,5.825039359026177,6.223023414611816,241800
1993-11-08,6.223024481146998,6.223024481146998,6.07830298158544,6.11448335647583,84200
1993-11-09,6.0782988223037275,6.295380923100289,6.042118472170967,6.259200572967529,124000
1993-11-10,6.223027454723011,6.259207846901633,5.9335843172940335,5.969764709472656,92200
1993-11-11,6.005940437316895,6.042120801397117,6.005940437316895,6.0059404373168945,16400
1993-11-12,5.969764709472656,6.005945101651278,5.86122353293679,5.969764709472656,15400
1993-11-15,6.005941617779616,6.005941617779616,5.897400504205286,5.9335808753967285,34000
1993-11-16,5.8974004805088045,5.933580851554871,5.7888593673706055,5.7888593673706055,207200
1993-11-17,5.7888593673706055,5.7888593673706055,5.716498625278473,5.7888593673706055,41000
1993-11-18,5.7888593673706055,5.7888593673706055,5.75267899632454,5.7888593673706055,35600
1993-11-19,5.7888593673706055,5.7888593673706055,5.716498625278473,5.7888593673706055,442800
1993-11-22,5.716498374938965,5.752678744400604,5.680318005477325,5.716498374938965,12000
1993-11-23,5.716498625278473,5.7888593673706055,5.716498625278473,5.7888593673706055,78400
1993-11-24,5.75268030166626,5.788860680922022,5.75268030166626,5.75268030166626,3000
1993-11-26,5.716500049982315,5.716500049982315,5.644139289855957,5.644139289855957,8800
1993-11-29,5.607956937841467,5.607956937841467,5.354694366455078,5.354694366455078,94000
1993-11-30,5.354695196865367,5.354695196865367,5.101432586202816,5.318514823913574,155000
1993-12-01,5.282336123236295,5.282336123236295,5.209975354424838,5.246155738830566,34200
1993-12-02,5.209972248210773,5.209972248210773,5.065250796871585,5.173791885375977,117800
1993-12-03,5.1737920984308765,5.209972462755569,5.101431369781494,5.101431369781494,109800
1993-12-06,5.137615203857422,5.173795592616981,5.137615203857422,5.137615203857422,104000
1993-12-07,5.17379296488232,5.209973335266113,5.1376125944985285,5.209973335266113,611200
1993-12-08,5.17379296488232,5.209973335266113,5.17379296488232,5.209973335266113,301200
1993-12-09,5.146188835302988,5.21867036819458,5.146188835302988,5.21867036819458,67200
1993-12-10,5.21867036819458,5.254911134640375,5.182429601748784,5.21867036819458,339200
1993-12-13,5.21867036819458,5.21867036819458,5.182429601748784,5.21867036819458,89800
1993-12-14,5.218670558262538,5.218670558262538,5.146189022731114,5.182429790496826,40200
1993-12-15,5.218669972521194,5.218669972521194,5.109947681427002,5.109947681427002,192600
1993-12-16,5.109947764355203,5.182429292927617,4.964984707210375,5.001225471496582,72400
1993-12-17,5.07370748719969,5.182429790496826,5.07370748719969,5.182429790496826,54000
1993-12-20,5.146188468149264,5.291151523590088,5.146188468149264,5.291151523590088,115800
1993-12-21,5.254910759729882,5.291151523590088,5.254910759729882,5.291151523590088,221000
1993-12-22,5.291151523590088,5.291151523590088,5.254910759729882,5.291151523590088,44000
1993-12-23,5.2549120512875644,5.581079006195068,5.2549120512875644,5.581079006195068,89800
1993-12-27,5.58107806151768,5.762281894683838,5.58107806151768,5.762281894683838,10000
1993-12-28,5.762282654643059,5.798523426055908,5.726041883230209,5.798523426055908,8200
1993-12-29,5.834768333318043,5.907249927520752,5.834768333318043,5.907249927520752,15600
1993-12-30,5.907247957975968,5.907247957975968,5.798525602921195,5.834766387939453,94200
1993-12-31,5.798527110706676,5.97973108291626,5.798527110706676,5.97973108291626,24800
1994-01-03,5.97973108291626,5.97973108291626,5.97973108291626,5.97973108291626,0
1994-01-04,6.052207935003587,6.052207935003587,5.798522572458527,5.871004104614258,146600
1994-01-05,5.834764540195465,6.088449954986572,5.834764540195465,6.088449954986572,336000
1994-01-06,6.124688483646938,6.342133045196533,6.124688483646938,6.342133045196533,146800
1994-01-07,6.378373735406425,6.632059054428272,6.378373735406425,6.450855255126953,412400
1994-01-10,6.4146175384521475,6.4146175384521475,6.378376761398746,6.414617538452148,18000
1994-01-11,6.4146144514138985,6.4146144514138985,6.233410653351359,6.269651412963867,37400
1994-01-12,6.233413870741681,6.233413870741681,5.83476530924076,5.943487644195557,73200
1994-01-13,5.943490724622106,5.943490724622106,5.907249927520752,5.907249927520752,549800
1994-01-14,5.907249494032426,6.015971877358177,5.907249494032426,5.97973108291626,198400
1994-01-17,5.979726414480608,6.052207946777344,5.979726414480608,6.052207946777344,158000
1994-01-18,6.088449954986572,6.088449954986572,6.015968407903398,6.088449954986572,217000
1994-01-19,6.052209181444985,6.1609315020697455,6.015968407903398,6.088449954986572,185600
1994-01-20,6.124689479074078,6.124689479074078,6.0159671806289765,6.052207946777344,54600
1994-01-21,6.088449954986572,6.124690728528159,6.052209181444985,6.088449954986572,21600
1994-01-24,6.088449386228998,6.088449386228998,6.015967845916748,6.015967845916748,101400
1994-01-25,6.052212671800093,6.052212671800093,5.97973108291626,5.97973108291626,37400
1994-01-26,6.015969200832088,6.015969200832088,5.943487644195557,5.943487644195557,14600
1994-01-27,5.943490724622106,5.943490724622106,5.871009130419397,5.907249927520752,44200
1994-01-28,5.943487644195557,5.943487644195557,5.871006087559025,5.943487644195557,17400
1994-01-31,5.943487644195557,5.979728422513822,5.9072468658772905,5.943487644195557,294200
1994-02-01,5.97973108291626,5.97973108291626,5.943490288474343,5.97973108291626,314800
1994-02-02,5.97973108291626,5.97973108291626,5.943490288474343,5.97973108291626,479200
1994-02-03,6.015971877358177,6.015971877358177,5.943490288474343,5.97973108291626,20600
1994-02-04,6.015971877358177,6.015971877358177,5.97973108291626,5.97973108291626,16000
1994-02-07,5.979726402847856,5.979726402847856,5.834763338536392,5.871004104614258,56800
1994-02-08,5.907245535448372,6.015967845916748,5.907245535448372,6.015967845916748,91200
1994-02-09,6.088451924043543,6.197174279830035,6.088451924043543,6.160933494567871,43600
1994-02-10,6.160932814168651,6.233414376688282,6.160932814168651,6.197173595428467,35800
1994-02-11,6.197171011370813,6.197171011370813,6.052207946777344,6.052207946777344,73600
1994-02-14,6.052212671800093,6.052212671800093,5.943490288474343,5.97973108291626,19200
1994-02-15,6.01596915228127,6.1246914863586435,6.01596915228127,6.124691486358643,5600
1994-02-16,6.124690156385123,6.124690156385123,6.015967845916748,6.015967845916748,56600
1994-02-17,6.015972318824815,6.015972318824815,5.907249927520752,5.907249927520752,5800
1994-02-18,5.979726402847856,5.979726402847856,5.871004104614258,5.871004104614258,50400
1994-02-22,5.798523426055908,5.834764197468758,5.68980111181736,5.798523426055908,115000
1994-02-23,5.834766387939452,5.87100717295771,5.798525602921195,5.834766387939453,157000
1994-02-24,5.762284004235569,5.762284004235569,5.726043224334717,5.726043224334717,36600
1994-02-25,5.653560355401808,5.653560355401808,5.617319583892822,5.617319583892822,167000
1994-02-28,5.581078150333503,5.653559684753418,5.581078150333503,5.653559684753418,22600
1994-03-01,5.58107872258604,5.58107872258604,5.544837951660156,5.544837951660156,26200
1994-03-02,5.617321677829908,5.834766387939452,5.617321677829908,5.834766387939453,137200
1994-03-03,5.798524530922494,5.943487644195557,5.798524530922494,5.943487644195557,46600
1994-03-04,5.9072457402944565,5.943486511707306,5.798523426055908,5.798523426055908,223000
1994-03-07,5.834766387939452,5.834766387939452,5.834766387939452,5.834766387939453,3800
1994-03-08,5.798522661317069,5.798522661317069,5.762281894683838,5.762281894683838,10800
1994-03-09,5.734699224656628,5.734699224656628,5.625812530517578,5.625812530517578,77600
1994-03-10,5.589515291849772,5.589515291849772,5.444333076477051,5.444333076477051,156600
1994-03-11,5.444333076477051,5.480628630320231,5.444333076477051,5.444333076477051,21200
1994-03-14,5.444333741539403,5.516924858093262,5.444333741539403,5.516924858093262,203800
1994-03-15,5.516924102585038,5.625810762504479,5.516924102585038,5.589515209197998,25600
1994-03-16,5.6258115329240495,5.662107091200979,5.516924858093262,5.516924858093262,22800
1994-03-17,5.516924714730456,5.625811386731715,5.516924714730456,5.553220272064209,241600
1994-03-18,5.589516525027118,5.73469877243042,5.589516525027118,5.73469877243042,281600
1994-03-21,5.770994334281245,5.807289896132071,5.6984032105795945,5.73469877243042,101400
1994-03-22,5.698400974273682,5.734696521880521,5.698400974273682,5.698400974273682,27400
1994-03-23,5.625810762504479,5.625810762504479,5.4443329959720765,5.589515209197998,110000
1994-03-24,5.444333741539403,5.516924858093262,5.444333741539403,5.516924858093262,76400
1994-03-25,5.589516965804561,5.625812530517578,5.589516965804561,5.625812530517578,6000
1994-03-28,5.589518067063085,5.6621092107911775,5.480631351470947,5.480631351470947,39400
1994-03-29,5.480628630320231,5.480628630320231,5.444333076477051,5.444333076477051,13800
1994-03-30,5.444332737250616,5.444332737250616,5.335446082505604,5.408037185668945,21600
1994-03-31,5.371743632034517,5.371743632034517,5.153970241546631,5.153970241546631,129800
1994-04-04,5.081377029418945,5.153968129839216,5.008785928998674,5.081377029418945,63200
1994-04-05,5.153966407253318,5.37173963572881,5.153966407253318,5.2991485595703125,60400
1994-04-06,5.371742391261924,5.389890169610782,5.335446834564208,5.335446834564209,115400
1994-04-07,5.335447066708615,5.516924858093262,5.335447066708615,5.516924858093262,18000
1994-04-08,5.444333076477051,5.444333076477051,5.408037522633871,5.444333076477051,14800
1994-04-11,5.444333076477051,5.444333076477051,5.444333076477051,5.444333076477051,0
1994-04-12,5.444333076477051,5.444333076477051,5.37174196879069,5.444333076477051,307200
1994-04-13,5.371742248535156,5.408037804268502,5.371742248535156,5.371742248535156,34400
1994-04-14,5.335446692801811,5.444333360001847,5.335446692801811,5.371742248535156,18600
1994-04-15,5.3717426249855444,5.516924858093262,5.262855950154756,5.516924858093262,56600
1994-04-18,5.589516965804561,5.625812530517578,5.589516965804561,5.625812530517578,87800
1994-04-19,5.625811386731715,5.625811386731715,5.553220272064208,5.553220272064209,34800
1994-04-20,5.516924858093262,5.553220416370191,5.480629299816332,5.516924858093262,13600
1994-04-21,5.516924858093262,5.516924858093262,5.516924858093262,5.516924858093262,2400
1994-04-22,5.516924858093262,5.516924858093262,5.516924858093262,5.516924858093262,3000
1994-04-25,5.553221401091545,5.625812530517578,5.553221401091545,5.625812530517578,2800
1994-04-26,5.6621057015878185,5.879878997802734,5.6621057015878185,5.879878997802734,30000
1994-04-28,5.879879134041922,6.170243535723005,5.879879134041922,6.097652435302734,74200
1994-04-29,6.133947785879146,6.279129981994629,6.133947785879146,6.279129981994629,35800
1994-05-02,6.242839484379209,6.315430641174316,6.242839484379209,6.315430641174316,8600
1994-05-03,6.279129981994629,6.279129981994629,6.242834432965759,6.279129981994629,31600
1994-05-04,6.242839336395264,6.279134913932445,6.242839336395264,6.242839336395264,52600
1994-05-05,6.242831948224236,6.279127482806935,6.170240879058838,6.170240879058838,123200
1994-05-06,6.1339466040475035,6.351719856262207,6.1339466040475035,6.351719856262207,37200
1994-05-09,6.315425078074138,6.533198356628418,6.315425078074138,6.533198356628418,67400
1994-05-10,6.605795508400004,6.787273406982422,6.569499928683521,6.787273406982422,46400
1994-05-11,6.968750164959881,7.150228033839045,6.714681148529053,6.714681148529053,231600
1994-05-12,6.75097417831421,6.75097417831421,6.714678618215746,6.750974178314209,50200
1994-05-13,6.714678618215746,6.75097417831421,6.714678618215746,6.750974178314209,59000
1994-05-16,6.75097417831421,6.75097417831421,6.714678618215746,6.750974178314209,54200
1994-05-17,6.750972545665243,6.750972545665243,6.678381443023682,6.678381443023682,198400
1994-05-18,6.569496010686016,6.6057915687561035,6.569496010686016,6.6057915687561035,37200
1994-05-19,6.678382831383805,6.678382831383805,6.53320059591894,6.569496154785156,60400
1994-05-20,6.460611663051157,6.496907234191894,6.460611663051157,6.4969072341918945,79600
1994-05-23,6.5694939030541315,6.5694939030541315,6.533198356628418,6.533198356628418,27600
1994-05-24,6.496902810202704,6.533198356628418,6.460607263776992,6.533198356628418,35200
1994-05-25,6.460607263776992,6.533198356628418,6.460607263776992,6.533198356628418,27600
1994-05-26,6.533202155161712,6.533202155161712,6.424315452575684,6.424315452575684,14200
1994-05-27,6.424317376366977,6.496908533162084,6.315430641174316,6.315430641174316,192000
1994-05-31,6.242831948224236,6.279127482806935,6.133945344476139,6.170240879058838,20000
1994-06-01,6.133951187133788,6.170246756288426,6.133951187133788,6.133951187133789,6400
1994-06-02,6.133945344476139,6.170240879058838,6.133945344476139,6.170240879058838,205400
1994-06-03,6.133945344476139,6.206536413641537,6.133945344476139,6.170240879058838,451800
1994-06-06,6.170243334908017,6.279129981994629,6.170243334908017,6.279129981994629,9600
1994-06-07,6.279132395982742,6.38801908493042,6.279132395982742,6.38801908493042,139600
1994-06-08,6.388015961379147,6.460607051849365,6.388015961379147,6.460607051849365,83400
1994-06-09,6.469329357147217,6.469329357147217,6.432984810196952,6.469329357147217,49400
1994-06-10,6.469329770757349,6.5783634185791025,6.469329770757349,6.578363418579102,22000
1994-06-13,6.542019715180268,6.723742485046387,6.542019715180268,6.723742485046387,95800
1994-06-14,6.687401080257678,6.869123935699463,6.687401080257678,6.869123935699463,96400
1994-06-15,6.86912461060744,7.123536633222531,6.86912461060744,7.087192058563232,172000
1994-06-16,7.123537147746367,7.414293766021729,7.123537147746367,7.4142937660217285,245400
1994-06-17,7.705051097869873,7.705051097869873,7.08719322681427,7.268916130065918,342400
1994-06-20,7.232567405214114,7.232567405214114,7.1235337257385245,7.123533725738525,16200
1994-06-21,7.123533921492728,7.123533921492728,6.905466556549073,6.905466556549072,48600
1994-06-22,6.941811117373016,6.941811117373016,6.905466556549073,6.905466556549072,2400
1994-06-23,6.941811117373016,6.941811117373016,6.832777434901188,6.905466556549072,5800
1994-06-24,6.869121995725131,6.905466556549073,6.869121995725131,6.905466556549072,34600
1994-06-27,6.869122061323612,6.869122061323612,6.796432938981563,6.832777500152588,102800
1994-06-28,6.869122061323612,6.869122061323612,6.832777500152587,6.832777500152588,21600
1994-06-29,6.83277226519841,6.83277226519841,6.687394131896316,6.760083198547363,10600
1994-06-30,6.760087664922078,6.832776779598659,6.542020320892334,6.542020320892334,66400
1994-07-01,6.614707905313242,6.687397003173828,6.542018807452657,6.687397003173828,25200
1994-07-05,6.760088092678195,6.760088092678195,6.614709854125977,6.614709854125977,16200
1994-07-06,6.614711404512715,6.614711404512715,6.469333131886062,6.505677700042725,8400
1994-07-07,6.432985831669399,6.469330384390695,6.360296726226807,6.360296726226807,29800
1994-07-08,6.39664567624285,6.651057720184326,6.39664567624285,6.651057720184326,43800
1994-07-11,6.614709854125977,6.614709854125977,6.542020734849867,6.614709854125977,24800
1994-07-12,6.723742485046387,6.723742485046387,6.687397931073163,6.723742485046387,87600
1994-07-13,6.651052517126938,6.651052517126938,6.5783634185791025,6.578363418579102,7400
1994-07-14,6.578364878230625,6.614709435568915,6.505675763554043,6.542020320892334,16000
1994-07-15,6.578365294487922,6.614709854125977,6.578365294487922,6.614709854125977,3000
1994-07-18,6.614707905313242,6.687397003173828,6.57836335638295,6.687397003173828,13400
1994-07-19,6.723746875596177,6.760091453302102,6.651057720184326,6.651057720184326,6400
1994-07-20,6.651055972669377,6.687400540826041,6.505677700042725,6.505677700042725,18400
1994-07-21,6.4329877251928504,6.4329877251928504,6.396643161773682,6.396643161773682,2400
1994-07-22,6.432987213134766,6.432987213134766,6.432987213134766,6.432987213134766,14000
1994-07-25,6.432985831669399,6.432985831669399,6.360296726226807,6.360296726226807,32000
1994-07-26,6.287610080838204,6.287610080838204,5.815130710601807,5.815130710601807,262800
1994-07-27,5.815130710601807,5.815130710601807,5.742441576719284,5.815130710601807,133400
1994-07-28,5.742441177368164,5.815130306195609,5.742441177368164,5.742441177368164,268200
1994-07-29,5.815129692171826,5.887818813323975,5.815129692171826,5.887818813323975,99200
1994-08-01,5.924165633230499,6.033199356541489,5.924165633230499,5.996854782104492,23000
1994-08-02,5.996852495052196,6.015024775340233,5.887818813323975,5.887818813323975,133200
1994-08-03,5.92416133483251,6.105884075164795,5.92416133483251,6.105884075164795,51600
1994-08-04,6.105883515639112,6.287606239318848,6.105883515639112,6.287606239318848,22600
1994-08-05,6.214919062547906,6.251263618469238,6.178574506626573,6.251263618469238,35400
1994-08-08,6.214919597962323,6.214919597962323,6.178575038909912,6.178575038909912,2800
1994-08-09,6.142230479857501,6.178575038909912,6.142230479857501,6.178575038909912,25800
1994-08-10,6.214919597962323,6.214919597962323,6.178575038909912,6.178575038909912,12600
1994-08-11,6.142230479857501,6.178575038909912,6.142230479857501,6.178575038909912,8600
1994-08-12,6.178575038909912,6.214919597962323,6.142230479857501,6.178575038909912,28600
1994-08-15,6.142228623231253,6.214917719364166,6.033194979031881,6.105884075164795,8800
1994-08-16,6.105884075164795,6.105884075164795,6.105884075164795,6.105884075164795,0
1994-08-17,6.069543930978486,6.069543930978486,5.996854782104492,5.996854782104492,76200
1994-08-18,6.033200368648622,6.033200368648622,5.960511207580566,5.960511207580566,53400
1994-08-19,5.960511207580566,5.960511207580566,5.960511207580566,5.960511207580566,20800
1994-08-22,5.960511207580566,5.960511207580566,5.960511207580566,5.960511207580566,1600
1994-08-23,5.960511207580566,5.960511207580566,5.960511207580566,5.960511207580566,23800
1994-08-24,5.960510207667495,6.033199356541489,5.960510207667495,5.996854782104492,5400
1994-08-25,6.033196926116943,6.033196926116943,6.033196926116943,6.033196926116943,2200
1994-08-26,6.105884075164795,6.105884075164795,6.105884075164795,6.105884075164795,14800
1994-08-29,6.105886045708714,6.178575165300485,6.033196926116943,6.033196926116943,106600
1994-08-30,6.033194979031881,6.105884075164795,6.033194979031881,6.105884075164795,85000
1994-08-31,6.069539527098338,6.142228623231253,6.069539527098338,6.105884075164795,19800
1994-09-01,6.033196926116943,6.033196926116943,5.9605078065251735,6.033196926116943,8400
1994-09-02,6.033196926116943,6.033196926116943,5.9968523663210584,6.033196926116943,8200
1994-09-06,6.033199356541489,6.033199356541489,5.996854782104492,5.996854782104492,17400
1994-09-07,6.033200368648622,6.033200368648622,5.960511207580566,5.960511207580566,99400
1994-09-08,5.996852243647856,6.178575038909912,5.996852243647856,6.178575038909912,72200
1994-09-09,6.18730970110212,6.3692893981933585,6.114517822265625,6.369289398193359,12600
1994-09-12,6.3692921879647795,6.442084098684377,6.3328962326049805,6.3328962326049805,73200
1994-09-13,6.3328962326049805,6.3328962326049805,6.296500277245182,6.3328962326049805,86000
1994-09-14,6.369288156261551,6.442080020904541,6.369288156261551,6.442080020904541,9200
1994-09-15,6.405684088583046,6.442080020904541,6.369288156261551,6.442080020904541,46800
1994-09-16,6.624060078100725,6.624060078100725,6.405684471130371,6.405684471130371,100600
1994-09-19,6.3692893981933585,6.405685337611606,6.3692893981933585,6.369289398193359,90800
1994-09-20,6.442080020904541,6.478475953226035,6.405684088583046,6.442080020904541,11000
1994-09-21,6.442080020904541,6.442080020904541,6.405684088583046,6.442080020904541,14600
1994-09-22,6.405685337611606,6.405685337611606,6.332893458775111,6.369289398193359,151200
1994-09-23,6.369288065280133,6.369288065280133,6.2237043380737305,6.2237043380737305,100600
1994-09-26,6.187311513924304,6.187311513924304,5.896143913269043,5.896143913269043,44600
1994-09-27,5.93253986335095,5.968935813432858,5.823352013105227,5.896143913269043,382200
1994-09-28,5.896143913269043,5.93253986335095,5.896143913269043,5.896143913269043,62000
1994-09-29,5.932535481740193,6.041723251342773,5.932535481740193,6.041723251342773,89400
1994-09-30,6.041727145988784,6.078123092651367,6.041727145988784,6.078123092651367,16600
1994-10-03,6.041729799131068,6.041729799131068,5.932541911194964,5.968937873840332,30000
1994-10-04,5.8961421326745915,5.8961421326745915,5.750558376312256,5.750558376312256,26000
1994-10-05,5.750558376312256,5.750558376312256,5.750558376312256,5.750558376312256,31000
1994-10-06,5.750558376312256,5.750558376312256,5.750558376312256,5.750558376312256,142600
1994-10-07,5.7505601871233045,5.932539939880371,5.677768286020478,5.932539939880371,74600
1994-10-10,6.005329382901936,6.332892803787496,6.005329382901936,6.296496868133545,45600
1994-10-11,6.223705640520368,6.3692893981933585,6.223705640520368,6.369289398193359,35000
1994-10-12,6.332892602140253,6.405684471130371,6.332892602140253,6.405684471130371,15800
1994-10-13,6.405684471130371,6.405684471130371,6.332892602140253,6.405684471130371,24400
1994-10-14,6.332892602140253,6.405684471130371,6.332892602140253,6.405684471130371,38400
1994-10-17,6.332892803787496,6.332892803787496,6.2601009324795935,6.296496868133545,23200
1994-10-18,6.2601009324795935,6.296496868133545,6.2601009324795935,6.296496868133545,2800
1994-10-19,6.260100359297068,6.478475953226035,6.260100359297068,6.442080020904541,21000
1994-10-20,6.442080405625431,6.442080405625431,6.405684471130371,6.405684471130371,6400
1994-10-21,6.296495619942161,6.3328915483811326,6.114515977747301,6.187307834625244,281000
1994-10-24,6.260102272033691,6.260102272033691,6.187310385149578,6.260102272033691,10200
1994-10-25,6.187307834625244,6.187307834625244,6.1509119061862725,6.187307834625244,91800
1994-10-26,6.1509119061862725,6.187307834625244,6.1509119061862725,6.187307834625244,12000
1994-10-27,6.1509124744705295,6.2237043380737305,6.1509124744705295,6.2237043380737305,2000
1994-10-28,6.2601009324795935,6.296496868133545,6.187309061171692,6.296496868133545,156600
1994-10-31,6.296497519356864,6.405685337611606,6.260101579938616,6.369289398193359,135800
1994-11-01,6.332890851157051,6.332890851157051,6.078119380133492,6.11451530456543,33600
1994-11-02,6.041723251342773,6.041723251342773,6.041723251342773,6.041723251342773,3600
1994-11-03,6.041723251342773,6.041723251342773,6.041723251342773,6.041723251342773,2400
1994-11-04,5.968935890431784,5.968935890431784,5.896143989328958,5.932539939880371,40000
1994-11-07,5.896142309904099,5.896142309904099,5.823350429534912,5.823350429534912,4000
1994-11-08,5.8233489030562104,5.8233489030562104,5.750557041768007,5.786952972412109,21200
1994-11-09,5.823350429534912,5.823350429534912,5.786954489350319,5.823350429534912,22600
1994-11-10,5.823352013105227,5.896143913269043,5.78695606302332,5.896143913269043,11400
1994-11-11,5.859749794006348,5.896145755459803,5.859749794006348,5.859749794006348,10200
1994-11-14,5.823350429534912,5.823350429534912,5.823350429534912,5.823350429534912,1000
1994-11-15,5.7869543154028396,5.7869543154028396,5.750558376312256,5.750558376312256,7200
1994-11-16,5.714159649687928,5.714159649687928,5.604971885681152,5.604971885681152,40600
1994-11-17,5.53218478125495,5.53218478125495,5.386600971221924,5.386600971221924,7600
1994-11-18,5.386596782095481,5.422992706298828,5.386596782095481,5.422992706298828,2000
1994-11-21,5.350204944610596,5.350204944610596,5.350204944610596,5.350204944610596,4000
1994-11-22,5.350203657483721,5.350203657483721,5.204619884490967,5.204619884490967,8000
1994-11-23,5.095434256479249,5.131830215454102,4.949850420579843,5.131830215454102,204600
1994-11-25,5.059037208557129,5.059037208557129,5.059037208557129,5.059037208557129,1000
1994-11-28,5.022640168250025,5.241015827739155,5.022640168250025,5.204619884490967,60000
1994-11-29,5.277411495612947,5.532183085056331,5.277411495612947,5.495787143707275,91600
1994-11-30,5.532180043009968,5.604971885681152,5.532180043009968,5.604971885681152,63200
1994-12-01,5.641370909103495,5.641370909103495,5.495787143707276,5.495787143707275,46000
1994-12-02,5.495787143707276,5.532183085056331,5.459391202358221,5.495787143707275,18000
1994-12-05,5.532183085056331,5.532183085056331,5.4229952610091665,5.495787143707275,116200
1994-12-06,5.4229941500557794,5.4229941500557794,5.24101448059082,5.24101448059082,11400
1994-12-07,5.277411770987344,5.350203657483721,5.168223941242778,5.204619884490967,350600
1994-12-08,5.20462028073593,5.20462028073593,5.131828388697665,5.168224334716797,147000
1994-12-09,5.140515344483512,5.140515344483512,5.067600233214242,5.104057788848877,1008000
1994-12-12,5.140518431760827,5.359263896942139,5.140518431760827,5.359263896942139,6800
1994-12-13,5.359260121981303,5.359260121981303,5.249887466430664,5.249887466430664,13200
1994-12-14,5.249887366043894,5.578005326421637,5.249887366043894,5.541547775268555,29600
1994-12-15,5.614462375640869,5.650919923534641,5.578004827747097,5.614462375640869,18000
1994-12-16,5.687381048460265,5.687381048460265,5.395720481872559,5.395720481872559,20800
1994-12-19,5.359261606123065,5.359261606123065,5.213431358337402,5.213431358337402,18200
1994-12-20,5.176974803843397,5.213432372884547,5.1040596657610955,5.140517234802246,227800
1994-12-21,5.140515784142722,5.213430901648293,5.140515784142722,5.176973342895508,50000
1994-12-22,5.176972900118146,5.176972900118146,5.104057788848877,5.104057788848877,62000
1994-12-23,5.140515784142722,5.176973342895508,5.104058225389937,5.176973342895508,31400
1994-12-27,5.176972900118146,5.176972900118146,5.067600233214242,5.104057788848877,21400
1994-12-28,5.067601852847221,5.067601852847221,4.812398881840527,4.848856449127197,22400
1994-12-29,4.77594019661487,5.432176254165005,4.666567520356514,5.176973342895508,254000
1994-12-30,5.140513403774941,5.322801113128663,5.104055861904197,5.322801113128662,34800
1995-01-03,5.322805080008,5.322805080008,5.140517234802246,5.140517234802246,16600
1995-01-04,5.213431358337402,5.213431358337402,5.140516234444572,5.213431358337402,7200
1995-01-05,5.213429914580451,5.249887466430664,5.213429914580451,5.249887466430664,17800
1995-01-06,5.286345018280877,5.286345018280877,5.213429914580451,5.249887466430664,62000
1995-01-09,5.176974803843397,5.176974803843397,5.140517234802246,5.140517234802246,3800
1995-01-10,5.140517234802246,5.140517234802246,5.140517234802246,5.140517234802246,0
1995-01-11,5.176972362730238,5.249887466430664,5.140514810880026,5.249887466430664,50600
1995-01-12,5.213431358337402,5.249888920283818,5.213431358337402,5.213431358337402,9600
1995-01-13,5.213430455752781,5.249888011387416,5.104057788848877,5.104057788848877,56000
1995-01-16,5.067600727081299,5.067600727081299,5.067600727081299,5.067600727081299,17200
1995-01-17,5.104058286268934,5.104058286268934,5.031143167893664,5.067600727081299,33000
1995-01-18,5.104058286268934,5.176973404644205,5.031143167893664,5.067600727081299,344800
1995-01-19,5.06760170839835,5.06760170839835,5.031144142150879,5.031144142150879,2800
1995-01-20,5.031144142150879,5.104059274645819,5.031144142150879,5.031144142150879,120800
1995-01-23,5.067600727081299,5.067600727081299,5.067600727081299,5.067600727081299,94200
1995-01-24,5.031145649797776,5.067603226970223,4.921772918280433,4.958230495452881,59600
1995-01-25,4.885313437802949,4.994686126708984,4.885313437802949,4.994686126708984,120600
1995-01-26,5.031143689677664,5.067601252646342,4.921771000771627,4.994686126708984,45400
1995-01-27,4.958227652090567,4.958227652090567,4.885312539559823,4.921770095825195,98200
1995-01-30,4.958227652090567,4.958227652090567,4.921770095825195,4.921770095825195,72000
1995-01-31,4.958230495452881,4.958230495452881,4.958230495452881,4.958230495452881,30400
1995-02-01,4.9582290096559385,5.06760170839835,4.9582290096559385,5.031144142150879,115200
1995-02-02,4.994688072625328,4.994688072625328,4.958230495452881,4.958230495452881,5400
1995-02-03,5.031144142150879,5.104059274645819,4.994686575903409,5.031144142150879,60800
1995-02-06,5.0675997071796,5.249887466430664,5.0675997071796,5.249887466430664,165800
1995-02-07,5.286348741881701,5.359263896942139,5.286348741881701,5.359263896942139,39800
1995-02-08,5.359262911049096,5.395720481872559,5.359262911049096,5.395720481872559,132000
1995-02-09,5.39571808168552,5.5050907455034706,5.39571808168552,5.432175636291504,14200
1995-02-10,5.5050907455034706,5.5050907455034706,5.432175636291504,5.432175636291504,3000
1995-02-13,5.432175636291504,5.432175636291504,5.39571808168552,5.432175636291504,2600
1995-02-14,5.432175529308807,5.723835960412637,5.432175529308807,5.687378406524658,58000
1995-02-15,5.650919923534641,5.650919923534641,5.614462375640869,5.614462375640869,9800
1995-02-16,5.57800936212345,5.57800936212345,5.359263896942139,5.359263896942139,97600
1995-02-17,5.322805340225632,5.468635623519486,5.322805340225632,5.395720481872559,478200
1995-02-21,5.395721474472357,5.395721474472357,5.32280631941192,5.359263896942139,341800
1995-02-22,5.322805437548408,5.322805437548408,5.28634786605835,5.28634786605835,48000
1995-02-23,5.286343571257919,5.322801113128663,5.286343571257919,5.322801113128662,12000
1995-02-24,5.286345018280877,5.286345018280877,5.249887466430664,5.249887466430664,22600
1995-02-27,5.213429914580451,5.249887466430664,5.213429914580451,5.249887466430664,1800
1995-02-28,5.249887466430664,5.286345018280877,5.213429914580451,5.249887466430664,47000
1995-03-01,5.249886029387174,5.322801113128663,5.249886029387174,5.322801113128662,160200
1995-03-02,5.32280631941192,5.395721474472357,5.32280631941192,5.359263896942139,177000
1995-03-03,5.359258654999407,5.359258654999407,5.322801113128663,5.322801113128662,7800
1995-03-06,5.395720481872559,5.395720481872559,5.28634776940217,5.395720481872559,609400
1995-03-07,5.395718802506675,5.413947582244873,5.3228036835538814,5.413947582244873,31200
1995-03-08,5.468633128147499,5.578005790710449,5.468633128147499,5.578005790710449,262400
1995-03-09,5.623285854563994,5.696315540986903,5.586771011352539,5.586771011352539,217800
1995-03-10,5.550253868103027,5.550253868103027,5.5137390400234025,5.550253868103027,8600
1995-03-13,5.623285854563994,5.623285854563994,5.586771011352539,5.586771011352539,1600
1995-03-14,5.659801051020622,5.878890123963355,5.659801051020622,5.8423752784729,166600
1995-03-15,5.8423752784729,5.915404969453811,5.8423752784729,5.8423752784729,64600
1995-03-16,5.9154055700069526,5.9884352684021,5.9154055700069526,5.9884352684021,50800
1995-03-17,5.915405481511897,6.02495002746582,5.915405481511897,6.02495002746582,15800
1995-03-20,5.988434660434723,6.134494042396545,5.8423752784729,5.8423752784729,41800
1995-03-21,5.842374084861415,5.842374084861415,5.732829570770263,5.732829570770264,14200
1995-03-22,5.73282869045551,5.73282869045551,5.696313858032227,5.696313858032227,36000
1995-03-23,5.6963147327398795,5.732829570770263,5.6963147327398795,5.732829570770264,35600
1995-03-24,5.732827060627487,5.805856704711914,5.732827060627487,5.805856704711914,65600
1995-03-27,5.8058606452005765,5.95192003250122,5.8058606452005765,5.951920032501221,27400
1995-03-28,5.878890338850899,5.95192003250122,5.842375492025738,5.951920032501221,11800
1995-03-29,5.878890460122846,6.134494393171665,5.878890460122846,6.097979545593262,53200
1995-03-30,6.097975474352028,6.244034767150879,6.0614606511523155,6.244034767150879,57200
1995-03-31,6.244034962994712,6.244034962994712,6.097975665614719,6.134490489959717,82400
1995-04-03,6.116235298268935,6.207522392272949,6.061463041866527,6.207522392272949,10200
1995-04-04,6.207519943951166,6.280549590350591,6.207519943951166,6.244034767150879,11400
1995-04-05,6.244035583010988,6.536154206777583,6.207520755040163,6.317065238952637,72400
1995-04-06,6.390094894894286,6.390094894894286,6.171005927069339,6.317065238952637,19400
1995-04-07,6.207523482969438,6.536157079126643,6.207523482969438,6.353582859039307,95600
1995-04-10,6.280553171004373,6.3535828590393075,6.280553171004373,6.353582859039307,72000
1995-04-11,6.426612598270011,6.57267197550342,6.390097753961658,6.536157131195068,74400
1995-04-12,6.5726728439331055,6.5726728439331055,6.4631282965342205,6.5726728439331055,60200
1995-04-13,6.499640930530637,6.499640930530637,6.280551910400391,6.280551910400391,134600
1995-04-17,6.2440370737120166,6.317066747088766,6.2440370737120166,6.280551910400391,10000
1995-04-18,6.207519943951166,6.280549590350591,6.13449029755174,6.244034767150879,274400
1995-04-19,6.207520138649714,6.207520138649714,6.134490489959717,6.134490489959717,20600
1995-04-20,6.061465929245808,6.171010494232178,6.061465929245808,6.171010494232178,222600
1995-04-21,6.134490489959717,6.134490489959717,6.097975665614719,6.134490489959717,99400
1995-04-24,6.06146240234375,6.06146240234375,6.06146240234375,6.06146240234375,45200
1995-04-25,6.097979545593262,6.134494393171665,6.097979545593262,6.097979545593262,76800
1995-04-26,6.061460841269721,6.134490489959717,6.061460841269721,6.134490489959717,199600
1995-04-27,6.061460841269721,6.134490489959717,6.061460841269721,6.134490489959717,23800
1995-04-28,6.06146240234375,6.134492069841867,6.06146240234375,6.06146240234375,17400
1995-05-01,6.134495639236722,6.171010494232178,6.0979807842412646,6.171010494232178,210800
1995-05-02,6.171009240750068,6.20752408832847,6.097979545593262,6.097979545593262,134200
1995-05-03,6.134490489959717,6.134490489959717,6.134490489959717,6.134490489959717,57000
1995-05-04,6.097977236092809,6.171006903590926,6.06146240234375,6.06146240234375,23400
1995-05-05,6.134492069841867,6.134492069841867,6.06146240234375,6.06146240234375,229000
1995-05-08,6.0614645729767025,6.0614645729767025,5.95192003250122,5.951920032501221,73600
1995-05-09,5.9884351788145125,6.097979724768437,5.9884351788145125,6.02495002746582,306400
1995-05-10,5.95192003250122,6.024949726151542,5.915405185676059,5.951920032501221,41600
1995-05-11,5.951920692965111,5.951920692965111,5.878890991210938,5.8788909912109375,28400
1995-05-12,5.842374165852865,5.951918681462606,5.842374165852865,5.915403842926025,210800
1995-05-15,5.988432734845633,6.097977236092809,5.988432734845633,6.06146240234375,92000
1995-05-16,6.0614649667972476,6.0614649667972476,5.9884352684021,5.9884352684021,47200
1995-05-17,6.061464876117128,6.061464876117128,6.02495002746582,6.02495002746582,3000
1995-05-18,6.097977879468133,6.207522392272949,6.061463041866527,6.207522392272949,259400
1995-05-19,6.134494393171665,6.134494393171665,6.097979545593262,6.097979545593262,43600
1995-05-22,6.097975665614719,6.134490489959717,6.097975665614719,6.134490489959717,100000
1995-05-23,6.1344927170697385,6.207522392272949,6.1344927170697385,6.207522392272949,53800
1995-05-24,6.28055074419294,6.390095233917236,6.28055074419294,6.390095233917236,105400
1995-05-25,6.317065238952637,6.317065238952637,6.317065238952637,6.317065238952637,17200
1995-05-26,6.317065238952637,6.317065238952637,6.317065238952637,6.317065238952637,4400
1995-05-30,6.35358158377714,6.390096420465514,6.280551910400391,6.280551910400391,185000
1995-05-31,6.280551910400391,6.317066747088766,6.280551910400391,6.280551910400391,33800
1995-06-01,6.31706801502184,6.3900977030567745,6.31706801502184,6.353582859039307,3400
1995-06-02,6.353581742679372,6.353581742679372,6.207522392272949,6.207522392272949,20200
1995-06-05,6.207523482969438,6.3535828590393075,6.207523482969438,6.353582859039307,96400
1995-06-06,6.39009563760324,6.426610469818115,6.353580805388364,6.426610469818115,10800
1995-06-07,6.499643145667182,6.609187693066067,6.499643145667182,6.5726728439331055,26600
1995-06-08,6.5726728439331055,6.682217391331991,6.5726728439331055,6.5726728439331055,87400
1995-06-09,6.57267197550342,6.57267197550342,6.499642286886716,6.536157131195068,5200
1995-06-12,6.499642286886716,6.57267197550342,6.499642286886716,6.536157131195068,77200
1995-06-13,6.5083651782414105,6.5814928768733365,6.5083651782414105,6.544929027557373,72800
1995-06-14,6.581491976153125,6.727747353400972,6.581491976153125,6.618055820465088,54000
1995-06-15,6.581495777591243,6.654623508453368,6.544931912160181,6.654623508453369,102000
1995-06-16,6.76431276464975,6.800876617431641,6.76431276464975,6.800876617431641,12000
1995-06-19,6.727749347686768,6.727749347686768,6.727749347686768,6.727749347686768,236600
1995-06-20,6.727748274137189,6.727748274137189,6.544929027557374,6.544929027557373,32200
1995-06-21,6.435241216900706,6.435241216900706,6.325549605248989,6.3621134757995605,28600
1995-06-22,6.362112497028551,6.362112497028551,6.252420902252197,6.252420902252197,6800
1995-06-23,6.215854644775391,6.25241849562701,6.215854644775391,6.215854644775391,28600
1995-06-26,6.21585556438991,6.21585556438991,6.106163995606559,6.142727851867676,27600
1995-06-27,6.142727851867676,6.21585556438991,6.069600139345442,6.142727851867676,232200
1995-06-28,6.142727851867676,6.142727851867676,6.033036283084325,6.142727851867676,67000
1995-06-29,6.21585556438991,6.288983276912145,6.142727851867676,6.142727851867676,123800
1995-06-30,6.142730247142704,6.28898572921753,6.142730247142704,6.288985729217529,69600
1995-07-03,6.288982808942626,6.288982808942626,6.142727394781169,6.179291248321533,8400
1995-07-05,6.252421861439082,6.325549602508545,6.21585799090435,6.325549602508545,70000
1995-07-06,6.252421858698823,6.28898572921753,6.252421858698823,6.288985729217529,87200
1995-07-07,6.288984767177649,6.288984767177649,6.252420902252197,6.252420902252197,69200
1995-07-10,6.252421861439082,6.398677343578008,6.252421861439082,6.325549602508545,12800
1995-07-11,6.398676872253419,6.398676872253419,6.398676872253419,6.398676872253418,1200
1995-07-12,6.325549599736236,6.3986773407736495,6.28898572921753,6.288985729217529,105000
1995-07-13,6.288983276912145,6.288983276912145,6.069600139345442,6.142727851867676,27000
1995-07-14,6.069599628448486,6.106163481631911,6.069599628448486,6.069599628448486,62000
1995-07-17,5.996473312377931,5.996473312377931,5.959909450717089,5.99647331237793,15000
1995-07-18,5.923349368791638,5.99647713877672,5.923349368791638,5.95991325378418,13400
1995-07-19,5.923344576358795,5.923344576358795,5.850216865539551,5.850216865539551,5800
1995-07-20,5.777090540357457,5.813654404536934,5.740526676177979,5.7405266761779785,50800
1995-07-21,5.740524339975801,5.813652038574219,5.740524339975801,5.813652038574219,103600
1995-07-24,5.740526657719767,5.758808589750721,5.667398929595948,5.667398929595947,65000
1995-07-25,5.667395895759531,5.667395895759531,5.448012828826904,5.448012828826904,272400
1995-07-26,5.374887952933441,5.448015680184236,5.265196362057248,5.411451816558838,979600
1995-07-27,5.4480152506577335,5.557706832885741,5.411451389915064,5.557706832885742,471600
1995-07-28,5.594271666043764,5.667399400240415,5.557707798945439,5.63083553314209,169600
1995-07-31,5.667398947819024,5.777090540357457,5.667398947819024,5.7405266761779785,13800
1995-08-01,5.77708818927501,5.813652038574219,5.703960490676592,5.813652038574219,52600
1995-08-02,5.850216865539551,5.850216865539551,5.850216865539551,5.850216865539551,276000
1995-08-03,5.81365537341637,5.850219243689429,5.7770915031433105,5.7770915031433105,10600
1995-08-04,5.813652038574219,5.850215887873428,5.740524339975801,5.813652038574219,48200
1995-08-07,5.886780720949172,5.886780720949172,5.850216865539551,5.850216865539551,54400
1995-08-08,5.777090540357457,5.813654404536934,5.703962811998501,5.7405266761779785,33800
1995-08-09,5.667398427826127,5.667398427826127,5.594270706176758,5.594270706176758,21200
1995-08-10,5.630835083639546,5.740526676177979,5.630835083639546,5.7405266761779785,52000
1995-08-11,5.7770915031433105,5.7770915031433105,5.7405276328702515,5.7770915031433105,79600
1995-08-14,5.777090540357457,5.777090540357457,5.740526676177979,5.7405266761779785,55200
1995-08-15,5.777090540357457,5.813654404536934,5.740526676177979,5.7405266761779785,2800
1995-08-16,5.703962811998501,5.740526676177979,5.703962811998501,5.7405266761779785,124000
1995-08-17,5.7039610191627785,5.923344135284424,5.7039610191627785,5.923344135284424,11000
1995-08-18,5.850221598806557,5.95991325378418,5.850221598806557,5.95991325378418,7800
1995-08-21,5.996471980619712,6.179291248321533,5.9233442735389845,6.179291248321533,11800
1995-08-22,6.2889862060546875,6.2889862060546875,6.106166839599609,6.106166839599609,56200
1995-08-23,6.069599546032188,6.106163398719128,5.923344135284424,5.923344135284424,29000
1995-08-24,5.850216429910542,5.923344135284424,5.813652577223601,5.923344135284424,63000
1995-08-25,5.886781727395407,5.996473312377931,5.886781727395407,5.99647331237793,6000
1995-08-28,6.069599628448486,6.106163481631911,6.033035775265062,6.069599628448486,14200
1995-08-29,6.069602966308594,6.069602966308594,6.033039093017578,6.033039093017578,7000
1995-08-30,6.033039093017578,6.106166839599609,6.033039093017578,6.106166839599609,2400
1995-08-31,6.215855101861897,6.288982808942626,6.179291248321533,6.179291248321533,24400
1995-09-01,6.252421426773071,6.581496238708495,6.252421426773071,6.581496238708496,64400
1995-09-05,6.581491976153125,6.618055820465087,6.508364287529202,6.618055820465088,116200
1995-09-06,6.544931912160181,6.691187373884431,6.544931912160181,6.654623508453369,74400
1995-09-07,6.6546263164944115,6.9837012442331465,6.6546263164944115,6.910573482513428,183000
1995-09-08,6.910570613881375,6.910570613881375,6.837442882517551,6.874006748199463,28800
1995-09-11,6.947133541107177,6.983697401849846,6.910569680364508,6.947133541107178,76000
1995-09-12,6.947134479563287,6.947134479563287,6.874006748199463,6.874006748199463,155600
1995-09-13,6.846184730529785,6.882795344062029,6.80957411699754,6.846184730529785,63400
1995-09-14,6.809570312500001,6.882791498655915,6.809570312500001,6.8095703125,10400
1995-09-15,6.846180905577958,6.882791498655915,6.772959719422044,6.8095703125,14800
1995-09-18,6.846184730529785,6.846184730529785,6.772963503465295,6.846184730529785,11000
1995-09-19,6.846182327800326,6.846182327800326,6.589908123016357,6.589908123016357,28400
1995-09-20,6.589908599853516,6.589908599853516,6.4434661865234375,6.4434661865234375,28600
1995-09-21,6.480073470747873,6.516684055328369,6.443462886167376,6.516684055328369,20600
1995-09-22,6.44346666608538,6.44346666608538,6.406856060028076,6.406856060028076,21200
1995-09-25,6.443465269328466,6.699739456176757,6.443465269328466,6.699739456176758,26800
1995-09-26,6.699739456176757,6.699739456176757,6.626518259934389,6.699739456176758,29000
1995-09-27,6.663130302429199,6.663130302429199,6.406856060028076,6.406856060028076,52200
1995-09-28,6.370245453970773,6.44346666608538,6.370245453970773,6.406856060028076,273200
1995-09-29,6.370245453970773,6.406856060028076,6.260413635798863,6.406856060028076,47600
1995-10-02,6.406855583190918,6.4434661865234375,6.406855583190918,6.4434661865234375,114000
1995-10-03,6.44346572028266,6.589908123016357,6.44346572028266,6.589908123016357,43600
1995-10-04,6.62651872896886,6.663129329681396,6.62651872896886,6.6631293296813965,23000
1995-10-05,6.589908128256326,6.663129329681396,6.589908128256326,6.6631293296813965,84200
1995-10-06,6.663129324383205,6.663129324383205,6.589908123016357,6.589908123016357,22800
1995-10-09,6.516685496495422,6.553296089172363,6.480074903818482,6.553296089172363,6800
1995-10-10,6.553297514295847,6.553297514295847,6.480076313018799,6.480076313018799,15800
1995-10-11,6.516686913657323,6.516686913657323,6.480076313018799,6.480076313018799,28800
1995-10-12,6.443468598113663,6.443468598113663,6.3702473640441895,6.3702473640441895,33800
1995-10-13,6.443468598113663,6.443468598113663,6.3702473640441895,6.3702473640441895,21600
1995-10-16,6.443468598113663,6.443468598113663,6.3702473640441895,6.3702473640441895,26200
1995-10-17,6.370244020671514,6.370244020671514,6.297022825031611,6.3336334228515625,40200
1995-10-18,6.297023773193359,6.4434661865234375,6.297023773193359,6.4434661865234375,5400
1995-10-19,6.443468598113663,6.443468598113663,6.3702473640441895,6.3702473640441895,20000
1995-10-20,6.406855583190918,6.4434661865234375,6.406855583190918,6.4434661865234375,5600
1995-10-23,6.4434661865234375,6.4434661865234375,6.4434661865234375,6.4434661865234375,3400
1995-10-24,6.4434643111415415,6.553296089172363,6.4434643111415415,6.553296089172363,32800
1995-10-25,6.553295638679799,6.663127409160466,6.516685048519577,6.626516819000244,12400
1995-10-26,6.553298484257289,6.553298484257289,6.370245453970773,6.406856060028076,59200
1995-10-27,6.443462886167376,6.516684055328369,6.443462886167376,6.516684055328369,2800
1995-10-30,6.480073470747873,6.553294639908866,6.480073470747873,6.516684055328369,24400
1995-10-31,6.443468598113663,6.443468598113663,6.297026129974715,6.3702473640441895,55400
1995-11-01,6.3336334228515625,6.370244020671514,6.3336334228515625,6.3336334228515625,7000
1995-11-02,6.333635335744813,6.333635335744813,6.297024726867676,6.297024726867676,1600
1995-11-03,6.4434643111415415,6.553296089172363,6.4434643111415415,6.553296089172363,10600
1995-11-06,6.62651872896886,6.699739930393931,6.62651872896886,6.6631293296813965,11800
1995-11-07,6.663129329681396,6.736350531106466,6.62651872896886,6.6631293296813965,11800
1995-11-08,6.663127919901973,6.8827914777009385,6.663127919901973,6.736349105834961,45000
1995-11-09,6.809570312500001,6.846180905577958,6.809570312500001,6.8095703125,15600
1995-11-10,6.80957029176795,6.80957029176795,6.736349105834961,6.736349105834961,16400
1995-11-13,6.69973853326613,6.809570312500001,6.69973853326613,6.8095703125,9000
1995-11-14,6.882794380187988,6.882794380187988,6.846183771782733,6.882794380187988,49600
1995-11-15,6.846180905577958,6.846180905577958,6.809570312500001,6.8095703125,3800
1995-11-16,6.809570312500001,6.846180905577958,6.736349126344087,6.8095703125,15400
1995-11-17,6.80957029176795,6.80957029176795,6.699738512868467,6.736349105834961,51800
1995-11-20,6.699739456176757,6.736350054297942,6.699739456176757,6.699739456176758,8600
1995-11-21,6.699739930393931,6.699739930393931,6.663129329681396,6.6631293296813965,33600
1995-11-22,6.589906228840022,6.626516819000243,6.589906228840022,6.626516819000244,25000
1995-11-24,6.663129329681396,6.663129329681396,6.663129329681396,6.6631293296813965,400
1995-11-27,6.663128858055573,6.736350054297942,6.663128858055573,6.699739456176758,27400
1995-11-28,6.736351013183594,7.02923583984375,6.736351013183594,6.9926252365112305,66800
1995-11-29,7.029235363006592,7.065845963855585,6.992624762157599,7.029235363006592,60000
1995-11-30,6.956015102603892,7.175678737422963,6.956015102603892,7.065846920013428,100200
1995-12-01,7.065846920013428,7.1024575258166065,7.02923631421025,7.065846920013428,18400
1995-12-04,7.065845963855585,7.175677766402563,7.029235363006592,7.029235363006592,72000
1995-12-05,6.956012725830078,7.102455099005448,6.956012725830078,6.956012725830078,40400
1995-12-06,6.992625703567113,7.175678732456305,6.956015097789275,7.139068126678467,28800
1995-12-07,7.175674477008857,7.322116813274344,7.175674477008857,7.248895645141602,28600
1995-12-08,7.21228551864624,7.248896105035308,7.139064345868106,7.21228551864624,47600
1995-12-11,7.285506229207972,7.285506229207972,7.248895645141601,7.248895645141602,49800
1995-12-12,7.322116813274344,7.322116813274344,7.212285061075229,7.248895645141602,96800
1995-12-13,7.2943483754463,7.2943483754463,7.184383324560175,7.221038341522217,12000
1995-12-14,7.221040567561011,7.294350624084473,7.147730511037548,7.294350624084473,19000
1995-12-15,7.331007313353853,7.331007313353853,6.964456947686161,7.00111198425293,263600
1995-12-18,7.001114088391501,7.074424183557904,6.927803993225098,6.927803993225098,17400
1995-12-19,6.964459040808299,6.964459040808299,6.927803993225098,6.927803993225098,45200
1995-12-20,6.964456861217817,7.037766933441162,6.964456861217817,7.037766933441162,50600
1995-12-21,7.074424168498245,7.14773426350859,7.037769120993072,7.111079216003418,66000
1995-12-22,7.1477283075981335,7.221038341522217,7.1477283075981335,7.221038341522217,218800
1995-12-26,7.184388547840684,7.4043188095092765,7.184388547840684,7.404318809509277,69800
1995-12-27,7.367662466845466,7.5875926897363755,7.367662466845466,7.550937652587891,90400
1995-12-28,7.62424772688486,7.62424772688486,7.514282615439406,7.550937652587891,281800
1995-12-29,7.4776248931884775,7.5509349411609135,7.404314845216041,7.477624893188477,43400
1996-01-02,7.4776259267271445,7.5509359848323125,7.367660839569392,7.4409708976745605,45600
1996-01-03,7.440973853120709,7.477628896732141,7.4043188095092765,7.404318809509277,153600
1996-01-04,7.3676605224609375,7.404315549935868,7.331005494986008,7.3676605224609375,107400
1996-01-05,7.404316650948874,7.514281749725342,7.404316650948874,7.514281749725342,80600
1996-01-08,7.404315868621976,7.4409708976745605,7.404315868621976,7.4409708976745605,14800
1996-01-09,7.404316650948874,7.514281749725342,7.404316650948874,7.514281749725342,99000
1996-01-10,7.5509349411609135,7.5509349411609135,7.4776248931884775,7.477624893188477,39600
1996-01-11,7.477625765393127,7.55093582191659,7.221040567561011,7.294350624084473,88400
1996-01-12,7.184387295062725,7.25769736950214,7.147732257843018,7.147732257843018,19200
1996-01-15,7.037764026272682,7.037764026272682,6.78117887948149,6.81783390045166,102800
1996-01-16,6.854491204023361,6.854491204023361,6.4512858390808105,6.4512858390808105,83200
1996-01-17,6.341322036676629,6.341322036676629,6.304666996002197,6.304666996002197,248400
1996-01-18,6.304665706374428,6.4512858390808105,6.2313556400212375,6.4512858390808105,126400
1996-01-19,6.524595820971128,6.524595820971128,6.451285755566959,6.487940788269043,10800
1996-01-22,6.487940788269044,6.524595820971128,6.451285755566959,6.487940788269043,361600
1996-01-23,6.561250911964165,6.744526077102829,6.561250911964165,6.671216011047363,81200
1996-01-24,6.7078674670015825,6.7078674670015825,6.524592399597168,6.524592399597168,61200
1996-01-25,6.5245940856512075,6.634559154510498,6.5245940856512075,6.634559154510498,15400
1996-01-26,6.671217370540538,6.891147613525391,6.671217370540538,6.891147613525391,141400
1996-01-29,6.817836801419084,7.00111198425293,6.817836801419084,7.00111198425293,43000
1996-01-30,7.001112108964186,7.202714813672579,7.001112108964186,7.147732257843018,97000
1996-01-31,7.257693358484258,7.331003392408341,7.221038341522217,7.221038341522217,122800
1996-02-01,7.074423402388465,7.074423402388465,6.744528010567242,6.854493141174316,189200
1996-02-02,6.891147613525391,6.927802654022867,6.891147613525391,6.891147613525391,10600
1996-02-05,6.891148945641896,6.927803993225098,6.891148945641896,6.927803993225098,10000
1996-02-06,6.854493898058694,6.927803993225098,6.854493898058694,6.927803993225098,42400
1996-02-07,6.854493141174316,6.854493141174316,6.744528010567242,6.854493141174316,46800
1996-02-08,6.8544903596242275,6.8544903596242275,6.597905158996582,6.597905158996582,19000
1996-02-09,6.597904924486505,6.70787000656128,6.597904924486505,6.707870006561279,80400
1996-02-12,6.7078710440750955,6.7078710440750955,6.671216011047363,6.671216011047363,63200
1996-02-13,6.597904131557401,6.671214177463595,6.597904131557401,6.634559154510498,30400
1996-02-14,6.56125013033549,6.671215216318767,6.56125013033549,6.597905158996582,104400
1996-02-15,6.597905737816253,6.597905737816253,6.341320514678955,6.341320514678955,108400
1996-02-16,6.268011221204485,6.414631366729737,6.231356184823173,6.414631366729736,231200
1996-02-20,6.524596475873675,6.561251512254988,6.3779763303484245,6.414631366729736,148200
1996-02-21,6.377978801727294,6.451288902896573,6.341323751142655,6.377978801727295,73800
1996-02-22,6.377975772727619,6.487940872257406,6.377975772727619,6.4512858390808105,133000
1996-02-23,6.451285755566959,6.561250853673213,6.451285755566959,6.487940788269043,164200
1996-02-26,6.487940872257406,6.487940872257406,6.414630805904214,6.4512858390808105,32800
1996-02-27,6.451285755566959,6.487940788269044,6.414630722864874,6.487940788269043,81800
1996-02-28,6.451282372635402,6.524592399597168,6.451282372635402,6.524592399597168,4400
1996-02-29,6.524593284010221,6.561248302459717,6.45128324711123,6.561248302459717,25400
1996-03-01,6.451282372635402,6.524592399597168,6.451282372635402,6.524592399597168,62200
1996-03-04,6.4512858390808105,6.4512858390808105,6.414630805904214,6.4512858390808105,132800
1996-03-05,6.524595905434001,6.524595905434001,6.414630805904214,6.4512858390808105,228200
1996-03-06,6.45128640311105,6.45128640311105,6.414631366729737,6.414631366729736,22000
1996-03-07,6.414630805904214,6.4512858390808105,6.414630805904214,6.4512858390808105,13600
1996-03-08,6.377975546555712,6.377975546555712,6.341320514678955,6.341320514678955,15400
1996-03-11,6.304664363522502,6.304664363522502,6.084734211306601,6.194699287414551,31000
1996-03-12,6.121394590366106,6.121394590366106,5.82815413094737,5.974774360656738,258600
1996-03-13,6.020290374755859,6.020290374755859,5.98358128710491,6.020290374755859,155600
1996-03-14,6.020290089224627,6.2405446046840645,5.946871917404815,6.130417346954346,189200
1996-03-15,6.056998526608502,6.093707608587947,5.946871280670166,5.946871280670166,90800
1996-03-18,6.020287973740522,6.313960557825425,6.020287973740522,6.240542411804199,154000
1996-03-19,6.130415888557658,6.35067035161961,6.130415888557658,6.277252197265625,105600
1996-03-20,6.277252901432126,6.3506710640219755,6.277252901432126,6.313961982727051,15800
1996-03-21,6.387380101464011,6.460798263549804,6.387380101464011,6.460798263549805,7400
1996-03-22,6.460797059469383,6.607633356275505,6.460797059469383,6.570924282073975,123200
1996-03-25,6.644343829545818,6.754471075339395,6.607634747614625,6.717761993408203,86800
1996-03-26,6.644344739656191,6.86459926141275,6.644344739656191,6.7911810874938965,52000
1996-03-27,6.864598475004498,7.048143888774671,6.864598475004498,6.974725723266602,62800
1996-03-28,6.974726170301437,7.048144340515137,6.864598914980888,7.048144340515137,50000
1996-03-29,6.974724784810492,7.048142940440076,6.901306629180908,6.901306629180908,51800
1996-04-01,6.974728319657411,7.04814651249591,6.974728319657411,7.01143741607666,31400
1996-04-02,7.048144340515137,7.084853425621986,7.011435255408287,7.048144340515137,45600
1996-04-03,7.121561096069661,7.1949792516992455,6.901306629180908,6.901306629180908,139400
1996-04-04,6.9747257232666025,7.048143888774671,6.901307557758533,6.974725723266602,31200
1996-04-08,6.901307608491631,6.901307608491631,6.827889442443848,6.827889442443848,15000
1996-04-09,6.754467487335205,6.791176549766375,6.754467487335205,6.754467487335205,102800
1996-04-10,6.827890174453324,6.901308348372177,6.791181087493897,6.7911810874938965,226800
1996-04-11,6.754467487335205,6.791176549766375,6.681049362472866,6.754467487335205,61600
1996-04-12,6.717761993408202,6.754471075339395,6.717761993408202,6.717761993408203,54000
1996-04-15,6.644343668764288,6.644343668764288,6.460798263549804,6.460798263549805,43600
1996-04-16,6.497507770856222,6.607635021209717,6.497507770856222,6.607635021209717,227200
1996-04-17,6.644343084477364,6.901306629180908,6.57092492884778,6.901306629180908,194600
1996-04-18,6.919663338737692,6.919663338737692,6.864599704742432,6.864599704742432,44000
1996-04-19,6.938018237988565,7.084854602813721,6.901309146782277,7.084854602813721,19200
1996-04-22,7.048142895256122,7.12156105041504,7.048142895256122,7.121561050415039,92200
1996-04-23,7.121562510728836,7.121562510728836,7.048144340515137,7.048144340515137,261800
1996-04-24,6.974726170301437,7.048144340515137,6.974726170301437,7.048144340515137,110000
1996-04-25,7.048143592247596,7.158270835876466,7.048143592247596,7.158270835876465,113400
1996-04-26,7.194983367919922,7.341819763183594,7.194983367919922,7.341819763183594,83200
1996-04-29,7.341816818829878,7.5620713233947745,7.341816818829878,7.562071323394775,136600
1996-04-30,7.488652706146239,7.488652706146239,7.415234542360492,7.48865270614624,26200
1996-05-01,7.451943397521973,7.488652478297943,7.378525235970032,7.451943397521973,339000
1996-05-02,7.378524814160342,7.378524814160342,7.231688499450684,7.231688499450684,20600
1996-05-03,7.305107319709098,7.415234565734863,7.305107319709098,7.415234565734863,35400
1996-05-06,7.488652478297943,7.488652478297943,7.451943397521973,7.451943397521973,47400
1996-05-07,7.451944071112327,7.5620713233947745,7.451944071112327,7.562071323394775,18200
1996-05-08,7.48865272975204,7.48865272975204,7.305107319709098,7.415234565734863,102000
1996-05-09,7.488656158447266,7.5987834548950195,7.341819763183594,7.341819763183594,49600
1996-05-10,7.2683975781280985,7.2683975781280985,7.231688499450684,7.231688499450684,21400
1996-05-13,7.231688998295711,7.231688998295711,7.158270835876466,7.158270835876465,19600
1996-05-14,7.121561754666843,7.194979917086088,7.048143592247596,7.158270835876465,55000
1996-05-15,7.1215636940200095,7.1215636940200095,6.974727329194854,7.084854602813721,109200
1996-05-16,7.048145151393299,7.048145151393299,6.754472436751911,6.864599704742432,314000
1996-05-17,6.864598914980888,7.084853425621986,6.864598914980888,7.048144340515137,35800
1996-05-20,7.048145511607432,7.084854602813721,6.754472781957122,7.084854602813721,285200
1996-05-21,7.1582700989463115,7.268397331237793,7.1582700989463115,7.268397331237793,8600
1996-05-22,7.268401565551757,7.415237960815429,7.268401565551757,7.341819763183594,6600
1996-05-23,7.378525483726275,7.415234565734863,7.378525483726275,7.415234565734863,2400
1996-05-24,7.341817125159117,7.378526210784912,7.341817125159117,7.378526210784912,39600
1996-05-28,7.451944382036504,7.451944382036504,7.378526210784912,7.378526210784912,4800
1996-05-29,7.305103778839111,7.378521907269655,7.305103778839111,7.305103778839111,6200
1996-05-30,7.3051106643676755,7.341819763183594,7.268401565551757,7.341819763183594,2200
1996-05-31,7.415234542360492,7.562070869931987,7.415234542360492,7.48865270614624,64200
1996-06-03,7.525362239300626,7.5620713233947745,7.451944071112327,7.562071323394775,15000
1996-06-04,7.598780130085193,7.672198295593263,7.562071047331158,7.672198295593262,177800
1996-06-05,7.635488779951887,7.635488779951887,7.5253615379333505,7.52536153793335,95400
1996-06-06,7.488652706146239,7.488652706146239,7.415234542360492,7.48865270614624,10800
1996-06-07,7.48865272975204,7.562070893769217,7.415234565734863,7.415234565734863,40800
1996-06-10,7.268397331237793,7.305106408668287,7.268397331237793,7.268397331237793,33600
1996-06-11,7.194980621337891,7.194980621337891,7.158271536535146,7.194980621337891,20800
1996-06-12,7.0935388491703915,7.240555198375995,7.0935388491703915,7.167047023773193,27600
1996-06-13,7.09353846825924,7.2405548095703125,7.09353846825924,7.2405548095703125,16800
1996-06-14,7.240555721886304,7.240555721886304,7.20380163192749,7.20380163192749,13400
1996-06-17,7.203801111074594,7.203801111074594,7.130292936471792,7.167047023773193,15600
1996-06-18,7.203800769767376,7.277308940887451,7.203800769767376,7.277308940887451,58600
1996-06-19,7.277308940887451,7.350817112007527,7.277308940887451,7.277308940887451,7400
1996-06-20,7.277309811845118,7.277309811845118,7.20380163192749,7.20380163192749,22800
1996-06-21,7.277308894898081,7.387571150881384,7.2405548095703125,7.2405548095703125,27400
1996-06-24,7.3140669131279,7.350821018218995,7.277312808036805,7.350821018218994,107400
1996-06-25,7.350817112007527,7.387571197567564,7.240554855327414,7.277308940887451,160000
1996-06-26,7.240554855327414,7.277308940887451,7.240554855327414,7.277308940887451,203000
1996-06-27,7.240554669468673,7.277308754085265,7.1302924156188965,7.1302924156188965,75000
1996-06-28,7.167047541968676,7.20380163192749,7.167047541968676,7.20380163192749,171800
1996-07-01,7.240552068355695,7.350814282594614,7.240552068355695,7.314060211181641,97800
1996-07-02,7.350817765339766,7.424325942993164,7.314063676513068,7.424325942993164,158800
1996-07-03,7.46108011638417,7.497834205627442,7.46108011638417,7.497834205627441,342400
1996-07-05,7.461080074310303,7.461080074310303,7.424325985274291,7.461080074310303,18400
1996-07-08,7.387571044084502,7.534587383270264,7.387571044084502,7.534587383270264,137600
1996-07-09,7.534589870617941,7.644852161407472,7.497835773688097,7.644852161407471,21200
1996-07-10,7.718356913990445,8.085897719418561,7.718356913990445,7.9388813972473145,242000
1996-07-11,7.938881397247315,8.04914363887575,7.902127316704504,7.9388813972473145,150000
1996-07-12,7.938884182511089,7.938884182511089,7.791867808760883,7.865375995635986,175800
1996-07-15,7.865376982578011,7.975639276726301,7.865376982578011,7.902131080627441,307400
1996-07-16,7.865374825217507,7.865374825217507,7.64485029740767,7.681604385375977,334400
1996-07-17,7.681600927730688,7.681600927730688,7.608092784881591,7.608092784881592,75600
1996-07-18,7.64484685630614,7.64484685630614,7.534584642032494,7.608092784881592,160200
1996-07-19,7.681606258337315,7.7183603552671585,7.644852161407472,7.644852161407471,128600
1996-07-22,7.681603833503529,7.681603833503529,7.2405548095703125,7.2405548095703125,148800
1996-07-23,7.240558459496624,7.240558459496624,7.020033836364747,7.020033836364746,96200
1996-07-24,6.9832769855038155,6.9832769855038155,6.689244270324707,6.689244270324707,332200
1996-07-25,6.762753593730417,6.946524071820917,6.762753593730417,6.873015880584717,180000
1996-07-26,6.873015047374524,6.983277320861816,6.873015047374524,6.983277320861816,28600
1996-07-29,6.946523229699386,7.020031412024247,6.946523229699386,6.983277320861816,49800
1996-07-30,6.946524071820917,6.983278167439018,6.799507689348517,6.873015880584717,353600
1996-07-31,6.836261784966617,7.167048645529518,6.725999498112317,6.873015880584717,497600
1996-08-01,7.16705049276352,7.350821018218995,7.130296387672425,7.350821018218994,67600
1996-08-02,7.38757189623828,7.461080074310303,7.38757189623828,7.461080074310303,28400
1996-08-05,7.387568354007588,7.387568354007588,7.277306139768668,7.314060211181641,47600
1996-08-06,7.277309670167812,7.497834205627442,7.277309670167812,7.497834205627441,31600
1996-08-07,7.461080031819863,7.6080963871266585,7.424325942993164,7.424325942993164,146200
1996-08-08,7.350817765339766,7.424325942993164,7.350817765339766,7.424325942993164,84000
1996-08-09,7.424325092551634,7.424325092551634,7.056784246385712,7.1302924156188965,45600
1996-08-12,7.167050251785998,7.314066667207249,7.020033836364747,7.020033836364746,45000
1996-08-13,6.983277400334677,7.056785583496094,6.909769217173259,7.056785583496094,345200
1996-08-14,7.056784382931472,7.277308894898081,7.056784382931472,7.2405548095703125,76000
1996-08-15,7.203801111074594,7.240555198375995,7.167047023773193,7.167047023773193,128000
1996-08-16,7.203800584852081,7.203800584852081,7.020030161769119,7.1302924156188965,250000
1996-08-19,7.130293766657512,7.130293766657512,6.983277400334677,7.056785583496094,92600
1996-08-20,7.093542044075372,7.093542044075372,7.020033836364747,7.020033836364746,119400
1996-08-21,7.056785583496094,7.056785583496094,6.983277400334677,7.056785583496094,6000
1996-08-22,7.0200318533276755,7.0200318533276755,6.909769572908917,6.946523666381836,110200
1996-08-23,6.946524071820917,6.946524071820917,6.799507689348517,6.873015880584717,90800
1996-08-26,6.909768494226599,6.909768494226599,6.799506231020856,6.8362603187561035,32400
1996-08-27,6.8730147601476785,6.8730147601476785,6.725998401641846,6.725998401641846,27000
1996-08-28,6.762748718261719,6.836256856503694,6.762748718261719,6.762748718261719,33800
1996-08-29,6.83626067052122,6.8730147601476785,6.725998401641846,6.725998401641846,210600
1996-08-30,6.762752449119484,6.762752449119484,6.689244270324707,6.689244270324707,4600
1996-09-03,6.689244312015387,6.909768849774137,6.689244312015387,6.725998401641846,168800
1996-09-04,6.762753048458615,6.836261233767948,6.762753048458615,6.799507141113281,12800
1996-09-05,6.799507689348517,6.909769976202817,6.799507689348517,6.873015880584717,34000
1996-09-06,6.909768104553223,6.94652219021574,6.836259933228189,6.909768104553223,217400
1996-09-09,6.909769572908917,6.983277759854756,6.909769572908917,6.946523666381836,186400
1996-09-10,6.909769976202817,6.946524071820917,6.762753593730417,6.873015880584717,920000
1996-09-11,6.9186501873589545,7.1394581720619,6.881848856575131,7.102656841278076,240000
1996-09-12,7.102656841278076,7.1394581720619,7.065855510494252,7.102656841278076,161200
1996-09-13,7.176257152946628,7.2498597904127475,7.139455834213569,7.2130584716796875,67000
1996-09-16,7.176260483264922,7.433869833946227,7.176260483264922,7.360267162322998,74800
1996-09-17,7.360260929893609,7.3970622345430765,7.323459625244141,7.323459625244141,71400
1996-09-18,7.286658320594673,7.360260929893609,7.286658320594673,7.323459625244141,156200
1996-09-19,7.323462427878867,7.323462427878867,7.213058471679688,7.2130584716796875,77000
1996-09-20,7.1762567216699775,7.286660671234131,7.1762567216699775,7.286660671234131,36400
1996-09-23,7.323462996316786,7.433866961085381,7.323462996316786,7.39706563949585,101600
1996-09-24,7.397064598683778,7.433865915095141,7.24985933303833,7.24985933303833,448400
1996-09-25,7.286660649449693,7.323461965861055,7.24985933303833,7.24985933303833,107600
1996-09-26,7.286660649449693,7.286660649449693,7.213058016626968,7.24985933303833,190600
1996-09-27,7.2498631548881525,7.360267162322998,7.213061819076538,7.360267162322998,32000
1996-09-30,7.360263431773466,7.5074687004089355,7.360263431773466,7.5074687004089355,67600
1996-10-01,7.433866086820277,7.544270038604736,7.433866086820277,7.544270038604736,36000
1996-10-02,7.5074697339363645,7.691476345062255,7.5074697339363645,7.691476345062256,20000
1996-10-03,7.728277667287434,7.765078989512612,7.691476345062255,7.691476345062256,258800
1996-10-04,7.691476808144496,7.728278132585379,7.617874159262731,7.654675483703613,86200
1996-10-07,7.691471979813874,7.691471979813874,7.6178693771362305,7.6178693771362305,55800
1996-10-08,7.654675483703613,7.654675483703613,7.617874159262731,7.654675483703613,364800
1996-10-09,7.728277699077299,7.801880343830416,7.654675054324182,7.765079021453857,15600
1996-10-10,7.765080019485119,8.059490636337635,7.728278692378554,7.912285327911377,588400
1996-10-11,7.875484000804812,7.912285327911377,7.875484000804812,7.912285327911377,161600
1996-10-14,7.912290533748242,8.02269458770752,7.912290533748242,8.02269458770752,11800
1996-10-15,7.9490866550179415,7.9490866550179415,7.912285327911377,7.912285327911377,12400
1996-10-16,7.875484000804812,7.912285327911377,7.838682673698248,7.912285327911377,6800
1996-10-17,7.949086475372315,8.832318305969238,7.949086475372315,8.832318305969238,352800
1996-10-18,8.832312475276899,8.832312475276899,8.685107267355617,8.721908569335938,114200
1996-10-21,8.795512386244171,9.126724149742905,8.795512386244171,9.01632022857666,503000
1996-10-22,8.97951786577209,9.016319168500663,8.905915260314941,8.905915260314941,152200
1996-10-23,8.979518142700195,9.200325965881348,8.94271683883667,9.200325965881348,321800
1996-10-24,9.71554587869083,10.009956359863281,9.457936707664938,10.009956359863281,1021200
1996-10-25,10.083561948920845,10.26756855382816,9.89955534401353,10.193965911865234,332000
1996-10-28,10.304366202741967,10.45157143420971,10.230763587008097,10.414770126342773,304600
1996-10-29,10.45157612233922,10.45157612233922,10.083562878594883,10.15716552734375,146800
1996-10-30,10.120366031962229,10.193968694012865,9.789154052734375,9.789154052734375,302400
1996-10-31,9.862755888251849,10.414775807370422,9.862755888251849,10.267570495605469,603000
1996-11-01,10.267568518898704,10.377972481467507,10.083561914617365,10.120363235473633,291000
1996-11-04,10.083562878594883,10.193966851718184,10.009960229846014,10.15716552734375,124000
1996-11-05,10.157161821637835,10.304367065429688,10.157161821637835,10.304367065429688,174200
1996-11-06,10.34116843068008,10.451572364103711,10.304367119538869,10.377969741821289,83600
1996-11-07,10.45157143420971,10.598776665677452,10.414770126342773,10.414770126342773,400400
1996-11-08,10.414772103716443,10.561977363132929,10.341169474008199,10.525176048278809,117800
1996-11-11,10.561981211105984,10.709186524152756,10.52517988284429,10.598782539367676,218200
1996-11-12,10.672382294924,10.70918361318236,10.561978340148926,10.561978340148926,294000
1996-11-13,10.598780581825658,10.598780581825658,10.451575295966968,10.48837661743164,195200
1996-11-14,10.48837649736473,10.48837649736473,10.230767250061035,10.230767250061035,112600
1996-11-15,10.157161821637835,10.304367065429688,10.157161821637835,10.304367065429688,119600
1996-11-18,10.304370893702387,10.341172218322754,10.267569569082022,10.341172218322754,85600
1996-11-19,10.341172218322754,10.341172218322754,10.19396691984129,10.341172218322754,65600
1996-11-20,10.304367065429688,10.377969687325614,10.304367065429688,10.304367065429688,34600
1996-11-21,10.37796881847584,10.488372742076645,10.37796881847584,10.414770126342773,101000
1996-11-22,10.451577226320904,10.672385195891064,10.451577226320904,10.598782539367676,315400
1996-11-25,10.598773045523355,10.74597822671118,10.598773045523355,10.635574340820312,394400
1996-11-26,10.709176931414223,10.709176931414223,10.598773045523355,10.635574340820312,120200
1996-11-27,10.63558386762937,10.672385195891064,10.52517988284429,10.598782539367676,88000
1996-11-29,10.59877877070986,10.672381401062012,10.59877877070986,10.672381401062012,24600
1996-12-02,10.74598785241445,10.74598785241445,10.561981211105984,10.598782539367676,272400
1996-12-03,10.63558580113106,10.893195145795133,10.63558580113106,10.819592475891113,122600
1996-12-04,10.81958656711178,10.856387881965903,10.525176048278809,10.525176048278809,153400
1996-12-05,10.598779658407285,10.70918361318236,10.561978340148926,10.561978340148926,73400
1996-12-06,10.56197924345312,10.56197924345312,10.41477395783008,10.45157527923584,140400
1996-12-09,10.488376479716937,10.488376479716937,10.15716459088377,10.193965911865234,168800
1996-12-10,10.193966662475818,10.230767986167066,9.67874813079834,9.67874813079834,177800
1996-12-11,9.678744373681411,9.789148301898308,9.53153913605888,9.752346992492676,525800
1996-12-12,9.730235964752907,9.730235964752907,9.50909423828125,9.50909423828125,121600
1996-12-13,9.435378968008893,9.435378968008893,9.214237273446184,9.324808120727539,149400
1996-12-16,9.324808351048885,9.840805651106924,9.324808351048885,9.767091751098633,264800
1996-12-17,9.730236358062395,9.767093313964146,9.656522446258892,9.693379402160645,98200
1996-12-18,9.730236179226049,10.061948776245117,9.693379224001706,10.061948776245117,174000
1996-12-19,10.061946573048614,10.246231308818734,10.061946573048614,10.098803520202637,63000
1996-12-20,10.02509250021153,10.20937728881836,10.02509250021153,10.20937728881836,38000
1996-12-23,10.246230566880728,10.467372233791822,10.246230566880728,10.43051528930664,133000
1996-12-24,10.35680299745479,10.467373847961426,10.35680299745479,10.467373847961426,39800
1996-12-26,10.393661539178146,10.504232406616211,10.393661539178146,10.504232406616211,55800
1996-12-27,10.50422880573205,10.50422880573205,10.319944089842013,10.35680103302002,16800
1996-12-30,10.35680642350173,10.430520348224162,10.209378574056865,10.283092498779297,23600
1996-12-31,10.283092810953264,10.319949774433383,10.209378883993024,10.246235847473145,76400
1997-01-02,10.246234246539727,10.283091204261092,10.172520331096994,10.20937728881836,78400
1997-01-03,10.209378883993024,10.246235847473143,10.135664957032786,10.246235847473145,299600
1997-01-06,10.283084970839479,10.393655776977539,10.283084970839479,10.393655776977539,38800
1997-01-07,10.393653836629793,10.688509264619292,10.393653836629793,10.651652336120605,176600
1997-01-08,10.651657399204042,10.725371291240057,10.614800453186035,10.614800453186035,283600
1997-01-09,10.725378036499023,11.130804697672527,10.61480712890625,11.057090759277344,323600
1997-01-10,11.020230062646805,11.462513543421927,11.020230062646805,11.278228759765625,194200
1997-01-13,11.278226195788774,11.388797040845526,11.204512299084271,11.241369247436523,168600
1997-01-14,11.241371803034365,11.278228759765625,11.057087019378065,11.278228759765625,118200
1997-01-15,11.204512596130371,11.241369545459747,11.167655646800995,11.204512596130371,90000
1997-01-16,11.351934879919876,11.46250567420481,11.167650222778319,11.16765022277832,174800
1997-01-17,11.057079428493385,11.204507154206631,11.057079428493385,11.16765022277832,40200
1997-01-20,11.204513196124147,11.204513196124147,11.093942342215026,11.130799293518066,20000
1997-01-21,11.130803718047888,11.130803718047888,10.83594799041748,10.83594799041748,33400
1997-01-22,10.835944385063357,10.835944385063357,10.504231801847132,10.577945709228516,118000
1997-01-23,10.504235897745405,10.504235897745405,10.319951057434082,10.319951057434082,114800
1997-01-24,10.319944089842013,10.35680103302002,10.172516317129984,10.35680103302002,126600
1997-01-27,10.319944602855738,10.319944602855738,10.172516822814941,10.172516822814941,6600
1997-01-28,10.246234246539727,10.356805119703823,10.20937728881836,10.20937728881836,213800
1997-01-29,10.283091204261092,10.356805119703823,10.20937728881836,10.20937728881836,189400
1997-01-30,10.283089444353863,10.541088104248047,10.24623249294041,10.541088104248047,180200
1997-01-31,10.541086122762188,10.541086122762188,10.43051528930664,10.43051528930664,52800
1997-02-03,10.319949774433383,10.356806737913502,10.172521920512905,10.246235847473145,123600
1997-02-04,10.319949720871936,10.319949720871936,9.877666161405996,9.914523124694824,82800
1997-02-05,9.914521627047433,10.283091204261092,9.619665965276505,10.20937728881836,193800
1997-02-06,10.209378883993024,10.688519409234575,10.209378883993024,10.246235847473145,195600
1997-02-07,10.319948161982458,10.467375992867922,10.20937728881836,10.20937728881836,128000
1997-02-10,10.20937464302152,10.20937464302152,9.14052314609869,9.472235679626465,390000
1997-02-11,9.361661344766617,9.472232148051262,9.361661344766617,9.435375213623047,116000
1997-02-12,9.472232913970949,9.877659225463868,9.472232913970949,9.582803726196289,292000
1997-02-13,9.435376631345786,9.840802970973925,9.14052111161623,9.619661331176758,244000
1997-02-14,9.877664221856827,10.098805958167056,9.767093353701714,9.803950309753418,172200
1997-02-18,9.80395192746763,9.951379776000977,9.619667116800944,9.951379776000977,236200
1997-02-19,9.95137821225559,10.135662993964026,9.840807343230528,10.025092124938965,102400
1997-02-20,10.025093700267652,10.025093700267652,9.767094965334293,9.951379776000977,82400
1997-02-21,9.877664221856827,9.877664221856827,9.767093353701714,9.803950309753418,76800
1997-02-24,9.767091093641339,9.803948041164514,9.69337719859499,9.730234146118164,62800
1997-02-25,9.767095890830966,9.914523753334073,9.730238925205189,9.84080982208252,198400
1997-02-26,9.877662481948677,9.951376381067696,9.435379087234557,9.545949935913086,334000
1997-02-27,9.54595145653552,9.656522322827437,9.361666679382324,9.361666679382324,54400
1997-02-28,9.398520984649657,9.398520984649657,8.993094589233397,9.21423625946045,149200
1997-03-03,9.066808179646982,9.066808179646982,8.771952629089355,8.771952629089355,361600
1997-03-04,8.845662518966297,9.029947154778094,8.808805591803937,8.919376373291016,173400
1997-03-05,8.993098545074462,9.066812467575073,8.735099816322325,8.845670700073242,150600
1997-03-06,8.771952777612405,9.029951388718652,8.698238888724907,8.993094444274902,201800
1997-03-07,9.066810785337937,9.545951192693193,9.029953830925994,9.50909423828125,149200
1997-03-10,9.47223551345594,9.730234146118164,9.435378565932766,9.730234146118164,60400
1997-03-11,9.656522750854492,9.730236664983153,9.582808836725832,9.656522750854492,47000
1997-03-12,9.634373099987323,9.634373099987323,9.449806565504808,9.59745979309082,58200
1997-03-13,9.597458466887474,9.597458466887474,9.302152052521706,9.44980525970459,129800
1997-03-14,9.44980987789124,9.486723197726754,9.30215659854919,9.375983238220215,85200
1997-03-17,9.302154373168944,9.339067684173584,9.228327751159668,9.228327751159668,30000
1997-03-18,9.265241290876258,9.302154602792099,9.043761419381207,9.11758804321289,43600
1997-03-19,9.154496531841183,9.191409824308284,8.785363607170169,8.933016777038574,94600
1997-03-20,8.933018493652344,8.969931793212892,8.822278594970703,8.85919189453125,49000
1997-03-21,8.896105194091797,9.080671691894532,8.85919189453125,8.85919189453125,262200
1997-03-24,8.933018493652344,8.969931793212892,8.74845199584961,8.85919189453125,49000
1997-03-25,8.85919436379587,9.006847603192467,8.85919436379587,8.89610767364502,73000
1997-03-26,8.933018493652344,8.933018493652344,8.711538696289063,8.85919189453125,327200
1997-03-27,8.933016777038574,9.191409824308284,8.896103484571473,8.933016777038574,181000
1997-03-31,8.969931793212892,8.969931793212892,8.822278594970703,8.85919189453125,112000
1997-04-01,8.785362773471409,8.822276062435574,8.637709617614746,8.637709617614746,51000
1997-04-02,8.6377132768673,8.711539886071295,8.37932014465332,8.37932014465332,139000
1997-04-03,8.379321886698404,8.379321886698404,8.084015388488769,8.305495262145996,115400
1997-04-04,8.305489910500391,8.453143064464841,8.194750045027051,8.268576622009277,79000
1997-04-07,8.342406840051323,8.453146753857315,8.342406840051323,8.37932014465332,56200
1997-04-08,8.416234695305258,8.785367795976542,8.416234695305258,8.711541175842285,74400
1997-04-09,8.785367483116058,9.265240496899708,8.785367483116058,9.191413879394531,123600
1997-04-10,9.117584412215185,9.228324303861523,8.89610462892251,9.006844520568848,108000
1997-04-11,8.969930069505676,9.006843361972777,8.933016777038574,8.933016777038574,200200
1997-04-14,8.933018493652344,8.969931793212892,8.785365295410157,8.85919189453125,69400
1997-04-15,8.859194192926255,8.896107502063447,8.748454265514676,8.822280883789062,29400
1997-04-16,8.78536490238074,8.78536490238074,8.526971817016602,8.526971817016602,20000
1997-04-17,8.416237831115723,8.526977802577772,8.342411183474356,8.416237831115723,107800
1997-04-18,8.490060239900147,8.526973545291018,8.453146934509277,8.453146934509277,38600
1997-04-21,8.490060239900147,8.711540072245368,8.305493712945797,8.453146934509277,219800
1997-04-22,8.490058898925781,8.85919189453125,8.490058898925781,8.85919189453125,583600
1997-04-23,8.933021263122559,9.265241062164305,8.933021263122559,9.228327751159668,728400
1997-04-24,9.30215659854919,9.486723197726754,9.228329958878165,9.375983238220215,609200
1997-04-25,9.412896558055728,9.412896558055728,9.30215659854919,9.375983238220215,119800
1997-04-28,9.339067459106445,9.37598076922149,9.191414218646264,9.339067459106445,329600
1997-04-29,9.339069918384702,9.412896558055728,9.265243278713678,9.375983238220215,72600
1997-04-30,9.412892677567221,9.745112419128418,9.412892677567221,9.745112419128418,255200
1997-05-01,9.818935600679312,9.929675475874944,9.818935600679312,9.892762184143066,51400
1997-05-02,9.89277053393906,10.335730408593047,9.855857211051228,10.261903762817383,117400
1997-05-05,10.261898934841156,10.63103199005127,10.261898934841156,10.63103199005127,230200
1997-05-06,10.815597919568624,10.85251122304838,10.55720479521033,10.778684616088867,260200
1997-05-07,10.778687639301326,10.852514266967775,10.594121070135209,10.852514266967773,114800
1997-05-08,10.778687083273619,11.295473450279887,10.72331711538009,10.815600395202637,319200
1997-05-09,10.815595018739069,10.889421605897697,10.335722202207984,10.594115257263184,310200
1997-05-12,10.631036682128906,11.073996543884277,10.631036682128906,11.073996543884277,280800
1997-05-13,11.00016752230067,11.00016752230067,10.631034383968432,10.852514266967773,278600
1997-05-14,10.926338633661684,10.926338633661684,10.557205571713654,10.61257553100586,75000
1997-05-15,10.557204452215457,10.594117754495931,10.354181289672852,10.354181289672852,236200
1997-05-16,10.446468907342831,10.483382225036621,10.335728954261459,10.483382225036621,126800
1997-05-19,10.557205379009247,10.63103199005127,10.520292073488235,10.63103199005127,52400
1997-05-20,10.631035008923762,10.797144930938195,10.631035008923762,10.704861640930176,405200
1997-05-21,10.77868158372782,10.889421463012695,10.77868158372782,10.889421463012695,225800
1997-05-22,10.963248629827758,10.963248629827758,10.815595449628058,10.926335334777832,72200
1997-05-23,10.926341768092534,11.07399503522892,10.926341768092534,11.037081718444824,87400
1997-05-27,11.00015771910799,11.110897561917803,10.963244438171387,10.963244438171387,194200
1997-05-28,10.88942411933683,11.110903931933512,10.852510817237384,11.092447280883789,48800
1997-05-29,11.073990443244053,11.073990443244053,11.000163840289092,11.018620491027832,146400
1997-05-30,11.018618572402646,11.073988514977533,10.852508744677984,10.926335334777832,222200
1997-06-02,11.110902789397137,11.20318603515625,11.000162894486202,11.20318603515625,118800
1997-06-03,11.20319544063081,11.369305422452355,11.073998788102942,11.129368782043457,88200
1997-06-04,11.203187576319419,11.203187576319419,11.00016440772055,11.055534362792969,60800
1997-06-05,11.092447666174582,11.203187576319419,11.037077711102162,11.055534362792969,75000
1997-06-06,11.073988514977533,11.147815105077383,10.926335334777834,10.926335334777832,111600
1997-06-09,11.000163860089652,11.000163860089652,10.557204241562552,10.649487495422363,396400
1997-06-10,10.483383583095806,10.594123550522875,10.206533664528136,10.446470260620117,175200
1997-06-11,10.335724638532614,10.594117754495931,10.224984731691194,10.354181289672852,557400
1997-06-12,10.368973685515916,10.387456704563181,10.202626514090527,10.239592552185059,124200
1997-06-13,10.313516916740067,10.53531297946566,10.239584895831536,10.461380958557129,163200
1997-06-16,10.53531297946566,10.53531297946566,10.461380958557129,10.461380958557129,61800
1997-06-17,10.387450525946651,10.47986556621308,10.35048450984008,10.424416542053223,127400
1997-06-18,10.442900657653809,10.479866677680901,10.405934637626716,10.442900657653809,146000
1997-06-19,10.46139052026559,10.627737719351085,10.46139052026559,10.590771675109863,194000
1997-06-20,10.368972633566175,10.433663193668638,10.276557547705513,10.350489616394043,196600
1997-06-23,10.350483802899923,10.794075965881348,10.313517789318137,10.794075965881348,70200
1997-06-24,10.794075965881348,10.794075965881348,10.572279884390635,10.794075965881348,75400
1997-06-25,10.79408220826246,10.79408220826246,10.720150138342852,10.738633155822754,22600
1997-06-26,10.775598086981939,10.849530149328299,10.720149040222168,10.720149040222168,173400
1997-06-27,10.720144298433842,10.720144298433842,10.5722802391451,10.609246253967285,52200
1997-06-30,10.646215322066327,10.868011474609375,10.535317245794802,10.868011474609375,262400
1997-07-01,10.886490474758244,11.071320533752441,10.868007468858824,11.071320533752441,59800
1997-07-02,11.089808689920526,11.330087878202137,10.831046487155714,11.237672805786133,71200
1997-07-03,11.163731899198526,11.367044897362739,11.089799899866087,11.200697898864746,62800
1997-07-07,11.126773626839702,11.31160375353139,11.126773626839702,11.219188690185547,96400
1997-07-08,11.16374532063802,11.311609497070313,10.941949055989582,11.089813232421875,150600
1997-07-09,11.052838971950864,11.071321980265163,10.90497490543647,11.015872955322266,73800
1997-07-10,10.94194634810167,11.015878418021277,10.720150138342852,10.738633155822754,86200
1997-07-11,10.757116285692744,11.05284456846093,10.683184215000699,10.997395515441895,53000
1997-07-14,11.015875424802607,11.015875424802607,10.831045300225382,10.849528312683105,35200
1997-07-15,10.849526969232352,11.071323091260952,10.849526969232352,11.034357070922852,22000
1997-07-16,11.03435373787928,11.071319747051405,10.868006696604718,10.978904724121094,126400
1997-07-17,10.978906938693667,11.015872955322266,10.868008888807873,11.015872955322266,216000
1997-07-18,11.052843984613563,11.052843984613563,10.904979851040137,10.923462867736816,45000
1997-07-21,10.904973983764648,11.01587202427751,10.868007970260361,10.904973983764648,116600
1997-07-22,10.978906938693667,11.052838971950864,10.831042872179275,11.015872955322266,132200
1997-07-23,11.071319747051405,11.071319747051405,10.941938714948968,10.978904724121094,104400
1997-07-24,11.015878964427323,11.126777074807464,11.015878964427323,11.052845001220703,176200
1997-07-25,11.089813926003195,11.31161020452326,11.052847879583185,11.182229042053223,152800
1997-07-28,11.237670292128,11.27463631282579,11.163738250732422,11.163738250732422,106200
1997-07-29,11.200700779153841,11.200700779153841,10.904972705776842,10.978904724121094,222000
1997-07-30,11.237672805786133,11.237672805786133,10.94194457405492,11.237672805786133,126000
1997-07-31,11.274639937677994,11.311605970260546,11.256156921386719,11.256156921386719,14600
1997-08-01,11.25615421045022,11.274637222290039,11.12677312757148,11.274637222290039,49200
1997-08-04,11.237679221413353,11.681271822258617,11.163747121272475,11.58885669708252,43000
1997-08-05,11.625811868085119,12.346649169921877,11.625811868085119,12.346649169921875,155800
1997-08-06,12.272722536379153,12.309688568115233,11.940028250754416,12.309688568115234,114200
1997-08-07,12.235754549503326,12.429826185107231,12.235754549503326,12.420584678649902,231400
1997-08-08,12.42057999940676,12.42057999940676,11.829123808958819,11.866089820861816,124400
1997-08-11,11.903057782155162,11.903057782155162,11.681261674413141,11.755193710327148,73800
1997-08-12,11.755186765924694,12.124846727117296,11.755186765924694,11.940016746520996,77400
1997-08-13,11.866089820861815,11.940021844667807,11.792157797055824,11.866089820861816,217600
1997-08-14,11.86609701595396,11.903063050271573,11.718232878683505,11.810647964477539,58400
1997-08-15,11.810641133299441,11.810641133299441,11.625811068615569,11.792158126831055,55800
1997-08-18,11.86609046459198,11.940022492408753,11.644294381141663,11.829124450683594,89400
1997-08-19,11.903059508610813,11.903059508610813,11.792161438654812,11.847610473632812,76600
1997-08-20,11.810641443729402,11.903056478500368,11.792158436775209,11.829124450683594,50200
1997-08-21,11.829124499278462,11.829124499278462,11.607328414916992,11.607328414916992,49200
1997-08-22,11.681266844365892,11.940029084589188,11.681266844365892,11.810647964477539,69200
1997-08-25,11.810641266578852,11.940022313317586,11.810641266578852,11.921539306640625,304600
1997-08-26,11.847607146236216,12.050920217388475,11.792158126831053,11.792158126831055,81000
1997-08-27,11.718226637984767,12.198784828186035,11.718226637984767,12.198784828186035,105000
1997-08-28,12.235751123485452,12.383615185400684,12.124853077049028,12.346649169921875,105600
1997-08-29,12.346651431931235,12.679345632192854,12.309685409679943,12.623896598815918,138200
1997-09-02,12.790242462158202,13.159902648925781,12.642378387451172,12.938106536865234,232800
1997-09-03,12.938104280283753,13.141417347545355,12.938104280283753,13.122934341430664,107000
1997-09-04,13.122932921122551,13.159898929351066,12.75327283883741,12.956585884094238,135000
1997-09-05,12.938114204029047,13.085978366360807,12.864182122863166,13.067495346069336,30400
1997-09-08,13.012039693196614,13.381699911753337,13.012039693196614,13.307767868041992,149000
1997-09-09,13.307765806832135,13.307765806832135,13.196867758441867,13.28928279876709,76800
1997-09-10,13.15990443632156,13.15990443632156,12.845693234892533,12.919625282287598,119600
1997-09-11,12.841905160383746,13.026947021484375,12.841905160383746,13.026947021484375,53800
1997-09-12,12.952929496765135,12.989937866755893,12.87891275678362,12.952929496765137,131800
1997-09-15,12.915921904823998,13.026947021484375,12.860409346493809,13.026947021484375,134000
1997-09-16,13.026947021484375,13.063955393704502,12.98993864926425,13.026947021484375,111200
1997-09-17,13.026950266169404,13.100967029045368,12.878916740417479,12.87891674041748,230600
1997-09-18,12.860410137009689,12.878914324257185,12.58284732829725,12.693872451782227,171800
1997-09-19,12.434815406799318,12.582848923546928,12.138748373304095,12.434815406799316,185000
1997-09-22,12.508832165173123,12.564344733953478,12.286781890051707,12.434815406799316,127400
1997-09-23,12.434812052347295,12.434812052347295,12.138745098719978,12.231266021728516,127600
1997-09-24,12.249779533443593,12.360804725589608,12.13875434129758,12.305292129516602,186400
1997-09-25,12.286784616351481,12.508834940743377,12.249776228952832,12.471826553344727,332600
1997-09-26,12.582842416942723,12.952926017441039,12.582842416942723,12.786388397216797,269600
1997-09-29,12.786391831806727,13.026946236746651,12.693870906829833,12.952929496765137,130400
1997-09-30,13.026947021484375,13.100963765924629,12.952930277044123,13.026947021484375,140000
1997-10-01,13.082464030017592,13.508060455322266,13.082464030017592,13.508060455322266,241800
1997-10-02,13.508064627332864,14.026182174682617,13.434047834854328,14.026182174682617,94000
1997-10-03,14.026181769243536,14.026181769243536,13.76712300305698,13.841139793395996,101200
1997-10-06,13.73010775593208,14.544292043345843,13.73010775593208,14.32224178314209,122200
1997-10-07,14.39626343386161,14.39626343386161,14.211221487410945,14.285238265991211,171400
1997-10-08,14.211225739324279,14.285242540049927,14.137208938598631,14.137208938598633,74200
1997-10-09,14.21122365700375,14.21122365700375,14.155711064593579,14.192719459533691,19200
1997-10-10,14.19271729276588,14.322246655281344,14.13720470883068,14.285238265991211,123600
1997-10-13,14.266732967745872,14.451774899882654,14.266732967745872,14.340749740600586,58200
1997-10-14,14.285230179836876,14.285230179836876,13.95215486476296,14.063179969787598,81200
1997-10-15,13.989173374074028,13.989173374074028,13.545072632039933,13.841139793395996,171600
1997-10-16,13.84113863183627,13.896651219931869,13.582079887390135,13.582079887390137,97400
1997-10-17,13.471047309832384,13.582072425023311,12.878913362147445,13.100963592529297,159000
1997-10-20,13.100967486042622,13.471051313331962,13.100967486042622,13.434042930603027,128200
1997-10-21,13.452539105778154,13.656085089496944,13.323009843411652,13.6190767288208,205000
1997-10-22,13.73011112213135,13.73011112213135,13.415539843052867,13.730111122131348,185000
1997-10-23,13.582068518862698,13.730101963209975,13.50805179668906,13.545060157775879,116800
1997-10-24,13.619079084725216,13.767112553037446,13.397028882256869,13.415533065795898,68200
1997-10-27,13.360022897479913,13.434039644834373,13.137972655416537,13.211989402770996,86800
1997-10-28,12.878920878534732,13.026954451851223,12.58285373190175,12.767895698547363,231000
1997-10-29,12.841907887553358,13.063958168029785,12.841907887553358,13.063958168029785,217800
1997-10-30,13.137971475784543,13.137971475784543,12.841904512949961,12.897417068481445,46200
1997-10-31,12.87891673508969,13.249000549316404,12.786395781533011,13.249000549316406,84800
1997-11-03,13.248997463672993,13.878139801333441,13.248997463672993,13.748610496520996,109400
1997-11-04,13.748609500546609,13.767113685607908,13.545063464872298,13.76711368560791,116800
1997-11-05,13.730108873343763,13.841134012481312,13.489554405212402,13.489554405212402,119800
1997-11-06,13.508059696060895,13.508059696060895,13.434042930603027,13.434042930603027,59600
1997-11-07,13.360025208665022,13.360025208665022,13.063958168029785,13.063958168029785,81800
1997-11-10,13.063950722295786,13.063950722295786,12.878908927362419,12.971429824829102,54200
1997-11-11,12.897410229739979,12.989931106567383,12.841897703643538,12.989931106567383,30600
1997-11-12,12.95293578215711,12.971439976131622,12.7493896484375,12.7493896484375,29800
1997-11-13,12.730883598327637,12.804900363434193,12.67537102449772,12.730883598327637,74800
1997-11-14,12.730878871601222,12.767887240414016,12.656862133975633,12.712374687194824,37000
1997-11-17,12.76789126660712,13.026949929987552,12.76789126660712,13.008445739746094,70000
1997-11-18,12.878917128540749,12.878917128540749,12.730883598327637,12.730883598327637,126000
1997-11-19,12.656869142195756,12.656869142195756,12.564348168934092,12.582852363586426,79200
1997-11-20,12.545838798591477,12.58284717262862,12.360796928405762,12.360796928405762,144400
1997-11-21,12.360795356288099,12.360795356288099,12.17575350963708,12.212761878967285,156200
1997-11-24,12.138747907094018,12.138747907094018,11.842680884969774,11.861185073852539,64800
1997-11-25,11.768662012540377,11.86118294031192,11.306057373682657,11.546611785888672,150000
1997-11-26,11.546615797473539,11.694649333338583,11.472599029541016,11.472599029541016,50600
1997-11-28,11.472598931413755,11.58362408236292,11.435590547764033,11.509607315063477,115800
1997-12-01,11.435589548367172,11.435589548367172,11.121018314836036,11.158026695251465,148800
1997-12-02,11.084013993126094,11.10251819010961,10.362350310768969,11.065509796142578,366400
1997-12-03,11.065511589050294,11.17653678894043,11.065511589050294,11.102519989013672,167800
1997-12-04,11.102516639051098,11.102516639051098,10.880466306270076,10.935978889465332,393800
1997-12-05,10.93597485075061,11.065504163703663,10.880462288056444,11.028495788574219,298200
1997-12-08,11.028499861457425,11.028499861457425,10.917474695066913,10.935978889465332,359200
1997-12-09,10.880460571598363,10.954477310180664,10.806443833016061,10.954477310180664,318200
1997-12-10,10.880461958265796,10.880461958265796,10.658411714219556,10.769436836242676,318800
1997-12-11,10.74720287322998,10.74720287322998,10.598965592219912,10.74720287322998,193800
1997-12-12,10.67308307150136,10.74720170394234,10.580434780950132,10.654553413391113,151200
1997-12-15,10.673080444335938,10.673080444335938,10.561902523040771,10.59896183013916,169600
1997-12-16,10.56190159222851,10.821316719055174,10.56190159222851,10.821316719055176,252000
1997-12-17,10.858381441260587,11.025148391723633,10.821322118935464,11.025148391723633,159600
1997-12-18,11.043677435250117,11.043677435250117,10.598965592219912,10.74720287322998,230400
1997-12-19,10.673085671395167,10.710144996643066,10.487789045155667,10.710144996643066,144200
1997-12-22,10.78426624698606,10.858384915350225,10.63602891025773,10.76573657989502,204000
1997-12-23,10.76573657989502,10.821325581168143,10.728677245712936,10.76573657989502,101800
1997-12-24,10.895443189326288,11.006621181054108,10.784265197598469,10.913972854614258,118800
1997-12-26,10.932497024536133,11.006615648431293,10.895437712588553,10.932497024536133,55800
1997-12-29,10.969555848396865,11.080733779292778,10.913966882948907,11.04367446899414,96600
1997-12-30,11.06220691455038,11.266033172607424,11.06220691455038,11.266033172607422,54600
1997-12-31,11.414268493652344,11.52544643352558,11.330885038747416,11.414268493652344,61600
1998-01-02,11.41427184859782,11.41427184859782,11.340153200230302,11.377212524414062,51600
1998-01-05,11.26603598037952,11.284565644820933,10.932502020434073,10.951031684875488,70600
1998-01-06,10.895438827439234,11.247502326965332,10.747201564480877,11.247502326965332,245200
1998-01-07,11.303091234537401,11.321620892298938,10.469256635268248,10.487786293029785,152600
1998-01-08,10.413668250336366,10.413668250336366,10.080134391784668,10.080134391784668,321200
1998-01-09,10.080133959595184,10.117193275623107,9.894837379455566,9.894837379455566,76800
1998-01-12,9.820719252933154,9.894837888804348,9.746600617061961,9.783659934997559,246000
1998-01-13,9.802187196384132,9.98748374073922,9.783657541948624,9.968954086303711,518000
1998-01-14,9.950430275535235,10.154256594028508,9.894841279582524,10.135726928710938,228800
1998-01-15,10.080133202765307,10.19131114250169,9.931895949783465,10.061603546142578,133400
1998-01-16,10.135719566480489,10.524842255504419,10.135719566480489,10.450723648071289,180200
1998-01-20,10.673082933001698,11.247502326965332,10.63602361726211,11.247502326965332,278000
1998-01-21,11.191912702962654,11.191912702962654,10.839849223895948,10.895438194274902,161000
1998-01-22,10.895438746402139,10.895438746402139,10.52484559176261,10.561904907226562,345000
1998-01-23,10.552640078360573,10.561904907226562,10.543375249494586,10.561904907226562,27800
1998-01-26,10.56190026004935,10.617489208786452,10.543370610470316,10.571165084838867,283600
1998-01-27,10.636023348494962,10.636023348494962,10.302489515266899,10.321019172668457,187800
1998-01-28,10.302491390343869,10.450728676535867,10.283961729569869,10.395139694213867,140800
1998-01-29,10.321015638756837,10.74719761306816,10.321015638756837,10.636019706726074,96600
1998-01-30,10.561909829416582,10.58043949578398,10.339553833007812,10.339553833007812,94200
1998-02-02,10.376609126223793,10.376609126223793,10.228371852992025,10.246901512145996,178400
1998-02-03,10.246901025858012,10.321019658956441,10.228371367583403,10.283960342407227,156200
1998-02-04,10.209842449535023,10.302490747625177,10.172783130298962,10.191312789916992,172400
1998-02-05,10.080134391784668,10.339549615102655,10.080134391784668,10.080134391784668,649000
1998-02-06,10.080133178489394,10.265429744270449,10.043073865333183,10.209840774536133,175600
1998-02-09,10.209846168436028,10.358083499375208,10.117197836599042,10.339553833007812,131800
1998-02-10,10.33954668045044,10.59896183013916,10.33954668045044,10.59896183013916,187000
1998-02-11,10.52484808722846,10.673085384231678,10.302492141723633,10.302492141723633,165000
1998-02-12,10.228371367583403,10.302490000681834,10.006015468288112,10.283960342407227,118200
1998-02-13,10.339551465974438,10.413670114476046,10.228373493222024,10.302492141723633,111000
1998-02-17,10.228369248400833,10.302487866142869,9.894835468561677,9.968954086303711,232200
1998-02-18,10.00601863861084,10.043077966901992,9.931899982028538,10.00601863861084,234400
1998-02-19,10.061604732976239,10.080134391784668,10.006015756550957,10.080134391784668,159600
1998-02-20,10.043075074167811,10.080134391784668,10.006015756550957,10.080134391784668,174600
1998-02-23,10.080130327610448,10.080130327610448,9.968952419585332,9.987482070922852,121000
1998-02-24,9.968954086303711,10.043072704045747,9.950424431868203,9.968954086303711,89400
1998-02-25,9.931899299834694,9.968958625580346,9.894839974089042,9.95042896270752,102400
1998-02-26,9.894837518640466,10.283960342407227,9.857778202091252,10.283960342407227,225600
1998-02-27,10.302492481196692,10.302492481196692,10.08013652836511,10.098666191101074,59200
1998-03-02,10.154254844720416,10.302492141723633,10.117195520469611,10.302492141723633,152800
1998-03-03,10.246900970553174,10.506316184997559,10.246900970553174,10.506316184997559,176000
1998-03-04,10.524842255504419,10.580431211079267,10.358075388779877,10.450723648071289,63400
1998-03-05,10.376607922540193,10.450726550558338,10.191311352494834,10.228370666503906,49800
1998-03-06,10.154256594028508,10.228375255298788,10.117197263393367,10.135726928710938,71000
1998-03-09,10.080134101386543,10.283960342407227,10.006015468288112,10.283960342407227,302000
1998-03-10,10.35808001057855,10.74720287322998,10.339550350452292,10.74720287322998,232800
1998-03-11,10.673079503725653,10.858376022887555,10.598960896060891,10.821316719055176,137600
1998-03-12,10.873276879187344,11.133047999167928,10.836166719190118,10.91038703918457,190200
1998-03-13,10.984604269114847,11.021714418672667,10.854718745662476,10.966049194335938,34800
1998-03-16,10.947493996233108,10.947493996233108,10.72483310139447,10.743388175964355,16600
1998-03-17,10.743389060064567,10.743389060064567,10.298067233740648,10.427952766418457,119400
1998-03-18,10.353733704094294,10.650614957258288,10.353733704094294,10.594949722290039,59000
1998-03-19,10.594952655765278,10.594952655765278,10.483622155004172,10.502177238464355,328400
1998-03-20,10.502174787095322,10.947496686194771,10.502174787095322,10.799056053161621,101600
1998-03-23,11.355704241161105,11.726805686950684,11.355704241161105,11.726805686950684,295000
1998-03-24,11.652588334883221,12.023689874210714,11.615478180950472,11.949469566345215,314200
1998-03-25,11.94946650485904,12.172127371409207,11.91235636043401,12.005131721496582,222400
1998-03-26,11.949470426693605,12.209241522926074,11.949470426693605,12.135021209716797,114600
1998-03-27,12.15357257769658,12.209237795609695,11.541255180652326,11.578365325927734,441400
1998-03-30,11.281488973111772,11.87525155064397,11.281488973111772,11.615480422973633,227600
1998-03-31,11.541254043579102,11.559809114388715,11.429923618721425,11.541254043579102,153000
1998-04-01,11.541259990562722,11.59692523167476,11.467039669080004,11.485594749450684,236800
1998-04-02,11.448481592477536,11.467036667992087,11.337151139390235,11.355706214904785,61600
1998-04-03,11.355705648319226,11.355705648319226,11.207265051609172,11.337150573730469,171800
1998-04-06,11.355701619928533,11.355701619928533,11.021710395812988,11.021710395812988,89200
1998-04-07,11.095930277290991,11.095930277290991,10.724828930224403,10.947489738464355,149000
1998-04-08,10.928941026058165,11.262932432627005,10.928941026058165,11.188712120056152,100200
1998-04-09,11.13304615020752,11.188711380958557,11.095935996373495,11.13304615020752,210000
1998-04-13,11.133040793954509,11.133040793954509,10.761939434156027,10.836159706115723,438000
1998-04-14,10.817608596104655,11.021714418672667,10.817608596104655,10.966049194335938,24000
1998-04-15,10.947490314509245,11.058820724487305,10.836159904531184,11.058820724487305,85400
1998-04-16,10.98460025980015,11.133040803851504,10.928935055780892,11.021710395812988,249000
1998-04-17,11.021715515034654,11.244376434530302,11.021715515034654,11.095935821533203,110600
1998-04-20,11.095938230981892,11.28148903752005,11.05882806967426,11.207268714904785,76400
1998-04-21,11.207268881719104,11.244379043579102,11.114493477069113,11.244379043579102,47000
1998-04-22,11.318599367299095,11.318599367299095,11.13304855799911,11.244379043579102,242000
1998-04-23,11.20726645787557,11.20726645787557,11.095935996373495,11.13304615020752,63400
1998-04-24,11.133042905175945,11.15159797668457,11.095932762158691,11.15159797668457,140400
1998-04-27,11.09593065797466,11.09593065797466,10.706274230186253,10.836159706115723,151800
1998-04-28,10.910379978075419,10.947490114055267,10.761939434156027,10.836159706115723,112800
1998-04-29,11.13305145263672,11.615483682250977,11.021720938110352,11.596928596496582,233200
1998-04-30,11.652586880148766,12.023688373147133,11.652586880148766,11.83813762664795,417400
1998-05-01,11.856692701297867,11.856692701297867,11.57836658154909,11.83813762664795,168800
1998-05-04,11.80103310900936,11.986583944056676,11.80103310900936,11.93091869354248,59600
1998-05-05,11.893808526533018,11.930918693542482,11.856698359523554,11.93091869354248,36200
1998-05-06,11.986576699003388,11.986576699003388,11.708250614661205,11.726805686950684,36200
1998-05-07,11.652590531091347,11.671145611554868,11.355709243675008,11.39281940460205,64000
1998-05-08,11.429924886931415,11.801026344299318,11.429924886931415,11.801026344299316,100200
1998-05-11,11.875249822870686,11.912359978567157,11.559813499450684,11.559813499450684,94600
1998-05-12,11.504148355704926,11.559813589684143,11.355707731760345,11.374262809753418,57000
1998-05-13,11.374264375851178,11.615480422973633,11.337154214755415,11.615480422973633,52800
1998-05-14,11.615479078399316,11.652589235199315,11.541258764799322,11.634034156799316,25000
1998-05-15,11.578368577298919,11.689699044388332,11.559813499450684,11.559813499450684,77000
1998-05-18,11.559815247327288,11.559815247327288,11.021717908366627,11.207268714904785,177200
1998-05-19,11.207269699542554,11.429930686950684,11.207269699542554,11.429930686950684,38800
1998-05-20,11.355701817762132,11.355701817762132,11.058820724487305,11.058820724487305,130000
1998-05-21,10.984605361785379,11.095935821533203,10.873274902037554,11.095935821533203,177600
1998-05-22,11.05882513845289,11.05882513845289,10.984604835510254,10.984604835510254,536400
1998-05-26,10.984603541588497,10.984603541588497,10.650612217688847,10.817607879638672,210200
1998-05-27,10.817611132290766,10.817611132290766,10.613505261870186,10.799056053161621,465800
1998-05-28,10.724839921252041,10.799060266727835,10.706284834883094,10.780505180358887,43000
1998-05-29,10.817614870542561,10.89183521270752,10.761949613918844,10.89183521270752,74200
1998-06-01,10.873278058695998,10.891833140707424,10.817612812661718,10.85472297668457,24600
1998-06-02,10.910382300512188,10.910382300512188,10.706276509176076,10.724831581115723,9400
1998-06-03,10.724831581115723,10.780496796934662,10.706276509176076,10.724831581115723,49200
1998-06-04,10.799054078153661,10.984604835510254,10.780499002418003,10.984604835510254,28600
1998-06-05,10.947494585392306,11.262930870056152,10.947494585392306,11.262930870056152,28400
1998-06-08,11.262926269883978,11.262926269883978,10.836159706115723,10.836159706115723,38000
1998-06-09,10.761945427194787,10.780500505517535,10.483619252353542,10.594949722290039,44200
1998-06-10,10.576392199085877,10.594947273119361,10.409396532784521,10.483616828918457,24400
1998-06-11,10.424159030914305,10.424159030914305,9.88529876015403,10.21976375579834,70000
1998-06-12,10.256921839842004,10.386991500854492,10.108270798684874,10.386991500854492,31400
1998-06-15,10.33124910208988,10.33124910208988,9.810970370329958,9.978202819824219,50200
1998-06-16,9.959622430363927,10.238343207333067,9.959622430363927,10.12685489654541,177800
1998-06-17,10.12685775756836,10.201183319091797,10.08969497680664,10.145439147949219,130000
1998-06-18,10.071114536593942,10.108277320861816,9.6994866939152,10.108277320861816,128600
1998-06-19,10.108277320861816,10.126858712995753,9.922463399522444,10.108277320861816,70200
1998-06-22,10.145433446786699,10.256921726421718,10.108270686908359,10.182596206665039,65200
1998-06-23,10.20117959263486,10.51706311371827,10.182598209041718,10.442737579345703,182600
1998-06-24,10.517063245740543,10.81436538696289,10.47990047808775,10.81436538696289,43000
1998-06-25,10.740041685442552,10.814367233438695,10.294088397465698,10.479902267456055,61200
1998-06-26,10.479894964662316,10.851522445678711,10.442732216560678,10.851522445678711,218600
1998-06-29,10.963020324707031,11.074508666992188,10.888694763183594,10.907276153564453,64800
1998-06-30,10.90727014490445,10.90727014490445,9.848131476659894,10.386991500854492,4713400
1998-07-01,10.33124847280341,10.851527172872647,10.33124847280341,10.758620262145996,950200
1998-07-02,10.740034201373792,10.88868519378035,10.628545957068875,10.851522445678711,2095800
1998-07-06,10.851527172872647,10.851527172872647,10.758620262145996,10.758620262145996,1404000
1998-07-07,10.740042686462402,10.740042686462402,10.647135742807883,10.740042686462402,856800
1998-07-08,10.814368239721764,10.814368239721764,10.684298518625454,10.721461296081543,621800
1998-07-09,10.721456447259404,10.721456447259404,10.517061263689467,10.572805404663086,94600
1998-07-10,10.535646386768509,10.535646386768509,10.256925582885742,10.256925582885742,53000
1998-07-13,10.256923612310084,10.256923612310084,9.959621478619937,10.089691162109375,88200
1998-07-14,10.16401867525918,10.405576705932615,10.16401867525918,10.405576705932617,539400
1998-07-15,10.442737572545886,10.442737572545886,10.294086503897546,10.424156188964844,488000
1998-07-16,10.424154261143775,10.424154261143775,10.256921839842004,10.386991500854492,121600
1998-07-17,10.386994346440268,10.386994346440268,10.256924649794325,10.331250190734863,98400
1998-07-20,10.386991500854492,10.49847978172234,10.368410120709852,10.386991500854492,658200
1998-07-21,10.36840914481418,10.36840914481418,10.312665009627008,10.349827766418457,702400
1998-07-22,10.331252085923714,10.36841486321121,10.12685681084249,10.20118236541748,219400
1998-07-23,10.108271527646192,10.182597053584768,9.922457712799755,9.959620475769043,225200
1998-07-24,9.922457712799755,10.089690146161548,9.90387633131511,9.959620475769043,104600
1998-07-27,9.978206634521484,9.978206634521484,9.662322998046875,9.81097412109375,112800
1998-07-28,9.736649526157047,9.755230918382537,9.606579780578613,9.606579780578613,124400
1998-07-29,9.62515831361157,9.699483860434825,9.587995540199941,9.643739700317383,289600
1998-07-30,9.643736902751849,9.77380657196045,9.643736902751849,9.77380657196045,364000
1998-07-31,9.736647591110348,9.755228979643,9.587996482849121,9.587996482849121,128200
1998-08-03,9.513668030265748,9.513668030265748,9.402179733036071,9.439342498779297,102400
1998-08-04,9.439342498779297,9.5879935617522,9.253528670063169,9.439342498779297,194600
1998-08-05,9.365020751953125,9.365020751953125,9.253532409667969,9.272113800048828,135200
1998-08-06,9.253534324707523,9.253534324707523,9.06772038244432,9.216371536254883,31800
1998-08-07,9.216365947797605,9.606574989942262,9.216365947797605,9.550830841064453,537800
1998-08-10,9.513667001933634,9.513667001933634,9.216364908123207,9.309271812438965,110600
1998-08-11,9.234950023538927,9.290694188670953,8.807578090860064,8.844740867614746,137200
1998-08-12,8.844744664393287,9.10488421334603,8.844744664393287,8.90048885345459,102200
1998-08-13,8.844735741615295,8.99338676248278,8.324457168579102,8.324457168579102,320000
1998-08-14,8.398786544799805,8.584600406410418,8.324461000155559,8.398786544799805,246200
1998-08-17,8.39878282961638,8.584596609032673,8.39878282961638,8.547433853149414,262200
1998-08-18,8.621762336054935,8.993390022953855,8.621762336054935,8.807576179504395,591000
1998-08-19,9.067717556077607,9.142043109815948,8.919066448600926,9.104880332946777,651600
1998-08-20,9.104880330996524,9.104880330996524,9.067717554135314,9.086298942565918,264600
1998-08-21,9.086295038461685,9.104876418908436,8.84473709265391,8.919062614440918,482200
1998-08-24,8.900485022559034,8.900485022559034,8.75183391571045,8.75183391571045,495000
1998-08-25,8.807579040527344,8.807579040527344,8.733253479003906,8.733253479003906,233800
1998-08-26,8.658927917480469,8.658927917480469,8.380207061767578,8.435951232910156,257600
1998-08-27,8.361620715804243,8.380202095172697,7.989993128435166,8.045737266540527,399400
1998-08-28,7.971415995437408,7.971415995437408,7.878509049103639,7.952834606170654,75000
1998-08-31,7.87851047741324,7.934254655319466,7.841347692142423,7.859929084777832,393200
1998-09-01,7.9342517763025615,7.989995933981502,7.82276346094468,7.897089004516602,158200
1998-09-02,7.915669918060303,8.027158226765376,7.897088533276123,7.915669918060303,318000
1998-09-03,7.878509521484375,7.878509521484375,7.767021179199219,7.8041839599609375,120400
1998-09-04,7.915666861193522,8.324457168579102,7.915666861193522,8.324457168579102,285400
1998-09-08,8.398785723915584,8.91906448557407,8.398785723915584,8.807576179504395,271000
1998-09-09,8.807575151997227,8.807575151997227,8.510273037161879,8.640342712402344,56600
1998-09-10,8.54743682190963,8.956227278609655,8.54743682190963,8.881901741027832,415400
1998-09-11,8.93401718871836,9.752968764350877,8.93401718871836,9.697131156921387,246400
1998-09-14,9.697128626578612,9.827416343250494,9.697128626578612,9.715741157531738,510000
1998-09-15,9.71574296699591,9.71574296699591,9.52031135559082,9.52031135559082,95200
1998-09-16,9.538929307858929,9.622685760318179,9.399335220426847,9.473785400390625,57200
1998-09-17,9.417944523190387,9.417944523190387,9.082918828689545,9.175981521606445,95000
1998-09-18,9.45516804719777,9.45516804719777,9.157367478782092,9.362105369567871,73000
1998-09-21,9.287659327189129,9.380722045898438,9.064308802286785,9.269046783447266,93600
1998-09-22,9.324882828381908,9.34349536895752,9.231820125503845,9.34349536895752,76200
1998-09-23,9.41794591248601,9.827421821724531,9.41794591248601,9.808809280395508,340000
1998-09-24,9.790192604064941,9.808805137532746,9.69712993672592,9.790192604064941,222800
1998-09-25,9.715742560413396,10.143830834148085,9.715742560413396,9.9577054977417,87000
1998-09-28,9.920482291165731,9.939094828297375,9.752969456980946,9.84603214263916,101800
1998-09-29,9.920479670735714,9.957704735166242,9.734354348583075,9.75296688079834,253000
1998-09-30,9.678521491092342,9.808809280395508,9.436558453815033,9.808809280395508,100000
1998-10-01,9.80880696671482,9.80880696671482,9.56684398651123,9.56684398651123,242400
1998-10-02,9.585459707304835,9.622684793546796,9.436559362336993,9.529622077941895,206800
1998-10-05,9.455167662712835,9.455167662712835,9.15736710640692,9.231817245483398,187000
1998-10-06,9.231817495627482,9.231817495627482,9.008467072346171,9.082917213439941,345000
1998-10-07,9.08291731262207,9.306267738342285,8.971242099761962,9.306267738342285,105200
1998-10-08,9.15736710640692,9.231817245483398,9.15736710640692,9.231817245483398,181000
1998-10-09,9.306267787345314,9.548230749816293,9.23181764504655,9.417943000793457,134800
1998-10-12,9.417946819216013,9.734360052272677,9.417946819216013,9.529622077941895,111000
1998-10-13,9.455167743947246,9.511005348734336,9.380717604231126,9.399330139160156,357400
1998-10-14,9.455170612411194,9.455170612411194,9.231820125503845,9.34349536895752,322400
1998-10-15,9.26904520665507,9.34349536895752,9.082919800898944,9.34349536895752,59600
1998-10-16,9.26904647424817,9.604072250425816,9.26904647424817,9.529622077941895,265400
1998-10-19,9.455170995144057,9.827421821724531,9.455170995144057,9.808809280395508,179000
1998-10-20,9.80880519859773,10.05076813518553,9.80880519859773,9.901867866516113,83000
1998-10-21,9.790189647674561,9.790189647674561,9.5296142578125,9.67851448059082,638000
1998-10-22,9.641296408434295,9.86464690438258,9.641296408434295,9.808809280395508,1127200
1998-10-23,9.827421535789744,10.01354694366455,9.752971372639823,10.01354694366455,853000
1998-10-26,10.069379105496763,10.069379105496763,9.827416206473735,9.976316452026367,355400
1998-10-27,9.901871037033368,9.976321195206552,9.827420878860185,9.864645957946777,434000
1998-10-28,9.864647870603429,10.125223474732577,9.790197697995103,10.032160758972168,493600
1998-10-29,10.032156018753334,10.087993621826172,9.976318415680495,10.087993621826172,54400
1998-10-30,10.087993621826172,10.199668827971848,10.069381087468559,10.087993621826172,158200
1998-11-02,10.125222880583802,10.646374058260909,10.087997796464009,10.553311347961426,130600
1998-11-03,10.497471252388516,10.776659317611616,10.497471252388516,10.739434242248535,283400
1998-11-04,10.832495991937044,10.832495991937044,10.702208239456702,10.795270919799805,149600
1998-11-05,10.79527347923344,10.9255612626035,10.79527347923344,10.888336181640625,269400
1998-11-06,10.869721574154342,10.888334111096388,10.441633224487305,10.441633224487305,209600
1998-11-09,10.46024576142935,10.571920983081622,10.34857053977708,10.441633224487305,173400
1998-11-10,10.460245435578482,10.460245435578482,10.385795290129526,10.423020362854004,454800
1998-11-11,10.423019240263203,10.423019240263203,10.087993621826172,10.087993621826172,197600
1998-11-12,10.106606156183785,10.162443759256623,9.994930950038107,10.087993621826172,530000
1998-11-13,10.050772677411091,10.27412318135356,10.050772677411091,10.162447929382324,112800
1998-11-16,10.16245015929727,10.199675251455869,10.050774882821477,10.125225067138672,57400
1998-11-17,10.125222188389435,10.125222188389435,9.97632186208959,10.01354694366455,194600
1998-11-18,10.032160758972168,10.050773302124249,9.994935672668003,10.032160758972168,279200
1998-11-19,10.050765948588621,10.050765948588621,9.976315830450927,9.994928359985352,273200
1998-11-20,9.976316452026367,9.994928982720445,9.901866329250051,9.976316452026367,286200
1998-11-23,9.976316452026367,10.087991636190841,9.976316452026367,9.976316452026367,433400
1998-11-24,9.994928982720445,9.994928982720445,9.93909139063821,9.976316452026367,279200
1998-11-25,9.920480400099791,9.957705467267145,9.883255332932437,9.901867866516113,89000
1998-11-27,9.864649763697756,9.920487403869629,9.864649763697756,9.920487403869629,68400
1998-11-30,9.901871987040627,9.939097069698674,9.790196739066484,9.808809280395508,254200
1998-12-01,9.734360052272677,9.734360052272677,9.15737121552229,9.529622077941895,661000
1998-12-02,9.51100552472912,9.51100552472912,9.082917213439941,9.082917213439941,125400
1998-12-03,8.971243059426023,8.989855596893712,8.450092010330735,8.487317085266113,410800
1998-12-04,8.505932490030926,8.785120646158855,8.412869771321615,8.598995208740234,1972000
1998-12-07,8.59899176412554,8.7851171269854,8.524541618981594,8.729279518127441,262600
1998-12-08,9.045691761801992,9.194592037716427,8.934016554866165,8.952629089355469,384800
1998-12-09,8.952629953559272,8.952629953559272,8.63621683669751,8.729279518127441,141600
1998-12-10,8.72928048796573,8.85956825644283,8.636217796196373,8.785118103027344,231800
1998-12-11,8.72545297156076,8.837317753247437,8.688164710998535,8.688164710998535,57200
1998-12-14,8.650875296643985,8.669519424438477,8.59494291326051,8.669519424438477,273000
1998-12-15,8.65088119010346,8.65088119010346,8.539016347127985,8.594948768615723,187400
1998-12-16,8.576304062911296,8.800033734117678,8.501727505842501,8.63223648071289,140800
1998-12-17,8.688170050752575,8.725458334232199,8.613593483793325,8.65088176727295,155600
1998-12-18,8.669524744608518,8.762745440787103,8.427150934544192,8.539015769958496,299800
1998-12-21,8.650880211278013,8.650880211278013,8.464438827414263,8.501727104187012,159800
1998-12-22,8.539015769958496,8.557659909194214,8.389862656072758,8.539015769958496,127200
1998-12-23,8.557659519346137,8.557659519346137,8.371218135482387,8.501727104187012,146000
1998-12-24,8.427151304810911,8.520372005085369,8.371218884646238,8.483083724975586,49800
1998-12-28,8.483083322644234,8.483083322644234,8.27799779176712,8.352574348449707,84800
1998-12-29,8.352573826002038,8.632235896069071,8.352573826002038,8.576303482055664,132200
1998-12-30,8.65088003407354,8.65088003407354,8.539015206046727,8.576303482055664,194800
1998-12-31,8.520372252843046,9.17291717373912,8.520372252843046,9.15427303314209,215400
1999-01-04,9.154276817075667,9.471227338237146,9.023767778950353,9.24749755859375,291400
1999-01-05,9.322074151808215,9.396650745022681,9.210209261986517,9.24749755859375,258600
1999-01-06,9.284779580876558,9.378000259399414,9.247491309467415,9.378000259399414,86200
1999-01-07,9.32206916809082,9.378001583099364,9.247492614746093,9.32206916809082,127600
1999-01-08,9.359356123694843,9.378000259399414,9.135626495239986,9.378000259399414,146800
1999-01-11,9.37800292854765,9.396647069558679,9.210205659448388,9.359358787536621,78400
1999-01-12,9.396645682198661,9.396645682198661,9.135627746582031,9.135627746582031,154600
1999-01-13,9.135624933724452,9.247489728831281,9.042404271135426,9.228845596313477,152800
1999-01-14,9.154271420162274,9.172915557474214,8.800032811235424,8.818676948547363,383800
1999-01-15,8.837321085859303,8.930541772419001,8.800032811235424,8.818676948547363,134800
1999-01-19,8.818677317842523,8.837321455935214,8.613591798822931,8.762744903564453,177000
1999-01-20,8.76274362268807,8.949184976362284,8.76274362268807,8.911896705627441,124600
1999-01-21,8.911899173841862,8.911899173841862,8.725457768531362,8.781390190124512,113000
1999-01-22,8.800031661987305,8.911896471249854,8.725455122478937,8.800031661987305,98000
1999-01-25,8.800034901191449,8.800034901191449,8.613593483793325,8.65088176727295,154400
1999-01-26,8.688170050752575,8.688170050752575,8.240710648997077,8.65088176727295,88200
1999-01-27,8.650877195623424,8.650877195623424,8.277994557881035,8.315282821655273,376200
1999-01-28,8.296644030507984,8.296644030507984,8.110202591620164,8.184779167175293,330400
1999-01-29,8.184778703994569,8.184778703994569,7.383080562145442,7.811895847320557,539400
1999-02-01,7.81189825172139,7.905118994582026,7.4576594288509686,7.476303577423096,316600
1999-02-02,7.45765024693168,7.45765024693168,7.1593442370544125,7.4203619956970215,649800
1999-02-03,7.308505468345098,7.606811813991837,7.308505468345098,7.588167667388916,685200
1999-02-04,7.588159126252984,7.588159126252984,7.383073744462363,7.4203619956970215,373800
1999-02-05,7.457653990069639,7.700027744746902,7.457653990069639,7.6813836097717285,359200
1999-02-08,7.7186727267314295,7.793249274815791,7.606807904604887,7.625452041625977,218000
1999-02-09,7.625447934324091,7.625447934324091,7.364430156621067,7.3830742835998535,871400
1999-02-10,7.383080492628382,7.457657063260992,6.935621068832722,7.010197639465332,636400
1999-02-11,7.084773424860567,7.084773424860567,6.82375545657623,6.842399597167969,366000
1999-02-12,6.805111885070801,6.898332595825195,6.786467742919922,6.898332595825195,534200
1999-02-16,6.861041226229824,6.861041226229824,6.7118881560943935,6.786464691162109,281400
1999-02-17,6.7118890935724425,6.7118890935724425,6.003411911473129,6.152565002441406,139000
1999-02-18,6.227143946815939,6.413585382349351,6.189855659709257,6.339008808135986,339600
1999-02-19,6.413582287003509,6.450870556113994,6.264429210561566,6.320361614227295,333400
1999-02-22,6.394939633016941,6.525448605119328,6.283074799786324,6.506804466247559,135000
1999-02-23,6.488159630110938,6.5254479038472075,6.264429987693319,6.394938945770264,170800
1999-02-24,6.3949370582898455,6.469513583750952,6.152563350541251,6.26442813873291,676400
1999-02-25,6.3762941279653775,6.655956151121753,6.339005858211194,6.6000237464904785,297200
1999-02-26,6.935618988037109,7.233925181070963,6.916974850972493,6.991551399230957,723000
1999-03-01,7.159350585937499,7.271215438842773,7.084774017333984,7.084774017333984,203400
1999-03-02,7.084774115811224,7.27121553991152,6.749179552430692,6.861044406890869,185000
1999-03-03,6.93561776129754,6.93561776129754,6.7118881560943935,6.786464691162109,235600
1999-03-04,6.861044498200112,7.196639066046857,6.711891356934893,7.010197639465332,625800
1999-03-05,7.010193649804561,7.308499762562202,7.010193649804561,7.2152791023254395,264600
1999-03-08,7.1966361004172015,7.830536689573121,7.1966361004172015,7.6813836097717285,629800
1999-03-09,7.606807904604887,7.681384452689248,7.550875493541615,7.625452041625977,178800
1999-03-10,7.718674091192392,7.867827213727511,7.700029950875503,7.755962371826172,321200
1999-03-11,7.826944536757918,8.219225766523829,7.770904361077074,7.920344829559326,353000
1999-03-12,8.032425180921015,8.069785298041577,7.882984712438763,7.920344829559326,351000
1999-03-15,7.939027214502271,7.939027214502271,7.845626894331657,7.882987022399902,436600
1999-03-16,7.733545679245552,7.8082659273542045,7.658825431136899,7.6775054931640625,80000
1999-03-17,7.621466125922181,7.882987022399902,7.621466125922181,7.882987022399902,239800
1999-03-18,7.920349467056748,7.9577096060522985,7.770908911074545,7.826949119567871,209800
1999-03-19,7.808265173749672,7.9390255953196425,7.789585113525391,7.789585113525391,158000
1999-03-22,7.789578964835719,7.882979192231831,7.789578964835719,7.808259010314941,57800
1999-03-23,7.770906186571309,7.770906186571309,7.453345116447,7.621465682983398,114200
1999-03-24,7.621467810410719,7.845628628363976,7.621467810410719,7.770908355712891,398800
1999-03-25,7.677508563585668,7.826949119567871,7.397307521119038,7.826949119567871,1505400
1999-03-26,8.069786071777344,8.14450631318269,7.957705709669325,8.069786071777344,471600
1999-03-29,8.144505532282702,8.144505532282702,7.8456245953182,7.920344829559326,7014200
1999-03-30,7.920345794120336,8.293947010824125,7.920345794120336,8.181866645812988,1788400
1999-03-31,8.219223541467368,8.331303862487378,8.200543487964033,8.237903594970703,797000
1999-04-01,8.219231053402549,8.29395133570621,8.069790488795231,8.163190841674805,300400
1999-04-05,8.256587404324959,8.331307652327899,7.995066536314666,8.200547218322754,177400
1999-04-06,8.34998901428715,8.443389338831748,8.107148170471191,8.107148170471191,278800
1999-04-07,8.219225766523829,8.219225766523829,7.901664770999044,7.920344829559326,177800
1999-04-08,7.9950633222406555,8.256584085117687,7.752222613854841,8.219223976135254,329600
1999-04-09,8.219227480084708,8.349987917267875,8.181867355175232,8.312627792358398,188200
1999-04-12,8.256585351058416,8.443385924611773,8.256585351058416,8.36866569519043,549000
1999-04-13,8.406030818035727,8.630191639850013,8.36867068106668,8.518111228942871,460600
1999-04-14,8.480743932294416,8.518104037723026,8.275263352437063,8.293943405151367,262000
1999-04-15,8.312628854965341,8.686230151817716,8.312628854965341,8.667550086975098,296400
1999-04-16,8.630194542552335,9.115876486505496,8.630194542552335,8.947755813598633,340800
1999-04-19,8.966432843889509,9.377394349234445,8.947752775464739,9.153233528137207,408000
1999-04-20,9.15323221533867,9.15323221533867,8.816991031918066,8.929071426391602,276200
1999-04-21,8.966426142939813,9.246626959906683,8.929066034010898,9.078506469726562,628200
1999-04-22,9.041150471772573,9.153230849521819,8.966430219939742,8.98511028289795,258200
1999-04-23,9.022466306333188,9.19058679651331,8.985106197404273,9.078506469726562,287800
1999-04-26,9.04114789904261,9.13454818725586,9.04114789904261,9.13454818725586,179800
1999-04-27,9.115866904316643,9.265307345371015,9.041146683789458,9.227947235107422,178400
1999-04-28,9.265313978513706,9.638915348615066,9.265313978513706,9.50815486907959,427000
1999-04-29,9.694955750797572,10.012516921825624,9.638915544145563,9.975156784057617,1081400
1999-04-30,10.049871218831916,10.14327150896976,9.900430754611367,9.937790870666504,654600
1999-05-03,9.937789259285761,10.31139035925891,9.937789259285761,10.292710304260254,460000
1999-05-04,10.292716354677529,10.292716354677529,9.975155233026861,10.199316024780273,664600
1999-05-05,10.199309893508454,10.199309893508454,9.863068908008175,10.0125093460083,106200
1999-05-06,10.012510608224307,10.199311179273268,9.937790379804722,10.161951065063477,101800
1999-05-07,10.161951065063477,10.161951065063477,9.900430265594931,10.161951065063477,301800
1999-05-10,10.049870722434099,10.199311179273268,10.049870722434099,10.161951065063477,198600
1999-05-11,10.161955892821371,10.274036288698078,10.087235628903567,10.199316024780273,220600
1999-05-12,10.199317610665654,10.199317610665654,9.975156784057617,9.975156784057617,126000
1999-05-13,10.031189594016407,10.049869649126308,9.807028932697605,9.881749153137207,375600
1999-05-14,9.881754180937435,9.975154504008676,9.713633599409198,9.750993728637695,176000
1999-05-17,9.601553211723708,9.788353857866191,9.489472824038216,9.750993728637695,400800
1999-05-18,9.750985915136154,9.919106361948845,9.601545517969315,9.676265716552734,487600
1999-05-19,9.676269955105251,9.80703035990397,9.414749145507812,9.414749145507812,372800
1999-05-20,9.863074662950304,10.087235450744629,9.713634137754088,10.087235450744629,2361800
1999-05-21,10.666314496120936,10.965195462737286,10.47951389198572,10.610274314880371,1190400
1999-05-24,10.66631202146895,10.68499207754858,10.311390955955973,10.348751068115234,263000
1999-05-25,10.348751068115234,10.591591797150429,10.087230283000409,10.348751068115234,525800
1999-05-26,10.404793075966625,10.610273729172429,10.274032660290203,10.55423355102539,443800
1999-05-27,10.554237860799487,10.554237860799487,10.143276386573666,10.255356788635254,249400
1999-05-28,10.311391034572244,10.38611125946045,10.217990753461988,10.38611125946045,213600
1999-06-01,10.460833549499512,10.460833549499512,10.199312710762024,10.460833549499512,501400
1999-06-02,10.572914426127006,10.572914426127006,10.348753696244456,10.479514122009277,240200
1999-06-03,10.591593968868256,10.591593968868256,10.38611330986023,10.460833549499512,244800
1999-06-04,10.51687424365637,10.51687424365637,10.33007363542091,10.479514122009277,326200
1999-06-07,10.554236032541578,10.890477180480955,10.47951577744394,10.890477180480957,535600
1999-06-08,10.90915926879675,10.98387953776111,10.797078865350207,10.96519947052002,869000
1999-06-09,10.983873864014944,10.983873864014944,10.759713172912598,10.759713172912598,515200
1999-06-10,10.834436731753144,10.834436731753144,10.684996225108272,10.741036415100098,262200
1999-06-11,10.774703025817871,10.886939515670141,10.737290862533783,10.774703025817871,1329000
1999-06-14,10.718587588290779,11.148827578745731,10.718587588290779,10.999178886413574,1184200
1999-06-15,11.074003672520053,11.186240196228027,10.999179323381403,11.186240196228027,778600
1999-06-16,11.186241665401974,11.204947755143449,10.999180767987225,11.074005126953125,509800
1999-06-17,11.036585807800293,11.073997963080974,10.943055419598597,11.036585807800293,362800
1999-06-18,11.074002028721843,11.148826366753747,10.961765521673987,11.055295944213867,838200
1999-06-21,11.055296200719374,11.055296200719374,10.77470492658944,10.849529266357422,369200
1999-06-22,10.886941203241761,10.924353372325067,10.662468188741933,10.755998611450195,282200
1999-06-23,10.756000034524003,10.84953046960682,10.737293947507439,10.793412208557129,319000
1999-06-24,10.793410780533499,10.812116865075152,10.625056019658627,10.755998611450195,215600
1999-06-25,10.755998138832833,10.755998138832833,10.512819050476613,10.568937301635742,151400
1999-06-28,10.568940652200213,10.587646741850126,10.512822383250478,10.53152847290039,224200
1999-06-29,10.53153030342062,10.7372973253347,10.53153030342062,10.68117904663086,429800
1999-06-30,10.774703260491655,10.886939752788445,10.699878932293798,10.718585014343262,972000
1999-07-01,10.849527613107512,11.148824926572546,10.849527613107512,11.092706680297852,355400
1999-07-02,11.092706680297852,11.111412762389417,10.999176269840028,11.092706680297852,351200
1999-07-06,11.111414197737796,11.223650704785651,10.924353352658034,11.055295944213867,327200
1999-07-07,11.111413235934275,11.111413235934275,10.774703743936266,10.905646324157715,140600
1999-07-08,11.036592250364139,11.055298338924079,10.924355719004504,11.0178861618042,409000
1999-07-09,10.961759186431065,11.148819923400879,10.924347039037103,11.148819923400879,163400
1999-07-12,11.223652588194282,11.298476938782244,11.14882823760632,11.279770851135254,323000
1999-07-13,11.27977198712966,11.448126792907715,11.20494762900608,11.448126792907715,297200
1999-07-14,11.522947071031735,11.522947071031735,11.42941665649414,11.42941665649414,655000
1999-07-15,11.42941830922099,11.579066994120774,11.42941830922099,11.5603609085083,233800
1999-07-16,11.522951151031295,11.522951151031295,11.42942070337682,11.448126792907715,172800
1999-07-19,11.373302510579428,11.392008600234986,11.148829434712729,11.223653793334961,128400
1999-07-20,11.11141445554536,11.130120540487356,10.81211709647343,10.849529266357422,356400
1999-07-21,10.849524963273309,10.849524963273309,10.587639877952919,10.812112808227539,266200
1999-07-22,10.774706388774671,10.774706388774671,10.512821164047509,10.662469863891602,163000
1999-07-23,10.681170265567344,10.868231040796193,10.681170265567344,10.812112808227539,424600
1999-07-26,10.73729605058069,10.73729605058069,10.269643783569336,10.269643783569336,1317200
1999-07-27,10.32575798034668,10.363170146942139,9.876811981201172,9.95163631439209,2836600
1999-07-28,10.176109785600142,10.307052374753084,10.082579364776612,10.288346290588379,4043800
1999-07-29,10.28834935781118,11.074005126953125,10.25093717832823,11.074005126953125,1946200
1999-07-30,10.924355719004504,11.0178861618042,10.737294833405112,11.0178861618042,1200400
1999-08-02,10.961769827818259,11.036594195243639,10.92435764410557,10.943063735961914,455600
1999-08-03,11.036594195243639,11.036594195243639,10.943063735961914,10.943063735961914,586800
1999-08-04,10.943059192543409,11.3545930425194,10.924353108453591,11.261062622070312,1162400
1999-08-05,11.261061442812348,11.522946592645194,11.261061442812348,11.466828346252441,2028200
1999-08-06,11.485539178214545,11.560363537681742,11.373302639013751,11.541657447814941,788200
1999-08-09,11.541655473095283,11.990601553086023,11.448125039763879,11.915777206420898,1203200
1999-08-10,11.971902514260913,12.196375686403305,11.766135439797052,11.784841537475586,1178000
1999-08-11,11.822245113574828,12.046718122060426,11.635184273170163,12.009305953979492,429000
1999-08-12,12.084131933098364,12.233780625768313,12.084131933098364,12.21507453918457,1151200
1999-08-13,12.607901599111875,12.682725940946368,12.271192060856661,12.383428573608398,1480600
1999-08-16,12.533073587432343,12.533073587432343,12.046715507920043,12.10283374786377,745200
1999-08-17,12.177663549370722,12.383430521787124,11.784835692939408,12.233781814575195,3888400
1999-08-18,12.12154485572199,12.12154485572199,11.953190066059184,12.046720504760742,701400
1999-08-19,11.934484400151337,12.458254875393088,11.934484400151337,12.233781814575195,1791400
1999-08-20,12.27118700604106,12.383423472559729,12.046714073003724,12.065420150756836,1528200
1999-08-23,12.065425649285316,12.21507433950901,11.89707087278366,11.971895217895508,1264200
1999-08-24,11.971898605394815,11.971898605394815,11.672601140259944,11.859662055969238,901400
1999-08-25,11.74742007217529,12.046717398854915,11.728713989257812,11.728713989257812,1336400
1999-08-26,11.728718638810955,11.728718638810955,11.298478561151223,11.410715103149414,1521400
1999-08-27,11.410714589156115,11.560363305079473,11.317184141704015,11.522951126098633,937800
1999-08-30,11.448122273320738,11.635183094780228,11.373297944736942,11.616477012634277,470800
1999-08-31,11.597773079733248,11.710009593408085,11.522948737283356,11.5603609085083,290600
1999-09-01,11.560364689474321,11.784837790240813,11.560364689474321,11.635189056396484,459200
1999-09-02,11.560358756907029,11.597770921168864,11.448122264121524,11.466828346252441,998600
1999-09-03,11.466832857627374,11.597775484060312,11.448126768136953,11.522951126098633,423400
1999-09-07,11.52294707716557,11.728713989257812,11.485534911330618,11.728713989257812,539400
1999-09-08,11.728719414972733,11.915780330682027,11.653895048689016,11.859662055969238,652000
1999-09-09,12.046717643737793,12.944609642028809,12.046717643737793,12.944609642028809,1879000
1999-09-10,12.869792173091124,13.393562784786694,12.794967799991758,12.963322639465332,1786400
1999-09-13,12.997025460089231,13.465218019890717,12.791020733776579,13.221757888793945,795200
1999-09-14,13.034488694588228,13.146854976438128,12.809756130888433,12.90339469909668,438200
1999-09-15,12.865937921498388,12.865937921498388,12.360289706242993,12.528839111328125,632400
1999-09-16,12.43519756997722,12.585019227446823,12.210465083772812,12.49138069152832,852200
1999-09-17,12.51010449159713,12.678653803609667,12.4164659849235,12.585015296936035,910400
1999-09-20,12.510111399651999,12.734843939765508,12.435200552947496,12.528839111328125,1520600
1999-09-21,12.435196652824496,12.547562887639176,12.135553359985352,12.135553359985352,990200
1999-09-22,12.30410271220737,12.659929122453855,12.135553359985352,12.135553359985352,13763000
1999-09-23,12.210471153259277,12.285382019230193,12.135560287288362,12.210471153259277,2633600
1999-09-24,12.154283809661866,12.416471750086004,12.13555609963157,12.360288619995117,3039800
1999-09-27,12.247917575456464,12.322828386315525,12.135551359167872,12.2291898727417,1009600
1999-09-28,12.135553469739472,12.173008881683113,11.760999350303068,12.041914939880371,2311600
1999-09-29,12.135557841385028,12.397745819439642,12.098102415948654,12.322834968566895,1418600
1999-09-30,12.379010357288573,12.435193460271728,12.154277945355952,12.416465759277344,912400
1999-10-01,12.397743505758568,12.510109761097768,12.285377250419366,12.472654342651367,629200
1999-10-04,12.547566005973987,12.585021426887343,12.36028890140721,12.566293716430664,1525800
1999-10-05,12.491377168893814,12.491377168893814,11.835907602310181,11.985729217529297,1479200
1999-10-06,11.985729128815407,12.098095339398052,11.723541304122572,12.079367637634277,1323400
1999-10-07,11.967001515626908,12.023184621334076,11.87336300611496,11.985729217529297,744200
1999-10-08,11.91082283461592,11.91082283461592,11.461357821988905,11.648634910583496,1328200
1999-10-11,11.648635364644148,12.247922071506869,11.648635364644148,12.15428352355957,721000
1999-10-12,12.285375943235971,12.322831357697057,11.98573262754729,12.004460334777832,497800
1999-10-13,12.135554961918661,12.210465795016924,11.892094754349305,11.929550170898438,912000
1999-10-14,11.948273813724517,11.985729217529297,11.87336300611496,11.985729217529297,466400
1999-10-15,11.79845541295871,12.116826432038549,11.611178342911746,11.967004776000977,835000
1999-10-18,11.967009747412897,11.967009747412897,11.536272307365172,11.611183166503906,722800
1999-10-19,11.592446725345352,11.798451432903994,11.554991323971054,11.573719024658203,786400
1999-10-20,11.61117788320913,11.760999533315054,11.348989995523764,11.723544120788574,522200
1999-10-21,11.798453732780128,11.967003071819844,11.686087506753651,11.779726028442383,647200
1999-10-22,11.985728102463941,12.34155440550584,11.873361901503342,12.173005104064941,926800
1999-10-25,12.304107245825287,12.585022936369244,12.304107245825287,12.45392894744873,1351400
1999-10-26,12.528835181836728,12.566290593441622,12.060642536775566,12.135553359985352,550600
1999-10-27,12.079365642093192,12.341553423471959,11.892088655394073,11.948271751403809,664600
1999-10-28,11.948282007585492,11.985737437076356,11.742277145385742,11.742277145385742,1019800
1999-10-29,11.629907201724036,11.686090328302413,11.5549963662862,11.648634910583496,894600
1999-11-01,11.686090328302413,11.723545746021331,11.629907201724036,11.648634910583496,786600
1999-11-02,11.667362619442954,11.723545746021331,11.536268657426742,11.648634910583496,1075400
1999-11-03,11.723545049812182,11.873366711790613,11.573723387833752,11.592451095581055,825400
1999-11-04,11.667360305786135,11.686088010931858,11.536266369766064,11.667360305786133,256400
1999-11-05,11.667360369780646,11.68608807502909,11.386444791053986,11.442627906799316,1433600
1999-11-08,11.423900495699751,11.74227149312089,11.274078849854508,11.517539024353027,911800
1999-11-09,11.648631799316407,11.835908837890624,11.59244868774414,11.704814910888672,627000
1999-11-10,11.854639337800172,12.285376628115188,11.835911629525608,11.929550170898438,856400
1999-11-11,11.929549361991585,12.135554139043244,11.892093947982191,11.967004776000977,1412200
1999-11-12,12.098095926952665,12.098095926952665,11.760997278833239,11.873363494873047,482800
1999-11-15,11.985729217529297,12.060640025138856,11.87336300611496,11.985729217529297,495200
1999-11-16,11.910821798625118,12.098098870930546,11.854638676933492,12.004460334777832,1412000
1999-11-17,12.041913442279856,12.472650626062805,12.041913442279856,12.379012107849121,1655600
1999-11-18,12.416465759277344,12.51010426424927,12.210461048339107,12.416465759277344,1487200
1999-11-19,12.416463593824195,12.510102082465403,12.00445424380288,12.24791431427002,786800
1999-11-22,12.247923027937581,12.247923027937581,11.648636274277026,11.761002540588379,831800
1999-11-23,11.461355418461897,11.498810828326151,10.936979680362333,11.274078369140625,2204200
1999-11-24,11.38644219724924,11.38644219724924,11.0306158785852,11.161709785461426,761200
1999-11-26,11.1617115418919,11.1617115418919,11.086800726174504,11.124256134033203,154600
1999-11-29,11.011891444524128,11.04934685760074,10.562426487604776,10.787158966064453,1457400
1999-11-30,10.693514720767949,10.712242417301692,10.43132696929553,10.562420845031738,1092800
1999-12-01,10.487515022014751,10.880796835340304,10.45005961122184,10.862069129943848,902000
1999-12-02,10.918252798858486,10.974435917892063,10.618609497346073,10.880797386169434,798800
1999-12-03,10.805886454241616,10.936980397360665,10.431332331044333,10.487515449523926,736000
1999-12-06,10.468783662712777,10.468783662712777,9.738403407174678,9.869497299194336,2056200
1999-12-07,9.850773834228516,9.850773834228516,9.101665557861327,9.363853454589844,2593600
1999-12-08,9.363851999576855,9.663495263563314,8.83947628760055,9.476218223571777,2025200
1999-12-09,9.476219813028973,9.626041470151959,8.989299427379262,9.270215034484863,1470400
1999-12-10,9.232762067595873,9.49495003706107,9.064212658653961,9.157851219177246,1427000
1999-12-13,9.079061358080258,9.979464137394002,9.079061358080258,9.77312183380127,2132200
1999-12-14,9.67933083334459,9.698089226432467,9.454230116290065,9.49174690246582,974200
1999-12-15,9.52926130223095,9.979462623596191,9.52926130223095,9.979462623596191,653600
1999-12-16,10.14828874077989,10.392147804791236,10.016980014004549,10.242080688476562,684200
1999-12-17,10.354628050505225,10.354628050505225,9.848151678469643,10.05449390411377,814200
1999-12-20,9.979460367515905,10.05449390411377,9.604292684526586,10.05449390411377,456000
1999-12-21,10.204565429687499,10.50469970703125,9.979464721679687,10.50469970703125,1005400
1999-12-22,10.429673614218858,10.504707237342735,10.092022310161413,10.110780715942383,778800
1999-12-23,10.167053521354244,10.204570324016068,9.810643896066917,9.9419527053833,633200
1999-12-27,9.904428247305063,10.035736955129183,9.641810831656823,9.754361152648926,819200
1999-12-28,9.810644102819039,10.054503325260047,9.754368897640344,9.904436111450195,708000
1999-12-29,9.829396118611205,10.27959746755523,9.829396118611205,10.242080688476562,343400
1999-12-30,10.167055345464634,10.335880987732498,10.03574651258963,10.129538536071777,353200
1999-12-31,10.204564837901763,10.260840011640193,9.866913795471191,9.866913795471191,340600
2000-01-03,9.941949107932308,10.054499475191918,9.623056400696743,9.716848373413086,717600
2000-01-04,9.810642929001908,9.810642929001908,9.416716539883286,9.51050853729248,1480200
2000-01-05,9.566781409951144,9.67933177947998,9.454231040422306,9.67933177947998,854000
2000-01-06,9.566777218751803,10.354629460296069,9.529260445344931,10.167045593261719,521000
2000-01-07,10.204566381611954,10.579734263288865,10.129532805276572,10.2233247756958,545200
2000-01-10,10.24208144007119,10.279598221902953,9.885672012669446,10.09201431274414,381800
2000-01-11,10.092013572161887,10.260839078015897,10.016980014004549,10.242080688476562,540400
2000-01-12,10.204564658239427,10.204564658239427,10.054497530912377,10.09201431274414,370800
2000-01-13,10.148294943029232,10.373395755074242,10.12953654202548,10.317120552062988,807400
2000-01-14,10.31711881889357,10.429669206008773,10.054501248958099,10.373394012451172,714400
2000-01-18,10.373392900894318,11.217520713806152,10.373392900894318,11.217520713806152,964600
2000-01-19,11.217522888307851,11.555174078925813,11.217522888307851,11.517657279968262,1093800
2000-01-20,11.442622311807941,11.930340639852213,11.442622311807941,11.686481475830078,1191400
2000-01-21,11.855301584310142,12.530603573289834,11.855301584310142,12.39929485321045,1187200
2000-01-24,12.455581949364325,12.624407608316552,11.780279313555416,12.080413818359375,2022000
2000-01-25,12.005372260026872,12.024130654183164,11.742754741838784,11.780271530151367,595600
2000-01-26,11.799029562208387,12.099163859498267,11.48013687133789,11.48013687133789,668200
2000-01-27,11.517654257090436,11.85530535908983,11.086211182313432,11.273795127868652,737400
2000-01-28,11.25503673331313,11.442620678868348,11.104969576868955,11.273795127868652,587200
2000-01-31,11.255036214916732,11.255036214916732,10.542217254638672,10.542217254638672,954000
2000-02-01,10.5422163059228,10.936142537994648,10.5422163059228,10.823592185974121,934400
2000-02-02,10.898625946044922,11.048693084716795,10.692283630371094,10.692283630371094,556000
2000-02-03,10.879873325513756,10.898631727799124,10.69228930266007,10.786081314086914,409800
2000-02-04,10.786074068811205,11.029933134714762,10.692282120386759,10.804832458496094,466400
2000-02-07,10.729798899756538,11.104966693454319,10.729798899756538,10.804832458496094,535600
2000-02-08,10.804832458496094,10.842349237865871,10.542215002907648,10.804832458496094,266600
2000-02-09,10.804833984375,10.992417907714843,10.579733276367186,10.598491668701172,1006800
2000-02-10,10.654766480930727,11.386343756910126,10.654766480930727,11.142484664916992,621400
2000-02-11,11.255033810933432,11.255033810933432,10.804832458496094,10.804832458496094,376800
2000-02-14,10.917386204054374,11.292554114846622,10.804835830816701,11.161245346069336,560000
2000-02-15,11.161242134269626,11.51765154696059,11.142483744127997,11.423859596252441,953200
2000-02-16,11.31131488570173,11.686482875277242,11.292556486222953,11.517657279968262,385800
2000-02-17,11.70524086072607,11.70524086072607,11.480140074942877,11.592690467834473,639800
2000-02-18,11.517652893066405,11.66772003173828,11.386344146728515,11.442619323730469,905000
2000-02-22,11.536412433543369,11.536412433543369,11.12372776112393,11.498895645141602,669200
2000-02-23,11.423857978238898,11.44261636572369,10.804831191240732,11.067448616027832,377800
2000-02-24,10.992418099431191,11.142485240720355,10.729800602175155,10.936142921447754,737000
2000-02-25,11.06745734836744,11.06745734836744,10.729806107230807,10.786081314086914,896800
2000-02-28,10.57973492572011,11.067453202437704,10.57973492572011,11.011178016662598,455000
2000-02-29,10.99241828278407,11.255035784420551,10.842351138991797,11.180002212524414,801600
2000-03-01,11.255034296458941,11.705235668317298,11.180000734482547,11.667718887329102,630600
2000-03-02,11.930345291044654,12.380547000140679,11.892828481953318,12.305513381958008,1324600
2000-03-03,12.267996004489667,12.286754408166257,11.742760701545155,11.98661994934082,783600
2000-03-06,12.042887878417968,12.230471801757812,11.780270385742186,12.192955017089844,310800
2000-03-07,12.117922809242543,13.581077575683594,12.08040602035944,13.581077575683594,1388200
2000-03-08,13.393494242328709,13.543561404707742,12.868259174002091,13.280943870544434,1530000
2000-03-09,13.205901195703676,13.318451489985241,12.830733548098458,13.29969310760498,574400
2000-03-10,13.2621776418483,13.449761484024371,12.980801878584192,13.224660873413086,966800
2000-03-13,12.845323611113983,13.314816433157624,12.770204759587001,13.296036720275879,403000
2000-03-14,13.220906604175838,13.465042663627948,13.089448726009316,13.333584785461426,785000
2000-03-15,13.258474433265919,13.333593268581874,12.788981712541204,12.901659965515137,630600
2000-03-16,12.770193600485511,13.296025101681973,12.732634207542906,13.239686012268066,549200
2000-03-17,12.920435265093097,13.183351098975805,12.788977348151743,13.033113479614258,441800
2000-03-20,12.920440132095969,12.920440132095969,12.54484594220946,12.695083618164062,258200
2000-03-21,12.619956164215132,13.14578767105743,12.582396770869254,12.976770401000977,397200
2000-03-22,12.920439674344125,13.033117927318056,12.826541130199182,12.901659965515137,543000
2000-03-23,12.939219151773761,12.939219151773761,12.638743815883513,12.807761192321777,336200
2000-03-24,12.770195960998535,13.051891460138208,12.507280161801505,12.770195960998535,368000
2000-03-27,12.713860112633585,12.901657160087552,12.469723950943427,12.56362247467041,473200
2000-03-28,12.48850046185886,13.220908759622013,12.469720761916216,12.770195960998535,623000
2000-03-29,12.845319283108752,13.521388719061843,12.845319283108752,13.408710479736328,989400
2000-03-30,13.465044278947135,14.272571341701287,13.465044278947135,14.197452545166016,2524400
2000-03-31,14.347698786083797,14.591835021972656,14.047223418835967,14.591835021972656,1070200
2000-04-03,14.535490597281486,14.967423780404838,14.497931190053368,14.742067337036133,824800
2000-04-04,14.723286317524158,14.723286317524158,13.746741816872046,14.272573471069336,1084400
2000-04-05,14.197452545166016,14.347690138236556,14.037825102528569,14.197452545166016,590400
2000-04-06,14.122333684733494,14.49792766571045,13.859417898049626,14.49792766571045,843400
2000-04-07,14.610603103537043,14.629382799042874,14.141110715891251,14.23500919342041,516600
2000-04-10,14.159891656326922,14.159891656326922,13.634060135932819,13.709178924560547,864200
2000-04-11,13.896979815982762,14.047217435615009,13.690403088988424,13.727962493896484,1254600
2000-04-12,13.72797049445075,14.084785049026078,13.70919078105205,13.896987915039062,971600
2000-04-13,14.009658781021677,14.422812257137597,13.972099374102047,14.34769344329834,628000
2000-04-14,14.235015462239584,14.328913981119792,13.896980794270833,14.08477783203125,690000
2000-04-17,13.859411274596564,13.896970654744523,13.183342431933317,13.314800262451172,903600
2000-04-18,13.277254287032974,13.427491959304916,13.145796323795023,13.352373123168945,620800
2000-04-19,13.371149273307955,13.840641874196578,13.333589865236865,13.803082466125488,1632600
2000-04-20,13.746745874593547,13.746745874593547,13.483829969888205,13.671627044677734,976800
2000-04-24,13.652845081112421,13.652845081112421,13.427488628604374,13.540166854858398,483000
2000-04-25,13.615292214058542,13.915767628437765,13.59651250065984,13.896987915039062,756200
2000-04-26,13.896980794270833,14.122337239583333,13.840641682942708,14.08477783203125,611400
2000-04-27,14.084786994784485,14.516720462624544,13.896989834854026,14.366482734680176,578600
2000-04-28,14.310130565197436,14.497927554242022,13.972095984917182,14.460368156433105,862000
2000-05-01,14.347698301310329,14.666953368224302,14.272579462036452,14.385257720947266,1408000
2000-05-02,14.310134482952897,14.422812707228118,14.159896850585938,14.159896850585938,751000
2000-05-03,14.310136017786593,14.347695429906768,13.934541896584847,14.009660720825195,581200
2000-05-04,13.896983326697837,14.911087515402814,13.896983326697837,14.72329044342041,1821000
2000-05-05,14.685726851937154,15.023761485357703,14.573048640796973,14.929862976074219,1309400
2000-05-08,15.004988428127547,15.699837704523942,14.74207248570729,15.305463790893555,1103600
2000-05-09,15.305461265202473,15.455698921793417,14.873528002503507,15.061325073242188,588000
2000-05-10,14.873525262334544,14.948644076790778,14.685728226193955,14.742067337036133,570200
2000-05-11,15.023764823246927,15.512037180002451,15.023764823246927,15.474477767944336,1174400
2000-05-12,15.47447121327175,16.0003027593538,15.28667423252816,15.83128547668457,1714400
2000-05-15,15.850071775648328,16.976854129367403,15.850071775648328,16.901735305786133,1903800
2000-05-16,16.90173501136319,16.90173501136319,16.150546788635936,16.7890567779541,1786200
2000-05-17,16.67637569025943,17.408784082061366,16.526138071428264,17.12708854675293,884400
2000-05-18,17.12709162785457,17.728042211288063,17.12709162785457,17.577804565429688,1007000
2000-05-19,17.57780021519177,17.709258122784018,17.35244380217649,17.390003204345703,590200
2000-05-22,17.35244380217649,17.57780021519177,17.239765595668853,17.390003204345703,761000
2000-05-23,17.390001241323112,17.540238833040807,17.23976364960542,17.3712215423584,1124200
2000-05-24,17.427569541610588,17.87828254699707,17.239772456032888,17.87828254699707,1297200
2000-05-25,17.577808514189798,17.63414764404297,17.16465489526653,17.63414764404297,1301600
2000-05-26,17.27732497654604,17.27732497654604,16.526136934087518,16.71393394470215,4393200
2000-05-30,16.97685251804377,17.127090150946813,16.751496068689207,17.01441192626953,2313400
2000-05-31,17.089535006659656,18.141198699377174,16.976856753868493,17.97218132019043,2285000
2000-06-01,17.99095545609792,18.178752485911055,17.840717832247417,18.028514862060547,1521800
2000-06-02,17.91584130797559,17.953400723715582,17.540247150575684,17.615365982055664,1136200
2000-06-05,17.615369057422352,17.765606746611454,17.202215412152317,17.296113967895508,839000
2000-06-06,17.277325209750924,17.615359833419962,17.239765807121028,17.46512222290039,1085200
2000-06-07,17.5026857425005,17.803161034217247,17.258549567980644,17.577804565429688,1379400
2000-06-08,17.50268236257262,17.91583580889944,17.314885341514973,17.728038787841797,954000
2000-06-09,17.840722476495607,17.840722476495607,17.502687734835693,17.615365982055664,747600
2000-06-12,17.577803211957374,18.047295819114353,17.540243803384815,17.784379959106445,962000
2000-06-13,17.81822123188354,18.043768336084597,17.74303886381652,17.968585968017578,532200
2000-06-14,18.02495977635691,18.3256890322711,17.987368619367633,18.08134651184082,1175400
2000-06-15,18.137727374790096,18.194114092017422,17.74302035419881,17.89338493347168,1360000
2000-06-16,17.9497823814551,18.13773821791013,17.893395630518594,18.043760299682617,729800
2000-06-19,18.00617411971595,18.00617411971595,17.63026234268639,17.818218231201172,1115000
2000-06-20,17.743038819406067,17.743038819406067,17.44230934789071,17.536287307739258,1373800
2000-06-21,17.611461214858725,17.780621461319484,17.179162807236793,17.310731887817383,5656400
2000-06-22,17.442300428136733,17.592665086999983,17.348322516347203,17.51748275756836,1407600
2000-06-23,17.63026180003271,17.743035329670445,17.555079446940884,17.649057388305664,1882200
2000-06-26,17.724234889842226,17.724234889842226,16.916024815331923,17.179162979125977,1146600
2000-06-27,17.160367169734773,17.160367169734773,16.61529526620541,16.9348201751709,820200
2000-06-28,16.953611218199438,16.953611218199438,16.464926194171515,16.577699661254883,1445400
2000-06-29,16.55890696373975,16.69047603155607,16.483724639273284,16.671680450439453,1664200
2000-06-30,16.690480419567653,16.897231866206443,16.33336428446429,16.840845108032227,2057200
2000-07-03,16.765649002589537,16.765649002589537,16.596488866913187,16.728057861328125,338800
2000-07-05,16.540108172346184,16.540108172346184,14.47259465080291,14.491390228271484,2613600
2000-07-06,14.735745147245014,15.186839386446392,14.660562774044784,14.961292266845703,3669400
2000-07-07,14.773322376856576,15.074051585545769,14.622957772511981,14.923686981201172,806400
2000-07-10,14.848507757310744,14.98007681338818,14.4350050096388,14.472596168518066,1059600
2000-07-11,14.472596374748711,15.919856012223583,14.435005215333781,15.731900215148926,1590200
2000-07-12,15.73191115130549,15.93866267181249,15.374794888611577,15.562750816345215,907000
2000-07-13,15.600328421168047,15.600328421168047,14.472593836505297,14.773323059082031,1750200
2000-07-14,14.867303072273051,14.867303072273051,14.585369385693918,14.8297119140625,442600
2000-07-17,14.998874388664001,15.036465552545364,14.566576004028322,14.56657600402832,416200
2000-07-18,14.51018515158826,14.84850553077037,14.28463823213352,14.322229385375977,1188400
2000-07-19,14.510193103068582,14.716944559200389,13.871143147752091,13.908734321594238,1416200
2000-07-20,13.98391024524947,14.435004124128486,13.98391024524947,14.153070449829102,1009600
2000-07-21,14.021501647678969,14.059092804911351,13.495225446425602,13.795954704284668,1528400
2000-07-24,13.532814437692815,13.68317904255607,13.081720623103056,13.232085227966309,2908400
2000-07-25,13.382452232893122,13.382452232893122,12.799789284550865,12.931358337402344,2362800
2000-07-26,13.006542270557885,13.307271571611246,12.931359945294544,13.28847599029541,1136000
2000-07-27,13.53282203621408,13.739573483989574,13.495230863891264,13.551617622375488,1754200
2000-07-28,13.683182897646565,13.739569640356647,13.495227088612959,13.645591735839844,841200
2000-07-31,13.758372306823729,14.002714984403932,13.683189944491359,13.75837230682373,998800
2000-08-01,13.85234126319056,13.85234126319056,13.57040758754896,13.833545684814453,1080400
2000-08-02,13.965117243678325,14.88610074965442,13.965117243678325,14.792122840881348,1539400
2000-08-03,15.074056401336295,15.299603379909906,14.472597791806667,14.481995582580566,1636600
2000-08-04,14.472605782717011,14.867313213154748,14.472605782717011,14.81092643737793,625600
2000-08-07,14.961278454370868,15.562736884697335,14.942482878423165,15.454662322998047,678000
2000-08-08,15.619120629279166,15.71309849106785,15.299595899197644,15.393573760986328,736200
2000-08-09,15.562740175167244,15.863469453914437,15.562740175167244,15.69430923461914,1388200
2000-08-10,15.675514971736535,15.769492879240952,15.600332645733003,15.619128227233887,1376200
2000-08-11,15.694304190540764,15.901055503230523,15.694304190540764,15.86346435546875,1000000
2000-08-14,15.863470615040173,16.61529386693781,15.863470615040173,16.540111541748047,1064400
2000-08-15,16.5401112909548,16.70927152006684,16.29576873779297,16.29576873779297,1160000
2000-08-16,16.295768627753624,16.803249311662906,16.276973046868097,16.615293502807617,919200
2000-08-17,16.69047576535808,17.36711667476449,16.69047576535808,17.122774124145508,1707400
2000-08-18,17.5926640183555,17.72423308686884,16.74686286362687,17.047592163085938,898800
2000-08-21,16.972409998575845,17.291934882269967,16.765658603244358,16.91602325439453,869400
2000-08-22,16.76565992924799,17.21675391837574,16.76565992924799,16.9348201751709,681000
2000-08-23,17.141561775024815,18.870754410224684,16.991197198050912,18.6405086517334,1923400
2000-08-24,18.34448177939967,18.34448177939967,17.517476453279194,17.855796813964844,3655400
2000-08-25,17.893398472651135,18.118945512222368,17.78062495286552,17.949785232543945,2165600
2000-08-28,18.10014420543928,18.325691173731357,17.743028172310154,18.13773536682129,1201400
2000-08-29,18.32568719063276,18.64521199293097,18.156527001180766,18.26930046081543,31008800
2000-08-30,18.15653099646935,18.344486803886216,17.968575189052483,18.32569122314453,3368000
2000-08-31,18.081350099121483,18.17532801023958,17.517482632412914,17.616159439086914,1835600
2000-09-01,17.893392973005895,18.26930459008585,17.893392973005895,18.006166458129883,1722000
2000-09-05,18.006172568043322,18.0249681552751,17.686647585103096,17.93099021911621,969200
2000-09-06,17.968584934788556,18.250518798828125,17.93099375291661,18.250518798828125,2468400
2000-09-07,18.269316372588573,18.269316372588573,17.874608920094374,18.062564849853516,1545000
2000-09-08,18.04376201161453,18.04376201161453,17.53628120503787,17.61146354675293,1164400
2000-09-11,17.53628824652792,18.156542814733086,17.367127909744692,18.062564849853516,1606200
2000-09-12,17.818218231201172,18.194130008230733,17.705444698092304,17.818218231201172,1350400
2000-09-13,17.814443362898782,17.833254813123595,17.156042605030294,17.513460159301758,1738600
2000-09-14,17.438219335002284,17.513465157375542,17.306539145849083,17.494653701782227,947600
2000-09-15,17.66396318135723,18.736216537414055,17.645151718970265,18.66097068786621,3739800
2000-09-18,18.773836201803327,18.830270579163457,18.209492428202026,18.364686965942383,1661200
2000-09-19,18.491658729561312,18.491658729561312,17.720389138603007,17.739200592041016,1731000
2000-09-20,17.87087396413338,18.19066855085998,17.739193840187138,17.908496856689453,1663200
2000-09-21,17.908512049135954,17.908512049135954,17.118430635203488,17.30654525756836,2652800
2000-09-22,17.268919631096214,17.381788386855014,16.87387898594042,16.98674774169922,1209200
2000-09-25,16.704573891379617,17.402855086517803,16.505924950489618,17.381786346435547,2437200
2000-09-26,17.90851402282715,17.90851402282715,17.577432710240828,17.75802230834961,1881600
2000-09-27,17.75800740520985,18.089088439941406,17.75800740520985,18.089088439941406,1839600
2000-09-28,18.119198740741133,18.224542458867134,17.893461217762198,18.02890396118164,1056200
2000-09-29,18.209488740523348,18.299783496381522,18.058997098039683,18.104145050048828,1702000
2000-10-02,18.10716205626963,18.359988168782564,18.10716205626963,18.26969337463379,1363400
2000-10-03,18.254634837100777,18.359978516867987,18.128221273220127,18.320850372314453,1130200
2000-10-04,18.08910362093593,18.092114098195452,17.75802230834961,17.75802230834961,1272400
2000-10-05,17.65266668790435,17.679755224207177,16.97846375556729,17.005552291870117,1943000
2000-10-06,17.005559453463093,17.577428283728654,16.81293029114722,17.00255012512207,1498400
2000-10-09,17.156048861416902,17.39683528247141,17.156048861416902,17.381786346435547,1011800
2000-10-10,17.634606170077276,18.393083990615633,17.607517635480914,18.194435119628906,1860200
2000-10-11,18.51047707488293,19.2629354925611,18.51047707488293,18.931854248046875,2204000
2000-10-12,19.034183128815243,19.485656900570348,19.016123718681,19.262929916381836,2784400
2000-10-13,19.262933372535336,19.262933372535336,18.480377163540208,18.682035446166992,1801400
2000-10-16,18.43522536853128,18.55561913632449,18.134242097208322,18.209487915039062,1100400
2000-10-17,18.209487621653967,18.706110470599455,18.209487621653967,18.387067794799805,1482200
2000-10-18,18.510475111789393,18.603780359023926,18.359983444213867,18.359983444213867,1295000
2000-10-19,18.209487707017907,18.423185551657557,17.818209688399946,17.893455505371094,1094800
2000-10-20,17.75800740520985,18.13423637565921,17.697810540306012,18.089088439941406,1286000
2000-10-23,18.058998794550458,18.07705820668269,17.64063217284901,17.718887329101562,725000
2000-10-24,17.724902123905178,17.724902123905178,16.824962914611923,17.156044006347656,1851000
2000-10-25,17.30654616397159,17.342663851872302,15.789589494214493,15.816678047180176,2285400
2000-10-26,15.350146656305018,16.253096459617076,15.350146656305018,16.027359008789062,1736200
2000-10-27,16.102606280187384,16.102606280187384,14.88061368932523,15.16955852508545,2225600
2000-10-30,14.748184327100455,15.139462457166964,14.597692650293308,14.928773880004883,2013000
2000-10-31,14.973918924099484,15.199656395317065,14.973918924099484,15.16955852508545,2155600
2000-11-01,15.500641117006609,16.099598434291163,15.500641117006609,15.982213973999023,1854200
2000-11-02,15.801626093247359,15.831723969398917,15.169561508781616,15.350151062011719,1129000
2000-11-03,15.199653814346517,15.41034231467242,15.199653814346517,15.380243301391602,1456800
2000-11-06,15.199655532836914,15.229753401360675,14.748180616019976,15.199655532836914,1305600
2000-11-07,15.169561563416666,15.648125144176465,15.109364662736366,15.575888633728027,3190000
2000-11-08,16.10261344909668,16.10261344909668,15.54579456479405,15.801630020141602,2201400
2000-11-09,15.801627145429547,15.86182404990137,15.533752126098415,15.726381301879883,1935000
2000-11-10,15.726385087411535,15.801630949073791,15.33510683639995,15.560844421386719,1745600
2000-11-13,15.560835754437125,15.816671082331393,15.12440977024094,15.470541000366211,1559800
2000-11-14,15.274906240581897,15.801627145429547,15.229758275187915,15.726381301879883,1517600
2000-11-15,15.988230036295928,16.520970530499675,15.982210233472385,16.373489379882812,2677000
2000-11-16,16.195918764135147,16.433694800976077,16.102613487598138,16.26815414428711,1419800
2000-11-17,16.34339257356281,16.34339257356281,15.584914537734772,15.798613548278809,1321600
2000-11-20,15.949108172571194,16.117658113229467,15.35617060748598,15.69327163696289,1233200
2000-11-21,15.756475869831643,16.13872481253831,15.651132170257457,16.13571548461914,1782800
2000-11-22,16.253096698081656,16.47883415222168,16.09357593123393,16.47883415222168,1453800
2000-11-24,16.364463931883574,16.415631696906946,16.13270662148904,16.328346252441406,403200
2000-11-27,16.253095626831055,16.37649871436763,16.06046652903347,16.253095626831055,1071200
2000-11-28,16.43068629951721,16.43068629951721,16.07853507201565,16.229026794433594,1124800
2000-11-29,16.102614395722817,16.132712281123425,15.259860974737693,15.560844421386719,1498800
2000-11-30,15.500639610484168,15.681229127264585,14.447198083558058,14.823427200317383,2501200
2000-12-01,14.823427333167535,15.350148101351154,14.823427333167535,15.124410629272461,1942400
2000-12-04,15.65112608284767,16.027355075223817,15.527723019274683,15.75045108795166,1496400
2000-12-05,16.099604079558265,16.373498953292984,15.326075612778881,15.485597610473633,1451400
2000-12-06,15.876877716282026,15.906975603399285,15.497639057064903,15.627060890197754,2110600
2000-12-07,15.470543760719885,15.861821863614917,15.470543760719885,15.581907272338867,1371800
2000-12-08,15.578893957772705,15.578893957772705,15.199655532836914,15.199655532836914,1209400
2000-12-11,15.605981974646083,16.11765375948826,15.575884107133033,16.027359008789062,1580400
2000-12-12,16.102605222647025,16.463785382506636,16.102605222647025,16.457765579223633,1638400
2000-12-13,16.566220801249663,16.97291969415764,16.32822608947754,16.32822608947754,1891400
2000-12-14,16.569240945569202,16.686731742945746,15.725716181818907,15.846219062805176,1860000
2000-12-15,15.831146023372524,16.373411507246555,15.737756552616347,16.246883392333984,1657800
2000-12-18,16.418607331260315,17.42481193661243,16.35835533139508,16.810243606567383,2208400
2000-12-19,17.021122752240554,17.54531358690052,16.990997330947604,17.108488082885742,1857600
2000-12-20,17.096441287491288,17.171756006819443,16.749993118897205,16.86748504638672,1218800
2000-12-21,16.960868431685626,16.960868431685626,16.623458932844613,16.888566970825195,2605000
2000-12-22,16.867481265135545,17.171752157358643,16.831329380530125,17.114513397216797,1374200
2000-12-26,17.247060198716397,18.80456709211471,17.247060198716397,18.34062957763672,2040800
2000-12-27,18.67804446534432,18.738296451526352,18.268332338359777,18.485239028930664,1697800
2000-12-28,18.437031215221566,18.738289891453256,18.376779250133097,18.503307342529297,1390000
2000-12-29,18.557538538195864,18.602727810375075,17.9248956229525,18.367746353149414,1352600
2001-01-02,18.07552984205343,18.58767008408719,17.5935161726165,17.77427101135254,1945600
2001-01-03,18.00021386477732,18.045403145879632,16.912669378780585,16.948820114135742,1723600
2001-01-04,16.88555036934036,16.88856359998121,15.831144890354835,16.210731506347656,2474000
2001-01-05,16.26797114375953,17.548320724518383,16.222781875342534,17.442880630493164,2351600
2001-01-08,17.503137219812036,17.973101399104916,17.135602235888644,17.677867889404297,1858400
2001-01-09,17.774259496215944,18.030328876731467,16.930735546576607,17.141616821289062,2472600
2001-01-10,17.32237709403471,17.68689988402901,17.27718782453984,17.527233123779297,1573200
2001-01-11,17.527236608919914,17.90983541263082,17.503135353940756,17.789331436157227,1344000
2001-01-12,17.909836487598803,17.909836487598803,17.066312049287657,17.21392822265625,1916800
2001-01-16,17.849581546504233,17.90983352840214,17.427818822429874,17.90682029724121,2074800
2001-01-17,17.744135087462283,17.744135087462283,17.31936043351276,17.439863204956055,2410400
2001-01-18,17.439862606625184,17.439862606625184,16.23784126825026,16.57525062561035,3456800
2001-01-19,16.51198502897518,16.95784763930171,16.150474462728948,16.52403450012207,1917400
2001-01-22,16.569234876209038,16.975933818031514,16.569234876209038,16.804216384887695,1600600
2001-01-23,16.795178645135863,17.38263355404563,16.69275060384282,17.114513397216797,1023400
2001-01-24,17.117517258394102,17.65375731450431,17.117517258394102,17.39166259765625,1172400
2001-01-25,17.5031346146181,17.924897365249567,17.47300919637773,17.83753204345703,1181800
2001-01-26,17.924894979958804,18.07552434953829,17.43384291335063,17.605560302734375,1907200
2001-01-29,17.548321328978634,17.548321328978634,17.015093229660586,17.01810646057129,1145200
2001-01-30,17.01810947152353,17.021121553756277,16.644548068053705,16.819278717041016,2316400
2001-01-31,16.819271271640318,17.156680643689437,16.48186075038063,16.508974075317383,2622800
2001-02-01,16.614417829211433,16.674668650076846,15.755829841350403,16.201692581176758,2884200
2001-02-02,16.117347015983658,16.84036865021694,16.087221593395274,16.78312873840332,3521200
2001-02-05,16.704797994320455,17.469995498657227,16.704797994320455,17.469995498657227,2230400
2001-02-06,17.469996275015575,17.5181976314113,17.177774905435296,17.50313377380371,1640600
2001-02-07,17.620626106933248,17.846570186279468,17.26514066349165,17.771255493164062,1707000
2001-02-08,17.955025456000563,17.955025456000563,17.665817260686122,17.671842575073242,1414600
2001-02-09,17.671845226177073,18.027330783868017,17.65376928030399,17.98816680908203,1313400
2001-02-12,18.00021282038047,18.00021282038047,17.623639330414353,17.789331436157227,924200
2001-02-13,17.54832688832687,17.924900426702983,17.54832688832687,17.77427101135254,1462000
2001-02-14,17.952010223141766,18.051425020055603,17.44288331349101,17.47602081298828,1691400
2001-02-15,17.623641955906013,17.653767379906817,17.066313567412294,17.388660430908203,1195600
2001-02-16,17.62363071809639,17.80438544526445,17.1868054533613,17.349485397338867,1526000
2001-02-20,17.473004620022234,17.714011350456254,17.427815355286153,17.650747299194336,1343600
2001-02-21,17.924903167045656,18.000217886234925,17.23200798034668,17.23200798034668,2270800
2001-02-22,17.698961707287495,17.698961707287495,17.024141214837393,17.418790817260742,1309400
2001-02-23,17.418778784951524,17.51819471238338,16.93977738280439,16.963878631591797,988400
2001-02-26,16.795176469083202,17.46698338994121,16.795176469083202,17.382631301879883,1925400
2001-02-27,17.382629490640088,17.698950937120923,17.35250292717803,17.647737503051758,2551000
2001-02-28,17.849589247452585,17.849589247452585,17.10849265324252,17.171756744384766,2018600
2001-03-01,17.473009913601718,17.72907942678903,17.189827063200717,17.695941925048828,3221800
2001-03-02,17.84958571902776,18.069504527534065,17.653767019387686,17.77427101135254,2177600
2001-03-05,17.92489745320389,18.331596347499726,17.864645467216455,18.220130920410156,1746600
2001-03-06,18.223139293271327,18.437032694749707,18.12071128916452,18.42498207092285,1751400
2001-03-07,18.828673628958963,19.310687214175896,18.810597688559188,19.154033660888672,2913400
2001-03-08,19.280561915980392,19.852954057545478,19.039555121872848,19.672199249267578,3654400
2001-03-09,19.657142217661207,20.10903054450399,19.58182749652074,19.973464965820312,2842200
2001-03-12,19.732455852559774,19.762581279673025,19.05462339960925,19.265504837036133,3014600
2001-03-13,19.29564460875496,19.371018220507906,18.39116126771957,18.994150161743164,2467600
2001-03-14,18.692654371005688,19.000178822864463,18.421308928156783,18.677579879760742,1144200
2001-03-15,18.81325166370805,18.81325166370805,18.361010048235357,18.59918975830078,1043400
2001-03-16,18.59919440096545,18.780091782375433,18.54191086274623,18.596179962158203,1851200
2001-03-19,18.84340342974863,19.117763337681367,18.6655216553674,19.108718872070312,2136800
2001-03-20,19.024303164120766,19.74789044980665,18.994154173096472,19.307708740234375,1701200
2001-03-21,19.29564613778427,19.30167501510541,18.81626988304429,18.960987091064453,1305600
2001-03-22,18.87354986215075,18.876565450353226,17.53792951571188,17.969066619873047,2069000
2001-03-23,17.972089404064658,18.39116662343343,17.938924821217856,18.089672088623047,1667600
2001-03-26,18.24042109944191,18.466542022162265,18.05952482130982,18.080629348754883,1359400
2001-03-27,18.086653572223188,18.31578886097875,17.486679077148438,17.486679077148438,2502200
2001-03-28,17.48667358273312,17.908766163739546,17.230403826478348,17.64948081970215,1685000
2001-03-29,17.652503321295487,17.682653462345975,16.95605173962835,17.019365310668945,1946000
2001-03-30,16.8836881121909,17.83339602854563,16.8836881121909,17.54697608947754,2703400
2001-04-02,17.54697490481134,17.549989342865178,16.621387157445504,16.808313369750977,1588600
2001-04-03,17.10980505716233,17.10980505716233,15.825439580065028,15.82845401763916,2806200
2001-04-04,15.949065952697303,16.64250335279051,15.798318641802663,16.609338760375977,2838200
2001-04-05,16.61234583337662,17.019364082355953,16.295776850910606,16.989213943481445,1701000
2001-04-06,16.98922181155855,17.36609009619925,16.702802835320202,17.245492935180664,1378200
2001-04-09,17.32085674176043,17.969069132638467,17.32085674176043,17.94193458557129,1400400
2001-04-10,18.240415683534636,18.47256656661102,18.02333929414162,18.25247573852539,1574400
2001-04-11,18.361019533142592,18.376094031423527,17.68265675950595,17.788179397583008,1151200
2001-04-12,17.93892668061337,18.255495744955038,17.628387645606182,17.788179397583008,1581400
2001-04-16,17.99922413427704,18.183135986328125,17.758028734091344,18.183135986328125,1577800
2001-04-17,18.01429204458692,18.24041286523027,17.833395848116226,18.104740142822266,1466800
2001-04-18,18.089665704727924,18.134890329033734,17.48667684790366,17.604259490966797,2061200
2001-04-19,17.65249442046656,17.727868009922105,16.63947319416649,16.73293685913086,3714400
2001-04-20,16.959063263617047,17.305782350383918,16.642494312718213,16.65455436706543,3085000
2001-04-23,16.85353903458125,17.486676875190717,16.81434443679572,17.465572357177734,1946000
2001-04-24,17.637433792739166,17.78215106020478,17.366088197422012,17.462566375732422,1176600
2001-04-25,17.604265856216884,17.999224114283123,17.408295096956994,17.72787857055664,1647400
2001-04-26,17.908772192480804,18.056503840488045,17.86354756139524,17.87862205505371,2287200
2001-04-27,17.87560944532329,17.87560944532329,17.486681258546398,17.79722023010254,2120600
2001-04-30,17.797221129481333,18.08364115321237,17.5771302681182,17.79119110107422,2211800
2001-05-01,17.848481143242665,17.863555643721565,17.215341772132973,17.390209197998047,1379600
2001-05-02,17.03444233575485,17.052532423071522,16.491752367469708,16.536975860595703,2755800
2001-05-03,16.536984467768168,16.540000058945726,15.741038613327863,16.000324249267578,4639400
2001-05-04,16.129955547196523,16.883691787719727,16.129955547196523,16.883691787719727,2810000
2001-05-07,17.034440851472418,17.287696301286335,16.853544594509774,16.956052780151367,5861800
2001-05-08,17.034433940331187,17.215330123901367,16.732939534307626,17.215330123901367,2297000
2001-05-09,17.24246510820468,17.381153412612267,17.200256074297556,17.332914352416992,2649200
2001-05-10,17.441454497497293,17.441454497497293,17.124885536414418,17.194229125976562,1992400
2001-05-11,17.194234500169173,17.230414675683132,16.913844465543637,17.091726303100586,1189200
2001-05-14,17.155033436694303,17.604259490966797,17.155033436694303,17.604259490966797,1505000
2001-05-15,17.562054665455985,18.192178217911952,17.562054665455985,18.146953582763672,2658600
2001-05-16,18.180118396431787,18.722808274662086,18.149969406017426,18.391164779663086,3451200
2001-05-17,18.391165820311553,18.430360430156224,18.029372164316143,18.243432998657227,3068200
2001-05-18,18.255485718191775,18.80722102309721,18.255485718191775,18.695667266845703,1211200
2001-05-21,18.75295073527074,18.888623436793697,18.647427011815203,18.819278717041016,1610200
2001-05-22,18.873552881749383,18.882598497694122,18.451461324554888,18.626327514648438,3258400
2001-05-23,18.538897482813276,18.541911921792696,18.28564205446243,18.379104614257812,2183800
2001-05-24,18.376094001706495,18.376094001706495,17.972091237834036,18.008270263671875,1866000
2001-05-25,18.008265324765897,18.008265324765897,17.66456179829352,17.700740814208984,1251000
2001-05-29,17.758025904588827,17.93892213837712,17.335933158935873,17.44447135925293,1345800
2001-05-30,17.486679623303793,17.667575849018046,17.124886021765132,17.30879783630371,2168400
2001-05-31,17.30578372075114,17.667576178935622,17.293723665448944,17.54999351501465,1676400
2001-06-01,17.788177816238825,17.848476954112563,17.45653428309887,17.739938735961914,1067000
2001-06-04,17.938926082382736,18.16504699938756,17.854507974736283,17.966060638427734,1148000
2001-06-05,17.890674575521818,17.93891362497956,17.63741927834125,17.68264389038086,761600
2001-06-06,17.637421151602116,17.637421151602116,17.034432394282387,17.182165145874023,1268200
2001-06-07,17.004297342189595,17.064595347215004,16.672652563996213,16.850534439086914,2125200
2001-06-08,17.185185804413177,17.185185804413177,16.612345817555326,16.85354232788086,1261400
2001-06-11,16.856555468913168,17.019362755815205,16.672643661499023,16.672643661499023,1432600
2001-06-12,16.88369103633996,17.546979128503924,16.793242921524463,17.411306381225586,1723000
2001-06-13,17.411308096454118,17.486747038682164,16.87116499383566,16.89832305908203,1232600
2001-06-14,17.00393053957805,17.00393053957805,16.340069025679806,16.400419235229492,1909800
2001-06-15,16.34006821306965,16.76252541444049,16.294804407051945,16.68105125427246,1610600
2001-06-18,16.702178136361074,16.702178136361074,16.107720168694406,16.355159759521484,1234000
2001-06-19,16.234456386390782,16.324982865927513,15.872349317137212,16.068490982055664,982000
2001-06-20,16.05341434364195,16.37025781302745,15.585692922062652,15.600780487060547,1860400
2001-06-21,15.600769910371975,15.69733164222248,14.635151440760277,14.831293106079102,4967400
2001-06-22,14.831303554517302,15.570604618992112,14.831303554517302,15.54344654083252,2986800
2001-06-25,15.314099721713603,15.46497755148418,15.178309444698785,15.368415832519531,1730400
2001-06-26,15.510243367503804,15.76673525085496,15.323154005586831,15.64905071258545,1598000
2001-06-27,15.540424397529696,15.691302304301828,15.308072282967762,15.471020698547363,3396200
2001-06-28,15.14814084600228,15.419720365581172,15.05761433947598,15.2778959274292,3121000
2001-06-29,15.344278079487378,16.08357983228156,15.332208725388531,15.842175483703613,3107600
2001-07-02,15.91460033305358,15.91460033305358,15.32617633222535,15.362386703491211,2932600
2001-07-03,15.419718273161607,15.43480698145764,15.286946158347034,15.386526107788086,1338400
2001-07-05,15.38954573115869,15.917618378796488,15.38954573115869,15.582669258117676,2234000
2001-07-06,15.600774702294165,15.799933479297621,15.314106469201022,15.73052978515625,1355800
2001-07-09,15.69130126866582,15.736565098152848,15.178316189276497,15.268842697143555,2641200
2001-07-10,15.389540670643314,15.49515470499919,15.17831145082492,15.32918930053711,3052600
2001-07-11,15.386532394959449,15.386532394959449,15.027442171149739,15.1813383102417,4463000
2001-07-12,15.283925260979327,15.389539285831635,15.117958720344932,15.34427547454834,3406600
2001-07-13,15.344287316504051,15.658113734127255,15.341270263939805,15.54042911529541,1807800
2001-07-16,15.540422002614672,15.621896197848587,14.967085584793896,14.985191345214844,1725800
2001-07-17,15.102879131485404,15.16323052798738,14.484279907331228,14.728702545166016,2961000
2001-07-18,14.574804516357615,14.589892075728947,14.24287360576031,14.457119941711426,3584600
2001-07-19,14.457124095480344,14.695511515803803,14.36357935872995,14.520492553710938,2078400
2001-07-20,14.635157031009962,15.172282013484516,14.635157031009962,15.120984077453613,2798600
2001-07-23,15.193403406796191,15.630949527931122,15.193403406796191,15.425755500793457,2188600
2001-07-24,15.449898597380002,15.449898597380002,14.82828117836529,14.945965766906738,1558000
2001-07-25,14.997259606725324,15.67319177907475,14.614029701828732,15.570594787597656,2313200
2001-07-26,15.48006974519811,15.84217687542929,15.464982187919068,15.766737937927246,2160400
2001-07-27,15.79691256992287,16.50603925144386,15.480069272314548,16.442670822143555,1691800
2001-07-30,16.415519171244853,16.56337889736547,16.08358703606061,16.146955490112305,1834600
2001-07-31,16.44568661948292,16.672003407824427,16.071509022938006,16.358177185058594,1594800
2001-08-01,16.143937024636227,16.632781150548855,15.990042056682915,16.11376190185547,1840800
2001-08-02,16.05340944635688,16.442674720532633,15.996075105305016,16.201269149780273,2641000
2001-08-03,16.068495997397775,16.11375982684733,15.585687188435195,15.661126136779785,2004000
2001-08-06,15.66112023693915,15.781821818155722,15.513259447398632,15.658102035522461,1211000
2001-08-07,15.745612211163607,15.860279697238285,15.419715508985034,15.477049827575684,1228600
2001-08-08,15.54041635511494,15.555503907762688,14.78602721166276,14.828272819519043,1402200
2001-08-09,14.831294096631852,15.084768947445173,14.559713488222323,15.060627937316895,1334600
2001-08-10,14.936900855414626,15.31409532146045,14.906725758573423,15.024410247802734,722000
2001-08-13,15.087797051723154,15.371447221896826,15.087797051723154,15.166253089904785,505200
2001-08-14,14.182520381689182,15.329192012115023,14.107081443488708,15.317121505737305,12905800
2001-08-15,15.223575419780852,15.902525750336034,15.087785123448485,15.89045524597168,6218600
2001-08-16,15.890459237313408,15.890459237313408,15.591720510345455,15.781826972961426,3590400
2001-08-17,15.69129753112793,15.748630703862474,15.546454922819557,15.69129753112793,1648200
2001-08-20,15.655088164470373,15.655088164470373,15.08175179616133,15.090804100036621,2231200
2001-08-21,15.139088424328657,15.193404562178332,15.045544860004158,15.087790489196777,2084200
2001-08-22,15.178322777868148,15.37446458931032,14.704566068312598,14.786040306091309,3428000
2001-08-23,14.783017620959882,14.876561185241085,14.60498164722548,14.81620979309082,1465400
2001-08-24,14.816211094793209,14.816211094793209,14.604982930370076,14.77094841003418,1299800
2001-08-27,14.770950399191944,14.858459879727393,14.650247588032201,14.801125526428223,931400
2001-08-28,14.858459352008161,14.858459352008161,14.363578764715449,14.423930168151855,2623800
2001-08-29,14.48427527289616,14.695504517513916,14.113115857161008,14.179502487182617,3429800
2001-08-30,14.179502487182617,14.303222292427668,13.968273242564859,14.179502487182617,3510000
2001-08-31,14.182525677479756,14.333403610218904,13.95922583053862,13.962244033813477,1748800
2001-09-04,13.579007676012703,13.579007676012703,13.156549198982944,13.235006332397461,8205600
2001-09-05,13.235011265872705,13.235011265872705,12.703920345288617,12.97550106048584,4420200
2001-09-06,12.975500393426772,13.123361253234346,12.697885588703475,12.948342323303223,2287400
2001-09-07,12.872900103983246,13.126374977172926,12.86988305300423,12.903075218200684,5906200
2001-09-10,12.76426929616083,13.177674393499668,12.749181737343942,13.090166091918945,3329000
2001-09-17,13.247588938018552,13.39898995445305,12.672264613528226,12.99020767211914,3273600
2001-09-18,12.996259917626364,12.996259917626364,12.112078725138236,12.121162414550781,2490400
2001-09-19,12.121161515022967,12.172638446435508,10.97959804128392,11.445913314819336,4846600
2001-09-20,11.370218450785467,11.427751588172043,10.8100350363577,11.097697257995605,5927600
2001-09-21,10.79489046359913,11.567035239703772,10.673769216128752,11.306625366210938,2892600
2001-09-24,11.05227653882705,11.124949550339316,9.765367626771846,10.022748947143555,7431800
2001-09-25,10.068166178460253,10.143866676042661,9.538262695383398,9.8804292678833,9960200
2001-09-26,10.068162709209052,10.264984397142374,9.386858465728741,9.432278633117676,6926600
2001-09-27,9.435310221026635,10.092391158002677,9.250600817243996,10.019718170166016,5865800
2001-09-28,10.143863483080155,10.598066325606133,10.068163009325826,10.416385650634766,3169600
2001-10-01,10.44666866981561,10.44666866981561,9.85620455745862,10.00760555267334,2807600
2001-10-02,10.007605152430353,10.280127394956793,10.007605152430353,10.06816577911377,2382600
2001-10-03,9.689665692561935,10.131756412561513,9.52312479449066,10.101476669311523,3607000
2001-10-04,10.11358370927491,10.976568644080865,10.11358370927491,10.861503601074219,3156400
2001-10-05,10.946287832940065,11.173389230676602,10.664682007338964,11.170360565185547,2845000
2001-10-08,11.170365972714123,11.355075383772501,10.961433001487988,11.08558177947998,2363800
2001-10-09,11.20367990852096,11.339941111401066,10.870597994901658,11.285436630249023,2775600
2001-10-10,11.430774310309856,11.536754537240478,11.324794083379231,11.400494575500488,2493200
2001-10-11,11.294515804148237,11.370216313767324,11.097695172197474,11.131002426147461,4061200
2001-10-12,11.130998898160605,11.22789658245143,10.598067987598652,10.961430549621582,3275200
2001-10-15,10.810027850481735,10.885728324007381,10.537505683750387,10.74341106414795,1245200
2001-10-16,10.900871914558211,11.264234542729742,10.843339950844417,11.20064640045166,2218000
2001-10-17,11.324799703730166,11.657881572328764,10.946297055277933,10.976576805114746,2360000
2001-10-18,11.006855134552925,11.021996162615846,10.619268842186074,10.76158618927002,2359600
2001-10-19,10.76158355422088,11.176421978387323,10.513286002083479,10.99171257019043,1717800
2001-10-22,10.961437675442834,11.339940349628717,10.810036605768483,11.112838745117188,2097400
2001-10-23,11.05227276826397,11.38535449924097,10.946292532525272,11.079524993896484,2142200
2001-10-24,10.988686324668189,11.339936645370733,10.719192693495302,11.243040084838867,3057200
2001-10-25,11.29451594469301,11.673018497498393,11.203675563039344,11.582178115844727,2437400
2001-10-26,11.551893304711186,12.096936510567414,11.551893304711186,12.081796646118164,2618400
2001-10-29,11.975819931253547,12.490583607933447,11.812306559526155,12.327070236206055,4100000
2001-10-30,12.036383749837407,12.036383749837407,11.47620031408558,11.61548900604248,2002800
2001-10-31,11.59731388092041,11.981872477029883,11.249092348685801,11.59731388092041,2688000
2001-11-01,11.536760094819574,11.779002710380894,11.279378759658668,11.700273513793945,2952600
2001-11-02,11.700270630415249,11.700270630415249,11.358104002091013,11.433804512023926,1839600
2001-11-05,11.433802085041108,11.433802085041108,11.018963702091412,11.064384460449219,1324400
2001-11-06,10.931149443697713,11.35204510564113,10.567788044039483,11.297540664672852,2484600
2001-11-07,11.29451530345319,11.506476952009825,11.055301426437874,11.503449440002441,1422600
2001-11-08,11.597317711098293,11.703299116421935,11.385356055549103,11.470141410827637,2086000
2001-11-09,11.61245323158522,11.9001152881313,11.61245323158522,11.730546951293945,1529400
2001-11-12,11.445914274194301,11.630623661342774,11.173393193319349,11.509502410888672,1339400
2001-11-13,11.5064791548528,11.718440843988166,11.324798367078646,11.688159942626953,2119200
2001-11-14,11.355079123777315,11.385358872734702,11.05227701380992,11.29451847076416,4673400
2001-11-15,10.749474774694791,10.752502287514803,10.007609383168012,10.0439453125,6897600
2001-11-16,10.143865963679994,10.216538944498662,9.995492490595057,10.174145698547363,3860400
2001-11-19,10.128728594014135,10.470895226864146,9.944019162519012,10.410334587097168,3697600
2001-11-20,10.479979862761493,10.931154301723852,10.479979862761493,10.840313911437988,3661200
2001-11-21,10.840315749288713,10.843344417367383,10.386112565756239,10.655606269836426,1766400
2001-11-23,10.446667668356275,10.931150344559759,10.370967178005868,10.885730743408203,740200
2001-11-26,10.67376918699867,10.67376918699867,10.237734776471386,10.328575134277344,2762800
2001-11-27,10.328577081488199,10.673771199287778,10.146895176526606,10.595043182373047,2770200
2001-11-28,10.443639454298257,10.552647182786234,10.080276894045126,10.083304405212402,2391600
2001-11-29,10.204425762448263,10.413358688354492,10.143865142518157,10.413358688354492,5627800
2001-11-30,10.410331177151974,10.492087840792955,10.092389366391105,10.413358688354492,1647000
2001-12-03,10.410331633970694,10.813057637247196,10.174145321388897,10.582928657531738,3135800
2001-12-04,10.598068345585974,10.625320567535677,10.295266392854947,10.552647590637207,2778200
2001-12-05,10.779751102288829,11.18853450916344,10.704050599730344,11.08558177947998,3540600
2001-12-06,11.03713407343452,11.040161585449924,10.434557533739916,10.825172424316406,1633200
2001-12-07,10.74946913549447,11.000795306348731,10.613208028109495,10.834253311157227,1552200
2001-12-10,10.719190022620392,10.976571230821206,10.558704195710138,10.749469757080078,1604800
2001-12-11,10.840308584400232,10.888756845751272,10.537506662181801,10.688907623291016,2653200
2001-12-12,10.688907059011793,10.688907059011793,10.234704199662021,10.355825424194336,3096000
2001-12-13,10.1587189616579,10.461964303796943,9.997999300496746,10.007096290588379,2676000
2001-12-14,10.00709337484216,10.416474004733804,9.98586629962045,10.286078453063965,2705800
2001-12-17,10.28304950566334,10.28304950566334,10.007096290588379,10.007096290588379,1670400
2001-12-18,10.037418860780956,10.689396711578661,10.037418860780956,10.643909454345703,2177200
2001-12-19,10.646944708034487,10.916832891658661,10.522614157484389,10.859216690063477,3394800
2001-12-20,10.859217883909277,11.065424842631602,10.859217883909277,10.913802146911621,1853200
2001-12-21,10.91683801726759,11.141240196610038,10.173886309734478,10.98051929473877,3080800
2001-12-24,11.144263853003148,11.389892942125595,11.144263853003148,11.204913139343262,762600
2001-12-26,11.19278206370454,11.635519848404268,11.19278206370454,11.608227729797363,1402800
2001-12-27,11.608231990106576,11.917542395574491,11.456609310374613,11.641589164733887,2874800
2001-12-28,11.75075877319533,12.111620368108646,11.644623350217694,11.887219429016113,1275000
2001-12-31,11.82657249414866,11.917545897361117,11.690111810935182,11.720437049865723,1169200
2002-01-02,11.614297004055205,11.75075764679519,11.129104892967744,11.583972930908203,2268600
2002-01-03,11.462672568259842,11.702236642494983,11.338342036546134,11.344407081604004,1628600
2002-01-04,11.371698950622942,11.556678771972656,11.295887624285458,11.556678771972656,1302400
2002-01-07,11.674946158354992,11.97819151311746,11.56881074690382,11.862957954406738,2123400
2002-01-08,11.750759519352092,11.902382222827605,11.644624089635006,11.690110206604004,1507200
2002-01-09,11.64158905910233,11.814438819885254,11.505128417223908,11.814438819885254,1995800
2002-01-10,11.796240404266392,11.796240404266392,11.468734986877308,11.50512409210205,1538200
2002-01-11,11.371700385023084,11.371700385023084,11.150331423009336,11.198850631713867,2128800
2002-01-14,10.992641624426177,11.180653377963727,10.886506236974888,11.077549934387207,2705800
2002-01-15,11.220079113986491,11.489967318398792,11.189755038556312,11.432351112365723,2677800
2002-01-16,11.432351619821846,11.432351619821846,11.104846038049919,11.180657386779785,1668000
2002-01-17,11.180657158635453,11.262533552407724,10.962321265365416,11.144268035888672,1537800
2002-01-18,11.14426564017997,11.24736909645592,10.962318908770225,11.053292274475098,979400
2002-01-22,11.220073912808651,11.220073912808651,10.844049305122049,10.901666641235352,1606800
2002-01-23,10.901671694812308,11.459643242968614,10.865282572938227,11.432351112365723,3542400
2002-01-24,11.417190701464841,11.8538636965425,11.365638377740751,11.796247482299805,6456400
2002-01-25,11.793210710610152,12.01457966292064,11.629457954614187,11.69920539855957,1829800
2002-01-28,11.644617731298549,11.67190984929334,11.314080371934406,11.3413724899292,4712200
2002-01-29,11.14426350619183,11.159425538107783,10.431637595042057,10.82585620880127,5625600
2002-01-30,10.310342292263082,11.068455696105955,10.280018218825068,11.068455696105957,5442400
2002-01-31,11.038135381235895,11.371704929793992,10.856187408285402,11.286796569824219,2497600
2002-02-01,11.25040318941667,11.523324495445586,11.083618460972033,11.432351112365723,2442000
2002-02-04,11.43234779032456,11.43234779032456,10.859214370995755,11.007803916931152,2503200
2002-02-05,10.977482454244829,11.217046570440017,10.616619729224684,11.113943099975586,2149400
2002-02-06,11.083617732824964,11.447512398027394,10.950190190192748,11.068455696105957,2468800
2002-02-07,11.177625920951476,11.177625920951476,10.886510606979458,11.071489334106445,1418400
2002-02-08,11.041162206551748,11.277693189227412,10.941091851107856,11.235239028930664,1555600
2002-02-11,11.189757165082378,11.671917459504714,11.144269886503281,11.60216999053955,1898400
2002-02-12,11.872059395485007,11.872059395485007,11.523326678039059,11.562748908996582,1908000
2002-02-13,11.59610195851375,11.914509324488634,11.356537869557842,11.881152153015137,1926600
2002-02-14,11.881160730791985,12.402743446492797,11.796252347041609,12.184406280517578,2864600
2002-02-15,12.184402685382539,12.311765223428457,12.01458481119835,12.220791816711426,2378400
2002-02-19,12.26627411415823,12.3633125294642,11.923606559415129,12.078262329101562,1491400
2002-02-20,12.069165012316729,12.114652278714615,11.650686094539589,12.050971031188965,1758800
2002-02-21,12.160136176126914,12.584680062642512,12.160136176126914,12.493706703186035,3612000
2002-02-22,12.43306189454054,13.106267079490722,12.40273781605012,12.857605934143066,4414000
2002-02-25,12.857605308709836,13.32157039642334,12.842442113412767,13.32157039642334,3208000
2002-02-26,13.32157194028197,13.570233102351734,13.039553595555857,13.497453689575195,3086000
2002-02-27,13.497454637806642,13.585396097026134,13.342799965377196,13.458033561706543,2729600
2002-02-28,13.458029081286062,13.494418199721409,13.088069380694185,13.245757102966309,2828200
2002-03-01,13.24575511811582,13.479254143599254,13.115359543407031,13.418604850769043,1750000
2002-03-04,13.41860585802057,13.567196578768918,13.388281787723747,13.494417190551758,3482400
2002-03-05,13.494415199619011,13.639972797788989,13.357954589838105,13.524739265441895,1983600
2002-03-06,13.643017146417748,14.37990273318137,13.31247946656538,14.161566734313965,3080200
2002-03-07,14.252530926818556,14.586100336858218,14.20704366327262,14.225238800048828,3200400
2002-03-08,14.225235800082055,14.298015175049246,13.92502246892716,13.9492826461792,2606800
2002-03-11,14.02509323091036,14.16155382883915,14.02509323091036,14.07058048248291,2581800
2002-03-12,14.009934908974078,14.173687669848341,13.949285609747776,14.100908279418945,3200200
2002-03-13,14.146442700693065,14.401443010054818,14.143407492811008,14.198050498962402,2543600
2002-03-14,14.222332140410336,14.222332140410336,13.96429668658914,14.131260871887207,1726400
2002-03-15,14.116092905850834,14.23752212524414,14.06448624033134,14.23752212524414,3246400
2002-03-18,14.298229927888856,14.64733792719111,14.267873214051443,14.635194778442383,2984000
2002-03-19,14.571444511413574,14.632159095151337,14.38930191823465,14.571444511413574,1794400
2002-03-20,14.525907495700151,14.601800431744634,14.298228687566706,14.480372428894043,1976200
2002-03-21,14.48037160695492,14.701978828661757,14.383228746974778,14.692872047424316,2214800
2002-03-22,14.689834105906213,14.689834105906213,14.34376255959509,14.392333984375,2447800
2002-03-25,14.389301149803204,14.586622088870453,14.349836498776034,14.468229293823242,1450000
2002-03-26,14.428764005687912,14.632157667661504,14.3437642915681,14.425728797912598,1509400
2002-03-27,14.425724579847332,14.905367172463373,14.425724579847332,14.80518913269043,2286800
2002-03-28,14.729301944263463,14.84465953739218,14.52894462884746,14.653409004211426,1208400
2002-04-01,14.950908648063265,15.011623229509981,14.875015710763451,14.963051795959473,1777600
2002-04-02,14.996446686138741,15.360731902778175,14.996446686138741,15.336446762084961,2425400
2002-04-03,15.208944875257282,15.208944875257282,14.759658804621864,14.829480171203613,2626000
2002-04-04,15.117877232119495,15.14823511060239,14.176805001808217,14.240554809570312,3218200
2002-04-05,14.267865967838025,14.355902014503865,13.988580636664235,14.207151412963867,2249200
2002-04-08,14.465193445752533,14.695907451783663,14.355907437304115,14.495550155639648,1362000
2002-04-09,14.419657727505298,14.419657727505298,14.076621335211886,14.267871856689453,2870200
2002-04-10,14.298230438805522,14.571445505242599,14.28305208134445,14.419659614562988,2853200
2002-04-11,14.419661068078275,14.553232248448031,14.280018312505181,14.401446342468262,1733800
2002-04-12,13.75483765452505,14.146444367368478,13.67590834388089,13.809480667114258,3356000
2002-04-15,14.11305077799238,14.301264933554426,14.070549761415137,14.267871856689453,3281000
2002-04-16,14.374117973960217,14.410547407796676,14.128225664751174,14.131260871887207,3141800
2002-04-17,14.176802103228376,14.416624083053444,14.03715936486229,14.404480934143066,3116000
2002-04-18,14.571444453025352,14.981265865052945,14.513766235624496,14.875016212463379,3004600
2002-04-19,14.844658372904272,15.07233717520014,14.616979570608404,15.048050880432129,1626600
2002-04-22,14.981261867619601,15.060191152512118,14.805190896304232,14.814297676086426,1480200
2002-04-23,15.148232461377749,15.284838837538839,14.871982184686518,15.263588905334473,2345400
2002-04-24,15.17858827475603,15.208944988091789,14.905373222596667,14.914481163024902,2771600
2002-04-25,14.950912607705595,15.081448587075542,14.829483412652511,15.057162284851074,1731600
2002-04-26,14.981265423194346,15.026801648980745,14.632158604957814,14.774836540222168,2302600
2002-04-29,14.683763627622982,14.84465742510262,14.525906195812615,14.76876449584961,1774400
2002-04-30,14.875016178230448,15.063230344399255,14.680730437922731,14.969123840332031,1543800
2002-05-01,14.859838115926198,15.31519576304528,14.844659759295773,15.193766593933105,1431200
2002-05-02,15.39109030996078,15.436625384602666,14.820375008446716,15.178589820861816,2822000
2002-05-03,15.163407796692585,15.39108658896114,15.145193076418781,15.169479370117188,3136200
2002-05-06,15.026802284942997,15.026802284942997,14.695909016589544,14.701980590820312,2055200
2002-05-07,14.57447874594455,14.871980070583772,14.495550602981725,14.72322940826416,1808600
2002-05-08,14.799120573176292,15.130013776928676,14.799120573176292,15.08751392364502,1785800
2002-05-09,15.026803678585877,15.117874984424954,14.829481550905804,14.87198257446289,1382000
2002-05-10,14.871981875299577,14.996446257636363,14.650373458862305,14.650373458862305,2282200
2002-05-13,14.650370569983284,15.02072843572647,14.541085724484466,14.966085433959961,1577000
2002-05-14,15.102697653657506,15.41234104099815,15.102697653657506,15.257518768310547,1724200
2002-05-15,15.18162835434156,15.224129387897449,14.829485039693202,14.902342796325684,1738600
2002-05-16,14.99644029437024,15.263582518306793,14.972154005993843,15.151261329650879,927400
2002-05-17,15.15127123266933,15.16037801774578,14.805199503347605,15.084485054016113,2003800
2002-05-20,15.084484706055578,15.2362706300136,14.896270484597348,15.139127731323242,949000
2002-05-21,15.057158980054234,15.148231435372468,14.838588098179848,14.841623306274414,1212200
2002-05-22,14.841626563764745,15.07234180275868,14.732340519823895,15.057162284851074,1224800
2002-05-23,15.041981600443803,15.324303450983777,14.868945776956005,15.300018310546875,1082400
2002-05-24,15.208941781041979,15.330370924848495,15.114835294724363,15.306084632873535,920000
2002-05-28,15.385019966423453,15.38805517509537,15.133054799374307,15.345555305480957,1047000
2002-05-29,15.300017219005266,15.303052427080422,15.057158883755685,15.239302635192871,1211000
2002-05-30,15.242338437768275,15.558053359479135,15.126981997863256,15.375910758972168,3266400
2002-05-31,15.375910357034483,15.870731500089368,15.375910357034483,15.861624717712402,2602800
2002-06-03,15.861626582368606,15.861626582368606,15.33037593128449,15.451805114746094,2222600
2002-06-04,15.48216053120141,15.679482648244216,15.345553000789808,15.633946418762207,1574200
2002-06-05,15.54286874216845,15.545903949139483,15.178582529845372,15.181617736816406,1869000
2002-06-06,15.239305571084632,15.360733604068482,14.8780543647238,15.075376510620117,1922000
2002-06-07,15.178588732042867,15.224124961452763,14.917516820566222,15.117874145507812,1804000
2002-06-10,15.163409676296624,15.208944745574172,14.541087798561875,14.571444511413574,1775200
2002-06-11,14.647343675117952,14.662522037992968,14.207164203533342,14.307343482971191,2356800
2002-06-12,14.340769872116848,14.465366473736841,14.255679849331862,14.313419342041016,1999400
2002-06-13,14.313407927194142,14.49574503537528,14.25566848053181,14.386343002319336,2069800
2002-06-14,14.252637139577656,14.450167655944826,13.966975875786698,14.450167655944824,2230400
2002-06-17,14.510950044812144,14.878661799137824,14.49879399691761,14.836116790771484,1609200
2002-06-18,14.78445227885137,14.875620300740417,14.678088620593904,14.763179779052734,943800
2002-06-19,14.763172189821608,15.057948603753125,14.678081075105148,14.817872047424316,1447400
2002-06-20,14.820914552643293,15.042757093906404,14.513980879923263,14.586915969848633,2290600
2002-06-21,14.52613795476313,14.70847511291504,14.264788839563531,14.708475112915039,2401800
2002-06-24,14.6628937685942,14.92120335055285,14.37419407394001,14.799646377563477,2164400
2002-06-25,14.890811131204284,15.100497646124975,14.890811131204284,14.912083625793457,2102400
2002-06-26,14.887777179161807,14.951594682128563,14.589959846788233,14.921204566955566,2051200
2002-06-27,14.966793603559145,15.042767175150816,14.678093799657855,14.95159912109375,2073600
2002-06-28,15.027564206022788,15.225094685049,14.951590677336387,14.97590160369873,1982600
2002-07-01,15.012375236151247,15.10354327214721,14.866504987440335,14.978946685791016,1991400
2002-07-02,15.042761589811695,15.088346179547138,14.45016771957232,14.498790740966797,2708400
2002-07-03,14.465359747135992,14.617306808174245,14.07029762028935,14.237439155578613,2222600
2002-07-05,14.246562106995603,14.845232963562012,14.243522515447749,14.845232963562012,1306600
2002-07-08,14.79659718305265,14.799636771981517,14.471430723474679,14.495742797851562,2048200
2002-07-09,14.495748006976019,14.647695048643977,14.35595700686484,14.35899543762207,1775000
2002-07-10,14.358997546980289,14.480555661877295,13.887961880466559,14.024714469909668,2013800
2002-07-11,14.024715411268202,14.039909886834177,13.550640122466197,13.678275108337402,2378000
2002-07-12,13.675236049404102,13.811988641750968,13.410848477042911,13.517210960388184,1613600
2002-07-15,13.447315301371297,13.45947134483886,12.784826002822497,13.070486068725586,3819000
2002-07-16,12.994517479159448,13.05225812796329,12.721013352680943,12.766596794128418,3359800
2002-07-17,13.021867713611623,13.161659944980924,12.529559369658333,12.596416473388672,2946600
2002-07-18,12.626807258818841,12.793948883039777,12.581223811812055,12.675430297851562,1819000
2002-07-19,12.611606116310334,12.611606116310334,12.140570457072041,12.195271492004395,1803600
2002-07-22,12.195270227960702,12.262126139854098,11.22888692334053,11.347405433654785,3041600
2002-07-23,11.289671604931401,11.411228606721002,10.80040168762207,10.80040168762207,3162600
2002-07-24,10.621101133787619,11.633068084716797,10.292894884233794,11.633068084716797,6656800
2002-07-25,11.517587095776426,11.745507675566746,11.146835915019688,11.684728622436523,3582800
2002-07-26,11.77590578051235,12.140579223632812,11.578373994036497,12.140579223632812,3057400
2002-07-29,12.444469660620658,12.945894473180772,12.344184002549902,12.888154983520508,2210800
2002-07-30,12.888155568697817,12.888155568697817,12.401925214575094,12.426236152648926,1767000
2002-07-31,12.456619978788055,12.733163570293264,12.356334366847914,12.666306495666504,1539000
2002-08-01,12.641994308252341,12.87903249852608,12.338100203157198,12.341139793395996,2416600
2002-08-02,12.307713634208717,12.499167282001505,11.870106455660865,12.204389572143555,2167200
2002-08-05,12.204389717051658,12.304675348745743,11.487199296467873,11.496316909790039,1864600
2002-08-06,11.623950814301114,12.186154507627014,11.608756339207144,12.079792022705078,2435800
2002-08-07,12.21654015025727,12.353292694629467,11.964307550719248,12.350253105163574,1268600
2002-08-08,12.307717721984819,12.611611986725185,12.307717721984819,12.572105407714844,2123600
2002-08-09,12.572099444441017,12.991473655456717,12.341140422864644,12.854721069335938,1079000
2002-08-12,12.854723231895884,13.34095460220617,12.796983756604252,13.249785423278809,2009600
2002-08-13,13.249781195529202,13.450351238495685,13.11910665064426,13.158613204956055,1913800
2002-08-14,13.280171751601202,13.808946810522373,13.192042188693028,13.75120735168457,2255000
2002-08-15,13.824145360162738,14.42585563659668,13.751210254262785,14.42585563659668,1921400
2002-08-16,14.434975771090985,14.45017025057608,14.188821030080327,14.33165168762207,1489600
2002-08-19,14.134115243917993,14.431932506575537,13.811988213341444,14.13107681274414,1471400
2002-08-20,14.13108243066759,14.219212040179116,13.909239770330146,14.033836364746094,1194000
2002-08-21,14.079415925201259,14.173622365752548,13.87276781927746,14.039909362792969,1952200
2002-08-22,14.115886921089183,14.52918325075581,14.08549680316401,14.434975624084473,1335800
2002-08-23,14.328607435172621,14.404580961002246,14.124997783131947,14.28606128692627,860400
2002-08-26,14.359000049206392,14.480558185286347,14.00952127742475,14.465362548828125,971000
2002-08-27,14.495750244561933,14.766215834998146,14.495750244561933,14.754059791564941,1883000
2002-08-28,14.678083481287832,14.678083481287832,14.267826946800016,14.295177459716797,1676000
2002-08-29,14.146275607751225,14.146275607751225,13.909238488814852,13.994328498840332,2303800
2002-08-30,13.948743555451307,14.553492334423936,13.948743555451307,14.283026695251465,1272400
2002-09-03,14.05510249585648,14.0702969694046,13.811987441294468,13.872766494750977,2506200
2002-09-04,13.887970055293485,14.045995233971759,13.538491138700119,13.98521614074707,2344200
2002-09-05,13.918351682866906,14.0520658493042,13.872768256433966,14.0520658493042,1216600
2002-09-06,14.197936694414548,14.328611286707995,14.073340124932926,14.283026695251465,918400
2002-09-09,14.207049608116584,14.334684577560951,14.045986101170875,14.276945114135742,864000
2002-09-10,14.328609773695806,14.647698402404783,14.328609773695806,14.647698402404785,2069400
2002-09-11,14.763180583446706,14.978945184168708,14.73886849134399,14.796607971191406,1902800
2002-09-12,14.799650602606654,14.91524826764567,14.498485577370039,14.559327125549316,2398200
2002-09-13,14.559322597803469,14.757056117323746,14.428513716057362,14.726635932922363,1149600
2002-09-16,14.72664221321326,14.860492706298828,14.632337744623067,14.860492706298828,747400
2002-09-17,14.951756022975612,14.951756022975612,14.486319099481822,14.504571914672852,1827200
2002-09-18,14.504566793241086,14.677964414734125,14.449809527458466,14.598871231079102,2443400
2002-09-19,14.556277716985186,14.632329327127126,14.343334136952134,14.452847480773926,1679000
2002-09-20,14.571498770943899,14.601918971284906,14.291628053890351,14.297712326049805,2480800
2002-09-23,14.297713586868033,14.419396719874985,14.112147331237791,14.112147331237793,2320400
2002-09-24,14.112144151786433,14.112144151786433,13.476352304003882,13.509815216064453,2305400
2002-09-25,13.689298525623805,13.750140084495598,13.49156374940453,13.658878326416016,2736800
2002-09-26,13.704507241519556,14.16081714630127,13.692338698882581,14.16081714630127,1948400
2002-09-27,14.130397304182662,14.556285863041989,14.05434565148034,14.45589828491211,2867200
2002-09-30,14.379848508003235,14.784442749720094,14.209492365963554,14.677970886230469,2560600
2002-10-01,14.982178549291802,14.982178549291802,14.541078644175697,14.814865112304688,2279000
2002-10-02,14.814859630192538,15.2711694679164,14.681008001768413,14.936541557312012,3218000
2002-10-03,15.012599797612651,15.13428293868921,14.677972900336771,14.96696949005127,2731600
2002-10-04,15.012587508063653,15.058218938726839,14.626246346392096,14.827022552490234,2896600
2002-10-07,14.951751854691956,15.143401138716563,14.480230790919546,14.48327350616455,1947600
2002-10-08,14.495449124782125,14.577583909212416,14.011760445198007,14.449817657470703,2731200
2002-10-09,14.29770175438153,14.373753359458027,13.76838207244873,13.76838207244873,1654800
2002-10-10,13.768389225697995,14.020881242750633,13.54631856275435,13.932661056518555,2336000
2002-10-11,14.145609956605771,14.392017773614153,13.966127977404778,14.176030158996582,2267800
2002-10-14,14.176031771213685,14.951759785421359,14.130401462438007,14.933506965637207,2119000
2002-10-15,15.362428611479087,15.362428611479087,15.164693917644094,15.240745544433594,2400200
2002-10-16,15.17990526521787,15.255956892477569,14.823983046205504,14.878740310668945,1661200
2002-10-17,15.027813846467398,15.465871146729116,14.92134078817317,15.46282958984375,2100400
2002-10-18,15.42327307188527,15.745731287974165,15.277254059994004,15.630133628845215,2599200
2002-10-21,15.636212664894597,16.116858273074932,15.605791322316371,16.0499324798584,1930600
2002-10-22,15.563208079824,15.970844930174307,15.450651973815205,15.605796813964844,1804600
2002-10-23,15.484114240979709,15.970844268798828,15.484114240979709,15.970844268798828,1357400
2002-10-24,16.153370375240595,16.153370375240595,15.526705507212892,15.544957160949707,1712000
2002-10-25,15.544950708850639,15.544950708850639,14.723594138835715,15.043010711669922,3239000
2002-10-28,15.04302021662488,15.395899910996494,14.769233746657092,15.204249382019043,1896200
2002-10-29,15.12818814444475,15.207282479274,14.75705586668203,14.896991729736328,1824600
2002-10-30,15.058233271674489,15.362440004435589,15.058233271674489,15.1951265335083,2430200
2002-10-31,15.36242389678955,15.535821459817873,15.283330739802484,15.36242389678955,1835200
2002-11-01,15.432401041233604,15.657514441121922,15.274213466263241,15.544957160949707,1176400
2002-11-04,15.547998546497546,15.651428830495131,15.210329055786131,15.210329055786133,1237600
2002-11-05,15.14948455280957,15.332009162154135,14.985212752536198,15.073432922363281,1831200
2002-11-06,15.07342920799636,15.26507959442249,14.845274372878992,15.149480819702148,1210000
2002-11-07,15.152531273518402,15.22554020819182,14.206448554992674,14.206448554992676,2967800
2002-11-08,14.145605837712523,14.206447385234744,13.85965207295088,13.917450904846191,3848400
2002-11-11,13.917443847572338,13.917443847572338,13.643657602782193,13.674078941345215,1438600
2002-11-12,13.674086486143679,13.914409971342819,13.476351737976072,13.476351737976074,2053400
2002-11-13,13.476354905773853,13.476354905773853,12.819268561722836,12.892278671264648,4681600
2002-11-14,12.895313237746908,13.442884700917759,12.895313237746908,13.232982635498047,3612400
2002-11-15,13.172143802346556,13.582823354197274,13.12042924421865,13.555444717407227,2228000
2002-11-18,13.689296583448765,14.176026664455636,13.55544610128589,13.966124534606934,5226800
2002-11-19,13.966122592985704,14.008711324095959,13.719714870975947,13.804893493652344,1875400
2002-11-20,13.84140044504529,14.212532872280367,13.80489597759046,14.16081714630127,2840800
2002-11-21,14.236863974722576,14.312915599758975,13.929615920176039,14.099970817565918,2519200
2002-11-22,14.09997632243205,14.09997632243205,13.75013940695587,13.756223678588867,2494200
2002-11-25,13.75622345491901,13.85661103409082,13.546320148590075,13.734929084777832,1852800
2002-11-26,13.704503595696046,13.704503595696046,13.369876885392992,13.430718421936035,1592400
2002-11-27,13.476343783689966,13.826181620742275,13.445923606752968,13.741003036499023,836600
2002-11-29,13.817062517278814,13.929619789123535,13.741010871119094,13.929619789123535,481800
2002-12-02,14.02088451385498,14.0391373305788,13.829233999851825,14.02088451385498,1141000
2002-12-03,14.069549807080692,14.373756289395951,14.008708278526512,14.34333610534668,2538400
2002-12-04,14.28249895065562,14.297709047338186,14.072595670885843,14.109101295471191,1699200
2002-12-05,14.130389396463606,14.495437357236014,14.130389396463606,14.452847480773926,2895600
2002-12-06,14.4498118797072,14.869617265561098,14.373760238235057,14.702303886413574,1670800
2002-12-09,14.875694900033782,15.146438437222015,14.763137685338892,14.81789493560791,2856200
2002-12-10,14.817907542266353,14.900043487548828,14.635383993054024,14.900043487548828,1719400
2002-12-11,14.830074534102039,14.921336299143713,14.544120694183109,14.79052734375,1669600
2002-12-12,14.38855268061161,14.668710185795439,14.38855268061161,14.616942405700684,5930000
2002-12-13,14.6169420098684,14.683936699141688,14.318512916564941,14.318512916564941,3591600
2002-12-16,14.373330935314522,14.607811257790933,14.367240401550786,14.562132835388184,2185200
2002-12-17,14.693074720720414,14.708300472556884,14.327650868393143,14.659577369689941,2495600
2002-12-18,14.662621995458402,14.662621995458402,14.175389845731411,14.248475074768066,2519000
2002-12-19,14.190618145547848,14.449460598303755,14.147985571638774,14.196708679199219,2425800
2002-12-20,14.388557968977814,14.534727307359828,14.333744321878228,14.46164321899414,3087400
2002-12-23,14.403787390112118,14.607816275503296,14.388561631298074,14.583454132080078,1501800
2002-12-24,14.647397844587191,14.647397844587191,14.403782304622121,14.504274368286133,802400
2002-12-26,14.479915670900587,14.571271374868413,14.178441731641684,14.233255386352539,956600
2002-12-27,14.34288160254253,14.391604722334511,14.047498197025869,14.080995559692383,1617400
2002-12-30,14.157118102289571,14.251518444083189,13.956135193062572,13.959179878234863,1964600
2002-12-31,13.959187348095547,14.102312022436504,13.809972138500633,13.977458953857422,1345000
2003-01-02,14.12971517349039,14.464686393737795,14.047494711433187,14.464686393737793,2284000
2003-01-03,14.464685090351265,14.57126651583053,14.361148350606946,14.55604076385498,2130000
2003-01-06,14.586503282671432,14.814893201533815,14.571276358759647,14.732672691345215,2524400
2003-01-07,14.735718341830838,14.735718341830838,13.809977531433107,13.809977531433105,3358200
2003-01-08,13.813013112228745,14.007905524973,13.718611591583693,13.746018409729004,2187200
2003-01-09,13.79474692936025,13.96223258972168,13.755159029461808,13.96223258972168,1492600
2003-01-10,13.947005792490817,13.962231549270728,13.73688756096618,13.7429780960083,1712600
2003-01-13,13.627264725457144,13.76429890474728,13.520683231371017,13.596813201904297,2431200
2003-01-14,13.718620699998928,13.840429119663433,13.62726496607614,13.837383270263672,1966800
2003-01-15,13.870875920876623,14.181486239775724,13.727752412401633,14.144944190979004,2460600
2003-01-16,14.205843486892784,14.342876413092403,14.09926090227594,14.257611274719238,1513800
2003-01-17,14.281975079674568,14.309381900455115,13.992681118468905,14.074901580810547,1144000
2003-01-21,14.077951625763298,14.077951625763298,13.56635821754956,13.581583976745605,2130600
2003-01-22,13.596806089080511,13.846512168870184,13.337963627683521,13.73383903503418,2486200
2003-01-23,13.76124606345766,13.794743419336838,13.575490005524122,13.660755157470703,2869600
2003-01-24,13.688166137828688,13.727754039680821,13.432369442628085,13.444550514221191,2006600
2003-01-27,13.429321629111827,13.432367477389938,12.926864696743458,13.051717758178711,3516800
2003-01-28,13.094343905452426,13.344049905601132,13.094343905452426,13.225287437438965,1914000
2003-01-29,13.22529049811975,13.642482156627072,13.17047685987494,13.551126480102539,2180600
2003-01-30,13.612029134126589,13.828237815515646,13.520673467786878,13.554169654846191,2886000
2003-01-31,13.462815124252778,13.803878011114158,13.368414764453105,13.7947416305542,1893400
2003-02-03,13.82519427075144,14.074900321453654,13.715566997438192,14.023131370544434,2120600
2003-02-04,13.886103128881858,14.342882852353641,13.782566345095551,14.312431335449219,2268400
2003-02-05,14.312422898217353,14.370281210888407,14.202795643345695,14.218021392822266,2187000
2003-02-06,14.21802436915579,14.26674747467041,13.916550516799854,14.26674747467041,2877400
2003-02-07,14.266748574919374,14.291110710380721,13.998772054747901,14.163211822509766,1967000
2003-02-10,14.163212645527631,14.300246761334304,14.099263778701392,14.190619468688965,2538200
2003-02-11,14.190615504671408,14.236293917730665,13.916548511266774,13.980497360229492,1992200
2003-02-12,13.980498826050924,14.007905644429957,13.733837460639638,13.7947416305542,1840000
2003-02-13,13.794746104993989,13.931780241337302,13.60289831411335,13.840424537658691,1637600
2003-02-14,13.840423397335679,14.06272268391018,13.779519212684281,14.020090103149414,1451400
2003-02-18,14.05358401939755,14.18452757773667,14.038357105727554,14.17539119720459,2300600
2003-02-19,14.144947952803584,14.230213143222327,13.992688020398058,14.221077919006348,1882200
2003-02-20,14.221077994294586,14.312433721891331,14.154083251953125,14.154083251953125,1762000
2003-02-21,14.0079007656682,14.686979293823244,14.0079007656682,14.686979293823242,3640600
2003-02-24,14.388551421014244,14.915370201369766,14.388551421014244,14.708296775817871,11311600
2003-02-25,14.784439623579667,15.11332164449626,14.726581265818917,14.982378005981445,10363600
2003-02-26,14.921458362939939,15.302107810974121,14.863600065032717,15.302107810974121,6507400
2003-02-27,15.320383177169107,15.338653611720096,14.616942405700684,14.616942405700684,4777200
2003-02-28,14.677850723266602,14.912331046855977,14.674804875545009,14.677850723266602,4289200
2003-03-03,14.680892783497645,14.933644663257484,14.583446583545747,14.9275541305542,3409400
2003-03-04,15.043275879085364,15.043275879085364,14.814886070161906,14.891016006469727,1878600
2003-03-05,14.89101716471134,15.146813817067816,14.884926629934908,15.073728561401367,2420200
2003-03-06,15.04327573161055,15.2107613575157,14.936693124834088,15.165082931518555,2958800
2003-03-07,15.012821232351541,15.241211011226008,15.012821232351541,15.195533752441406,3541800
2003-03-10,15.198574918383013,15.283840044353957,15.04327041584305,15.082857131958008,3269800
2003-03-11,15.12244951493306,15.177263158429984,14.921466542661197,14.967144966125488,2664800
2003-03-12,14.97018729042812,14.97018729042812,14.525588840341676,14.857515335083008,3080800
2003-03-13,14.906283332163117,14.967248793983979,14.561822891235352,14.561822891235352,2885600
2003-03-14,14.56182966998351,14.641085504950386,14.421607181973243,14.494766235351562,3742000
2003-03-17,14.479525645833123,14.662424452012008,14.342350959777832,14.342350959777832,3479400
2003-03-18,14.345391605389045,14.845315804083572,14.183829885439051,14.769107818603516,4581000
2003-03-19,14.77216277989861,14.823984839797873,14.586215019226074,14.586215019226074,4021000
2003-03-20,14.586220161927749,14.948971220592268,14.531350273438031,14.90324592590332,3336000
2003-03-21,15.073944595756808,15.073944595756808,14.479521885772494,14.482569694519043,2855400
2003-03-24,14.482572095376911,14.69900376320323,14.278335153084216,14.378929138183594,2703600
2003-03-25,14.388077565654145,14.6471844253715,14.372836190878246,14.449044227600098,1810600
2003-03-26,14.47952635216021,14.58621713382868,14.357593033531412,14.54049301147461,2449400
2003-03-27,14.537450557432063,14.83009042079029,14.488677440679496,14.747785568237305,2565400
2003-03-28,14.747777909197477,14.95811164792618,14.747777909197477,14.811792373657227,2083600
2003-03-31,14.814840494742802,14.814840494742802,14.564878250587027,14.699005126953125,2060000
2003-04-01,14.69900783146284,14.784360468242072,14.574026686389338,14.750828742980957,1391000
2003-04-02,14.750823407098068,14.750823407098068,14.540489701330307,14.570972442626953,1882000
2003-04-03,14.570977411412676,14.631944077637987,14.29358018478782,14.375885009765625,1779200
2003-04-04,14.418552095082037,14.464277356183779,14.208218452265749,14.260039329528809,1693800
2003-04-07,14.296629110565675,14.339305427930077,14.128970488287766,14.16555118560791,1971800
2003-04-08,14.10458165451861,14.119823027218139,13.818039894104004,13.818039894104004,2567200
2003-04-09,13.900341987609863,14.022275281279557,13.869859245613474,13.900341987609863,1934400
2003-04-10,13.979596636173017,14.290525436401367,13.961306296333042,14.290525436401367,3252800
2003-04-11,14.235663267470471,14.357595443725586,14.159455221245086,14.357595443725586,2159000
2003-04-14,14.311864112715984,14.464280128479004,14.275284594528596,14.464280128479004,1551800
2003-04-15,14.464277628854328,14.63803176376973,14.345393343158706,14.628887176513672,1835200
2003-04-16,14.464279309427688,14.674612980647256,14.388071305861518,14.467327117919922,2161400
2003-04-17,14.525247231346384,14.756919071056245,14.482569768782241,14.631937980651855,2354400
2003-04-21,14.631937717022414,14.897141262547704,14.622793128058694,14.887996673583984,1412400
2003-04-22,14.830014352751995,15.14431381225586,14.738471284210714,15.14431381225586,1897800
2003-04-23,15.150425500916862,15.272482607413345,15.028367230386444,15.104653358459473,2751600
2003-04-24,15.119908042602868,15.217554178504002,14.884946664330212,14.952078819274902,2438800
2003-04-25,14.952082679581281,14.952082679581281,14.711018210072918,14.845282554626465,14304800
2003-04-28,14.845281156280224,14.891052135220594,14.772045960328102,14.775096893310547,3091400
2003-04-29,14.775099735063337,14.787305797408655,14.354001060457417,14.366207122802734,3330200
2003-04-30,14.366200612440629,14.463846738884323,14.311274520811846,14.418074607849121,4622200
2003-05-01,14.41197471129894,14.55539299994397,14.204476356506348,14.204476356506348,2786600
2003-05-02,14.250252547502049,14.445544898331622,14.20448039351139,14.372309684753418,2849400
2003-05-05,14.39977389986628,14.463855153402315,14.128195379948654,14.262459754943848,5159600
2003-05-06,14.289915143802007,14.317377026813448,13.932895532215204,13.935946464538574,2897600
2003-05-07,13.945104103731865,14.283814690343304,13.807788843749671,14.18921947479248,4161800
2003-05-08,14.341791403670934,14.418077528158545,13.975617773323624,14.115983963012695,5272400
2003-05-09,14.158704213317689,14.44248867034912,14.082418093987387,14.442488670349121,7304200
2003-05-12,14.44248574576678,14.613365873482046,14.280758413993102,14.58895492553711,5738000
2003-05-13,14.588961456011116,14.848333859701286,14.494366225800984,14.723224639892578,3794600
2003-05-14,14.781198333833443,14.979542713348202,14.726272233784242,14.967336654663086,3554200
2003-05-15,15.043623393200502,15.046675490014035,14.848331102353738,14.970389366149902,3253200
2003-05-16,15.013109123609855,15.064983128114186,14.851381752552088,14.921566009521484,1928800
2003-05-19,14.860537542100548,15.043623778449538,14.73847927517862,14.741531372070312,2849200
2003-05-20,14.741533183478158,14.881899392862541,14.668297981519235,14.768996238708496,2172600
2003-05-21,14.772051168102474,15.592889785766603,14.769000234044444,15.592889785766602,5415800
2003-05-22,15.711895198763928,15.904135449269722,15.59288783278778,15.867518424987793,5356600
2003-05-23,15.837005982647964,15.898033974414854,15.711896737070917,15.858366012573242,4222000
2003-05-27,15.858356193664422,16.065854496492673,15.693577924236058,16.03533935546875,3794400
2003-05-28,16.035345651684157,16.035345651684157,15.663070097288616,15.684430122375488,2999200
2003-05-29,15.669168589958202,15.71188979496725,15.339613156696537,15.415899276733398,3495400
2003-05-30,15.492190725003917,15.901084515593817,15.425058543791867,15.867518424987793,2950000
2003-06-02,15.879718813849442,16.30997247854133,15.873615784644063,16.14214324951172,2543600
2003-06-03,16.169607334254586,16.52662583537553,15.989572035286608,16.483905792236328,4287200
2003-06-04,16.50831354597278,16.752430026354393,16.325227349720215,16.410667419433594,4855600
2003-06-05,16.569350803051027,16.569350803051027,16.126890920115382,16.32523536682129,3988000
2003-06-06,16.48390645806072,16.493060420807765,16.126886778485023,16.172658920288086,3081600
2003-06-09,16.081116343623098,16.172659466285847,15.946852010619367,15.995675086975098,2794600
2003-06-10,16.081108493586914,16.221474624085293,16.020079386925282,16.20926856994629,2084800
2003-06-11,16.26420430532608,17.149123967198346,16.248947310611193,17.072837829589844,6202800
2003-06-12,17.149123132049446,17.28643840586442,16.61512019479545,16.651737213134766,5421600
2003-06-13,16.651735143497362,16.651735143497362,16.255047529362486,16.46864891052246,4315000
2003-06-16,16.468657638696087,16.49306860614776,16.160460880872954,16.28557014465332,3032000
2003-06-17,16.21843264431788,16.41677589540184,16.023139162401904,16.04450035095215,2133200
2003-06-18,15.98958061660777,16.28557014465332,15.888882320279071,16.28557014465332,2394000
2003-06-19,16.285562696924014,16.70055943012618,15.977367244079621,16.6242733001709,3346600
2003-06-20,16.776851781441728,16.776851781441728,16.43203802024705,16.53883934020996,3279800
2003-06-23,16.538836605458243,16.734128952026367,16.38626431419762,16.734128952026367,3348600
2003-06-24,16.734123888299724,16.843976091011694,16.538831600826825,16.554088592529297,1729400
2003-06-25,16.61206031401213,16.86533071860498,16.572392381078423,16.599855422973633,1864200
2003-06-26,16.599859705479112,16.8592320404885,16.383206246175487,16.474750518798828,4278600
2003-06-27,16.474756896381436,16.609020096685487,16.309978538712212,16.401521682739258,3025600
2003-06-30,16.40151982463823,16.502218086484003,16.264204542136763,16.294719696044922,2970200
2003-07-01,16.233683838600708,16.28860992888586,16.071956499857272,16.258094787597656,2334600
2003-07-02,16.255050727844402,16.258101661246297,15.88582609240737,16.017038345336914,4234200
2003-07-03,16.017027184818957,16.187907273075993,15.879711996731485,16.05364418029785,1573600
2003-07-07,16.05364875571906,16.15739790917303,15.687475204467773,15.687475204467773,3568200
2003-07-08,15.562380096876916,15.754621588709226,15.473887852251842,15.623409271240234,4516400
2003-07-09,15.592883301857356,15.928542946348482,15.592883301857356,15.669169425964355,4008400
2003-07-10,15.714942594268209,15.745456580293983,15.373181061836931,15.455570220947266,3839200
2003-07-11,15.45556575843161,15.81563627693486,15.376227555217746,15.730195045471191,2117400
2003-07-14,15.791223286450546,15.791223286450546,15.391483688553052,15.412843704223633,1904600
2003-07-15,15.409795230995146,15.464721326921392,15.232810885447522,15.260273933410645,2380800
2003-07-16,15.211448626874208,15.226706778855814,14.735424084307432,14.97343635559082,3865600
2003-07-17,14.952083150118892,15.25417677083711,14.830024862871628,15.16873550415039,3272000
2003-07-18,15.254177088824871,15.440314292907713,15.168735820357046,15.440314292907715,2645200
2003-07-21,15.470825122787312,15.531854250623581,15.144320627502143,15.183988571166992,1707400
2003-07-22,15.287737265930835,15.32130334340318,14.9520788192749,14.952078819274902,3094200
2003-07-23,14.952080535888673,15.089395794025041,14.817817374618608,14.875794410705566,2211200
2003-07-24,14.952080535888673,15.080240667460021,14.494363784790039,14.494363784790039,3353200
2003-07-25,14.521825323571951,14.753734607793984,14.494362274805706,14.646934509277344,4438800
2003-07-28,14.646934509277344,14.753734607793984,14.381459147226149,14.646934509277344,2690600
2003-07-29,14.649983867144483,14.692705065993039,14.366200612440629,14.418074607849121,2556200
2003-07-30,14.37230173849673,14.427227827303915,14.149546451238077,14.38755989074707,3921800
2003-07-31,14.44859648455307,14.723227092830987,14.38756849518845,14.454699516296387,3098600
2003-08-01,14.616419372020054,14.616419372020054,14.335685877497195,14.570647239685059,2744800
2003-08-04,14.527924733143324,14.527924733143324,14.314323425292969,14.314323425292969,1782600
2003-08-05,14.280755893141363,14.64998029138868,14.280755893141363,14.296012878417969,2082200
2003-08-06,14.646934999848167,15.226709975872346,14.463848777963587,15.141268730163574,6128200
2003-08-07,15.196193874293268,15.58067654572939,15.058878634494652,15.574573516845703,3911600
2003-08-08,15.608146818931026,15.684432969240495,15.519654605203815,15.672226905822754,2444000
2003-08-11,15.745456617301425,16.047550201416016,15.745456617301425,16.047550201416016,3805600
2003-08-12,16.0200862583557,16.1451954568596,15.867514008276125,16.12688636779785,2314800
2003-08-13,16.203174591064453,16.319129842070023,15.959059192132232,16.203174591064453,3063600
2003-08-14,16.24589060066907,16.24589060066907,15.760710891434812,15.931591033935547,3913400
2003-08-15,15.928548249278391,16.07196541880294,15.791232947364024,15.806489944458008,264600
2003-08-18,15.898030094775896,16.17266064684538,15.898030094775896,16.09637451171875,2848400
2003-08-19,16.075008844594254,16.09331792965032,15.904127542838575,15.949899673461914,1620600
2003-08-20,15.867514948054039,16.090270306679184,15.815640938690931,15.995675086975098,1827600
2003-08-21,15.974315005134493,16.12688726368987,15.943801019036998,16.047550201416016,1913000
2003-08-22,16.166556376843776,16.1696084738739,15.980418035160783,16.047550201416016,1348800
2003-08-25,15.974307426196459,16.03228560192175,15.66306119076274,15.717986106872559,2233400
2003-08-26,15.623396656375569,15.69357974281302,15.409795300590341,15.653910636901855,2929600
2003-08-27,15.690530174110085,15.907183661271416,15.653913158772733,15.656965255737305,2993800
2003-08-28,15.577626905893101,15.925491458886027,15.50439287580718,15.791228294372559,3491000
2003-08-29,15.669170025517463,15.873617451244659,15.63865604032065,15.791228294372559,1550200
2003-09-02,15.522704187201244,15.867517882500536,15.516601156023873,15.769871711730957,1559200
2003-09-03,15.791230979475003,15.86446618604758,15.669172689865412,15.714944839477539,1965000
2003-09-04,15.638657379180609,15.821743634103749,15.620348288074688,15.693583488464355,1892600
2003-09-05,15.672222122457496,15.846154398953958,15.595935995431542,15.791228294372559,2441600
2003-09-08,15.791228285375631,16.172658920288086,15.791228285375631,16.172658920288086,2609000
2003-09-09,16.17265895332245,16.22453296104022,16.062806743997854,16.065858840942383,3475800
2003-09-10,15.760713261829224,15.928542497326786,15.52269976978189,15.568471908569336,4669400
2003-09-11,15.318259477454296,15.608147086404882,15.25417938946444,15.342670440673828,2803800
2003-09-12,15.30295614492756,15.391536412940864,15.043325610618275,15.180777549743652,3205800
2003-09-15,15.180778005880875,15.180778005880875,14.844784237346278,14.899765014648438,3678600
2003-09-16,14.899765014648438,14.933364508021157,14.838676297817225,14.899765014648438,2466800
2003-09-17,14.936415261294485,14.963905641881102,14.634021074841689,14.646239280700684,2834200
2003-09-18,14.676788609864788,14.750096704699327,14.524064480386086,14.74093246459961,7269000
2003-09-19,14.740937533505933,14.945588543280078,14.695120978023152,14.921152114868164,3499000
2003-09-22,14.890596693297804,14.970012696310834,14.789798248697082,14.887542724609375,2582000
2003-09-23,14.9211453813553,14.945581798739715,14.728713837819347,14.884491920471191,2212200
2003-09-24,15.043327929243498,15.183833859697792,14.905875968932676,15.00972843170166,4056000
2003-09-25,15.009727582675513,15.02499976291446,14.786750488647439,14.789804458618164,1854800
2003-09-26,14.750099278332286,14.750099278332286,14.356070675879938,14.545448303222656,2238200
2003-09-29,14.585146073899239,14.597364276958002,14.41714986001314,14.481293678283691,2948400
2003-09-30,14.447701388045596,14.90587374389393,14.426320104654746,14.719550132751465,2942800
2003-10-01,14.716498466375509,14.823404900061927,14.575992534904007,14.737879753112793,2373000
2003-10-02,14.768424197298657,14.768424197298657,14.539337982251464,14.707335472106934,2447400
2003-10-03,14.569883225068738,14.795914300319772,14.524065516878347,14.615699768066406,3118800
2003-10-06,14.722603620731789,14.753147974961236,14.63096939285102,14.637077331542969,3177000
2003-10-07,14.615693575193745,14.890597377470085,14.585149226137364,14.875325202941895,4571000
2003-10-08,14.936424598204216,15.0280588690437,14.783700425074082,14.890606880187988,3299600
2003-10-09,14.921147118227122,14.936420463466506,14.667625666911896,14.747041702270508,4661400
2003-10-10,14.707337425111483,14.850897346606816,14.69511921237357,14.743990898132324,5873000
2003-10-13,14.798974297621625,14.811192512512207,14.664576264211423,14.811192512512207,1973200
2003-10-14,14.81118188294782,14.81118188294782,14.102541075375745,14.600421905517578,3989600
2003-10-15,14.630978324490641,14.640141403314692,14.020081545433715,14.188077926635742,4554600
2003-10-16,14.081165188434177,14.343850894667174,14.081165188434177,14.249162673950195,3504600
2003-10-17,14.255273732063483,14.255273732063483,14.072005190752334,14.181966781616211,2244800
2003-10-20,14.181964133525245,14.359123535020657,14.044512170610764,14.356069564819336,3041000
2003-10-21,14.35605900568479,14.627907596170244,14.35605900568479,14.511837005615234,2654000
2003-10-22,14.478248528479664,14.59737316787873,14.4079944006976,14.560718536376953,1745800
2003-10-23,14.560720778029957,14.560720778029957,14.25832759533869,14.462977409362793,2134000
2003-10-24,14.462975692510453,14.462975692510453,14.273598083847325,14.359123229980469,1360000
2003-10-27,14.386627418105979,14.475207784512868,14.279720882921007,14.325538635253906,1184600
2003-10-28,14.325527410186542,14.472142471497133,14.203347609831251,14.353017807006836,1556600
2003-10-29,14.493522794662654,14.692063500500696,14.493522794662654,14.630974769592285,3611800
2003-10-30,14.630969435843602,14.692058144482004,14.279703535210647,14.459918022155762,2315200
2003-10-31,14.508790330788525,14.814238548278809,14.377447504052304,14.814238548278809,3066400
2003-11-03,14.844779882544263,14.844779882544263,14.618748900114067,14.646239280700684,2086600
2003-11-04,14.646249600364442,14.676793971341075,14.478253229606825,14.524069786071777,1590000
2003-11-05,14.478247940658058,14.798968379524807,14.444648445741922,14.74093246459961,2412400
2003-11-06,15.076923937879183,15.168558168484015,14.945581113441687,14.991398811340332,5956200
2003-11-07,14.966961028531994,14.994451411722705,14.872271671943462,14.87838077545166,2973000
2003-11-10,14.881437855451253,15.073869397753032,14.881437855451253,14.957799911499023,1909200
2003-11-11,14.957802295146912,15.02500012284657,14.844785595247474,14.970019340515137,1802800
2003-11-12,14.966957744767525,15.19604383269764,14.966957744767525,15.189934730529785,1894200
2003-11-13,15.241874772789863,15.330453918284114,15.089150581339839,15.315181732177734,2062800
2003-11-14,15.272406203236747,15.501492296285297,15.211316345385375,15.34876823425293,2268600
2003-11-17,15.34877813598758,15.34877813598758,14.966967734594853,15.15634536743164,1280400
2003-11-18,15.015839381880138,15.07387414327752,14.786753141616389,14.841733932495117,2788600
2003-11-19,14.841733284044889,14.890604966558188,14.72871773670654,14.838679313659668,1851200
2003-11-20,14.814240416368516,15.00972711378256,14.768422711890326,14.829512596130371,1928600
2003-11-21,14.798966539978261,14.798966539978261,14.640133325240638,14.710386276245117,1607200
2003-11-24,14.79285602049963,14.814237300707942,14.692057557924121,14.750093460083008,1699400
2003-11-25,14.707329413608889,15.104411789745756,14.695111207526583,14.997504234313965,2096800
2003-11-26,15.028057581708852,15.104419661732583,14.93642331871895,15.067766189575195,1485400
2003-11-28,15.089138714691885,15.104410888787672,15.00055847366725,15.076920509338379,454800
2003-12-01,15.165506112990714,15.44651794433594,15.113579304472728,15.446517944335938,2037200
2003-12-02,15.501494938221706,15.638946850515337,15.49233186579957,15.59312915802002,2838200
2003-12-03,15.593130149826507,15.608402326565566,15.299900161743977,15.415970802307129,3012600
2003-12-04,15.394595014632774,16.142942428588867,15.367104620616926,16.142942428588867,4802200
2003-12-05,16.17042825676181,16.3262075005971,16.057412742248694,16.213191986083984,2732800
2003-12-08,16.18875752438237,16.491151809692383,16.161267134808735,16.491151809692383,3655400
2003-12-09,16.491153452769876,16.64387759557489,16.430063562609323,16.47893524169922,4734000
2003-12-10,16.524754336465033,16.58889937189213,16.347594909362126,16.350648880004883,2735800
2003-12-11,16.387299868260524,16.43006243889038,16.204030210313427,16.341482162475586,3047600
2003-12-12,16.448492643977147,16.65639190375783,16.356772656728708,16.540212631225586,2866400
2003-12-15,16.283390406400304,16.723648060897965,16.283390406400304,16.665557861328125,3584600
2003-12-16,16.69307177260602,16.815365808636322,16.69307177260602,16.800079345703125,3280800
2003-12-17,16.80008779257758,16.968241301952954,16.696138159571955,16.93461036682129,3980600
2003-12-18,16.934612324290974,17.457417377360695,16.934612324290974,17.436016082763672,4540800
2003-12-19,17.457403891186416,17.977151714777158,17.36262713584017,17.576641082763672,6236800
2003-12-22,17.42683308919271,17.454349188090095,17.197532653808594,17.197532653808594,3243400
2003-12-23,17.304543254079157,17.32594453993629,16.983522799939532,17.090530395507812,2563400
2003-12-24,17.059949448943765,17.408485868749167,17.053834631684463,17.396257400512695,1058200
2003-12-26,17.414604855878693,17.503267977945498,17.335114545038312,17.475751876831055,606600
2003-12-29,17.549130110617625,17.677537816490585,17.396263127655043,17.640850067138672,2254600
2003-12-30,17.69894739214251,17.815126680179127,17.653087975539712,17.70200538635254,2534400
2003-12-31,17.701999325301646,17.732572259235535,17.426838254765958,17.506328582763672,1993400
2004-01-02,17.472695155266166,17.67142151669863,17.4268345977066,17.512439727783203,1744600
2004-01-05,17.512441238081095,17.857920946985864,17.512441238081095,17.8548641204834,3254800
2004-01-06,17.854860141176058,17.87931824659238,17.671419102283448,17.7906551361084,2454400
2004-01-07,17.71728956438986,17.809009552001953,17.503275482439687,17.809009552001953,3616600
2004-01-08,17.747854355792914,17.87626321251644,17.61027385440427,17.842632293701172,2832400
2004-01-09,17.824289990201773,18.163654879174707,17.809003525153425,18.130023956298828,4386400
2004-01-12,18.00773749983392,18.08111302477994,17.87015693270646,18.071941375732422,2409000
2004-01-13,18.071941287073297,18.185062567808494,17.937417548193988,18.035253524780273,2553800
2004-01-14,18.0352417961604,18.038298621745692,17.900718144764078,18.023012161254883,1530800
2004-01-15,18.035253622923978,18.221750429260094,17.390154537156263,17.393211364746094,3432200
2004-01-16,17.457407131085905,17.885435104370117,17.457407131085905,17.885435104370117,3035000
2004-01-20,18.038311494349614,18.374618530273438,18.038311494349614,18.374618530273438,4475600
2004-01-21,18.377670107162036,18.686460920228974,18.2217451209963,18.402128219604492,3636800
2004-01-22,18.344047748017324,18.451054226700833,17.97716655980035,18.01079750061035,3059800
2004-01-23,18.068878834583636,18.61920096459747,18.068878834583636,18.1881160736084,3354600
2004-01-26,18.18811649004947,18.18811649004947,17.873209671490756,18.14837074279785,3217800
2004-01-27,18.148374894549573,18.24620970533289,18.071941375732422,18.071941375732422,2458800
2004-01-28,18.20646463390915,18.371561320672978,17.916017018220856,17.91907501220703,2769600
2004-01-29,17.900729161905023,17.919073625553537,17.243401625985648,17.420726776123047,3033600
2004-01-30,17.45740735679209,17.56135694214608,17.15473141192299,17.261737823486328,2299600
2004-02-02,17.29230769583093,17.52160809287791,17.1761285014348,17.21281623840332,2348000
2004-02-03,17.121102492521963,17.567473813312045,17.078299922895866,17.356517791748047,2590000
2004-02-04,17.31983202882238,17.347348136208158,17.130276104039147,17.23728370666504,1499600
2004-02-05,17.426840630647177,17.536905073867043,15.837023357401746,16.35677146911621,13978400
2004-02-06,16.29561600790345,16.567718981797963,16.109118149495153,16.289501190185547,5971400
2004-02-09,16.815367340778838,16.815367340778838,16.295619389716453,16.41791343688965,2654000
2004-02-10,16.448492132978043,16.677792677117,16.295625103552073,16.543270111083984,4879600
2004-02-11,16.479066750581904,16.607474499473135,16.417919703655308,16.540212631225586,3727400
2004-02-12,16.54020575305434,16.87651378815696,16.512689651693968,16.726703643798828,4539000
2004-02-13,16.738937555007396,16.891804564642165,16.44237518310547,16.44237518310547,3652000
2004-02-17,16.891800886665763,16.897915705673658,16.647213957762393,16.818424224853516,4025200
2004-02-18,16.82148916953732,16.934610452228288,16.66250730847498,16.69002342224121,2364600
2004-02-19,16.812310308138585,17.059954059516127,16.51269001286886,16.531034469604492,3096800
2004-02-20,16.57078174449639,16.839827970130987,16.51269154259334,16.7847957611084,3613400
2004-02-23,16.784797528862587,16.85205821764313,16.677789926145394,16.778682708740234,1449800
2004-02-24,16.778678451945837,16.90708614308988,16.745047532946472,16.848997116088867,2916400
2004-02-25,16.873462163176075,16.995756252324032,16.512695883100754,16.87652015686035,3337800
2004-02-26,16.87652197049153,17.124165836518973,16.812318091616493,17.121109008789062,3810600
2004-02-27,17.1210993745455,17.36874426750325,17.1210993745455,17.35957145690918,3730600
2004-03-01,17.420715195247404,17.808997337231894,17.405428735510494,17.68058967590332,3783000
2004-03-02,17.73562098251145,18.019953570056018,17.45128956124902,17.515493392944336,4275000
2004-03-03,17.533842396148135,17.607219060786527,17.28314063858095,17.457408905029297,2976600
2004-03-04,17.457406608524643,17.576643818661807,17.277023546562102,17.408489227294922,2484400
2004-03-05,17.454352161319118,17.775372592284036,17.408491599917333,17.640850067138672,2424000
2004-03-08,17.640858331265736,17.864044090991953,17.616399042717788,17.70200538635254,2494600
2004-03-09,17.701995504470073,17.701995504470073,17.42989131954618,17.475751876831055,2096200
2004-03-10,17.47575495094919,17.53384398961691,17.133333206176758,17.133333206176758,1780800
2004-03-11,17.121081544259408,17.19458821481189,16.90974723759422,16.967941284179688,2315600
2004-03-12,16.93731544927615,17.203779220581055,16.906687859330358,17.203779220581055,2258200
2004-03-15,17.44880544036114,17.519249835268322,17.167026692364697,17.35079574584961,3212800
2004-03-16,17.412047395175925,17.580502618777345,17.320163471263548,17.433486938476562,2779200
2004-03-17,17.167026588834798,17.997046695384576,17.163964297060655,17.84390640258789,2682000
2004-03-18,17.978668079864654,17.98479383091925,17.736706170862046,17.856155395507812,3062600
2004-03-19,17.856152570102317,17.856152570102317,17.47942770261096,17.513118743896484,3946400
2004-03-22,17.546812643994883,17.684639122451323,17.356917865513765,17.491682052612305,1796400
2004-03-23,17.534561141828185,17.629508531068744,17.41204845689634,17.491682052612305,2375800
2004-03-24,17.491689226159068,17.53763062557395,17.01695442199707,17.01695442199707,2257800
2004-03-25,16.940380354807832,17.13946204317837,16.931191142345853,16.93731689453125,2058600
2004-03-26,16.967939665308755,17.1700847425931,16.93731091519455,16.94037437438965,1871000
2004-03-29,16.952627673632062,17.136396701384076,16.952627673632062,17.10883140563965,2175400
2004-03-30,17.121076996241825,17.59887373301415,17.121076996241825,17.519241333007812,2978000
2004-03-31,17.62644973501508,17.871474001340655,17.608073645270576,17.810218811035156,3788400
2004-04-01,17.837773391252984,18.039918435502724,17.565182817436476,17.690757751464844,3209800
2004-04-02,17.91741761905644,18.070557940586838,17.856161256770694,18.03993034362793,3158400
2004-04-05,18.070555817129947,18.413589769905364,18.070555817129947,18.3431453704834,4136000
2004-04-06,18.28494424420128,18.41970723003182,18.174683088354815,18.37989044189453,2276600
2004-04-07,18.376832962036133,18.560600824309464,18.251257983530255,18.376832962036133,2762800
2004-04-08,18.62185391533921,18.710675539550234,18.591226333098966,18.70454978942871,2395800
2004-04-12,18.713745573398644,19.05371725142143,18.713745573398644,18.91282844543457,2261600
2004-04-13,19.062902929618467,19.08127901581132,18.873008137596326,18.928138732910156,2846200
2004-04-14,18.928142242890907,18.955707545659454,18.637175417749113,18.91282844543457,2539000
2004-04-15,19.026150699828253,19.280364160715393,18.958769761769506,19.004711151123047,3611200
2004-04-16,19.081272684430548,19.28035545349121,19.03226785689723,19.28035545349121,2128600
2004-04-19,19.28035217668056,19.36304802815723,19.084332899861945,19.249723434448242,1540400
2004-04-20,19.173156326254094,19.173156326254094,18.65248047901303,18.732112884521484,3373600
2004-04-21,18.698426793065615,18.866880856930297,18.459528344979976,18.53609848022461,3064200
2004-04-22,18.53609878874229,18.983268105605486,18.53609878874229,18.909761428833008,3776800
2004-04-23,18.98325975453063,19.020013076748427,18.805617723505403,18.860748291015625,2178400
2004-04-26,18.974078909841197,19.167035969284104,18.95570165758128,19.06290054321289,1745600
2004-04-27,19.203792357454223,19.448816584690167,19.154787512007033,19.378372192382812,2673400
2004-04-28,19.326302816365526,19.546825192846537,19.265047639225344,19.277297973632812,2964000
2004-04-29,19.277290966590634,19.280354425354684,18.520779054909507,18.597349166870117,2801000
2004-04-30,18.80562584924527,18.909761280830875,18.551412437175173,18.744369506835938,2710200
2004-05-03,18.86688279361645,19.534574534957628,18.744371265669756,19.467193603515625,3250600
2004-05-04,19.54069894771684,19.552950450182358,19.295674740244397,19.369182586669922,3429000
2004-05-05,19.369183558515356,19.369183558515356,18.747433213421306,18.989395141601562,5250200
2004-05-06,18.958766955532475,19.56826460999442,18.643297187168013,19.556013107299805,6113600
2004-05-07,19.47943946934972,19.55294730394721,19.096588841663074,19.121091842651367,3077000
2004-05-10,19.268114138506128,19.268114138506128,17.932730421959096,18.000112533569336,6065600
2004-05-11,18.009301972870595,18.36765094065419,18.006239680454787,18.306394577026367,4010200
2004-05-12,18.376836589835616,18.750499307706637,18.26963884374203,18.569793701171875,3243000
2004-05-13,18.569788349477577,18.664734563406775,18.294135412724334,18.330888748168945,1845400
2004-05-14,18.40745858250935,18.84850327422114,18.39520824980315,18.631044387817383,2510200
2004-05-17,18.683119515436033,18.842385592493088,18.53304148393506,18.707622528076172,2223200
2004-05-18,18.68923466657491,18.68923466657491,18.162431877335894,18.284944534301758,2305000
2004-05-19,18.254317939566576,18.529970866078347,18.116492644678114,18.17162322998047,5404400
2004-05-20,18.208383277083556,18.551417247814722,18.19306947960203,18.4074649810791,3327200
2004-05-21,18.43808469017334,18.48708951907054,18.113426968499827,18.22368812561035,1876400
2004-05-24,18.346212875254615,19.023092885688943,18.343149414222612,18.882204055786133,3680400
2004-05-25,18.83625303328225,19.072089187073793,18.82093924009943,19.050649642944336,2008200
2004-05-26,18.95876114506827,19.026142052502593,18.62185193442767,18.643291473388672,2622800
2004-05-27,18.422777935825096,18.422777935825096,18.085868586170612,18.131811141967773,4598600
2004-05-28,18.116494203429085,18.337015395244816,18.09505465934099,18.18081283569336,2470200
2004-06-01,18.31557645139774,18.637170791625977,18.2481955256416,18.637170791625977,2808200
2004-06-02,18.68005204886099,18.73518147529513,18.471781172580467,18.634109497070312,2276400
2004-06-03,18.74437375178354,18.912827855282536,18.29414087673555,18.419715881347656,2015400
2004-06-04,18.37683738611605,18.438093744410008,18.11343586330953,18.4074649810791,2114000
2004-06-07,18.5269148662152,18.62186110885757,18.254324138160364,18.609609603881836,1764200
2004-06-08,18.680051055192955,18.80562603259099,18.48403052389847,18.52691078186035,3169000
2004-06-09,18.376835437688975,18.43809178948815,18.085868642918687,18.19306755065918,2618600
2004-06-10,18.269636919201208,18.56672828495089,18.269636919201208,18.551414489746094,1982000
2004-06-14,18.47472347579745,18.514604964685308,18.223158093781027,18.47779083251953,1907600
2004-06-15,18.82137982967668,19.082149452037687,18.634240764127426,19.002384185791016,3138400
2004-06-16,19.128166998777857,19.425750732421875,19.122032289277456,19.425750732421875,2002400
2004-06-17,19.526992691641546,19.879798203862684,19.42575242159044,19.77242088317871,3526400
2004-06-18,19.849113487147438,19.935015793876918,19.49017333984375,19.49017333984375,3775600
2004-06-21,19.603688460072906,19.800031939724054,19.573009059940254,19.790828704833984,2022000
2004-06-22,19.711066397220772,19.941156666449032,19.573012001623894,19.93195343017578,1892000
2004-06-23,19.941160634547803,20.70812835126118,19.941160634547803,20.631431579589844,3870800
2004-06-24,20.585404541645712,20.65289804732107,20.247939353867668,20.28782081604004,2402800
2004-06-25,20.217264493862736,20.567001499169386,20.134430690153764,20.43201446533203,3844200
2004-06-28,20.339980739011583,20.343046924036948,19.71106640012207,19.81844139099121,3183800
2004-06-29,19.680392720869488,20.376798400494923,19.680392720869488,20.04853630065918,2322400
2004-06-30,20.048528064428616,20.32770533121551,20.023984545032196,20.247940063476562,2705400
2004-07-01,20.355322843856452,20.425884904040675,20.195794587778696,20.339984893798828,1975200
2004-07-02,20.4473622158377,20.96583086209381,20.444293689239736,20.916746139526367,3960000
2004-07-06,20.922875583984506,21.137627920369916,20.922875583984506,21.110015869140625,2795200
2004-07-07,20.89220379669256,21.125362678804464,20.784828765654222,21.116159439086914,2546800
2004-07-08,21.11614445633202,21.459744311856756,20.88605426425093,21.10694122314453,2920800
2004-07-09,21.04558323386691,21.337032225935772,21.04558323386691,21.291013717651367,2301400
2004-07-12,21.214328018813372,21.260346551034612,21.085478001073714,21.1744441986084,2239400
2004-07-13,21.137626849393293,21.195914793525134,20.85538334334653,21.08240509033203,2313200
2004-07-14,21.005701234008004,21.45974457453731,21.005701234008004,21.45667839050293,2811600
2004-07-15,21.367714565284036,21.462817784276858,21.25113400977127,21.426002502441406,3006000
2004-07-16,21.653030600641856,21.653030600641856,21.37078707573531,21.597808837890625,2827400
2004-07-19,21.613142514605684,21.643823086092457,21.260339348497617,21.37078285217285,2183600
2004-07-20,21.32782972422173,21.478157028979716,21.14682653031981,21.36464500427246,2139200
2004-07-21,21.413743839978736,21.594747133585283,20.797101017898438,20.89220428466797,2641000
2004-07-22,20.714259015561456,21.16523631936384,20.64676783578223,21.057861328125,3559600
2004-07-23,20.984242601843526,21.152974138617072,20.941292585893873,21.137636184692383,1616400
2004-07-26,21.137623012436762,21.275676214730492,20.514845828660253,20.67744255065918,1884600
2004-07-27,20.680512648847913,21.241931076066063,20.64062884114346,21.12535285949707,1394200
2004-07-28,21.12535526637926,21.459752008651872,20.89526499177356,21.398395538330078,1930200
2004-07-29,21.291020000564192,21.39839499118145,21.054792680606965,21.159101486206055,2353000
2004-07-30,21.10694309260353,21.44747679429276,21.10694309260353,21.31862449645996,2727000
2004-08-02,21.232725958324668,21.426000907223226,20.787885787111016,21.3830509185791,2332400
2004-08-03,21.45975321759266,21.91993379272845,21.45975321759266,21.631555557250977,3147000
2004-08-04,21.567131156359117,21.594740868146047,21.01491351462551,21.048660278320312,3043400
2004-08-05,21.048657012835502,21.232728751323346,20.43201446533203,20.43201446533203,3838000
2004-08-06,20.435088697858212,20.517920184100966,20.04853630065918,20.04853630065918,2391000
2004-08-09,20.04853000642285,20.815497507361744,20.04853000642285,20.585407257080078,2103400
2004-08-10,20.723459496073414,20.754137723082962,20.404400785856975,20.600744247436523,2083400
2004-08-11,20.57007775772789,20.57007775772789,20.134438259460797,20.39827537536621,2718800
2004-08-12,20.39827231999883,20.533259384363884,19.947294937324372,20.020925521850586,2354000
2004-08-13,20.09761656387916,20.554728528015055,20.09761656387916,20.27861976623535,1898600
2004-08-16,20.401330979596192,20.5240462205255,20.263277796424806,20.514842987060547,3045000
2004-08-17,20.524053101638383,20.524053101638383,19.864460508525024,19.87980079650879,3338000
2004-08-18,20.201924685448354,20.30009643767316,19.898206192721485,19.99637794494629,3112000
2004-08-19,19.852182022949158,20.12829072895233,19.852182022949158,20.10988426208496,2477200
2004-08-20,20.24794804257922,20.64370367155615,20.14057302865519,20.28476333618164,3001200
2004-08-23,20.094551451818237,20.327710261436177,19.7570861703656,20.017854690551758,2613400
2004-08-24,19.787765620605843,19.990246206257964,19.637440614669888,19.800037384033203,3853000
2004-08-25,19.83377968651227,20.030123175981615,19.646639432393204,19.77242088317871,2486800
2004-08-26,19.649708152125378,19.787761364943506,19.395074382119542,19.717199325561523,6290200
2004-08-27,19.634371911712716,19.999449263437974,19.634371911712716,19.93502426147461,1880600
2004-08-30,19.956495553409713,20.122158475900374,19.6711835459661,19.72026824951172,3129200
2004-08-31,19.634367286435804,19.910476044521104,19.579145534818743,19.882863998413086,3488600
2004-09-01,19.959569691067674,20.39827537536621,19.864466430892474,20.39827537536621,4240600
2004-09-02,20.70505567580703,20.73880243582767,20.44735569812136,20.67437744140625,2757600
2004-09-03,20.674375376319038,20.827768873600288,20.53018511437882,20.695850372314453,1831800
2004-09-07,20.695855746832276,20.852317810058594,20.508715444302666,20.852317810058594,3264800
2004-09-08,20.852316506658628,21.09467856102488,20.80016326904297,20.80016326904297,2700600
2004-09-09,20.846173498194595,21.18977574429164,20.781748515913677,21.180572509765625,2794400
2004-09-10,21.180569429242905,21.235791168966305,21.021038918664875,21.10694122314453,2100200
2004-09-13,21.245200966087978,21.377311489549353,21.153029961252223,21.29128646850586,2639600
2004-09-14,21.41417404137127,21.438753283965863,21.15609902614477,21.303569793701172,1484000
2004-09-15,21.153032420022075,21.429543122664164,20.999415623443838,21.057790756225586,3482000
2004-09-16,20.95332974845135,21.220623813655287,20.830438188547532,21.156105041503906,1798400
2004-09-17,21.15609785793931,21.524777100478033,21.15609785793931,21.506343841552734,3298200
2004-09-20,21.71834644285994,21.918046430723052,21.613885787909947,21.841238021850586,2795200
2004-09-21,21.767511632633877,22.38197915843304,21.758294994788105,22.2867374420166,3137000
2004-09-22,22.274438265083838,22.424982088070834,22.056302668182425,22.203773498535156,3034200
2004-09-23,21.997926498098185,22.397331137613754,21.936480712329548,22.354318618774414,2845800
2004-09-24,22.354311782708525,22.747570316982824,22.308226285471996,22.655399322509766,2765600
2004-09-27,22.735284445651228,22.907334496779594,22.461846752676724,22.695344924926758,2545000
2004-09-28,22.704566890099528,22.91655651174596,21.841238751603285,22.169981002807617,11776400
2004-09-29,22.16997963116461,22.173050279747358,21.42954546558193,21.721416473388672,7627000
2004-09-30,21.798222410578823,21.936478933355836,21.66304122404926,21.81665802001953,3772400
2004-10-01,21.78286048334032,22.11774394800367,21.656893595086768,21.95183753967285,3989200
2004-10-04,22.0286410487079,22.120812036462063,21.81665152728227,22.108522415161133,2755600
2004-10-05,22.38196744612978,22.719923939667893,22.305159045598106,22.560163497924805,3578400
2004-10-06,22.67384781642325,23.057889938354492,22.550953868603838,23.057889938354492,3802600
2004-10-07,23.319038112466316,23.601692551646007,23.011804414921325,23.057889938354492,5737000
2004-10-08,23.060958027418827,23.257587384497278,22.830532779841878,23.07632064819336,3452400
2004-10-11,23.196127428827328,23.27907943595215,22.704554336222795,22.873531341552734,2933000
2004-10-12,23.04252425591492,23.1500555669745,22.686132088966847,22.72914695739746,2468600
2004-10-13,22.729137402531997,22.729137402531997,21.816653450546312,22.191478729248047,5638400
2004-10-14,22.37582572654703,22.621611222946722,22.283654700393043,22.421911239624023,3272200
2004-10-15,22.566301258372008,22.600097133320066,22.329732477741345,22.43419075012207,3091800
2004-10-18,22.544796838129074,22.67998034890963,22.13310501021511,22.163827896118164,2928600
2004-10-19,22.160761496509206,22.37582644981803,22.028650938221684,22.280582427978516,2314400
2004-10-20,22.434205022413565,22.842826429285395,22.42806137942622,22.809030532836914,3794000
2004-10-21,22.95035002721927,23.165414963413976,22.85818134942707,23.11932945251465,3538200
2004-10-22,23.334398354490073,23.733803098277512,23.217650393447894,23.460365295410156,3467800
2004-10-25,23.49108786873828,23.672356966362614,23.285241857136846,23.469581604003906,2684000
2004-10-26,23.33438353178624,23.816740036010742,23.319023263094547,23.816740036010742,2056600
2004-10-27,23.81674527620517,24.025664197224785,23.060950976518196,23.20227813720703,4614800
2004-10-28,23.12547054932415,23.315956212882412,22.326663709638794,22.46799087524414,5528800
2004-10-29,22.698408635255134,22.858171357334157,22.467983525491697,22.72606086730957,3561000
2004-11-01,22.91961846042613,23.045585319610236,22.46798484375033,22.738351821899414,2795200
2004-11-02,22.73835964971296,22.870470192968664,22.357388293715914,22.381967544555664,3117000
2004-11-03,22.689193163818228,23.03329552246772,22.47413065466576,22.928834915161133,2570600
2004-11-04,23.00564808836383,23.534090185672348,23.00564808836383,23.349750518798828,4724600
2004-11-05,23.395837480828792,23.810602343166586,23.395837480828792,23.626262664794922,2610600
2004-11-08,23.56481384297618,23.607826355185562,23.07324060057889,23.20227813720703,3289800
2004-11-09,23.119322774121542,23.31902503432707,22.86124773804482,22.919620513916016,4153000
2004-11-10,22.888909457665203,23.03330966418421,22.70764270923121,22.904272079467773,5617600
2004-11-11,22.81210096460634,22.95957416382141,22.772161429655604,22.910415649414062,2803400
2004-11-12,22.98107239004716,23.432703777166125,22.910407636303937,23.319028854370117,3935400
2004-11-15,23.319020491610868,23.319020491610868,22.812084804922634,23.02714729309082,4090000
2004-11-16,23.31902770580104,23.435775614924083,23.017937785212297,23.171554565429688,2606300
2004-11-17,23.32517335144504,23.620117313544778,23.196135807527583,23.386621475219727,2847300
2004-11-18,23.44191921432894,23.534087866680608,23.257577221613996,23.398906707763672,2190800
2004-11-19,23.570964051588646,24.0318144884346,23.349755466861545,23.767593383789062,3336600
2004-11-22,24.025667933347453,24.308324642685907,23.859763842744343,24.271455764770508,2438000
2004-11-23,24.547959009320167,25.09483430639594,24.394342247489632,24.756877899169922,4203700
2004-11-24,24.910502082573156,25.24845859048638,24.633991360096353,25.168577194213867,2549400
2004-11-26,25.426667350410504,25.586427878749006,25.340642270227647,25.35907554626465,821000
2004-11-29,25.48808942653719,25.48808942653719,24.892055720414383,25.15627670288086,2417800
2004-11-30,25.156285134685668,25.549546093056325,25.13170822929257,25.451229095458984,3363700
2004-12-01,25.50653347119376,25.50653347119376,24.67086001439485,24.81218719482422,4221000
2004-12-02,24.517244684352857,24.609413367222405,23.540241644293527,23.982656478881836,4475800
2004-12-03,23.964215293608717,24.351330196980946,23.693850631574197,24.30217170715332,2586300
2004-12-06,24.578682352419197,24.652417743154828,24.17313418736451,24.30217170715332,1880900
2004-12-07,24.51108784043628,24.51108784043628,23.325166362971714,23.423480987548828,3754700
2004-12-08,23.374327338584695,23.644691998986833,22.858174918540037,23.5832462310791,3035500
2004-12-09,23.656985553855836,23.8413252322275,23.288306197112504,23.626262664794922,2827900
2004-12-10,24.209998949153587,24.209998949153587,23.171548295702767,23.411190032958984,2234500
2004-12-13,23.65731403277277,24.167990842393852,23.589633436381423,24.124921798706055,2208500
2004-12-14,24.30334810224123,24.389486175677366,24.204904254444727,24.29104232788086,2178100
2004-12-15,24.364868005369093,24.715574264526367,24.18028613429987,24.715574264526367,2760000
2004-12-16,24.70327420796216,24.83863301341825,24.44485767557117,24.567913055419922,2972300
2004-12-17,24.567918313725475,24.73404276001421,24.524849273623207,24.703279495239258,3482800
2004-12-20,24.457164685703525,24.906314849853516,24.42640142595637,24.906314849853516,2245300
2004-12-21,24.678661217604823,24.93092367533567,24.678661217604823,24.863243103027344,1600900
2004-12-22,24.949385936202013,24.98014919848092,24.08800285696025,24.17414093017578,3253000
2004-12-23,24.180288612977723,24.610981254345994,24.167982840700223,24.241817474365234,1548600
2004-12-27,24.24797199917851,24.364873328743585,23.626545683152717,23.688072204589844,2458100
2004-12-28,23.565014993960045,23.94648456098725,23.565014993960045,23.80497169494629,1248000
2004-12-29,23.768060003844305,24.112612300159114,23.688073643448444,23.95879364013672,1273000
2004-12-30,23.96494058219815,24.10645342573244,23.78035871441802,23.952634811401367,1020800
2004-12-31,23.934183999617648,24.180292442890543,23.897266676937814,23.946487426757812,1286400
2005-01-03,23.952636822888117,23.952636822888117,22.703630320698604,22.888212203979492,4159600
2005-01-04,22.888218595674246,23.15278689619092,22.783620679450923,22.832843780517578,3047500
2005-01-05,22.838989819621816,22.980502679395663,22.47597775425897,22.519046783447266,4268300
2005-01-06,22.451374135597558,23.14663283501427,22.445220074420902,22.832843780517578,4270000
2005-01-07,22.820533898482914,22.90052024977862,22.549813932594812,22.771310806274414,2453700
2005-01-10,23.13432979429709,23.44196717106746,23.103566526037437,23.140483856201172,2594900
2005-01-11,23.472730224897298,23.558868305459075,23.226619411503652,23.31275749206543,3117900
2005-01-12,23.392742729373804,23.774212359343398,23.288144817249847,23.50349235534668,3535900
2005-01-13,23.595774248839383,23.940328786230864,23.38042912989831,23.423498153686523,3443000
2005-01-14,23.95879255391059,23.95879255391059,23.38043526339867,23.718835830688477,2548300
2005-01-18,23.995706722987343,24.297192276070955,23.97109517843234,24.241817474365234,2687300
2005-01-19,24.334111879937435,24.50023631669087,24.211056480814165,24.28489112854004,2008700
2005-01-20,24.106466569215527,24.37103491788149,23.81728666553713,24.15568733215332,2534200
2005-01-21,24.309502757750483,24.629445888579422,24.23567044973973,24.266433715820312,2326300
2005-01-24,24.51253839222049,24.5802189688792,24.383331298828125,24.383331298828125,1380200
2005-01-25,24.561758113496445,24.67250771667459,24.401787768398044,24.54330062866211,1938400
2005-01-26,24.592526206384175,24.93707847595215,24.38333275110949,24.93707847595215,2282800
2005-01-27,24.937082595233644,25.52774808522356,24.857098574920933,25.263179779052734,2512300
2005-01-28,25.26932424824903,25.26932424824903,24.610980702231227,24.697118759155273,2163600
2005-01-31,24.70327364580452,25.164729549421644,24.426399634217027,25.02321434020996,2300800
2005-02-01,25.164728352900575,25.546197891235348,25.103199493758844,25.54619789123535,2119900
2005-02-02,25.84152452005042,26.456798913384954,25.613873651700597,26.186079025268555,3768100
2005-02-03,25.939977225973124,26.06303261626258,25.42930052483846,25.496978759765625,2916000
2005-02-04,25.103196793893634,25.164725646417896,24.961683953716435,25.05397605895996,4098800
2005-02-07,24.900165132173104,24.980149144508157,24.500235682151995,24.740192413330078,2564700
2005-02-08,24.457160711736506,24.93707405765404,24.438703228304565,24.826324462890625,2872600
2005-02-09,24.770965154164003,25.18320053622944,24.549468173226632,24.887868881225586,2963700
2005-02-10,25.164732455114585,25.933825716614585,25.072440324900036,25.8599910736084,3142800
2005-02-11,25.860000572306838,26.19224954661473,25.693876085152894,26.124568939208984,2295000
2005-02-14,26.210698671408757,26.29068503162893,25.915367126464844,25.915367126464844,2405900
2005-02-15,25.921521187220655,26.16147792079468,25.79231172929993,25.915367126464844,2539500
2005-02-16,26.118408150420773,26.91211297540572,26.026116018367116,26.83212661743164,3221400
2005-02-17,27.004404471236505,27.065933345532578,26.16147884361611,26.204547882080078,3130400
2005-02-18,26.284515264363986,26.967470019807667,26.14915418574708,26.838260650634766,2780600
2005-02-22,27.195142103803416,27.718124657937697,27.08439247046658,27.10284996032715,4131800
2005-02-23,27.379725063465873,27.6012243383896,27.15822578854215,27.490474700927734,2320900
2005-02-24,27.65659129901798,28.296477389855575,27.47816111746182,28.271865844726562,3559400
2005-02-25,28.302628436441857,29.50241424175172,28.28417095157259,29.207082748413086,6010000
2005-02-28,29.520881925978998,30.056170295902582,27.687363471098877,28.788705825805664,5510400
2005-03-01,28.5487417936774,28.8440733139737,27.625829912594117,27.841175079345703,4369700
2005-03-02,27.41048484141784,28.776395298210637,27.41048484141784,28.647188186645508,4618300
2005-03-03,29.194767681196147,29.6685292010565,29.1209354181395,29.440876007080078,3997600
2005-03-04,29.502424520257545,29.96388057944691,29.133258264653918,29.816213607788086,3483800
2005-03-07,29.748537684070392,29.9638852871111,29.164028461600385,29.840829849243164,2943900
2005-03-08,29.74853629710121,30.39457672901566,29.74853629710121,29.83467674255371,2282600
2005-03-09,29.988480574685774,30.40686508111427,29.305525494769896,29.385509490966797,4959800
2005-03-10,28.517963859287303,28.88097580281239,27.724261768431838,28.364145278930664,6301000
2005-03-11,28.133062691520777,29.069802218814036,28.015968487425436,28.749340057373047,3503700
2005-03-14,28.909563836886246,29.31014496388675,28.404216712587424,29.297819137573242,3577500
2005-03-15,29.297826536835718,29.544336072629676,28.730850137777605,28.749340057373047,2442600
2005-03-16,28.7493326782199,29.550492578010097,28.656890156704847,28.700029373168945,3164300
2005-03-17,29.01433790678831,29.72921951757103,28.96503459181156,29.710729598999023,2642600
2005-03-18,29.71072243204485,29.907930942557424,29.55049139884497,29.716886520385742,2959800
2005-03-21,29.655253074529412,29.796996523894386,28.971185124747176,29.267000198364258,2656500
2005-03-22,29.42106877962448,29.840135030418008,28.69386163848578,28.847930908203125,2922500
2005-03-23,28.416539626565264,28.564444825346953,27.917354291127875,28.065261840820312,4159100
2005-03-24,28.207015546715567,28.706201063446432,27.935854349862037,28.287132263183594,2768100
2005-03-28,28.29328781718859,28.57061304363418,28.151544334985534,28.280961990356445,2590900
2005-03-29,28.163868833306214,28.804797692878218,27.658521711581244,27.82491683959961,3697700
2005-03-30,28.133058238658634,28.459684438570683,27.36887339155486,28.361080169677734,3768100
2005-03-31,28.780147826944535,29.507355164503068,28.700031126796933,29.42723846435547,3055200
2005-04-01,29.673761554442542,30.536548614501957,29.673761554442542,30.536548614501953,4329000
2005-04-04,30.8138648729913,31.22060779527833,30.160610091355807,30.524213790893555,5164500
2005-04-05,30.41326312451193,30.665936551581904,29.735359496053867,29.870941162109375,3765300
2005-04-06,30.01887556674849,30.4995736010524,29.673761681610532,30.191434860229492,3502100
2005-04-07,30.505725117651785,30.69060783000076,29.61828668782996,30.037355422973633,3736900
2005-04-08,29.612119715308058,29.79700240965545,28.89723823983006,28.90340232849121,3890000
2005-04-11,28.90955780589391,29.199208786558053,28.638396736298233,29.094440460205078,3668800
2005-04-12,28.977363479142387,29.051316108501826,28.385737742443464,28.496667861938477,3442200
2005-04-13,28.502816360167845,28.737002320409058,27.97898175661549,28.01595687866211,3686500
2005-04-14,28.348740588514048,28.915714271847495,28.009788725572523,28.05908966064453,4259600
2005-04-15,27.97897609427028,28.02827703065852,26.746422122732557,27.06072235107422,5496900
2005-04-18,26.49991599093662,27.52293590957356,26.487590166505978,27.424331665039062,3768800
2005-04-19,27.726321091781987,28.287133428334908,27.64620437201394,27.997482299804688,3751300
2005-04-20,27.763301755429094,28.089930439056563,27.171675901521777,27.214815139770508,4805900
2005-04-21,27.239461741161406,28.274807968493278,27.190158420378115,28.18236541748047,3244800
2005-04-22,28.083758983591427,28.66922294319838,27.892712156503645,28.398061752319336,2834500
2005-04-25,28.576774392735633,29.088285620209437,28.576774392735633,29.057472229003906,2905100
2005-04-26,29.057468214266816,29.230025061905238,28.767817204950266,28.82328224182129,3185700
2005-04-27,28.5644591490546,28.810971071852332,27.917368290350463,28.18853187561035,3230200
2005-04-28,27.948173292542275,27.978989036813594,27.430500290994434,27.73247718811035,3740600
2005-04-29,28.089923828665697,28.324107538073545,27.498295763073816,27.837247848510742,3895400
2005-05-02,27.837243937950305,28.656893858468653,27.498291900129168,28.63224220275879,2601000
2005-05-03,27.886538462190984,28.170025360792515,27.301074753576135,27.71398162841797,4149900
2005-05-04,26.653989836100823,27.750962538335525,26.653989836100823,27.61538314819336,4432000
2005-05-05,27.88654637197204,28.32410266795446,27.485965207479783,27.929685592651367,2885900
2005-05-06,28.102224211247435,28.28710915218315,27.381181404873,27.442808151245117,2347600
2005-05-09,27.559928775153043,27.95434597357402,27.516789541007746,27.90504264831543,2567500
2005-05-10,27.732482983048534,27.874226502852487,27.202484043226622,27.301088333129883,3116300
2005-05-11,27.307252706745032,27.824925821832057,27.05457906431635,27.7509708404541,3371800
2005-05-12,27.750963063521677,27.750963063521677,26.308874243546903,26.376665115356445,4600600
2005-05-13,26.52457306238494,26.68480411091907,25.581667283417,25.7850399017334,4684500
2005-05-16,25.741900891428422,26.308874830277972,25.020855289904997,26.18562126159668,3960500
2005-05-17,25.82201470167422,26.918987326354856,25.82201470167422,26.820383071899414,3107700
2005-05-18,26.980615712620835,27.479801102954713,26.395154239268628,26.703292846679688,2873000
2005-05-19,26.580045702482643,27.399693446130062,26.561555781318535,27.325740814208984,2135800
2005-05-20,27.331893536996564,27.331893536996564,26.6663153674624,26.703292846679688,2905300
2005-05-23,26.647828687762278,27.48596375297318,26.49992111689501,27.23945426940918,3566800
2005-05-24,27.288753516526324,27.609217940907207,27.122358391314464,27.553752899169922,2141500
2005-05-25,27.553756897399687,28.188524100704367,27.27643164847155,27.95433807373047,2532200
2005-05-26,27.861882628198245,27.98513849847945,27.726303286708088,27.874208450317383,2538400
2005-05-27,27.87422390474343,28.724687295208618,27.87422390474343,28.68770980834961,1825600
2005-05-31,28.52748006167607,28.576781028871437,28.145386399081858,28.287132263183594,2371200
2005-06-01,28.379568856597217,29.01433606665193,28.17003448305794,28.934219360351562,2149500
2005-06-02,28.940373712366444,29.18072141901179,28.663048531271542,28.88490867614746,2164600
2005-06-03,28.718513690558883,29.223860755648193,28.693864391730916,28.952699661254883,2296900
2005-06-06,29.112954735553053,29.45806868551279,29.014350414005637,29.408767700195312,2222800
2005-06-07,29.4642106879703,29.605954146994208,28.88490867614746,28.88490867614746,2409300
2005-06-08,28.88490555674944,29.70455518670034,28.823278790232877,29.303974151611328,3342500
2005-06-09,29.43340351295271,29.815497140687626,29.28549827394875,29.686077117919922,2535000
2005-06-10,29.655253279335408,29.821648377802724,29.069789566412005,29.316301345825195,3197000
2005-06-13,29.31938432925486,29.76997669007606,29.25148643091065,29.689733505249023,2380500
2005-06-14,29.628022750844156,29.84405947488625,29.47988160105551,29.831716537475586,2447600
2005-06-15,29.99219398433231,30.152678036000076,29.726776150916905,30.023056030273438,3131800
2005-06-16,30.121837856341916,30.374910584168795,29.998387228337975,30.356393814086914,2974000
2005-06-17,30.80079875120307,30.80079875120307,30.158857710708073,30.393413543701172,5442800
2005-06-20,30.535383662346668,30.782282455021054,30.25144663656655,30.677350997924805,4799900
2005-06-21,30.61560853118334,30.788440185803513,30.152670887941923,30.165016174316406,3288300
2005-06-22,30.399586743680484,30.6773499361211,29.99837298186362,30.615623474121094,4747300
2005-06-23,30.67735456631629,32.004441912195574,30.627973389263083,31.936546325683594,9551500
2005-06-24,31.936542524478387,32.01061192661806,31.263739372264755,31.615571975708008,4538900
2005-06-27,31.78839757196676,32.28837127464664,31.62173967107347,32.11553955078125,2852500
2005-06-28,31.572358254362843,31.78222348024386,30.96127933486056,31.078556060791016,4202900
2005-06-29,31.004489013385122,31.418048028517607,30.739071138428454,31.04152488708496,2526700
2005-06-30,30.955115052330363,31.732849684874225,30.955115052330363,31.282257080078125,3033900
2005-07-01,31.78839005952158,32.695748742855244,31.32545234020816,32.529090881347656,3086500
2005-07-05,32.60316242497223,33.467313833665095,32.59699095767182,33.374725341796875,2946600
2005-07-06,33.454974369496405,33.73890900721595,32.66489220395807,32.806861877441406,3381600
2005-07-07,32.529089594412525,33.77593541832298,32.41181053653427,33.65248489379883,2963700
2005-07-08,33.825327425011594,33.880880065011034,32.86858960690896,33.35004425048828,2746100
2005-07-11,32.99203559726395,33.69570070310654,32.84389445963332,33.59076690673828,2617100
2005-07-12,33.74506687841113,34.152454265713594,33.70803337383645,34.10307312011719,2640800
2005-07-13,34.189491135261115,34.312941656779664,33.399411564939,33.59693145751953,3800500
2005-07-14,33.57842756232678,33.86853369117572,32.41182215957698,32.609344482421875,3760200
2005-07-15,32.70191983737459,33.02289026833182,32.06615279690288,32.20194625854492,3556900
2005-07-18,32.09703044185827,32.20813573560387,31.615575738710117,31.936546325683594,2189000
2005-07-19,31.9427107843724,32.66489268058236,31.911848732800145,32.652549743652344,2068500
2005-07-20,32.83771618964822,32.911785565809545,32.189603850334855,32.75747299194336,2019000
2005-07-21,32.47351986181166,32.95497406363317,32.32537883953184,32.60314178466797,1891500
2005-07-22,32.86858812775881,34.12160585126232,32.85007136680023,34.10926055908203,2665500
2005-07-25,34.016665153887736,34.566017556165676,33.80062613138785,34.11542510986328,2750700
2005-07-26,34.44256913873618,34.54132910077967,34.072219869728904,34.368499755859375,2116500
2005-07-27,34.47343118538292,34.56601967994635,33.91173345976872,34.368499755859375,2622600
2005-07-28,34.21418159524466,34.6339119542202,34.13393840333447,34.57218551635742,2403200
2005-07-29,34.726505837731885,35.07216690312308,34.59071235334025,34.62157440185547,2439100
2005-08-01,34.751201232789214,35.12155293015009,34.63392449033464,34.95489501953125,1686600
2005-08-02,35.17093394725656,35.961013850396064,35.109209837807725,35.66473388671875,2745500
2005-08-03,35.86224456121193,36.473323446609854,35.3437541705972,35.553619384765625,2909200
2005-08-04,35.553612789155714,36.214070355858375,35.553612789155714,35.59064865112305,2308600
2005-08-05,35.74497920624014,36.09681183087734,35.14624542009923,35.62152862548828,2408800
2005-08-08,36.31900547822685,36.94860102746621,36.31900547822685,36.5659065246582,2866300
2005-08-09,36.65850594873611,36.726403878865405,35.92397871882335,36.1955680847168,2741800
2005-08-10,36.66466233006551,37.03501150324895,36.37455398647749,37.01649475097656,2737100
2005-08-11,37.03501099072864,37.238704681396484,36.81897436846509,37.238704681396484,3382200
2005-08-12,37.28190585784235,37.318939355767576,36.79427772843443,36.93624496459961,1960000
2005-08-15,36.726402577593575,36.78195521349252,36.195566802253275,36.29432678222656,1938300
2005-08-16,36.300483250552006,36.35603585989181,35.23881220744574,35.2449836730957,2868300
2005-08-17,35.245007856874,36.047435510071395,34.238891087371165,34.39320373535156,3815600
2005-08-18,33.99197985049865,34.812924025055935,33.9796345597583,34.59071350097656,3020900
2005-08-19,35.02894657055086,35.738785196208376,35.02277510498642,35.58447265625,2644900
2005-08-22,35.76965381342683,36.201729475719,35.54127187156981,35.91162109375,2898400
2005-08-23,36.127671937238034,36.29432985906325,35.44869731168984,35.94249725341797,2559200
2005-08-24,36.152361755820756,36.67085227228879,35.886943851282126,36.23260498046875,2813600
2005-08-25,36.10915669861883,36.42395343893123,36.01039670610672,36.349884033203125,1812300
2005-08-26,36.23259240294574,36.430112306879934,35.602996826171875,35.602996826171875,2248200
2005-08-29,35.72026660581119,36.843661724552014,35.504229988600464,35.97333908081055,2737700
2005-08-30,36.28197205207614,36.78811711209955,36.28197205207614,36.61528778076172,2716600
2005-08-31,36.61530492683336,37.584388167844224,36.47950904312193,37.510318756103516,3944900
2005-09-01,37.652272089158984,38.50407824817545,37.61523621976757,38.41766357421875,4309800
2005-09-02,38.26952914239591,38.27570061106188,37.29427226951549,37.49179458618164,2250800
2005-09-06,37.64609113396514,38.13371700763219,37.25104902388541,38.096683502197266,2225000
2005-09-07,38.23866971831275,38.85592023078067,37.98559710238585,38.460880279541016,3119400
2005-09-08,39.07812516139278,39.300333335980085,38.57815147066845,38.892948150634766,2480300
2005-09-09,39.5040165505555,40.022504507343584,39.4916712628287,39.70771026611328,3539400
2005-09-12,39.62746708510133,39.69536499434207,38.5040740903494,39.0472526550293,2893300
2005-09-13,39.06271505209187,39.507663682511854,38.661027411779315,38.741363525390625,2852600
2005-09-14,38.96384424493004,39.41497174384755,38.73519109778972,38.87732696533203,2339600
2005-09-15,39.087446802948456,39.28520128592714,38.3644074165738,38.68575668334961,2828000
2005-09-16,38.809333212182366,39.07506609956525,38.45090428618428,38.56214141845703,3786800
2005-09-19,39.70540791275194,40.620024831028836,39.58798963352309,40.28013229370117,3975200
2005-09-20,40.29249067647988,40.72508161571429,39.785744792969346,40.620025634765625,3767100
2005-09-21,42.02283752603615,42.02901867523801,41.03406582133179,41.509910583496094,4474000
2005-09-22,41.86835959063227,42.45544171371724,40.08238861406387,41.108238220214844,4079900
2005-09-23,41.10824932687437,41.10824932687437,39.73014913156873,40.00823974609375,3106800
2005-09-26,39.39023944808834,41.182388824214634,39.36551956105864,41.02789306640625,3627000
2005-09-27,41.71386078894835,41.71386078894835,40.70654999612694,41.577903747558594,2390500
2005-09-28,41.701501291710095,42.49869533456483,41.145315563688435,42.45543670654297,2641800
2005-09-29,42.57286109527309,43.475115976579126,42.455442781767246,43.370059967041016,4473600
2005-09-30,43.22789084282203,43.47508488216487,42.393615085519805,42.4183349609375,2453900
2005-10-03,42.70262709928819,43.12903690541872,42.41835546681332,42.73352813720703,2182100
2005-10-04,42.677915960692786,42.68409711251095,40.78688898035172,41.02172088623047,2970300
2005-10-05,40.84868778655234,41.68296414744037,39.025639267765975,39.0441780090332,5028500
2005-10-06,38.160434467739,39.544716852496215,37.14076199648441,38.2160530090332,5721600
2005-10-07,38.37056754855195,39.50147530065045,38.34584766084904,39.18012619018555,3342400
2005-10-10,39.180115090162516,39.21719255379431,37.92560825496073,38.20370101928711,3159000
2005-10-11,38.59303730418171,40.26159181006539,38.56213862688012,39.705406188964844,4023500
2005-10-12,39.79811122099657,39.921705950832155,38.65484111067049,39.1059684753418,3180100
2005-10-13,38.784615761799515,38.80933564995024,36.213806329580876,37.33853530883789,5957500
2005-10-14,36.96157870847004,38.48799571959841,36.28797687755431,38.333499908447266,3703100
2005-10-17,38.76608189222835,39.334627603995614,38.76608189222835,38.93293762207031,3204500
2005-10-18,38.33968330776187,38.43856053839606,36.51663215786339,36.64640808105469,5116000
2005-10-19,36.75765333856837,37.56721246303149,35.86157691296347,37.47451400756836,5177100
2005-10-20,37.38796797272518,37.38796797272518,34.990193498860194,35.54637908935547,5782900
2005-10-21,35.55255386021888,36.61548515408666,35.12614652734795,35.91716384887695,4731500
2005-10-24,35.7997620844234,37.56719417267671,35.410432061419016,37.264381408691406,3615100
2005-10-25,37.449760837271384,38.13572219756157,36.94301507438301,37.944149017333984,4085900
2005-10-26,37.8947268636948,38.46327259196778,37.07898928795332,37.542476654052734,3932800
2005-10-27,37.63516240559611,38.03067111438762,35.805931091308594,35.805931091308594,3872400
2005-10-28,35.8121314453217,37.59192394672179,35.31774529421587,37.32619094848633,4505800
2005-10-31,37.32617983002725,38.12955738094717,36.695836791097285,37.313819885253906,4207000
2005-11-01,37.15932074547188,37.16549953858961,36.46717804537604,37.07280349731445,4861000
2005-11-02,37.22729696021766,37.6351656459533,36.34975987429064,36.92448425292969,6061700
2005-11-03,37.319995550432715,38.46944438639381,37.07898254110246,38.24079132080078,4071700
2005-11-04,38.240806286849654,38.24698508242731,36.15202212615028,36.417755126953125,4670100
2005-11-07,36.27560877446095,36.28178756825355,35.058181301912164,35.2991943359375,4817900
2005-11-08,35.47222688709337,36.35594280913805,34.94693989681481,36.04695129394531,4696700
2005-11-09,35.978975752355346,36.467180595008095,35.28683300386779,35.62054443359375,4884800
2005-11-10,35.28683963064774,35.293020782776644,33.37727145627269,33.72334289550781,5602700
2005-11-11,33.9396314753215,34.47727848162108,33.630639918448935,34.01996994018555,3065400
2005-11-14,34.56378850393887,34.60704712425075,33.43905966099416,33.8654670715332,3559400
2005-11-15,33.98906862233934,35.77503930548988,33.86547153768353,34.79244613647461,4740100
2005-11-16,34.866615738810914,36.6587682047151,34.82953825053289,36.37449645996094,5464300
2005-11-17,37.06662529518439,37.06662529518439,35.89863763731696,36.24470901489258,4711200
2005-11-18,36.39919777379404,36.430096450723724,35.9233506053396,36.2199821472168,3568000
2005-11-21,36.67728391797003,37.511562241641606,36.25705536028753,37.425045013427734,3706600
2005-11-22,37.851465703392876,38.67956316981282,37.67843118597985,38.531246185302734,2764800
2005-11-23,38.53123893181774,38.562139967611664,37.70314162128666,37.93179702758789,3212800
2005-11-25,37.85145857787616,38.11101030513522,37.610445586159024,37.93179702758789,1125300
2005-11-28,37.789680772664916,37.79585956856965,36.33741856344985,36.66495132446289,3945800
2005-11-29,37.2396542632691,37.45594972609674,36.72054845286804,37.29527282714844,3327400
2005-11-30,36.776173462701635,37.62899080585648,36.64639757670937,37.20258331298828,5601800
2005-12-01,37.5115633424382,38.33966054129964,37.307627849305774,38.253143310546875,3917300
2005-12-02,38.413840286131865,38.80317040952437,37.91945413753295,38.494178771972656,3072600
2005-12-05,38.932961483962856,39.30375065036592,38.53745241115424,38.76610565185547,3755000
2005-12-06,39.55092421087288,40.00823045190658,38.85878369725987,39.581825256347656,4329700
2005-12-07,39.8289909362793,40.514952244927,39.49528200450308,39.8289909362793,4645800
2005-12-08,39.82283597995384,41.003181353191934,39.82283597995384,40.87340545654297,4191200
2005-12-09,40.786860781198556,40.7930419287432,39.822809216935326,40.35427474975586,3538400
2005-12-12,41.361604469052715,41.720035758728876,40.811599948441796,41.02789306640625,3846800
2005-12-13,41.72390840268944,42.317842453952316,41.24752070146192,41.45168685913086,4318600
2005-12-14,41.4516833300818,42.0579936108882,40.771134249293134,41.977561950683594,3571800
2005-12-15,41.85381810230883,41.90949718983268,40.64120253228804,41.00003433227539,3786300
2005-12-16,41.0495320304794,41.06190830842991,39.63275029583578,39.7008056640625,4646800
2005-12-19,40.02872432174188,40.21433081356446,39.1007036630519,39.39767074584961,3006200
2005-12-20,39.397668949215664,40.31950378417969,39.36054718052708,40.31950378417969,3146400
2005-12-21,40.350426330735914,40.83299736252074,39.71936827365777,39.92353439331055,2684700
2005-12-22,40.24526652012618,40.288574071891965,39.52140734331252,39.713199615478516,2545500
2005-12-23,39.09452258202467,39.57709624380115,38.314984143901135,39.50904083251953,2142200
2005-12-27,39.131633571775524,39.13781935287545,37.968510837988454,38.32115936279297,2804500
2005-12-28,38.543885447023676,39.502842008305564,38.42014858361342,38.94602966308594,2643000
2005-12-29,38.809920336124094,39.459535943340434,38.48201964183339,38.611942291259766,1969900
2005-12-30,38.32735646536743,39.19350998701932,38.04276326654259,38.692378997802734,2071100
2006-01-03,38.828471106077416,40.2081313213101,38.73567024644776,40.02252960205078,4101200
2006-01-04,40.02253667428711,40.99386714257138,39.59564462027084,40.826820373535156,5681000
2006-01-05,40.826822822501306,40.83301096399164,39.78743690006567,40.31950378417969,5543500
2006-01-06,40.98768276347936,41.55068565277964,40.7649568644341,41.19803237915039,3472000
2006-01-09,41.513548539796865,41.513548539796865,40.746384416437095,41.11140441894531,3030600
2006-01-10,41.11141446568508,41.822899665652855,40.96293211652872,41.17328643798828,3526400
2006-01-11,40.894872652250456,40.9567398982263,39.929730398556,40.44942092895508,3972700
2006-01-12,40.523663268640554,41.50736519528255,40.31949711475208,40.51747512817383,4503600
2006-01-13,40.51131907264204,40.86396779476351,40.16485377499593,40.61030578613281,3253400
2006-01-17,41.45169063074825,41.860022983239574,41.14234965589192,41.77340316772461,2951500
2006-01-18,41.73011033590737,41.748674765887074,40.14009735324469,40.78352737426758,3326500
2006-01-19,40.78350240438887,42.23740366473172,40.44941367185677,42.23122024536133,4178700
2006-01-20,42.676701166125305,43.2891952358715,41.74248970204829,41.98996353149414,4426900
2006-01-23,41.903337881854895,42.3116655858089,41.191852570838456,42.03944396972656,3993500
2006-01-24,41.420745930073664,42.34258523970762,41.38981467119733,41.89094543457031,3010500
2006-01-25,41.97756874851753,42.0085047336318,39.62658020505945,40.245262145996094,4634100
2006-01-26,40.36898534369996,40.4061047393096,39.038818599069494,39.979217529296875,5154500
2006-01-27,40.523664468408,41.20421361468348,40.127708429841604,40.49891662597656,3382100
2006-01-30,40.67834142984552,42.31784967105181,40.67834142984552,41.884769439697266,2871400
2006-01-31,41.426938326054795,42.398268693717384,41.39600706400062,42.20029067993164,3141300
2006-02-01,42.6890543562295,42.87466082845448,40.659778324667606,40.826820373535156,4704100
2006-02-02,40.653603645889255,41.19804224044676,39.89262724214242,40.38138198852539,5330100
2006-02-03,40.22051574144039,40.399934077153674,39.47190877245015,39.81218338012695,3644000
2006-02-06,40.20193877404987,41.23513607587105,40.19575063542916,40.622642517089844,4003000
2006-02-07,39.904982796999434,39.91117093768486,38.1046185512591,38.41395950317383,5274300
2006-02-08,38.42015081764922,38.66762455885973,37.3127118439477,38.04894256591797,5010900
2006-02-09,38.26548126545585,39.10070339262722,36.502238486012786,36.644535064697266,5592600
2006-02-10,37.077613692887304,37.077613692887304,35.62989766990811,36.45274353027344,5593200
2006-02-13,36.60740150556225,36.718764419988574,35.704126630845515,35.883544921875,4301100
2006-02-14,35.72888437435425,36.62597371810818,35.017399152735926,36.35375213623047,6086500
2006-02-15,36.613591858748826,36.95386640225195,35.512338927383986,36.062965393066406,5090500
2006-02-16,36.15577213259603,37.659169452593915,36.15577213259603,37.40550994873047,4538200
2006-02-17,37.770547965967744,38.20362597945228,37.34365809615195,37.56019592285156,3136700
2006-02-21,38.976955584446415,39.28629650178329,38.22216299091759,38.47582244873047,3554200
2006-02-22,37.584937477111815,38.41397158335603,36.898199970286804,37.12092590332031,3683100
2006-02-23,37.09000535783018,37.91285161178879,36.539378473586126,37.12712478637695,4708700
2006-02-24,37.80146361071615,37.97469614970318,37.60967372981205,37.72722244262695,3102200
2006-02-27,37.73342953449319,37.85716409009126,36.916766835016695,37.04669189453125,3474700
2006-02-28,36.74972389864105,36.94770201531359,36.11866776671534,36.273338317871094,5363100
2006-03-01,36.576469181985445,36.85487647790723,36.24238278696319,36.60740280151367,4423800
2006-03-02,36.50223139918917,37.58492470340241,36.50223139918917,37.424068450927734,4711500
2006-03-03,37.151851622744935,37.82002927952122,37.151851622744935,37.62205123901367,2653400
2006-03-06,37.24465996146937,37.31890114680402,35.68558090893329,35.90211868286133,4541500
2006-03-07,35.90212853644942,36.01349152505811,34.788501010447916,35.27107238769531,4279700
2006-03-08,34.76373949261419,35.81549932718342,34.398717031207354,35.5927734375,4561400
2006-03-09,35.994914559618856,36.19289258667083,35.06070353188838,35.07926559448242,3808200
2006-03-10,34.862715571411094,35.38859647349723,34.2131002077363,35.165870666503906,4477000
2006-03-13,35.78146122513345,36.822917644165855,35.58308879910688,36.655540466308594,4558300
2006-03-14,36.69893433292276,37.61020692713441,36.37037808051395,37.47382736206055,3604700
2006-03-15,37.40562278641687,37.591596572782834,37.01507617969885,37.430419921875,2734700
2006-03-16,37.39324184485535,38.24872450313229,37.09568317345167,37.94496536254883,3649400
2006-03-17,38.143325103158205,38.143325103158205,37.380830818304716,37.50481414794922,2958400
2006-03-20,37.504828441604886,37.51102654629591,36.26499940221299,36.51296615600586,3907700
2006-03-21,36.271202364995915,37.23826999657173,36.0728298813065,36.41998291015625,3752000
2006-03-22,36.27739990280218,37.33745322022504,35.97364073151485,36.12242126464844,4882300
2006-03-23,36.4323689934913,37.399436293464134,36.395173278758826,37.10187530517578,3735200
2006-03-24,37.16387683183367,38.4347011551349,37.15147825736411,37.78998947143555,4071400
2006-03-27,37.78998240635185,37.796182874820545,37.00889127908999,37.57301330566406,3319100
2006-03-28,37.81477530575301,38.769443971184494,37.75898291972687,38.304508209228516,3542100
2006-03-29,37.994558798531635,39.20959060384522,37.994558798531635,39.06081008911133,3070200
2006-03-30,39.06078930792057,39.45753634787087,38.51526656196041,38.781829833984375,3549900
2006-03-31,38.403697034453664,38.558675632361236,37.504820693632595,37.920162200927734,3905200
2006-04-03,38.589677526554695,39.0546134003686,38.21772977341802,38.298316955566406,3543000
2006-04-04,37.69079222200803,38.77564234069535,37.35603790355026,38.50907897949219,3999900
2006-04-05,38.69504667845621,38.94301332647573,37.91395575732958,38.79423522949219,2893300
2006-04-06,38.93062892420529,39.10420658689685,37.845778582723845,38.14333724975586,3966800
2006-04-07,37.78378728853401,37.907770655061604,36.67413982353035,37.070884704589844,4853000
2006-04-10,37.808585227754946,38.31071444378311,37.4180384426772,37.876773834228516,3463000
2006-04-11,38.285909023734185,38.60206666493058,37.44282749837675,37.48622131347656,2968900
2006-04-12,37.28785046755123,37.75278624712276,36.89110328256356,37.194862365722656,3022400
2006-04-13,36.88492462244587,37.68461515239734,36.23401466088951,37.2630729675293,3574300
2006-04-17,37.969759856701145,38.366504724185006,37.65980263338113,38.32931137084961,2557200
2006-04-18,38.5586862310959,39.74892341987849,38.5586862310959,39.531951904296875,4639300
2006-04-19,39.18477716766041,40.387412264516385,39.15378192970522,40.10844802856445,3646100
2006-04-20,40.44941200286503,40.44941200286503,38.53387653526437,39.2095832824707,4530500
2006-04-21,39.364571709111594,39.92249571861978,39.0422158774831,39.76751708984375,5208500
2006-04-24,39.67453121865823,39.67453121865823,38.34171398961689,38.76325607299805,3475100
2006-04-25,39.01740111558205,39.56292630474566,37.72798073594141,38.3726921081543,3794100
2006-04-26,38.37271576901887,38.837651732142106,36.82912733094363,37.14528274536133,5737000
2006-04-27,36.63695518577073,37.6784119959559,35.992245741435845,36.90351867675781,4062900
2006-04-28,37.170084816683996,37.96357724014633,36.85392936042641,37.2630729675293,3986700
2006-05-01,37.71558621235673,38.12472955691267,37.49241668536524,37.67839050292969,3320000
2006-05-02,38.12473312611611,39.469946151729125,38.081339310114764,38.92442321777344,5740300
2006-05-03,38.62066442351426,39.55053596997826,38.335504383480526,39.11039733886719,6116400
2006-05-04,38.713648847719035,39.259174098646625,37.957352638350244,38.47808074951172,4813200
2006-05-05,38.99261118484895,39.3459621536342,38.688852131353244,39.21577835083008,3703600
2006-05-08,38.124735208347225,39.11659729224359,37.913964219921034,39.00501251220703,2985300
2006-05-09,39.00500729193271,39.25917442949929,38.22391630100064,38.64545822143555,4414300
2006-05-10,38.434687605304696,39.11659240722656,38.13092854985395,39.11659240722656,3948200
2006-05-11,39.50714628547744,39.71791728597733,38.434694606835215,38.72605514526367,4727600
2006-05-12,38.24252353273268,38.37270737115428,36.922107389082036,37.03989028930664,5506900
2006-05-15,36.729939776985525,36.73613788243338,35.42812007257659,36.04803466796875,5105200
2006-05-16,36.450972986933515,36.6989397386976,35.68228031308004,36.36418533325195,4531200
2006-05-17,36.010819533476514,36.48195333155859,34.59121530755232,34.963165283203125,5224200
2006-05-18,35.33512075024033,35.60168413104781,34.2440724482825,34.3680534362793,4995100
2006-05-19,34.49823896245873,35.669876856352985,34.00230552681627,35.40951156616211,7320700
2006-05-22,34.62223219941363,35.80626908436697,33.76675168647273,35.54590606689453,4961200
2006-05-23,36.04800924042132,36.698918633487274,34.62220478492419,34.85777282714844,4226000
2006-05-24,34.219287694323434,35.06857006648158,33.20882619575516,33.78534698486328,6877200
2006-05-25,34.40524273458876,35.105746537090546,33.8349227288601,34.789588928222656,3846400
2006-05-26,34.870184555212795,35.65747611694477,34.5726259307826,35.34751892089844,2276100
2006-05-30,35.893051233474026,36.079025114338336,34.74000986141461,34.80820083618164,2391100
2006-05-31,34.81438712377872,35.58928000168048,34.492031402797345,35.558284759521484,4637800
2006-06-01,35.18015632940702,36.234011705624134,34.932189523901805,35.54590606689453,3734800
2006-06-02,35.738080585127236,36.09762985310931,35.20495360676617,35.998443603515625,3883500
2006-06-05,36.4509706014623,36.58735254248589,34.76480484008789,34.76480484008789,3687200
2006-06-06,34.71522688701518,35.55211087498371,34.46726003476449,35.142967224121094,4317900
2006-06-07,34.83298435929166,34.932170554675295,33.475372866580855,33.56216049194336,5212300
2006-06-08,33.01044013947578,33.983705509334754,32.29133956624013,33.84112548828125,7544700
2006-06-09,34.15108365614914,34.15108365614914,32.66948865037757,32.9112548828125,5203500
2006-06-12,32.92984731299091,33.35138923077105,32.14255585963051,32.173553466796875,4752800
2006-06-13,31.69704342077395,32.01388855595857,30.40480689073297,30.504209518432617,8023500
2006-06-14,30.64710671959169,32.43635423431744,30.516638829395248,32.41771697998047,6890900
2006-06-15,32.89608939028706,34.219388814810735,32.802898388721566,33.95224380493164,6735600
2006-06-16,33.548424008688954,34.16969111996097,32.8153286277923,33.90876007080078,4935500
2006-06-19,33.703733513585746,33.709945140581844,32.392859812483586,32.47362518310547,4194700
2006-06-20,32.541973197178955,33.163240332222756,32.31831664937182,32.39286804199219,3686900
2006-06-21,32.52331520889227,33.83418850290665,32.479826723588495,33.2812614440918,3847300
2006-06-22,33.23777904595394,33.635389481518054,33.00791095725815,33.405521392822266,2419200
2006-06-23,35.120208353893574,35.28795065952015,34.56106970508287,34.592132568359375,6423300
2006-06-26,34.790954723582466,35.17613963015162,34.13241079884848,35.145076751708984,4333700
2006-06-27,35.41222832984754,35.96515572633272,34.98355484008789,34.98355484008789,4329000
2006-06-28,35.157503545278594,35.37494607154782,34.716404494877715,34.95869827270508,4035100
2006-06-29,35.60482539906356,36.23851825084154,35.10159809531289,36.15153884887695,4254500
2006-06-30,36.96538596356847,37.897286450044994,36.940534715142185,37.530738830566406,6283000
2006-07-03,38.481275564536254,38.481275564536254,37.89728546142578,37.89728546142578,2308400
2006-07-05,37.90350347814213,38.437793545712246,37.43755316850946,38.2327766418457,3883500
2006-07-06,38.232772682624,38.56204344228389,37.85379942417628,38.226558685302734,3486500
2006-07-07,38.67389491109615,39.357288090060415,37.79169635752603,37.872459411621094,5708700
2006-07-10,37.959418727917516,38.23898939591903,37.313302747359025,37.717124938964844,3009700
2006-07-11,37.97182844892139,38.48748106168114,37.49966669514112,38.120933532714844,3197800
2006-07-12,38.176878368205884,38.39432098837973,37.45620835141236,37.61773681640625,3999100
2006-07-13,37.83515803201507,37.89107215206023,37.08342322475343,37.19525146484375,4318100
2006-07-14,37.65498980052257,38.15821450766911,36.59883552326237,38.133365631103516,3695800
2006-07-17,37.741976875809,37.95941941600401,36.65475943494207,37.114498138427734,4497900
2006-07-18,37.5183140513224,37.68605642705944,36.48079929058598,36.98402404785156,3956700
2006-07-19,36.84734459295362,37.51831168361279,36.71687672898358,37.331932067871094,2836300
2006-07-20,37.431338629937734,37.648781142880274,36.65475484093487,36.68581771850586,2906200
2006-07-21,37.263587815587314,37.26980181166287,35.5302526219431,35.623443603515625,4058200
2006-07-24,35.8098361695735,37.26981531342861,35.753922034362944,37.1766242980957,3352500
2006-07-25,37.58665481218409,38.50612971989033,37.38784955483926,37.94077682495117,3887100
2006-07-26,37.94699955854059,40.20841165892219,37.89729704778901,39.636844635009766,5464400
2006-07-27,40.1649154878604,40.1649154878604,38.89131614709706,39.13982391357422,4918400
2006-07-28,39.13981916588255,39.60576939404782,38.754634307517314,39.357261657714844,2605200
2006-07-31,39.85427952875975,40.26431328947726,39.487731899080224,40.15869903564453,3408400
2006-08-01,40.30780248775612,40.817241253758134,39.854280218209475,40.233253479003906,4440200
2006-08-02,40.972560077354125,41.9293119037438,40.41342352391504,40.84830856323242,4943300
2006-08-03,39.85428399200126,40.45069981794944,39.605776212883264,39.9288330078125,2982500
2006-08-04,39.97231809452743,40.270528351939134,39.07769680207479,39.29513931274414,3031500
2006-08-07,39.57471930731867,40.189774850016434,39.239234465847154,39.85429000854492,2604200
2006-08-08,39.854273021482726,39.90397551160326,39.04662414664029,39.15224075317383,4360800
2006-08-09,39.21436271244046,40.3761310525499,39.20815108674728,39.47529602050781,4879200
2006-08-10,39.2392241820887,39.56849493837917,38.854039300206864,39.48773193359375,4135900
2006-08-11,39.556073202755094,39.624412959635066,39.0155715155297,39.33863067626953,2672700
2006-08-14,38.785700651905174,38.97208028585602,37.84758611477106,38.475067138671875,3844800
2006-08-15,38.65524334766936,38.75464599819916,37.99669930669313,38.54341506958008,4043700
2006-08-16,38.45642168407523,39.1149630749075,37.965620269060345,38.08366012573242,3513200
2006-08-17,37.866222245926764,37.88485949661984,37.307081025680446,37.36299514770508,3962800
2006-08-18,37.518329112487756,37.835176739388814,37.03374141245848,37.80411148071289,3454000
2006-08-21,38.12716455334225,38.32596985290114,37.648788560670496,37.828956604003906,2425200
2006-08-22,37.903502990696104,38.73600096133155,37.897291362757045,38.66766357421875,3820000
2006-08-23,38.58067119296549,38.673862170269445,37.92834146167284,38.14578628540039,2485100
2006-08-24,38.301109856546105,38.897525582199194,38.021539244538275,38.86646270751953,2565400
2006-08-25,39.357264920429486,39.792154680037235,38.996931279814994,39.11497116088867,3686600
2006-08-28,38.48750686645508,38.87890590013297,38.36325294164265,38.48750686645508,2518400
2006-08-29,38.3073184839981,38.92237378225581,38.23897874308666,38.64280319213867,3742300
2006-08-30,38.64280554726191,38.80433391476007,37.462397370357415,37.97183609008789,4096100
2006-08-31,37.89108956835171,39.27651521299623,37.62394446867242,38.82299041748047,5055300
2006-09-01,39.57471930731867,39.978541546915544,39.45667702794192,39.85429000854492,4039600
2006-09-05,42.05977943421464,46.43971424564705,41.92931391615768,44.818206787109375,25269200
2006-09-06,45.04186672959452,45.16611825909866,42.867431784027886,42.8736457824707,14663500
2006-09-07,42.531943288654944,44.01677121532523,42.308286762974,43.40171813964844,9386500
2006-09-08,43.488690404669605,43.7993239075601,41.79884339056272,41.97279739379883,6908700
2006-09-11,41.475796235682,41.56277325743717,40.28917370476295,40.885589599609375,9796900
2006-09-12,40.84830580627375,41.469572814734185,39.73623729234263,40.50660705566406,7970500
2006-09-13,41.10593345375872,42.25727199506335,40.92545263946028,41.61625671386719,8655400
2006-09-14,41.634904455408616,41.902513143203116,39.98568834449455,40.28441619873047,7199600
2006-09-15,40.35912012332595,41.4855691368138,40.07906644072665,40.81343460083008,7548900
2006-09-18,40.81343536033037,41.80296282217517,40.52093209859121,41.59758758544922,6203400
2006-09-19,41.69716854805813,41.759402178356275,39.63098068455683,40.02928161621094,7651800
2006-09-20,39.79901579373,40.1164111183793,38.386290492831066,38.53565216064453,8652400
2006-09-21,38.54807358242233,39.382016521196334,38.42360640050387,38.933929443359375,7187600
2006-09-22,39.20156231441584,39.207784727722384,37.65192025440007,37.8759651184082,7653600
2006-09-25,37.340743942084046,38.143570506613386,36.32009732085011,37.73282241821289,9021400
2006-09-26,37.58967542838293,38.485852243413575,37.42786424188152,38.056434631347656,9551900
2006-09-27,38.572971371040666,39.07084726481124,37.539878001194396,38.684993743896484,9224200
2006-09-28,38.685002005594136,39.462933997642004,38.280476420105224,38.39872360229492,7478700
2006-09-29,38.12487832339319,39.506485877034606,38.12487832339319,39.30111312866211,5010800
2006-10-02,39.270013669040054,39.456719282798744,38.08133344828696,38.274261474609375,5838000
2006-10-03,37.35318826150289,37.732819508825656,36.78062899735993,36.842864990234375,7406500
2006-10-04,36.99846101124143,38.193363895745044,36.43834880034224,38.019107818603516,7560000
2006-10-05,38.927715773481964,39.021068560631846,38.30537018997606,38.74101257324219,5995800
2006-10-06,38.74102827852131,38.95884837142677,37.963095983771886,38.834381103515625,4722100
2006-10-09,39.2077836187167,39.59363733244961,38.205806546388665,38.305381774902344,5178700
2006-10-10,38.31161651427563,39.86125893300877,38.27427490361003,39.643436431884766,7618300
2006-10-11,39.332241040848295,39.79900022478069,38.89659866103273,38.99617385864258,5595600
2006-10-12,39.189116180307614,39.78034279701221,38.971293723677796,39.60608673095703,4556800
2006-10-13,39.861243031491924,40.86944000259682,39.76166544277399,40.27821350097656,4615300
2006-10-16,40.51468336867496,41.82160771964155,40.16617147458212,41.703365325927734,5440400
2006-10-17,41.84030846156499,41.91498691562293,40.98146825492701,41.38599395751953,4869900
2006-10-18,41.547801526852744,41.989666417535666,40.77608941670246,41.34242630004883,4821700
2006-10-19,41.684707997990635,42.686679988531914,41.385980037867874,42.53109359741211,5719600
2006-10-20,42.64310609833765,42.68045005226637,41.361076052261765,41.939857482910156,5161500
2006-10-23,41.93364750068675,42.10168348238134,40.88188659813947,41.39842987060547,4188300
2006-10-24,41.634923872836545,43.14722395369419,41.354865488606386,42.94184875488281,5126500
2006-10-25,42.848506519096546,43.62021396611073,42.3381831632792,43.1596794128418,5493900
2006-10-26,43.50196889903903,43.50196889903903,42.17014937314127,42.63068389892578,4287200
2006-10-27,42.506217811567076,43.17212759274297,41.76562482898142,41.80918884277344,3466400
2006-10-30,41.186840205010995,41.659824284733695,41.05614817274309,41.25529861450195,3038700
2006-10-31,41.006361023128,41.59758758544922,40.52715688555537,41.59758758544922,5907600
2006-11-01,41.35486810937786,42.2510473987151,40.87566402990322,41.34864807128906,4865900
2006-11-02,41.168181327673246,42.16393379611194,41.0001452794266,41.722068786621094,3588900
2006-11-03,41.96477659590462,43.25303218471886,41.952331769341484,42.75515365600586,4873500
2006-11-06,42.42530026697464,42.966742671965775,42.28216343166501,42.84849548339844,3634000
2006-11-07,42.568432634454176,43.06008614327843,42.11411833577984,42.4626350402832,4199200
2006-11-08,42.331939200335945,43.408599014160785,42.32571916392612,43.17832946777344,3750400
2006-11-09,43.39616622387121,44.7653248164677,43.34637743007334,44.236331939697266,7153100
2006-11-10,44.06207066808208,44.19898271255866,43.31525309431449,43.620201110839844,4590800
2006-11-13,43.4397250640025,44.142973887289166,42.84849389125481,43.620201110839844,4029300
2006-11-14,43.937591647672164,44.06206359738599,43.2156733318095,43.557960510253906,3187300
2006-11-15,43.87536889900908,44.429256154905794,43.65132408222833,43.95627212524414,3563300
2006-11-16,44.093186243360094,44.43547823373228,42.86094457426075,42.867164611816406,5071900
2006-11-17,42.24481157934632,43.61397455248245,41.92119400278363,43.53929138183594,4606300
2006-11-20,43.53931636054464,43.73846684840281,42.811172834449685,43.128570556640625,3329200
2006-11-21,43.346380038307494,44.759102723453154,43.2219080463231,44.42926025390625,5157800
2006-11-22,44.248787804464754,44.44171824153881,43.35261303310483,44.030967712402344,3948100
2006-11-24,44.248780815700925,44.684425679140816,43.85047992508918,43.85670471191406,1105200
2006-11-27,44.1865505594798,44.503948238043044,43.13478466760879,43.24680709838867,3927900
2006-11-28,43.371272489294306,44.47282226719987,43.371272489294306,43.95005416870117,4181300
2006-11-29,44.24877245715903,45.4498996889276,44.04962204947244,45.26319885253906,5506600
2006-11-30,45.41877702703357,46.02867296275791,44.93334354489539,45.66149139404297,5070300
2006-12-01,45.36900211907751,45.785972595214844,44.69686762886994,45.785972595214844,3547000
2006-12-04,45.66771043394387,45.67393521832913,44.945792133189535,45.47478485107422,2526300
2006-12-05,45.70506869063801,46.215391963137144,45.36900145048675,46.07225036621094,4243700
2006-12-06,46.06602194612892,46.358525155120155,45.58059310913086,45.58059310913086,3471200
2006-12-07,45.63661918492633,46.03492012171428,44.989378975615494,45.83576965332031,3755900
2006-12-08,45.8357663990424,45.9540088653014,44.77155571398322,44.85245895385742,5011600
2006-12-11,44.62841584650849,44.6470854604318,43.707346740066804,44.3047981262207,5514400
2006-12-12,44.43546718984949,44.86488233235758,43.81934650842895,44.192752838134766,5372800
2006-12-13,44.50631600079768,44.93018585816488,43.926611706982094,44.30061340332031,4015600
2006-12-14,44.60603450948838,45.191973340831105,44.41903609390476,45.04237365722656,4550500
2006-12-15,45.04237731804124,45.148343571053175,43.845565484869574,44.05750274658203,4615800
2006-12-18,44.05749176121173,44.11358984975213,42.28098095545468,42.52408218383789,5807000
2006-12-19,41.94439051996742,43.42793239655518,41.76362203302243,43.23469924926758,4797000
2006-12-20,43.49649034638619,43.66479413595381,42.70485380738599,42.817054748535156,4113500
2006-12-21,42.88561349095165,43.15987870329129,42.299674834054024,42.7858772277832,2996900
2006-12-22,42.792135010161665,42.87940190965209,42.268528857529795,42.45553207397461,2094200
2006-12-26,42.698616302218035,42.78588316676027,41.682577947512,41.88204574584961,3014400
2006-12-27,41.9506151308475,42.14384823162563,41.28364420436517,42.06904602050781,3542200
2006-12-28,42.175023817658186,42.38072160898864,41.782318090496986,42.01295471191406,2169800
2006-12-29,42.01295201860453,42.01295201860453,41.47688134262987,41.81348419189453,2707400
2007-01-03,41.15898765443179,41.296122709623084,40.04321259846266,40.429683685302734,6297900
2007-01-04,40.43592185744034,40.43592185744034,39.41988065153297,39.70661544799805,6471600
2007-01-05,39.74400036095846,40.97197844908838,39.73776803183228,40.716407775878906,6938100
2007-01-08,41.6077777064032,41.69504457507023,40.24266707331688,40.90340805053711,4900700
2007-01-09,40.28008960871441,41.271194409791654,39.931017213252375,40.92212677001953,6362300
2007-01-10,40.89094917336045,42.106460452730666,39.80010827827093,40.31124496459961,4381900
2007-01-11,40.51072560995133,41.308597298420416,39.70038687911926,39.88739013671875,5287100
2007-01-12,40.099312791043246,41.11535146433605,39.93724366792359,40.90964889526367,5243200
2007-01-16,40.641612665271,41.14028468493974,40.24267695181154,40.44837951660156,4402700
2007-01-17,40.50449361133387,41.44573029486136,40.34865915642917,40.95329284667969,4532700
2007-01-18,41.00316742476855,41.38340393464407,40.454631769784775,40.978233337402344,4984900
2007-01-19,41.26494882352055,42.3246256381702,41.07171568182133,42.175025939941406,4503300
2007-01-22,42.474230748246214,42.70486741065566,41.73869206767718,41.93815994262695,4593600
2007-01-23,42.199944407358444,43.63362247672584,42.199944407358444,43.2783203125,5248300
2007-01-24,43.01030175557914,43.63987417084076,42.542798475627194,43.57754135131836,4192100
2007-01-25,43.52767386752812,43.59624139677144,42.41813349350258,42.53033447265625,3782200
2007-01-26,42.79212319245822,43.12872603568722,42.26228723310606,42.43682098388672,2956100
2007-01-29,42.542792265852775,43.166129881469665,42.29969097621728,42.41189193725586,3094500
2007-01-30,42.661228223657474,43.851800604593436,42.63005944039003,43.74583435058594,4249900
2007-01-31,43.633625875110866,44.20086529421745,43.33442177660746,43.68972396850586,4625100
2007-02-01,43.365607885756354,44.132315425053854,43.27210627037524,43.752079010009766,3884500
2007-02-02,44.0076345229018,44.06373738102507,43.45909913555656,43.88296890258789,2533000
2007-02-05,44.10113583595968,44.40656993277141,43.7582982487404,43.8642692565918,2760800
2007-02-06,44.11983269750301,44.16970084475507,43.36559480414661,43.50896453857422,3466500
2007-02-07,43.38428024490984,43.75205176823574,42.82327565761671,43.0975456237793,3220700
2007-02-08,42.86692837511004,43.15366788096986,42.399425134587865,42.84199905395508,4019000
2007-02-09,42.84199742901466,43.1100328003087,42.243589118836894,42.54279327392578,3219600
2007-02-12,42.2311224294615,42.3620227548702,41.38961762001214,41.64518356323242,4018600
2007-02-13,41.76361168665464,41.9630794925425,41.51427574037291,41.81970977783203,4659800
2007-02-14,41.975553927330495,42.66122912824422,41.850888302994576,41.981788635253906,4867300
2007-02-15,41.89452171881755,41.98178860693156,41.16521782999812,41.57661819458008,3631300
2007-02-16,41.35844393258079,42.012950237687974,41.321045202810524,41.57038116455078,3941300
2007-02-20,41.327287125196456,41.327287125196456,40.778746962458065,40.97198486328125,3780600
2007-02-21,40.9096534598481,41.29612456404282,40.54812119119632,41.196388244628906,3718000
2007-02-22,41.383377356598956,41.732444844159026,41.08417801174399,41.402076721191406,3715300
2007-02-23,41.701294643837414,41.74492809424495,41.02808876124452,41.23379135131836,3455200
2007-02-26,41.42703614113108,42.16880976176432,41.42703614113108,41.83220672607422,4237200
2007-02-27,41.034318724193476,41.94439112435889,40.37981228808883,40.872249603271484,5248800
2007-02-28,41.58286537608793,41.59533479566679,40.45462544439873,40.95329284667969,5061800
2007-03-01,40.42344923353796,41.36469050004014,40.14294916845663,40.853553771972656,4823900
2007-03-02,40.85354317869266,40.93457534731389,39.962170301106966,40.174102783203125,4359100
2007-03-05,39.27026797483177,40.30501065181966,39.2391015710555,39.58816909790039,4836300
2007-03-06,39.98709058889887,40.39226080370794,39.70035361052416,40.22395706176758,5624800
2007-03-07,40.26760260848263,41.30857511951021,40.0806042069745,40.66653823852539,4542600
2007-03-08,40.92211700691271,41.065482000891166,40.205277769954066,40.35487747192383,4377600
2007-03-09,40.70394978410498,40.88471351465368,40.205277769954066,40.35487747192383,3065400
2007-03-12,40.13048144501073,40.22398305588082,39.750247426156044,40.11178207397461,4405200
2007-03-13,39.99933389284681,40.56781024796734,39.37463711547033,39.53081130981445,4673200
2007-03-14,39.54330657439192,40.09304042023216,39.23095817746461,39.98684310913086,4127000
2007-03-15,40.04305777102977,40.48659185891894,39.718217582032636,40.124271392822266,3520800
2007-03-16,40.280449277459795,40.7614636867358,40.04930975993035,40.22422409057617,4939900
2007-03-19,40.58028983433786,40.93011839890889,40.37413881619134,40.71772384643555,3527500
2007-03-20,40.717718500400075,41.1050320503633,40.555296074150185,41.073795318603516,2993000
2007-03-21,41.198747995565114,41.72974403610952,40.973856788431874,41.45487594604492,3745600
2007-03-22,41.77970769497172,42.56057845997531,41.63603014320293,42.254478454589844,4954500
2007-03-23,42.4356450487068,42.56683077768075,41.879665392840245,42.2607307434082,3130100
2007-03-26,42.48560889303771,43.291467923287,42.154520521567136,43.2664794921875,6269600
2007-03-27,43.26649743634047,43.61632608470806,42.98538104442405,43.57259750366211,4702800
2007-03-28,43.75375398556946,44.003633599052996,43.12280903388642,43.316463470458984,5690100
2007-03-29,43.697532467782565,43.86620324658234,43.34770383924616,43.760005950927734,4796200
2007-03-30,43.585084981306544,43.809976165919416,43.12905907688302,43.24150466918945,3762900
2007-04-02,43.297729863916175,43.972403492262636,43.29148632802888,43.797489166259766,2964700
2007-04-03,43.703771066308256,44.21602205838973,43.34144591516228,44.097328186035156,3364000
2007-04-04,43.934940370804284,44.70956330250146,43.6788123176605,44.640846252441406,4437500
2007-04-05,44.584594985609684,45.053117403325416,44.290986841272115,44.9031867980957,4122700
2007-04-09,45.602865316237626,46.27753898805786,45.24678833934221,45.57162857055664,5965500
2007-04-10,45.62158802651851,46.42744714339835,45.57161115894695,46.352481842041016,4254600
2007-04-11,46.25879785859562,46.57738978065439,45.81525895648279,45.883975982666016,5481900
2007-04-12,46.15883744658852,46.977188574779596,45.933946259808806,46.821014404296875,4122400
2007-04-13,46.75852925355357,46.939691799561245,46.2900069067924,46.914703369140625,3004900
2007-04-16,46.93347084557073,47.033424625489886,46.127611367692104,46.658607482910156,3061600
2007-04-17,46.78353660296744,46.92097064283051,45.652837074006605,45.9401969909668,3912200
2007-04-18,45.78401582894583,45.82774440168179,45.38421037362932,45.79026412963867,4542100
2007-04-19,45.60910065313952,45.63408908936912,44.74701628441731,44.96566390991211,3462100
2007-04-20,45.28427498297178,45.99642903680797,45.28427498297178,45.94645690917969,4873700
2007-04-23,45.95268677552657,46.3712371780653,45.59036631923127,45.796512603759766,3847500
2007-04-24,45.80899975470328,46.02139429677509,45.32798073591818,45.559120178222656,3019300
2007-04-25,46.04014869381162,47.03341900736357,45.8464942259234,46.73356246948242,3963600
2007-04-26,46.46492968293369,46.671080697203735,45.809001136697155,45.95267868041992,3883900
2007-04-27,45.7090632809811,46.215070925127705,45.54039724363777,45.908966064453125,2323500
2007-04-30,45.81525951924295,46.427464460197456,45.446690707058586,45.52165603637695,3228400
2007-05-01,45.52165123187943,45.821502985389216,45.10934911323136,45.659080505371094,2653400
2007-05-02,45.93394583084873,46.75854525265457,45.915205693135,46.389976501464844,3122700
2007-05-03,46.2900178129299,47.64560831175541,46.19631236828908,47.45195388793945,4378100
2007-05-04,47.72060284227255,48.182877281901106,47.352033904665134,47.43324279785156,3867500
2007-05-07,47.433208984291625,47.71432052390017,47.108368877053834,47.38323211669922,2086200
2007-05-08,46.977181084399085,47.164591965519186,46.43369810805282,47.10212326049805,2711600
2007-05-09,47.095891875135734,47.16460890515639,46.140106523468134,46.63986587524414,3537600
2007-05-10,46.50866072118138,46.82100902626939,45.59036070771044,45.83399200439453,3290000
2007-05-11,45.996424415438646,46.989694821924836,45.9152155459004,46.8585090637207,2870900
2007-05-14,46.70232523401615,47.6268736534575,46.65234835565244,47.47694778442383,3596300
2007-05-15,47.639377514800145,47.6518693532657,46.72732079295262,46.87099838256836,3394400
2007-05-16,46.87723818028176,47.770554599334865,46.07137891279548,46.908470153808594,3493500
2007-05-17,46.883486245040494,48.16411153855957,46.62735832670231,47.83302307128906,3573100
2007-05-18,46.77105525886429,48.71386285958252,46.7648069558166,48.69511795043945,3486400
2007-05-21,48.93872805615318,49.832044361063005,48.820038946225,49.37601852416992,4616300
2007-05-22,49.21984334960699,49.61964877334487,48.88250662969255,48.92623519897461,2701400
2007-05-23,49.082421951403035,49.34479343450167,48.48896196352881,48.620147705078125,3025700
2007-05-24,48.63890820845173,49.03871390229393,47.308305330451276,47.64563751220703,2933600
2007-05-25,48.032927287870585,48.32028718840841,47.49568776241284,47.85176467895508,2191800
2007-05-29,47.81427635608072,47.8829933605199,47.039653938651426,47.52691650390625,2578500
2007-05-30,47.5456665649908,48.257820426899265,47.20832977260401,48.09539794921875,3248200
2007-05-31,48.226581972998005,48.513946641021484,47.68309890960772,47.964210510253906,3177600
2007-06-01,48.54518726569607,48.926252691131424,47.98295919816372,48.520198822021484,3895000
2007-06-04,48.47647489572452,49.97574829787244,48.33904082533597,49.84456253051758,3726800
2007-06-05,49.969503874543435,50.15066654811601,49.263598090809595,50.05696105957031,3488300
2007-06-06,49.90700643233917,49.91325473226413,48.88250448324012,49.70710372924805,4128600
2007-06-07,49.725838114590005,50.13814007295948,48.91997909545899,48.919979095458984,5148100
2007-06-08,48.90123896390689,48.938719227011084,48.164096937837456,48.919979095458984,3162100
2007-06-11,49.038686733304985,49.78832080242308,48.77631528571936,49.17612075805664,2122900
2007-06-12,49.182369627551054,49.750841103891275,48.72633897342688,48.85127639770508,2806400
2007-06-13,49.007741380462136,49.90891963912404,49.007741380462136,49.6523323059082,3341400
2007-06-14,50.03408259638105,50.647385545439185,49.883887807173316,50.51596450805664,3255500
2007-06-15,51.03537947964453,51.623644226973454,50.98531297254274,51.54228973388672,3675800
2007-06-18,51.6299034136723,52.51230769109814,51.52351566769476,52.27449417114258,3057000
2007-06-19,51.62989888832352,52.25571584454562,51.28569765255957,52.161842346191406,3932200
2007-06-20,52.22442321945978,52.51855795356752,50.453364857554945,50.54723358154297,3417300
2007-06-21,50.92275533929189,51.24817823394991,50.13422420564947,50.735008239746094,4327800
2007-06-22,50.409568750114765,50.659891767626,49.639811624911744,50.09040069580078,3480600
2007-06-25,49.533404148086404,49.68359885372879,48.72609984652774,49.0264892578125,4660400
2007-06-26,50.00277033344879,50.00277033344879,47.59337626825277,47.86873245239258,4703000
2007-06-27,47.49951441869772,48.66978923089857,47.14905362862349,48.538368225097656,3817500
2007-06-28,48.86380777793508,49.03277631991887,48.07527677459607,48.400699615478516,3866900
2007-06-29,48.92010898867693,49.58347819092351,48.65726702013238,48.995208740234375,3349900
2007-07-02,48.99522011230891,49.833812713623054,48.99522011230891,49.83381271362305,2734500
2007-07-03,49.83381743070254,50.20931153658261,49.721170153859696,50.02156448364258,1140300
2007-07-05,50.34697791571421,50.52221069395427,49.12037711566383,49.721160888671875,3078100
2007-07-06,49.91517067216251,50.12794618343612,49.433288856104696,49.683616638183594,2117500
2007-07-09,49.67737325155836,50.528485122060125,49.67737325155836,49.87137985229492,2976500
2007-07-10,49.445803577511896,49.608512563319486,48.93888854980468,48.93888854980469,3568300
2007-07-11,48.93891188169026,49.120399475097656,48.50710118320373,49.120399475097656,2927000
2007-07-12,49.41453360232287,49.996543884277344,49.12039870639004,49.996543884277344,3231500
2007-07-13,49.81505021455852,50.51596722625377,49.79001695257585,50.0778923034668,2182700
2007-07-16,49.796251073553016,50.046578791145876,49.12662717438945,49.533409118652344,2418400
2007-07-17,49.88388256242568,50.41582616483826,49.26432494430307,49.69614028930664,3235000
2007-07-18,49.70863879472781,52.168099513380525,49.70863879472781,51.967838287353516,8100900
2007-07-19,52.18688300993927,52.549858042009596,51.44215919838209,51.81139373779297,3277100
2007-07-20,52.06173427896084,52.23696233063033,50.860161628958366,51.19184875488281,3172800
2007-07-23,51.442147194998874,51.53602068478252,50.06535192685205,50.25935363769531,2776600
2007-07-24,49.68361455728366,49.77748806845721,48.35688071005683,48.538368225097656,4263500
2007-07-25,48.75114855677282,49.56470784711125,47.88751798253317,49.276832580566406,3901600
2007-07-26,49.151662730917316,49.151662730917316,46.67342823708169,47.83744812011719,5236300
2007-07-27,47.843707496028806,48.13784224846471,46.18529627417492,46.6796875,4348800
2007-07-30,46.83615710646877,47.51204083054295,46.31673245750294,47.17409896850586,3113900
2007-07-31,47.68727356702766,48.150381779716795,46.579579111502156,46.69222640991211,2995400
2007-08-01,47.43692372440396,49.54592365698286,47.43692372440396,49.076560974121094,6534000
2007-08-02,49.42702893982674,50.37826868244556,48.187909174513145,49.633544921875,5433600
2007-08-03,49.877608385210635,50.35323059818818,48.25048529035565,48.263004302978516,4679000
2007-08-06,47.90630832651126,48.71360830875716,46.93628976159576,48.30057144165039,5483600
2007-08-07,47.624690662828314,49.67737043116745,47.336815307474076,49.101619720458984,4256900
2007-08-08,49.01399333282998,50.20930624300734,48.70734430165682,49.37696838378906,3766700
2007-08-09,47.499509559719584,48.657270013479526,47.336795808637305,47.90003204345703,6210000
2007-08-10,47.6121519029838,48.02518858290878,46.473165311924284,47.537052154541016,5371800
2007-08-13,48.24423724591476,48.94515410658429,47.693519924777945,47.79990768432617,3636300
2007-08-14,47.88127002713195,48.42572787532504,47.06144633883397,47.09273910522461,2511500
2007-08-15,47.386851631256484,48.194155923422365,45.97250424365245,46.15399169921875,3488500
2007-08-16,45.19651268762996,46.10394559209613,43.18764032683777,45.56574249267578,6261100
2007-08-17,46.779833121056676,47.349329033471754,45.315423245599725,47.117774963378906,4395200
2007-08-20,46.84241795095791,46.992612746832435,45.778530587053076,46.72977066040039,3128900
2007-08-21,46.43561714937996,46.510716904451975,45.40302297111595,45.853607177734375,2525300
2007-08-22,46.14776449971674,46.55454668319514,45.378011925611794,45.7159538269043,3186900
2007-08-23,45.87240143425937,46.54828036335362,45.57200708552378,46.354278564453125,3100000
2007-08-24,46.31047439836704,47.24920023076638,46.27918162744447,47.12403869628906,2060600
2007-08-27,46.76106083169682,47.15532393942703,46.360538215226256,46.704734802246094,1758600
2007-08-28,46.31046157159903,46.70472459314803,45.80980602314508,45.84109878540039,2796500
2007-08-29,46.09769094537662,47.07396411611213,45.772263372061005,46.79860305786133,2407400
2007-08-30,46.610846648990176,47.2366635736433,46.31045242433082,46.59832763671875,2534200
2007-08-31,47.13654286348061,47.52455117678584,46.904988822129916,47.13028335571289,2190600
2007-09-04,47.130292510966434,48.81374233208814,46.74228889689537,48.34437942504883,2793000
2007-09-05,48.306803707032465,49.20797671549037,48.306803707032465,49.0264892578125,2948000
2007-09-06,49.101600164056,50.1029063870501,48.8950794127059,49.38322067260742,3883600
2007-09-07,48.53837464002082,48.98896373352046,48.08778554652119,48.56340789794922,2485300
2007-09-10,48.450757285744324,48.92637960439635,47.418158146733575,48.425724029541016,2732000
2007-09-11,48.719853691278125,49.23928295993661,47.81868043588324,49.157928466796875,3148800
2007-09-12,49.302135347973056,50.7252795335016,49.25197943325591,50.336578369140625,3651700
2007-09-13,50.36790776078275,50.6249531625258,49.68455155579157,49.8099365234375,3274000
2007-09-14,49.51528544291193,50.386723954162306,49.31466660830314,49.89144515991211,2361800
2007-09-17,49.985497476454,50.75035366624547,49.8663783725338,50.11715316772461,2394600
2007-09-18,49.87264562963723,51.8537563308915,49.653214709471364,51.42744064331055,3216900
2007-09-19,51.878825830882036,52.781612971108736,51.74717017012068,52.30514144897461,3438200
2007-09-20,52.16095787025137,52.80670453924782,52.010494902460394,52.54338836669922,2140600
2007-09-21,53.0825571148812,53.41483172313981,52.54339291852997,53.18286895751953,3475400
2007-09-24,53.20166329728102,53.20166329728102,51.42116678839912,52.16094970703125,3391800
2007-09-25,51.164111486876656,51.56534907882139,50.96976337353357,51.33338165283203,3027300
2007-09-26,51.62805099247997,51.77851392117903,50.40553072843084,51.27069854736328,3626700
2007-09-27,51.66568413127519,52.66250787733591,51.12651997749956,52.42427444458008,3897000
2007-09-28,52.77534763598232,53.013581029628654,51.94779426794728,52.16094970703125,2950100
2007-10-01,51.997947333730515,53.132697212625544,51.910176889127065,52.9759635925293,2207900
2007-10-02,52.72518526262358,52.83176296909889,51.878824728215285,52.75026321411133,2603700
2007-10-03,52.41171183839733,52.76279833452849,51.91016721741363,52.430519104003906,1975800
2007-10-04,52.37408798521662,54.336390472018834,51.8411948276509,53.803497314453125,3290100
2007-10-05,53.916352880627045,54.22982004853767,53.2894185448058,54.0793571472168,2590700
2007-10-08,53.621700395799074,53.80978263581749,52.73772534722463,53.044921875,2159700
2007-10-09,53.42109059210373,53.99160330886245,53.289434915112686,53.96025466918945,2329900
2007-10-10,53.63424056850485,54.95707255328948,53.35838789812173,54.574642181396484,2240000
2007-10-11,55.151425351601496,56.141982948869085,54.63106860052836,55.107540130615234,4046400
2007-10-12,55.22666549682617,55.960182599113395,55.076202535157826,55.22666549682617,2647400
2007-10-15,56.29246567747996,56.3300802278022,55.427297538144146,55.86614990234375,2595000
2007-10-16,55.92252761980635,56.96951134825969,55.69683092962357,56.405269622802734,3816700
2007-10-17,56.48679893318281,56.7313030117646,55.678052833592766,56.273643493652344,2876300
2007-10-18,56.38024050461933,56.95701930872171,55.95392469655835,56.75012969970703,2003300
2007-10-19,56.43035450504337,56.5870880712187,54.16085074489814,54.31131362915039,4222500
2007-10-22,53.60291522370265,53.684415010302395,52.574742729547694,53.61545181274414,4022400
2007-10-23,53.916367084815036,54.34268273681089,52.718919892028644,53.6405143737793,4684800
2007-10-24,53.4273388031485,54.480588559171906,53.251797974332746,54.31131362915039,3589500
2007-10-25,54.63732537563763,56.286160867962444,54.38655069821313,55.96642303466797,3925600
2007-10-26,56.48681343021329,58.656006838240394,56.286194524937144,58.436580657958984,5540400
2007-10-29,58.58701379563072,59.4020303736396,58.2484734517318,58.61836242675781,2347600
2007-10-30,58.14190416347732,58.24848666360666,56.27990793404898,56.46171951293945,4283400
2007-10-31,57.17015101894616,58.618367991668116,56.86922039419782,58.5556755065918,4401300
2007-11-01,58.30492052929667,58.65600239112903,57.09493650333116,57.245399475097656,3632500
2007-11-02,57.67799371316773,58.30492842744129,57.20779267746256,58.029075622558594,3086700
2007-11-05,57.27045529989011,58.26101277937159,56.76263997698559,57.93500900268555,2797600
2007-11-06,57.98516317776942,58.74375325214094,57.89112205812518,58.12936019897461,4543900
2007-11-07,58.58075672095045,59.33934683383614,56.57456360482746,56.73756790161133,4605900
2007-11-08,56.837879709826105,58.01024407377204,55.458621045654624,56.73756790161133,4944000
2007-11-09,56.43663934339443,56.43663934339443,55.45862309284937,55.56520080566406,4032800
2007-11-12,54.96961896955285,54.96961896955285,52.944618362994504,53.05120086669922,4244300
2007-11-13,53.38971893417998,53.753337136134896,51.653108516219554,53.70318603515625,6282900
2007-11-14,54.135778055452285,55.16394996671981,53.903815416197965,53.92262268066406,3573900
2007-11-15,53.81608602914768,54.47436954469954,52.72522071318749,53.28946304321289,3750000
2007-11-16,53.753348064961074,54.29878265348067,52.9884874177713,54.04800796508789,4034000
2007-11-19,54.28623658806842,55.01348264312732,53.61541710499875,53.690650939941406,4468900
2007-11-20,53.88499754746116,54.73136262203822,53.602879044688,54.236083984375,3106400
2007-11-21,53.91636665401608,54.39910411134085,52.518300623410056,52.681304931640625,4204900
2007-11-23,53.12643799603785,53.81606511669318,52.687585678293054,53.50259780883789,1100400
2007-11-26,54.19222019849501,54.38656836464292,52.537113486244515,52.662498474121094,2787300
2007-11-27,51.615523232015256,52.31142097302006,50.9509693489856,52.03556823730469,3852900
2007-11-28,52.242452440188195,52.267530393879326,50.18610806882118,51.14531707763672,7567700
2007-11-29,51.40862969315019,52.148412604450016,50.71900269047798,51.40235900878906,8902700
2007-11-30,51.421186726673184,52.11081878671227,50.90083451291543,51.916465759277344,3542900
2007-12-03,51.59044205616386,52.54965110332797,51.433708426676105,52.242454528808594,3028900
2007-12-04,52.0355671519822,52.81923533198193,51.327132839189595,52.104530334472656,3619700
2007-12-05,52.693829482939464,53.84111560924296,52.568439753883695,53.42734146118164,4021400
2007-12-06,53.408530558201235,55.79714853217987,52.9822150747201,55.489952087402344,4402000
2007-12-07,55.4837027392969,55.67178500081795,54.6874980362031,55.15142822265625,2388200
2007-12-10,55.1514408436609,55.8912239074707,55.09501423903953,55.8912239074707,2882800
2007-12-11,56.09182257073641,56.518138161946446,54.29878977092333,54.52448654174805,3700300
2007-12-12,55.66107182304901,56.98603680870052,55.44757271752991,56.25761795043945,4151300
2007-12-13,55.9122376874863,56.559020436517294,55.42244122864112,56.42087173461914,2584200
2007-12-14,55.6799103550715,56.12575095721404,55.328262509064444,55.71759033203125,3203100
2007-12-17,55.36594327089353,56.006450244444004,54.191688470789465,54.56845474243164,3314200
2007-12-18,55.070809634269295,55.44129991131001,53.85887482128242,54.486820220947266,3331200
2007-12-19,54.612408249601714,55.089648060476954,54.23564199505509,54.643802642822266,2546000
2007-12-20,55.15242604314381,55.86828316162316,54.964040573715984,55.755252838134766,2518800
2007-12-21,56.04410000872432,57.55116920242122,56.03154321473158,57.274871826171875,4362000
2007-12-24,56.879306493338156,57.833781578148525,56.879306493338156,57.63283920288086,901200
2007-12-26,57.84632194472417,57.84632194472417,56.70346170647903,57.029991149902344,2210000
2007-12-27,56.96092047424388,57.60770339948085,56.56531663990236,56.59043502807617,1843300
2007-12-28,57.24977221305521,57.43815772058291,56.584151723917614,56.77253723144531,1930800
2007-12-31,56.69717874120692,57.048826557712474,55.755260840559465,55.83061599731445,1685700
2008-01-02,56.50880103169848,57.85260370519856,56.17599076080961,57.570030212402344,4014400
2008-01-03,57.300003757644994,59.026853185957584,57.300003757644994,58.36123275756836,3339200
2008-01-04,57.752124275782336,58.36123192286473,56.54647056924261,56.70345687866211,3063000
2008-01-07,57.130459979525796,57.2183719297605,55.71130239727101,56.38948440551758,3399700
2008-01-08,57.048845077326774,57.26234902868735,54.63125597235125,54.78824234008789,4146200
2008-01-09,54.769382715519,56.18854025054224,54.769382715519,56.06922912597656,3460000
2008-01-10,55.54177406123409,55.96877716597975,54.71916704110318,55.66736602783203,3232200
2008-01-11,55.39105502804339,55.71130847646831,54.45541786082509,54.73799133300781,2853100
2008-01-14,55.07079621562871,56.99231192817683,55.07079621562871,56.64065933227539,3286900
2008-01-15,55.58569961365126,56.03782086413937,54.58726917785756,54.819610595703125,3490400
2008-01-16,54.46171349010575,54.75056783548332,51.96248837624384,52.79765701293945,4823400
2008-01-17,52.99229398799775,53.915374180125,50.467956442306644,50.675174713134766,4806200
2008-01-18,50.92637396431613,51.98132248973254,50.39890209702967,51.39105224609375,5203400
2008-01-22,48.28271379762055,50.59355269631197,47.836873208931706,49.7897834777832,5088900
2008-01-23,48.973439941691815,50.13513748812398,46.81958792801526,50.0786247253418,6516500
2008-01-24,50.23563579478194,51.32198352681527,49.63908953605633,51.05824279785156,5162900
2008-01-25,51.648499737483704,52.72856639518531,50.47424032877932,50.90752410888672,4280700
2008-01-28,50.650078916282204,52.55902874093894,50.49309256425928,52.402042388916016,3548700
2008-01-29,52.64694270945293,52.960915425394354,51.993883676237,52.18854522705078,2890500
2008-01-30,52.0692242346622,54.21679605657813,52.0692242346622,52.87299346923828,3779400
2008-01-31,52.144578329865936,53.82747192688627,51.27173474541415,53.4067497253418,3357600
2008-02-01,53.40675815783202,54.69404335263903,53.23092942161758,54.486820220947266,3842400
2008-02-04,54.48679305047497,55.35336033602826,54.00327744181473,54.8321647644043,2037800
2008-02-05,53.381628873437194,54.63123862232819,53.10533142089844,53.10533142089844,3396700
2008-02-06,54.60609438128262,55.47265672097229,52.916920867623524,54.135135650634766,5464100
2008-02-07,53.733254347296175,55.61708937846118,53.38160667454758,55.2026481628418,3975400
2008-02-08,55.026835126193646,56.51506694717215,55.026835126193646,56.23876953125,4418500
2008-02-11,56.33296363453446,58.9577747769589,56.238770895835344,58.83218765258789,5988100
2008-02-12,58.75057214947448,59.47271034294591,57.11791501043692,57.76469802856445,4618600
2008-02-13,57.63908619236115,58.71287182952966,57.63908619236115,58.461692810058594,3564800
2008-02-14,58.593568998798816,59.65479799086362,58.593568998798816,58.81962966918945,4197100
2008-02-15,59.070831353867156,59.070831353867156,57.846339579190264,58.52451705932617,3977500
2008-02-19,59.65482678973943,60.97351147639639,59.11479323763845,60.40835952758789,5473300
2008-02-20,60.2827616906027,62.71291224595877,59.805521819115924,62.53080749511719,5856100
2008-02-21,62.21056247124375,62.424066439270604,60.031590750432066,60.21369552612305,5988000
2008-02-22,60.5778783109624,61.40048504557411,59.37850059817428,61.29373550415039,4242800
2008-02-25,61.45698742668321,63.59827768341527,61.31883874092486,63.47269058227539,7033800
2008-02-26,63.04570146081956,64.57160854708911,62.706610464888335,64.46485900878906,5425000
2008-02-27,64.03157969832557,64.99233519113808,62.9954690487042,63.2089729309082,5258900
2008-02-28,63.296879224751954,67.2843303589292,63.296879224751954,66.58731079101562,7529300
2008-02-29,65.59517956258831,66.29219937867805,63.82437362759253,64.50255584716797,4537000
2008-03-03,64.55276562539784,65.97819905847399,64.11948192346425,65.28746032714844,3814300
2008-03-04,64.81025074123102,65.87148010807935,62.43661765469964,64.06927490234375,5951100
2008-03-05,64.1822602899238,65.20580895373185,63.893406153956626,65.1178970336914,4427100
2008-03-06,64.93581529987327,65.58887409060779,63.46014025019353,63.943660736083984,5197500
2008-03-07,63.309473094104355,63.855787472632954,61.78984594246402,63.14620590209961,5181300
2008-03-10,62.913844697434826,63.811806718842384,61.79610276676864,62.8384895324707,4739800
2008-03-11,64.1257830721048,65.25608186647212,63.27805298777557,65.2184066772461,4189700
2008-03-12,64.79074289355943,65.87876663998247,63.677566799983055,64.21214294433594,4057400
2008-03-13,63.52551972110078,66.7506148165018,63.14758005350435,65.8057632446289,6126000
2008-03-14,65.81205597105351,66.13960236346061,63.638894724224826,64.88610076904297,5314000
2008-03-17,63.519267671321494,64.16176992004473,61.04375928392697,62.555519104003906,5572500
2008-03-18,63.83418774899148,65.3333557381674,63.43735170784989,65.1758804321289,3880800
2008-03-19,64.8483536040876,65.16330433515314,60.741398185530365,60.94296646118164,5417900
2008-03-20,59.840591096229645,60.94291777431809,57.906795344613585,60.65316390991211,6520400
2008-03-24,60.19965832620814,63.15389653300211,60.19965832620814,62.46100616455078,3868700
2008-03-25,62.52401729937307,65.07511520790108,62.51771693945724,64.83575439453125,4941500
2008-03-26,64.94278790990121,68.11118896465906,64.94278790990121,67.77104187011719,6003900
2008-03-27,67.64510746492608,68.09233685911659,66.20263275679643,66.2845230102539,4610600
2008-03-28,66.7317378035999,67.60730012830804,65.3459522149808,65.71129608154297,5489800
2008-03-31,65.71128997470639,66.5301634194146,64.76643821808824,65.71759033203125,4823000
2008-04-01,65.61681869850433,65.81209137368315,63.815300556757876,65.51603698730469,3818600
2008-04-02,65.5034445970458,67.02780962245669,63.97908437740115,65.91918182373047,4449700
2008-04-03,67.22938182002933,67.68290681333588,65.70501670519675,66.49239349365234,4204400
2008-04-04,66.67502754423928,69.1631396633735,66.67502754423928,67.61357879638672,4356500
2008-04-07,68.24350931687219,69.52221308231059,67.80888065733949,68.30650329589844,3782600
2008-04-08,67.96004578975936,70.19619715982225,67.67659214826527,69.81825256347656,4011900
2008-04-09,70.29700105796366,71.80876550339907,70.29700105796366,70.58045959472656,4238600
2008-04-10,70.1206182415993,71.13475980175647,69.47812097774514,70.35368347167969,3183900
2008-04-11,69.82454626613199,70.60562239965033,68.6088367717033,68.82300567626953,2588200
2008-04-14,69.69229495358772,71.14736574248583,69.29545877637003,70.58675384521484,2782700
2008-04-15,71.1851224833464,72.74727447242638,70.4733311863883,71.4748764038086,3041900
2008-04-16,72.22447643685231,73.57876021983222,71.35520967461541,73.46537780761719,3490300
2008-04-17,73.10634502270646,74.20237677008295,72.4701481552155,73.15673828125,3759300
2008-04-18,72.44494220975267,74.67479315301303,72.44494220975267,74.58030700683594,3456500
2008-04-21,74.80709311734799,75.43069417030208,73.70476564513062,74.89527893066406,2701300
2008-04-22,75.05275350486859,77.26370878609744,74.91417442659123,76.13618469238281,5015400
2008-04-23,76.22435808524455,76.22435808524455,74.3346541746678,75.30470275878906,3543400
2008-04-24,75.08424329508426,75.08424329508426,72.33157731372766,72.57093811035156,3678400
2008-04-25,74.2590694482369,74.75039173020507,72.5709336452536,74.706298828125,3702200
2008-04-28,75.09054951676195,75.52518304491413,73.94412909687881,74.3409652709961,2901400
2008-04-29,73.59767059423785,73.69845711586477,71.02137640866455,71.21664428710938,3049600
2008-04-30,71.50638646451557,72.40084987537354,69.91903745837556,71.43080139160156,4267100
2008-05-01,70.45446736905359,70.92059303787228,67.05299900527974,69.26395416259766,5038600
2008-05-02,69.39623471532164,71.75206936498913,69.39623471532164,70.60564422607422,4026300
2008-05-05,71.19773242477412,72.7157966354323,71.0024645890893,72.13628387451172,2802400
2008-05-06,73.47169069335096,76.05428518332118,72.43235253845303,75.79602813720703,4778800
2008-05-07,77.4778655219999,77.4778655219999,73.22603143847552,73.38350677490234,6609900
2008-05-08,73.70476566345778,74.07640519027274,72.079618864915,73.90633392333984,4668900
2008-05-09,74.51731235374245,74.51731235374245,71.76464243613228,72.89216613769531,4121200
2008-05-12,72.18666946028524,73.42127511418707,71.68904698452778,73.24490356445312,3298100
2008-05-13,73.57249216838912,74.85119135836668,72.7221213560342,74.296875,3360800
2008-05-14,74.77559140374325,74.91417047471026,72.9362805481736,73.07485961914062,3626900
2008-05-15,73.63544138882186,75.05271889919187,72.7661747734392,74.54249572753906,4455900
2008-05-16,75.1283281819353,76.74087882605257,75.1283281819353,76.4574203491211,4605300
2008-05-19,77.05580989446099,78.41009834677155,76.25583273171186,76.9928207397461,4700200
2008-05-20,77.7046323299802,78.99593204321002,76.77867655976132,78.33453369140625,4229700
2008-05-21,78.59280299954393,80.09827190928931,77.30150789082745,77.5093765258789,5510200
2008-05-22,77.46525943952437,78.94552644644517,76.52040754500916,77.5156478881836,4515100
2008-05-23,78.1518490096537,78.1518490096537,73.88741960088294,74.73778533935547,4758300
2008-05-27,74.78187480612164,75.29839362257115,73.64805066963977,74.37873840332031,3854200
2008-05-28,73.70475700178876,75.68894718024771,72.53944048611156,75.09053802490234,4065700
2008-05-29,74.15197562260713,74.64959818481042,72.65910793599724,72.82288360595703,3895700
2008-05-30,73.85591549178994,74.22755489197516,72.64020598698662,73.03074645996094,4044400
2008-06-02,72.60243514764261,75.51887683682229,72.58983442868457,74.548828125,3475600
2008-06-03,74.66219391454469,75.82751025841497,73.52837455527836,73.75513458251953,3739600
2008-06-04,73.39612164062902,73.60399029177493,70.83242269379751,70.92060852050781,5124900
2008-06-05,71.21034279737032,73.84333038330078,70.54894452018738,73.84333038330078,4755300
2008-06-06,74.98345666540524,75.58816137975136,73.04335936994114,73.0496597290039,6047600
2008-06-09,73.80555691267412,75.82754013210777,73.2197483309117,75.11575317382812,3807800
2008-06-10,74.33463842308862,75.00233212549584,71.94101205459687,73.00554656982422,5289300
2008-06-11,73.84960237469896,74.37872178878544,72.38823203954017,73.45276641845703,4169600
2008-06-12,72.53817937617264,73.81232614864236,71.90741259898853,73.14371490478516,4472800
2008-06-13,72.75265415221467,73.52849958029064,72.43727069260763,73.31404113769531,3787100
2008-06-16,74.24126369898248,74.77741942466697,73.07434587297492,73.45911407470703,3870600
2008-06-17,73.36449921922238,76.22818162498189,73.29511447275478,76.17771911621094,4400200
2008-06-18,76.27863003257124,77.68524212721827,74.68279078356908,77.1553955078125,5734700
2008-06-19,77.74200288452592,78.74491971930627,74.86570800944578,74.99185943603516,5976100
2008-06-20,76.04522583585496,76.94091813686462,74.39892449324385,74.91615295410156,4439100
2008-06-23,74.28537075729967,77.47074360028523,74.28537075729967,77.27520751953125,4549100
2008-06-24,76.83999578587947,76.83999578587947,73.97000550350661,74.07093048095703,4132600
2008-06-25,74.49354988571817,74.49354988571817,70.86033217173868,72.60124969482422,5816900
2008-06-26,72.66433984264293,73.61679914209469,71.17572967838679,72.31742095947266,5589100
2008-06-27,72.53818001346966,73.12479331389942,71.80018403264891,72.46248626708984,5432500
2008-06-30,74.29801175960091,75.9253910353763,74.05832214092682,75.79293060302734,6780600
2008-07-01,76.2975326494595,77.72306661177768,75.22523128004637,77.58429718017578,6189000
2008-07-02,78.74491971930627,80.37860812413885,74.55662883327544,74.99185943603516,7334000
2008-07-03,75.0675375437128,76.5309159242397,72.85354533792845,74.33584594726562,3525900
2008-07-07,74.00785264529829,74.00785264529829,68.89233469799254,70.01509857177734,8483300
2008-07-08,69.19509674056796,69.19509674056796,65.56188445056489,68.28048706054688,10512700
2008-07-09,68.65894518314664,69.71232427680673,65.85203566713807,65.97187805175781,6477600
2008-07-10,65.97187352342938,69.28970704302623,65.97187352342938,69.07524871826172,7443400
2008-07-11,70.07817705314255,71.39017290003237,68.39403117569235,69.59879302978516,6074500
2008-07-14,70.48186920071215,70.82248379373252,68.38141976230527,70.08448791503906,4024000
2008-07-15,70.53234809614709,71.34603789999828,66.86128526735857,66.98113250732422,6919700
2008-07-16,67.2082199487872,67.4542186724724,63.05146327669649,63.94715118408203,9474300
2008-07-17,64.33820664712647,64.86174418951754,59.8660728283561,61.506065368652344,9386500
2008-07-18,61.03299626138081,64.22467469521801,60.59145661869146,62.1746826171875,7902900
2008-07-21,63.265893037657065,65.1834193011052,62.14943344074236,65.00680541992188,5721700
2008-07-22,64.54007649917064,64.59053901199064,61.06454912970665,62.19362258911133,8207100
2008-07-23,62.149408888944826,62.546794776989444,58.5414245276841,58.856807708740234,9509000
2008-07-24,59.474985010424305,60.686055762458416,56.94560952385771,58.77483367919922,9972100
2008-07-25,58.724377264904206,60.98883216085093,58.17561333023514,59.53806686401367,5845600
2008-07-28,60.28238683810037,61.27899960244784,59.15331361454759,59.56962203979492,4816500
2008-07-29,59.87237652849624,60.181455689407436,57.015004027235214,58.39007568359375,6882700
2008-07-30,58.25761837947492,61.49975914316079,57.66469608470089,61.18437576293945,9503400
2008-07-31,60.995144717982285,61.39883506568644,59.44976805683686,59.853458404541016,6473100
2008-08-01,59.51284157215059,61.4745265388325,59.43084362755497,59.992225646972656,5269900
2008-08-04,59.613777191452144,59.70208416672246,55.103793187135956,55.53271484375,8277300
2008-08-05,55.52007942353453,56.22023080273531,54.16393495130761,56.075157165527344,10710800
2008-08-06,56.25175689316506,58.90097427908206,56.13821873020481,58.34590148925781,8137900
2008-08-07,59.28579205859558,60.70501788223249,58.50995130326824,58.99563980102539,8723500
2008-08-08,58.188210056308506,58.282825994483126,56.19498559159821,56.51667785644531,7934500
2008-08-11,57.23579039040659,58.055789331656385,55.51379935109977,57.27363967895508,10015200
2008-08-12,57.82240113058046,59.279475956167495,57.57009340565187,58.585628509521484,6333800
2008-08-13,58.56040039642915,62.17469707987233,58.106252242044896,61.89085388183594,8340500
2008-08-14,61.676387925444935,62.471155582544704,59.92285667892501,60.963623046875,6663600
2008-08-15,60.7680801263432,60.7680801263432,58.47208902214798,59.26054763793945,5965600
2008-08-18,59.27946728641678,61.07715174351714,58.57931573801419,58.80008316040039,4908100
2008-08-19,58.70544766995614,61.569128630974404,58.66760321365551,61.49343490600586,5386000
2008-08-20,62.420702723309056,65.69438504470571,62.28193321114938,65.47361755371094,9207000
2008-08-21,66.6972658831117,67.33434156292648,65.36004363175395,66.35665130615234,7402500
2008-08-22,65.34111138102276,66.0664939512248,63.72635038551497,64.51480865478516,4303100
2008-08-25,64.4012914859167,65.38529099945872,63.322680799084154,64.21836853027344,4024100
2008-08-26,65.30329430789074,67.32805541494194,65.13929357164874,66.38821411132812,4771800
2008-08-27,68.33097733308065,69.13204915403193,66.79190460439732,67.35328674316406,6668800
2008-08-28,68.02820128643734,68.21743325936521,63.95344816407956,65.06990814208984,7112500
2008-08-29,65.85837655441809,66.16745099835191,64.13638074204742,64.36976623535156,4576800
2008-09-02,62.37020709808086,62.37020709808086,59.93544734733639,60.55990982055664,7875300
2008-09-03,60.27608545688903,61.808849268077196,58.907322392695356,60.18777847290039,6848300
2008-09-04,60.16885715018991,60.92577554227959,57.20425450007394,59.10285949707031,9073100
2008-09-05,59.48130499743493,60.799605162805676,57.65208050463027,60.358070373535156,6984000
2008-09-08,61.619587636879174,61.815123733220695,59.03974986843943,59.948055267333984,6906500
2008-09-09,59.12179041280043,59.22901964308938,55.009187059751646,55.08488082885742,8513100
2008-09-10,55.36239271808951,58.58561103186517,55.36239271808951,57.822383880615234,7499900
2008-09-11,56.86993881528492,58.88208169917462,55.36240168773047,58.30808639526367,6965400
2008-09-12,58.76934055766832,61.0629922070582,58.76302060350284,60.57646179199219,6049300
2008-09-15,57.50561393206311,58.522909518878684,56.305078258478865,56.576778411865234,7443600
2008-09-16,54.200962671479466,59.89402394922854,51.87571713626963,59.609683990478516,10819000
2008-09-17,59.54652742358646,62.326714366112896,57.35397089204696,59.30010223388672,10375200
2008-09-18,60.96820401740712,63.520920418086696,59.51492810016927,61.9096794128418,10778800
2008-09-19,64.13383595977349,70.01645523276603,63.07231020623149,66.6612777709961,9235700
2008-09-22,66.74344503173882,67.5964608464258,64.1970471429017,64.60775756835938,6892700
2008-09-23,64.72145475013467,66.53489565946057,63.56514917219467,64.04536437988281,6813500
2008-09-24,64.59511484600448,65.90938130324164,63.69155394500226,64.19071960449219,4535300
2008-09-25,64.50662372828002,65.3659542287124,63.81789822964448,64.8541488647461,5813100
2008-09-26,61.928646756083005,63.62203302878949,59.723450218462986,62.40254211425781,5477500
2008-09-29,60.039350949194784,60.336325999008196,53.05729899604229,55.67951965332031,9343000
2008-09-30,56.23556542766522,58.57344655648584,56.23556542766522,57.62565612792969,5872900
2008-10-01,57.846819112179396,57.935279178797096,54.92762245165923,56.576778411865234,6180000
2008-10-02,55.84381699875642,55.84381699875642,52.14111489571445,52.50759506225586,7535400
2008-10-03,52.69084690800695,56.17871958075683,51.85679123769077,52.13481140136719,5566900
2008-10-06,48.7606796200993,49.80325053736068,43.74370991166209,48.906009674072266,10170500
2008-10-07,50.024367523261006,51.42709784453191,45.19695630456052,45.83513641357422,7847800
2008-10-08,43.83846735722815,48.375224657082754,42.36623647231012,45.77827835083008,10470500
2008-10-09,45.8477838318106,47.54116970274677,39.68082809448242,39.68082809448242,8540500
2008-10-10,36.75532658846642,40.23687952632463,34.37321446511924,37.9116325378418,15382700
2008-10-13,39.80089404468557,47.04833235687279,39.73138900387288,46.049991607666016,9529900
2008-10-14,48.56479022525098,50.85212658495056,46.290093773019,47.515899658203125,11025400
2008-10-15,45.967849379072035,46.55547981138559,39.23853438211686,39.5860595703125,8728400
2008-10-16,40.066278115210345,44.74204482490265,38.39184666280388,44.17337417602539,12990000
2008-10-17,43.20661564223445,48.931274571706595,42.01239978273446,44.735721588134766,7491500
2008-10-20,47.130464970217545,50.403502038390535,46.448059401261574,50.35927200317383,9238200
2008-10-21,48.81123615609735,50.024407470578446,46.896699120900635,48.78596115112305,6110200
2008-10-22,46.49228157695497,46.49228157695497,41.93024948419121,43.81319046020508,7256800
2008-10-23,44.16073036785122,46.309057051866894,41.22889800638738,45.885711669921875,8019100
2008-10-24,40.83713357938539,45.178016014407895,39.20061755098706,44.12281036376953,5542800
2008-10-27,43.238204656811156,45.00741559429004,40.281097977186846,40.73603820800781,5503700
2008-10-28,42.49261818363929,44.546164787309586,39.162713093983434,44.37556457519531,7072800
2008-10-29,45.23489870746939,48.26151160461078,44.92528835870115,45.35495376586914,7996700
2008-10-30,47.11784807498792,49.076615109104864,45.0579810237922,48.5332145690918,5446700
2008-10-31,47.43374887283964,52.75401103187969,46.88402871874594,51.092220306396484,6743200
2008-11-03,50.422442838921825,51.180673104782564,47.77494721840511,49.2155876159668,5281800
2008-11-04,50.54251846548448,52.75403014636326,50.54251846548448,52.444419860839844,5859000
2008-11-05,51.18071506058319,52.930967022404836,49.184032998597765,50.39720916748047,6203000
2008-11-06,49.49994328125801,49.59472330896037,45.51922550417107,46.75767135620117,7546600
2008-11-07,47.01673209895343,48.495283039909225,46.22058668882461,48.09089279174805,4129600
2008-11-10,49.872749253324514,50.68152991869401,47.92661776433353,49.158748626708984,3698800
2008-11-11,47.869747051769764,48.33732241553229,45.898340794268044,46.75767135620117,5336800
2008-11-12,45.493959210986056,46.113184665805036,42.183011307097374,42.92228698730469,5835100
2008-11-13,43.067609541839076,46.947232225127024,41.55745866789454,46.74503707885742,9270400
2008-11-14,45.544498140129484,47.01041405441709,43.79424215746531,44.318687438964844,6061100
2008-11-17,43.64891036706394,45.885696391463185,43.35825520963961,44.021705627441406,4326400
2008-11-18,44.419773400218745,45.595033742316545,42.492597887447985,44.83047866821289,6262000
2008-11-19,44.89369161676408,46.403837865244455,42.915965115252355,43.32667541503906,7467600
2008-11-20,41.49427318246448,42.157728560671934,37.24817274200306,37.59569549560547,10420500
2008-11-21,38.63193165896227,43.79422825803584,38.27809149493305,43.57307815551758,9167400
2008-11-24,45.32335059093661,47.35162198496097,43.83847472956968,45.98680114746094,8968100
2008-11-25,46.56810275970529,46.92826294234703,44.710436732732305,46.1700325012207,5400200
2008-11-26,45.5950391263561,47.389519968557394,43.497258414531814,47.32001495361328,9329000
2008-11-28,46.757661140118884,46.757661140118884,44.230219997409755,45.708770751953125,2652700
2008-12-01,44.287090132505,44.287090132505,41.35525846007217,41.50690841674805,6335300
2008-12-02,42.94123210098102,43.72473764527426,40.72972070636459,42.385196685791016,5545500
2008-12-03,41.3868358878943,42.77061102738389,40.75497579800278,42.600006103515625,6278200
2008-12-04,41.48164185781903,42.17668742807163,38.208604348474985,39.2701301574707,7287400
2008-12-05,38.39183728295548,39.35226539119326,36.060273247991795,38.707767486572266,8368400
2008-12-08,40.48330286840181,42.20196423479233,40.23055769910088,41.273128509521484,6869800
2008-12-09,40.6412566486044,42.99177787156832,39.415448463590295,41.854427337646484,5025300
2008-12-10,42.73903059498527,46.19530723064142,42.505240546950205,45.847782135009766,8112800
2008-12-11,46.65201747750158,47.68422893632359,44.01767225626933,44.94222640991211,6301900
2008-12-12,43.327430133881485,43.694720246203524,41.65563252836212,43.0931282043457,6762500
2008-12-15,44.06833690750296,44.42929790944713,41.54164371345439,42.61818313598633,6732700
2008-12-16,43.12478323527561,45.20819849966642,43.12478323527561,44.562278747558594,6369000
2008-12-17,43.998701737465026,45.081570707728865,43.34644292091205,43.47943115234375,5976700
2008-12-18,43.37807806929886,43.51739529743026,40.48409553588635,40.902042388916016,6611500
2008-12-19,41.130039313474,43.105802849341856,40.95906205303353,42.29523468017578,7530600
2008-12-22,42.39020644268572,42.43453421989369,39.35057224984806,39.94583511352539,4661900
2008-12-23,39.93318684703217,41.1617045437693,39.325258297850716,39.90785598754883,4178500
2008-12-24,39.66087830685332,40.14215246348249,39.008622090352276,39.888851165771484,1659000
2008-12-26,40.00282142314577,40.64241199246266,39.496216586254725,40.534759521484375,1851900
2008-12-29,41.478318291807156,41.88360223669876,40.693081252500384,41.50998306274414,3218600
2008-12-30,41.33899771776167,41.67462300479398,40.338453360935155,41.471981048583984,4073000
2008-12-31,41.250345259551615,42.50419577926104,41.00970942829517,41.61130142211914,3772600
2009-01-02,41.756944524748945,43.72003914892197,41.35166066032734,43.37174606323242,4886200
2009-01-05,43.2514454874444,46.23408471944571,42.744838066699906,44.94857406616211,6885700
2009-01-06,45.87944910126002,46.29740087072696,44.41662757085679,44.562278747558594,6554900
2009-01-07,43.96066665117139,43.96066665117139,41.52263000477936,42.70682144165039,4875700
2009-01-08,42.49153459224855,42.97914508291156,41.43399678929168,42.18124008178711,5923100
2009-01-09,42.43453294739095,42.7384934587405,40.959043672426226,41.51630783081055,4299100
2009-01-12,40.82605665884542,41.02869859190484,39.52154710105327,39.99015808105469,4789800
2009-01-13,39.85085100414315,41.1616923996147,39.67987137660125,40.73741149902344,4909900
2009-01-14,39.800197157619735,40.085163259781915,38.31204433564891,38.69199752807617,5130500
2009-01-15,38.49567768884332,38.75531285483688,36.09563407168168,37.95107650756836,7970700
2009-01-16,38.74896926026086,39.1605870035306,36.38692250676061,37.15949630737305,7302500
2009-01-20,36.51993109757318,37.21651526733741,34.525172938697196,34.702484130859375,7878600
2009-01-21,35.30406122152847,37.7800948356846,35.23440259763149,37.640777587890625,6617100
2009-01-22,36.5832547210207,37.50780929911474,35.63336928486512,36.355281829833984,7350900
2009-01-23,35.475041090918985,39.4962202225857,35.05075784017825,39.16059494018555,9528200
2009-01-26,39.55955659975213,40.8450672454668,38.850307181159096,39.629215240478516,5536900
2009-01-27,39.61653255388097,39.79384362343919,38.43867492739936,39.1415901184082,5629300
2009-01-28,39.926843426163785,41.13002997719277,39.14793779997218,40.86406326293945,5866500
2009-01-29,39.508899104898745,41.016048844842935,39.26192929102905,39.79386520385742,5230600
2009-01-30,40.496776271202954,40.78807625978067,38.72365756424443,39.00862121582031,6362800
2009-02-02,38.565326561831114,38.565326561831114,37.48245597766303,38.03972244262695,6868900
2009-02-03,38.685670248854784,39.401251335657385,38.20439599147911,39.20494079589844,6503000
2009-02-04,37.86241789345913,38.85663069874109,36.519911977799836,36.78588104248047,11221700
2009-02-05,36.5642307938734,37.99538939830974,36.285596392249445,37.66609573364258,8131900
2009-02-06,37.153166396590606,37.57744960711054,36.06396660416817,36.85553741455078,6558000
2009-02-09,36.93786627105763,38.07139398339247,36.91886692646734,37.58378601074219,6402900
2009-02-10,38.058731191278184,38.058731191278184,35.24074047655156,35.58903121948242,5942000
2009-02-11,35.85500153972817,35.975321885148325,32.63172413331547,33.32830810546875,12999600
2009-02-12,32.63172775862499,32.980020991237765,31.757834963205834,32.78371047973633,8149600
2009-02-13,32.70138738935689,33.69560057348621,32.441752145393494,33.33464431762695,5850900
2009-02-17,32.093457243872784,32.296099241940105,30.649632403722308,30.693960189819336,8070400
2009-02-18,30.928249687923635,31.251209462279103,30.1113481668665,31.023239135742188,6821400
2009-02-19,31.643844237825128,32.26443563486552,30.76361763982209,31.314550399780273,7034900
2009-02-20,30.579959932407412,31.320868949781925,29.636406592939913,30.326656341552734,5896900
2009-02-23,31.048588716677024,31.11191586359832,28.76886457255063,28.81319236755371,5616300
2009-02-24,29.14246443736189,29.826380201617557,28.623194300304974,29.579410552978516,9458500
2009-02-25,29.839057261017462,29.839057261017462,27.869628390099454,28.680198669433594,9458600
2009-02-26,29.14248113650323,30.269677580064034,28.80052185058594,28.800521850585938,6564800
2009-02-27,28.325580569648732,28.756195450685222,27.420023018264644,27.654327392578125,8878700
2009-03-02,26.951423079736813,27.052744119237605,24.83634426643411,24.912334442138672,10359300
2009-03-03,25.311284637437716,26.6347919463902,25.032649994068414,25.887548446655273,12048800
2009-03-04,26.780423664393545,28.027937592236064,26.596778660545063,27.06538963317871,10185300
2009-03-05,26.337158183803822,27.401030115131526,25.65957340102392,26.102853775024414,8311200
2009-03-06,26.6157838902732,27.109725862163685,24.456378188617748,25.279611587524414,9521200
2009-03-09,24.969317123782666,26.109178940289727,24.412050434232263,24.59569549560547,6737200
2009-03-10,25.34294322639239,25.963534742551847,24.722351710232928,25.577247619628906,8917100
2009-03-11,25.494908705078785,27.318688321653074,25.437915516570772,26.786752700805664,9439200
2009-03-12,26.767694287194093,28.15343593690071,26.513428829964305,28.039016723632812,6589200
2009-03-13,28.522112672701248,29.60273701989243,28.29327429037198,28.712810516357422,8353800
2009-03-16,28.61746819197068,30.435459654954734,28.388629766580365,29.4628963470459,7098500
2009-03-17,29.46926314166736,30.162134170532227,28.71918248932353,30.162134170532227,6376600
2009-03-18,29.850635241404603,30.479940598483754,28.318692571483925,30.155752182006836,7348900
2009-03-19,30.740577436598773,31.89748067992409,30.72786392103029,31.096546173095703,8681000
2009-03-20,31.52878350238069,31.725839278280212,29.895134984799096,30.257461547851562,7368100
2009-03-23,31.11562496864191,33.098887790990844,31.032988310461118,33.07981872558594,7472700
2009-03-24,32.57127799664869,32.730193282215204,31.280884228947325,31.522436141967773,6416600
2009-03-25,31.63685635485844,32.09453316790243,30.44817065970795,31.43344497680664,5571200
2009-03-26,32.062751090100804,32.60942012772516,30.219335005504732,30.778715133666992,8716500
2009-03-27,30.244745334816283,30.28288343507996,28.649235194449133,29.17047691345215,7451100
2009-03-30,28.350483813801482,28.687385842419765,27.816528398010337,28.363197326660156,5884900
2009-03-31,28.712816685336477,29.221347610817546,28.274211308206983,28.407699584960938,6129500
2009-04-01,27.861024310393894,29.70443985581766,27.555904879914607,29.54552459716797,6073800
2009-04-02,30.270189029712725,31.338100158404412,30.270189029712725,30.766006469726562,6610200
2009-04-03,30.82321313897513,32.08182204375736,30.702435957171254,31.751277923583984,6087300
2009-04-06,31.369867968520854,31.636846837431936,30.130331014179227,30.759634017944336,5621200
2009-04-07,30.015913004973555,30.18754176486406,29.15141366249735,29.443817138671875,5271300
2009-04-08,29.4247645674695,30.34647401288523,28.731893596761736,29.850656509399414,4768700
2009-04-09,30.880412574078804,31.465219530719704,30.282889681588703,31.090179443359375,4911800
2009-04-13,30.486314941867025,31.287249526642356,29.850653650711223,31.026628494262695,4859400
2009-04-14,30.651586723634047,32.533143470684415,30.619801720759703,31.6177921295166,8310400
2009-04-15,31.35081838532228,32.0754719547747,31.001205118902075,31.725858688354492,4747200
2009-04-16,32.05004491816269,32.05004491816269,30.98849160059607,31.725858688354492,4399600
2009-04-17,31.732196849208858,33.37220343929877,31.388941742436803,33.149723052978516,7580000
2009-04-20,32.393291170904064,32.533137397910025,30.58165788857603,30.70243263244629,4944400
2009-04-21,30.327389046927753,31.999178338840036,29.926924318997777,31.770339965820312,5259600
2009-04-22,31.528794063870716,32.41872070008969,30.96305599257144,31.643213272094727,4651300
2009-04-23,32.08182145722025,32.46957517619711,31.52879446875078,32.431434631347656,4574500
2009-04-24,32.88910914759557,33.683685589436,32.69840886166997,33.28321838378906,5135900
2009-04-27,32.4886360358295,32.965381814265996,32.056386336058715,32.36785888671875,3894900
2009-04-28,31.77669978005168,32.800112124612355,31.54150342475737,32.41871643066406,3243400
2009-04-29,32.73655174010812,34.09051077259045,32.42507668574175,33.403995513916016,4504100
2009-04-30,33.71546458085976,33.99515458573099,32.15809443530642,32.95902633666992,5562700
2009-05-01,33.10523526684519,34.61175157759218,32.895465914474684,34.414695739746094,5174600
2009-05-04,34.548188233037024,36.397962387757055,34.50369213918352,36.347110748291016,6335500
2009-05-05,35.946639693076214,36.17547810871167,33.93159489123456,34.630821228027344,6250700
2009-05-06,37.09719161648634,39.11223665191111,36.277188007023184,38.78169250488281,11657800
2009-05-07,39.69704627885008,40.59332856086899,37.713783821269885,38.35580062866211,7545100
2009-05-08,38.88975626495781,41.30527100428113,38.83254665429267,40.567901611328125,7963700
2009-05-11,39.900456080175765,40.55518637739192,39.25208132838421,40.26913833618164,6121600
2009-05-12,40.745888514409096,41.37519184587395,39.455496846474645,41.2289924621582,9609800
2009-05-13,40.61873740464087,40.84121777667329,39.010513483755844,39.55718231201172,6774800
2009-05-14,39.118587861914925,39.722466441067766,38.247730338093994,39.4173469543457,5648400
2009-05-15,39.144025801267055,39.35379277889887,36.900139661137665,37.186187744140625,6561300
2009-05-18,37.834547153998635,39.33470766624818,37.58028175621397,39.10586929321289,4463900
2009-05-19,39.150372702987845,40.32634493195944,38.90882077235971,39.506343841552734,4900900
2009-05-20,40.199198421568866,41.32431856260987,39.15035691343712,39.29020309448242,6346700
2009-05-21,38.67362380838758,38.85160815142139,37.32602287215702,38.07610321044922,4869700
2009-05-22,38.26680670677739,38.88975442405673,37.77098929619799,37.98075866699219,3044700
2009-05-26,37.41501041475538,39.086799683086504,36.90648205124815,39.042301177978516,5032700
2009-05-27,39.56990413651365,39.989440372533096,38.215945291919404,38.32400894165039,4786000
2009-05-28,38.05066983947639,40.04664509596526,37.751908377886416,39.60803985595703,6465100
2009-05-29,40.2500703893701,40.55518750015646,39.5254169481456,40.19921875,5596900
2009-06-01,41.03826724022879,42.54478535906913,40.9174949638278,42.23966598510742,6688300
2009-06-02,42.048974632896865,42.671919675029876,41.47687878318709,42.036258697509766,5200500
2009-06-03,41.39426385398109,41.40061697492101,39.54448722122858,40.313636779785156,7356400
2009-06-04,40.8475819701399,41.91549276836935,40.25005900871714,41.6040153503418,4661100
2009-06-05,42.074414457513434,42.45581019014532,40.75223805799369,41.139991760253906,5856400
2009-06-08,40.580610981047585,41.05735445473641,40.122934142491864,40.618751525878906,9351800
2009-06-09,41.10186042255338,41.26712886247559,40.31999491941883,40.777671813964844,5374400
2009-06-10,41.38789113504703,41.50231031743152,39.817807573879904,40.52339172363281,5484700
2009-06-11,40.56163634324088,42.95136348606442,40.55526237619123,42.18027877807617,5874800
2009-06-12,41.79791959579122,42.052824803145555,41.19252398249805,41.75968551635742,2715200
2009-06-15,41.21163892300478,41.390071100490225,40.05819887432227,40.58712387084961,3348900
2009-06-16,41.186146980752156,41.332719044303225,39.65035160639642,39.90525436401367,4151000
2009-06-17,39.72681618268744,39.90524832913078,38.56700236889445,39.248870849609375,4972000
2009-06-18,39.49103246846396,39.542012042437705,38.732690946349784,39.14053726196289,3987300
2009-06-19,39.66310078877614,39.66310078877614,37.59837537644871,38.006221771240234,7899000
2009-06-22,37.343468697591014,37.35621420079721,35.68659217608387,35.8841438293457,5344000
2009-06-23,36.1836370665441,36.3748170907962,35.5081427414973,35.91598892211914,4539200
2009-06-24,36.03709280615479,36.553274858430946,35.36796954421238,35.565521240234375,4200400
2009-06-25,35.32971317831636,36.61060785219563,35.21500612003,36.20913314819336,6014300
2009-06-26,36.01795585493188,36.02432738891435,35.10030181126772,35.31059646606445,5769100
2009-06-29,35.75031440180956,36.01796508582041,35.22776096693065,35.36158752441406,4914700
2009-06-30,35.36159437137641,35.90326494893963,34.10619011889009,34.73070526123047,7471500
2009-07-01,35.2468694181041,36.09442438546891,35.02382684598846,35.10029983520508,5549600
2009-07-02,34.34835000913867,34.46305712062105,33.03559219492723,33.27775192260742,6035700
2009-07-06,32.39832520344955,32.74881800617292,31.710082669267546,32.68509292602539,7596600
2009-07-07,32.67872574147042,32.75519877066559,31.639992619945836,31.805679321289062,7833400
2009-07-08,31.710076212809486,32.41106410648472,31.060072748592145,31.7738037109375,5394000
2009-07-09,32.162528805241244,32.85714264430223,32.05419328783274,32.404685974121094,5015600
2009-07-10,31.86302723663703,32.385580688841394,31.436063838525,32.21352005004883,3931800
2009-07-13,32.27725088236743,33.13118019736245,31.54440020817874,33.041961669921875,4472600
2009-07-14,33.322364655846876,33.647366563409534,32.71696646705853,33.640995025634766,4671900
2009-07-15,34.41206154490466,34.85814431038156,34.25274644515973,34.641475677490234,6085100
2009-07-16,34.35472563576108,35.43169538737919,34.25276401685615,35.23414611816406,4748900
2009-07-17,35.24051012555931,35.686593024557524,34.756193146989624,35.482669830322266,4508200
2009-07-20,35.85228447047243,36.3366039443298,35.151298701047324,35.84591293334961,3379000
2009-07-21,35.97336206063306,36.45130751999234,35.46355405684109,36.221893310546875,3699500
2009-07-22,35.80766789638306,36.457673921270185,35.35521350868268,36.049827575683594,3732800
2009-07-23,35.96060611746053,37.12041990100696,35.96060611746053,37.02482986450195,4253100
2009-07-24,36.74443787830203,37.30522776150996,36.66159333816824,37.25424575805664,2507800
2009-07-27,37.41356337280888,37.49003638309965,36.81453937793317,37.40081787109375,2250900
2009-07-28,36.8464078085248,37.25425420480045,35.63561169249472,36.23463821411133,4166900
2009-07-29,35.58463296332148,35.93512581660632,35.05570548416213,35.83316421508789,4501700
2009-07-30,36.636120226321765,36.820923989430284,36.1326836690916,36.49592208862305,3606200
2009-07-31,36.16453395385917,37.458172011659606,36.113551946184316,37.018463134765625,3635200
2009-08-03,37.8214124420702,38.872893315612636,37.66847127232777,38.5096549987793,6207400
2009-08-04,38.21651537440311,39.51015349312698,38.11455378520747,39.01946258544922,4532700
2009-08-05,40.14741224402075,41.03957793293692,39.86701849396855,40.3130989074707,8994200
2009-08-06,40.211140953681515,40.453300650702715,39.65672493901365,40.383201599121094,5161000
2009-08-07,40.791049704805715,41.198896073231595,40.47879096156683,40.663597106933594,5430900
2009-08-10,40.37046013255878,41.27536906465814,40.262126991796066,41.07781982421875,2918800
2009-08-11,40.96948362159333,41.122424800764286,40.89301060105163,40.943992614746094,5522500
2009-08-12,40.9312444373298,41.51752293595815,40.62535725522573,40.77192687988281,3798200
2009-08-13,41.08419603299333,41.702339658695834,40.6636040894629,41.24351119995117,4076500
2009-08-14,41.186166455300445,41.30087360130118,39.63762484620497,39.975372314453125,3641400
2009-08-17,39.16602805976321,39.22338159953133,38.522396052103815,39.1596565246582,3788300
2009-08-18,39.22977769104385,39.56115361538164,38.76457757542267,39.49105453491211,2685800
2009-08-19,39.00034949997287,40.421440356962904,38.73907274924298,39.98173141479492,4194300
2009-08-20,39.97536953267211,40.466060638427734,39.03222384415273,40.466060638427734,5819900
2009-08-21,40.5233983537562,41.37732758550827,40.23025908503912,40.994972229003906,6685900
2009-08-24,41.39007514423047,41.57488130665628,40.72095441328808,41.03321075439453,2880600
2009-08-25,41.21164817098327,41.42194536817318,39.93075523768068,40.070953369140625,3720000
2009-08-26,39.71408006387606,39.98810231405044,39.49103982813238,39.847904205322266,3427000
2009-08-27,39.573875222304636,39.70132780574117,38.764556544037674,39.592994689941406,3374400
2009-08-28,40.19840211306495,40.37046034566028,39.580258517818706,39.87339782714844,3698900
2009-08-31,39.363582482560325,39.4209360264098,38.55426133310927,39.11505126953125,3352100
2009-09-01,39.044962001260345,39.433691403479635,37.9807354057619,38.120933532714844,5014600
2009-09-02,38.477796838753015,39.54839487267277,38.36308973290759,39.01309585571289,6550000
2009-09-03,39.24887057470125,39.344460613029604,38.426804024135556,38.80278778076172,3836500
2009-09-04,38.770917886990965,39.43366920186897,38.59248577566042,39.36994171142578,2730900
2009-09-08,40.05182549896915,40.74006807535967,39.86064781584605,40.574378967285156,3693800
2009-09-09,40.72095305809653,41.34546571952568,40.376831752815924,40.61261749267578,3380600
2009-09-10,40.816539391938875,41.74056522700859,40.472415687132255,41.69595718383789,4303800
2009-09-11,41.989823881042746,42.571150082087485,41.31266841347157,41.938716888427734,4558300
2009-09-14,41.382933773747084,42.322003923639194,41.248781591452556,42.277286529541016,2953700
2009-09-15,42.70528776702561,44.03403988039353,42.51364392060467,43.75295639038086,5825600
2009-09-16,44.13626560921109,46.24438283201823,43.71464508894841,46.12939453125,8419000
2009-09-17,45.86108616350289,46.576569403638196,45.343641291610425,45.452239990234375,6712500
2009-09-18,45.714157420950684,46.027184098086764,44.80703022632668,45.203102111816406,4195900
2009-09-21,44.22569444949808,44.76230313903857,43.84878654951411,44.63454055786133,3024100
2009-09-22,45.24778995071727,45.80995188563913,44.91559958666914,45.50970458984375,3154000
2009-09-23,45.65665582876945,45.835525391949616,44.621761375445566,44.63454055786133,3472300
2009-09-24,44.545117735372656,44.64732685298869,42.83945708837156,43.35690689086914,4915900
2009-09-25,43.241934987052424,43.72743700906172,42.63505014879099,42.90974426269531,3535600
2009-09-28,42.97360358696,43.574098522348564,42.70529920580667,43.452720642089844,3940800
2009-09-29,43.40798021028986,43.5421372035053,42.85220784051787,43.22911071777344,4447300
2009-09-30,43.5932700783671,43.689094480983,42.21979997109,43.01194381713867,4990100
2009-10-01,42.877774592913916,42.928876696715584,40.98047069436077,41.08906936645508,4639600
2009-10-02,40.60996563955347,41.3701663393881,39.9903067370494,41.204071044921875,5083900
2009-10-05,41.28072652754876,42.564756704458,40.9613151628554,42.37949752807617,3549500
2009-10-06,42.07286014156755,42.7244571004333,41.74066963404381,42.44337844848633,4801800
2009-10-07,42.44338072516038,42.75640247594714,41.83011153279375,42.48170852661133,3085800
2009-10-08,42.628641573666954,44.308743546028595,42.628641573666954,44.0915412902832,4484800
2009-10-09,43.66352963343833,44.200143224317166,43.18441261871772,43.695472717285156,3915600
2009-10-12,44.0787781275993,44.711211405626756,43.98934331550781,44.180992126464844,3329400
2009-10-13,44.23207235365978,45.005047060527325,43.62519287580249,44.71118927001953,4423700
2009-10-14,45.062559043986596,45.388360023263104,44.417346677843575,44.934791564941406,3790800
2009-10-15,44.800628774922764,45.822748870296365,44.7559113862874,45.78441619873047,4553100
2009-10-16,45.369190665987304,45.78442643837116,45.062558467861095,45.53528594970703,3786300
2009-10-19,45.611943188709986,46.19965892146723,45.22865053142615,45.937744140625,3622000
2009-10-20,46.0591358162861,46.710737984285224,45.40753852211953,45.98886489868164,3340000
2009-10-21,44.85173971312274,46.42324291879205,44.6856444518903,45.27336502075195,5118500
2009-10-22,44.94756317138672,45.056161854891634,43.90628398034572,44.94756317138672,4317100
2009-10-23,45.08174632238804,45.16479157145336,43.28665495706465,43.58051300048828,3333600
2009-10-26,43.446324427771586,44.30234433365845,42.347548825601415,42.69889831542969,3876400
2009-10-27,42.77556854782997,43.86157009108846,42.46254678115518,43.27384948730469,3980200
2009-10-28,42.99276287715441,42.99276287715441,41.74705588437425,41.84288024902344,3859000
2009-10-29,42.290055271489486,43.427163623111,41.983423144850924,43.369667053222656,3637500
2009-10-30,43.17803039975425,43.17803039975425,40.80161125807302,41.33822250366211,6120200
2009-11-02,41.86206516630747,42.392289359608434,40.852726219939484,41.51071548461914,3753800
2009-11-03,40.99324935147922,42.66057690143438,40.61634631757335,42.449764251708984,4378600
2009-11-04,43.126916336452005,43.94460850825941,41.96425936582026,42.84583282470703,6929500
2009-11-05,43.19081168132182,44.09793892505902,42.74363765238978,44.0340576171875,3807100
2009-11-06,43.36329351139484,44.10433036038807,43.209977391332366,43.46550750732422,4223700
2009-11-09,43.899918684876425,44.32153934340158,43.68910591869742,44.142669677734375,4076700
2009-11-10,44.00849741639658,44.67287363949918,43.91906262423187,44.577049255371094,2771900
2009-11-11,44.87090502620207,44.96672940584615,43.58687490999467,44.01488494873047,3105000
2009-11-12,43.69547129120791,44.16819869896481,42.55836772652853,42.992767333984375,3615500
2009-11-13,42.93527540642982,43.43994595160967,42.59031054489559,43.30579376220703,4300200
2009-11-16,44.723974093911835,46.14854584230174,44.65370321407234,45.35001754760742,6860900
2009-11-17,45.72692808602117,46.084667223142205,44.934784462638575,45.1136589050293,5711800
2009-11-18,45.21586338162463,45.8163581923345,44.883677770190694,45.77803039550781,4779100
2009-11-19,45.27974102771842,45.48416405074402,43.98932160871236,44.187355041503906,5451100
2009-11-20,43.765745292239636,43.93822527971222,42.83944943705574,43.12053298950195,4742300
2009-11-23,44.04044167786405,44.270418256377496,43.17802707152323,43.39522933959961,4120900
2009-11-24,43.510216052528655,43.59326125193791,42.62864244938606,43.21635818481445,4167400
2009-11-25,43.184417606623384,44.008499551985935,42.84584232359406,43.95100784301758,4187100
2009-11-27,42.50725139124281,43.40160390085889,42.17506094895414,43.10774612426758,2787700
2009-11-30,42.78196450954597,43.312188613350564,42.48171700802214,43.024715423583984,4333500
2009-12-01,43.503815619207046,44.168191670406244,43.503815619207046,43.816837310791016,3148000
2009-12-02,43.60604581836949,43.95739543508357,42.86500902879445,43.17164611816406,2723000
2009-12-03,43.069419919764336,43.48465559800351,42.09202208986323,42.32838821411133,5279600
2009-12-04,42.80752100609594,43.631603076367405,41.6129205090981,42.264522552490234,4587700
2009-12-07,42.30923221636,42.8330666682275,41.81733597719533,42.02814865112305,3389000
2009-12-08,41.81094929008575,41.81094929008575,40.6674583580481,40.756893157958984,3810100
2009-12-09,40.891050241729516,41.159354657517945,40.02863796901885,40.539695739746094,4284000
2009-12-10,40.9549232346174,41.306277665269356,40.35442834362328,40.91020584106445,4261500
2009-12-11,40.96784571243998,41.14716330773484,40.609208078831244,40.91661071777344,3580600
2009-12-14,42.780235290527344,43.76648187910232,42.58810653969284,42.780235290527344,9141400
2009-12-15,43.03642640853808,43.03642640853808,42.299943820087414,42.504878997802734,5334100
2009-12-16,42.876307152172075,43.74088189436947,42.5945244252847,43.46549987792969,4275200
2009-12-17,43.49111390648571,44.47095999099287,42.88911492184445,43.99704360961914,5663200
2009-12-18,44.515795203548635,45.047342473951865,44.35568948553879,44.547813415527344,6356600
2009-12-21,45.22666822118234,45.61732659198542,45.14981571206007,45.245880126953125,3044900
2009-12-22,45.252290804253555,45.687773746716466,45.149820780587234,45.52766799926758,2717200
2009-12-23,45.64934277837461,46.36021257654947,45.20744942112026,46.206512451171875,2877400
2009-12-24,46.39225306148875,47.051888103064236,46.18091225611776,46.763694763183594,1162800
2009-12-28,47.12870710384021,47.57700595358213,46.96860141879762,47.42970657348633,2704500
2009-12-29,47.46814854195029,48.06374205239682,47.27601971172659,47.519378662109375,3363900
2009-12-30,47.13510369112099,47.71148502432693,47.0966798975862,47.442508697509766,2254000
2009-12-31,47.57701003390244,47.711498234547726,47.071075439453125,47.071075439453125,1784200
2010-01-04,48.230255126186854,49.17808332704403,47.935661129092814,49.03718948364258,4225500
2010-01-05,49.133246461503475,49.146052769852695,48.59528867609452,49.088417053222656,3711400
2010-01-06,49.04357487318104,49.12042247534204,48.35191713750541,48.941104888916016,3225500
2010-01-07,48.61449977739515,48.74258239005155,48.07013645850928,48.652923583984375,2836400
2010-01-08,48.294289468009595,48.82583672016661,47.86520244508285,48.74898910522461,2496200
2010-01-11,48.480001954785656,48.672130741073516,47.621837784386024,48.082942962646484,2811600
2010-01-12,47.42973472618118,47.698716150099756,47.03267551865871,47.51299285888672,2567500
2010-01-13,47.570614825106986,48.255867170044446,46.9750213001771,48.0765495300293,2131300
2010-01-14,48.114954267062025,48.21742424132526,47.090278954616124,47.372066497802734,2867600
2010-01-15,47.07748952806021,47.41691288892468,46.238532192636235,46.770084381103516,3400400
2010-01-19,46.50750604888787,47.15432956664416,46.302570945888576,47.11590576171875,2198900
2010-01-20,46.33457298613919,46.33457298613919,45.32910972446311,46.136043548583984,2905400
2010-01-21,46.22571270644154,46.66120035696036,45.674948769431346,45.74539566040039,2963800
2010-01-22,45.7902222102344,45.93111598341648,44.253206781214864,44.38129425048828,3269500
2010-01-25,44.77195156257813,45.790221270712884,44.631057792286896,45.45079803466797,2756500
2010-01-26,44.836012875286855,45.64934788603711,44.20839622354332,44.675907135009766,3628800
2010-01-27,44.67590966705734,45.047351292162006,43.59999883597551,44.413333892822266,3633100
2010-01-28,44.66948168549946,45.271480564936326,43.38863633251023,43.88175964355469,3760800
2010-01-29,44.323662286815605,44.91925569815109,42.56249955164532,42.85069274902344,4751100
2010-02-01,43.35663251261974,44.76556595868178,43.273379286649856,44.675907135009766,3073400
2010-02-02,44.69511110075784,45.77742727626027,44.41332348440489,45.674957275390625,3556800
2010-02-03,45.54686389573435,45.777416457163376,44.86801251551003,45.143394470214844,3298300
2010-02-04,44.62466442334934,44.75915263564498,42.72901337197869,42.81867218017578,4551200
2010-02-05,42.735416412353516,43.03641102984627,41.409741386404846,42.735416412353516,4666200
2010-02-08,42.6713649754356,43.29898140414137,42.14621852939106,42.35755920410156,3113000
2010-02-09,42.97877434270292,43.84334414235352,42.588116045239474,43.10045623779297,3853300
2010-02-10,42.965962233680024,43.10045531803485,41.67231035984419,42.530479431152344,3950400
2010-02-11,42.267894062032404,43.382228082850176,42.21025836997283,42.978763580322266,3357100
2010-02-12,42.248683228699676,43.10044653041364,42.11419505780333,42.95955276489258,3367700
2010-02-16,43.984246961643684,44.330075929647904,43.70245930933524,44.25322341918945,3011200
2010-02-17,45.15620783673258,45.40597230931248,44.342868237479934,44.69510269165039,4839000
2010-02-18,44.58622994970073,45.18822396272076,44.57341875957243,44.96407699584961,3399100
2010-02-19,44.9128411194,45.98875142514617,44.829587929361765,45.73898696899414,3733000
2010-02-22,46.09763250905169,46.09763250905169,44.75274080146741,44.84239959716797,3048400
2010-02-23,44.554221417946614,44.624668328557675,43.3950575205012,43.57437515258789,4506900
2010-02-24,43.58077011530823,44.08029907881031,43.32460003796316,43.79851150512695,2497500
2010-02-25,42.87629173581745,44.11871316132159,42.71618608350143,44.06747817993164,3628500
2010-02-26,44.25321411011382,44.304449106308354,43.779302610409744,44.09951400756836,3728900
2010-03-01,44.419730771280676,44.70791910912554,44.093113738628084,44.43253707885742,3319000
2010-03-02,44.57982579237226,45.14980162052855,44.567014601830785,44.93206024169922,3125700
2010-03-03,44.99610523659644,45.514846117321184,44.90644643958323,45.11138153076172,3195500
2010-03-04,45.23945930979025,45.38035308609402,44.12512517562747,44.54140090942383,3651700
2010-03-05,44.951274252392615,44.98329245817473,43.82412884765301,44.797569274902344,3879500
2010-03-08,44.84240500668785,44.84240500668785,44.093111458212306,44.63106918334961,4064300
2010-03-09,44.36850235468484,45.57250065924041,44.25963162298679,45.373966217041016,5451800
2010-03-10,45.45721664882877,46.360210338626146,45.245875932862205,46.014381408691406,6096000
2010-03-11,47.2403089112784,47.24672880278786,46.05288362303463,46.23902130126953,9963500
2010-03-12,46.59203865749091,46.59845854923107,45.019503070191945,45.26982498168945,6106000
2010-03-15,44.9553267317454,45.00025618792489,43.6138531453406,44.114501953125,5537400
2010-03-16,44.53169665689643,44.53169665689643,43.19664801891352,43.51115417480469,8492000
2010-03-17,43.74222604744216,44.05673223731556,43.01692996656198,43.11320877075195,8180400
2010-03-18,43.04261046980341,43.28651745970794,41.726816290828594,41.97071838378906,8371300
2010-03-19,41.277503967285156,42.03488958581069,41.04643928488813,41.277503967285156,8940900
2010-03-22,40.89882676751222,41.181243328774144,40.34683343246979,41.07854461669922,7814600
2010-03-23,41.21974487005533,41.932201131260555,40.93732836379217,41.70755386352539,6147700
2010-03-24,41.45723091034536,42.50345312188164,41.206908946136416,41.79741668701172,11050000
2010-03-25,42.15042758991502,42.15684748226589,40.301895245250606,40.391754150390625,6915500
2010-03-26,40.661332199344834,40.71268154594978,40.03873728682531,40.56505584716797,4784300
2010-03-29,40.84103798134194,41.71395452783644,40.76401398874801,41.44437789916992,5643900
2010-03-30,41.50857571945536,41.72038809582357,40.97583972928312,41.341697692871094,3194800
2010-03-31,41.45721647407221,41.82307679876278,41.27108371171156,41.354522705078125,4494400
2010-04-01,41.78457760175021,42.43926959369708,41.78457760175021,42.25313186645508,5385400
2010-04-05,42.43284155743066,43.177387426573034,42.09266073728384,43.138877868652344,4088200
2010-04-06,43.100367268364394,43.12604193867151,42.541954207305565,42.67674255371094,3018600
2010-04-07,42.50987372806279,42.972003202624244,42.01564478750279,42.25313186645508,4545800
2010-04-08,41.88085800830669,42.445686207817765,41.335284592184955,42.31089782714844,4037900
2010-04-09,42.44568245628924,43.22232299832817,42.31731398041008,43.17097854614258,4518100
2010-04-12,43.254413552425085,43.639523841273736,42.93990738784204,43.2094841003418,3081200
2010-04-13,42.99125920911848,42.9976742048264,42.22745358275337,42.65107345581055,3400900
2010-04-14,42.93347369802196,43.132446222312275,42.265947126634046,43.08751678466797,3634300
2010-04-15,42.81795266419166,43.32501640680819,42.702419091229125,42.740928649902344,3002000
2010-04-16,42.38150741279194,42.670343891596794,41.55993723626569,41.84235382080078,4102500
2010-04-19,41.40589405240315,41.938627750124546,41.12347746786805,41.84235382080078,2974900
2010-04-20,42.16327464172344,43.42130442745621,42.15043485480867,43.260841369628906,4130600
2010-04-21,43.183832177551814,43.78717504932171,42.92067521870139,43.38280487060547,3844400
2010-04-22,42.70884649865189,43.73580905183948,42.55480333990968,43.46623229980469,5216400
2010-04-23,43.52400468202255,45.013101883251146,43.26726766904267,44.95533752441406,5448100
2010-04-26,44.74994344060857,44.81412769165154,43.896278700598074,43.992557525634766,4375200
2010-04-27,43.652368785494566,44.30705586422621,42.683170608062035,42.734519958496094,4532700
2010-04-28,43.177381788619414,43.6459359022243,42.75376201597832,43.29291534423828,4150100
2010-04-29,43.59460006340286,44.28780161172238,42.984842434772546,43.22874450683594,4013900
2010-04-30,43.38278226054953,44.24928653651439,43.17097478350369,43.215904235839844,5005700
2010-05-03,43.61385179267776,44.146590254385764,43.004094206732745,43.72938537597656,3938000
2010-05-04,43.132456820931445,43.151716496318485,42.0862397175968,42.586883544921875,4106600
2010-05-05,43.138886166095084,44.05673501630748,42.07982904708944,43.331443786621094,8592400
2010-05-06,43.09393725542938,43.9219268148358,39.76272669230202,42.42641067504883,7835200
2010-05-07,42.24028870083391,43.12604780767266,41.00793374003766,41.45081329345703,6653600
2010-05-10,43.068268906338254,43.703701025311716,42.74734290122852,43.53040313720703,5173200
2010-05-11,42.920647955840565,43.99253969432063,42.920647955840565,43.5625,4601100
2010-05-12,43.6459482782539,45.353277429083185,43.6459482782539,44.653656005859375,5341600
2010-05-13,43.921944902740094,44.480358062614336,43.254418047459104,43.40204620361328,6407700
2010-05-14,42.94632355879482,43.23515502616811,41.70754889076129,42.4007453918457,5396700
2010-05-17,42.54838867065261,42.734526421418764,41.084966240567624,41.9578857421875,4144400
2010-05-18,42.49061650174138,42.92066122596485,41.35454018698407,41.559932708740234,4039000
2010-05-19,41.816668825472895,41.9322024091065,40.40459359654011,41.45081329345703,5362200
2010-05-20,40.37250926875702,40.60357403213857,39.473915100097656,39.473915100097656,6245500
2010-05-21,39.101630116791654,40.75760976765729,38.543219455940665,40.48161315917969,6277300
2010-05-24,40.44952359052055,40.4687783718922,39.114469916727565,39.14656448364258,3946900
2010-05-25,38.183787676127274,39.12089128137096,37.59970228398533,39.069541931152344,6506700
2010-05-26,39.71139072033085,39.71139072033085,38.5239652555475,38.697265625,6174700
2010-05-27,39.666460250733735,40.68700521238264,39.28776740462574,40.68058776855469,6184300
2010-05-28,40.500868741736376,41.43797227126393,40.29547625440079,40.98225784301758,5530500
2010-06-01,40.597142164783406,41.34169289335769,39.512413081672044,39.557342529296875,5862300
2010-06-02,39.96813276648858,41.75889836347505,39.20432960678724,41.75248336791992,8051500
2010-06-03,41.93861736683831,42.708842889345355,40.982259029092276,42.61256408691406,7429800
2010-06-04,41.61125973006575,43.83206670991091,41.527815849268315,41.790977478027344,7659200
2010-06-07,41.82950042159713,42.18252103739862,40.308311621446165,40.44309997558594,7898500
2010-06-08,40.49445668863586,41.79741836119091,40.212042593070265,41.681884765625,6203500
2010-06-09,42.00921969763928,42.84362942040952,41.25183399290638,41.431556701660156,5679200
2010-06-10,42.503444862851126,43.549661974148755,42.233868168692375,43.536827087402344,5908200
2010-06-11,43.10577758704292,43.91642492799143,42.75835729806499,43.852088928222656,4285700
2010-06-14,44.37963940237256,44.939367841103135,43.47892093531508,43.562557220458984,5172000
2010-06-15,43.987183629299075,45.15811616645629,43.85207659522564,45.119510650634766,4617600
2010-06-16,44.21879500863616,44.90076521762471,43.749133038328594,44.59194564819336,5474800
2010-06-17,44.591960722452235,44.93938101481232,44.17377426562309,44.707767486572266,3705700
2010-06-18,44.68845227294987,45.03587244943944,44.341032096460296,44.98440170288086,3791600
2010-06-21,45.52482619626219,45.55056156472032,44.01933904683945,44.398929595947266,4086900
2010-06-22,44.25740978423225,44.566224544017814,43.10577723621228,43.21514892578125,4085200
2010-06-23,42.93207743316665,42.93207743316665,42.211501347108005,42.43667984008789,4930700
2010-06-24,42.12143437259275,42.63612742365679,40.969801492121334,41.14994430541992,6052200
2010-06-25,41.20140671337069,41.47805595145846,40.42292976631499,40.95049285888672,7065200
2010-06-28,41.06629339901583,41.29790690778012,40.35215256507954,40.47439193725586,2992800
2010-06-29,39.49647560453997,39.80529284511033,38.95604481997651,39.264862060546875,5394300
2010-06-30,39.31632216465997,40.08193121253925,39.07184099516702,39.1940803527832,4178000
2010-07-01,39.19407637246174,39.47716057815591,38.28049268311144,39.039669036865234,4957200
2010-07-02,39.27771335117713,39.61226583566142,38.78231846766734,39.05896759033203,4904600
2010-07-06,40.02402339795326,40.29423991407427,38.93672962567619,39.329185485839844,3839300
2010-07-07,39.39352823872144,40.20417547219407,39.181217504223866,40.17844009399414,6090500
2010-07-08,40.97620841530506,41.04054684703664,39.92751774781272,40.6931266784668,3768400
2010-07-09,40.718857133037844,40.8153610875889,40.204162012652475,40.7574577331543,3030000
2010-07-12,40.38431760247162,41.13062637919738,40.38431760247162,40.85397720336914,2972700
2010-07-13,41.19497111031018,41.259307114230666,40.532300943736495,40.84755325317383,4229800
2010-07-14,40.57089146797678,41.17565806223204,40.532288405009666,40.96977996826172,3836500
2010-07-15,40.93760286598412,40.93760286598412,40.056184864673,40.7574577331543,4121700
2010-07-16,40.47438082218082,40.47438082218082,39.16834133941004,39.34848403930664,4293400
2010-07-19,39.63157594708673,39.644443636704786,39.02680926060337,39.31632614135742,3575800
2010-07-20,38.60218738033564,40.5773324382886,38.60218738033564,40.44865798950195,3206300
2010-07-21,41.00194567410781,41.13705270556877,39.99185556492954,40.31997299194336,3733000
2010-07-22,40.763908346152235,41.285036280512266,40.512994532680985,41.034122467041016,3195700
2010-07-23,41.014818897034615,41.24643238466428,40.487255932660666,41.13705825805664,2426900
2010-07-26,41.130621133922595,41.75469046784613,41.05341746459259,41.387969970703125,3534300
2010-07-27,41.67748016384938,41.80615702359328,40.467947133378566,40.815364837646484,3272600
2010-07-28,40.815377720137114,41.1113296824386,40.24277901197921,40.3071174621582,2720800
2010-07-29,40.61594077264238,40.91832294407673,40.03690690519567,40.21061706542969,3469600
2010-07-30,39.70234776882931,40.384320606006455,39.49646963954204,40.20417785644531,2921400
2010-08-02,41.04055040890838,41.56167825273112,40.97621197159293,41.433006286621094,3038500
2010-08-03,41.349373491547425,41.76113466549911,40.9633526062722,41.3944091796875,3423200
2010-08-04,41.8640558751785,42.597496759914016,41.55523633546457,42.25651168823242,5603600
2010-08-05,41.98629765880777,42.36588333225858,41.81902020360772,42.25651168823242,2926200
2010-08-06,41.90909781759788,41.99916917421679,41.001946726383984,41.65818405151367,3676800
2010-08-09,41.94770909554009,42.09568630963885,41.439451271840575,41.96701431274414,2506500
2010-08-10,41.48448222122211,42.320859922509875,41.39440594346227,42.185752868652344,4025900
2010-08-11,41.42658903540751,41.6453373621142,41.09847145387046,41.16280746459961,4067200
2010-08-12,40.397192126280196,41.20783948469166,40.397192126280196,40.866851806640625,3682900
2010-08-13,40.71887685587493,41.17566884308018,40.46796301654419,40.98265838623047,4034800
2010-08-16,40.937624318269364,41.28504217267223,40.660975085917734,40.84111785888672,3551000
2010-08-17,41.20783050257013,41.34293754810222,40.68026510019899,41.0469856262207,3999600
2010-08-18,41.00838897009005,41.066292345796086,40.33284876876601,40.4808235168457,4216500
2010-08-19,40.60948744582891,40.853968574887226,40.38430907318321,40.532283782958984,5619700
2010-08-20,40.21061745547535,40.38432761739436,39.82459650960731,39.97900390625,5085300
2010-08-23,40.13982572892177,40.37787177461873,40.04975438483428,40.0626220703125,2585500
2010-08-24,39.348492551966636,39.67661003408618,39.14261443489932,39.219818115234375,4966000
2010-08-25,38.9303010348145,38.99463947996173,38.074620575572524,38.8852653503418,5804600
2010-08-26,39.03967012263085,39.232680524624634,38.33839711378713,38.467071533203125,2600900
2010-08-27,38.64078526210543,39.40639432546637,38.003848175990555,39.361358642578125,3312400
2010-08-30,39.136192722400445,39.60585246121768,38.898144089124564,38.904579162597656,2293600
2010-08-31,38.71155849083294,39.48360271781034,38.60218680626046,38.78232955932617,2820300
2010-09-01,39.25843457741045,40.13341810061906,39.13619517065044,40.081947326660156,3160000
2010-09-02,40.2749598576451,40.525876211994046,39.82460283403299,40.49370574951172,2405700
2010-09-03,40.680273967326436,41.14350102927584,40.570902274511226,40.866851806640625,1954700
2010-09-07,40.37144605213148,40.68026319355685,40.15270027017262,40.40361404418945,2381100
2010-09-08,40.53229585502626,40.944052118649545,40.44222447914129,40.57733154296875,2183900
2010-09-09,41.00840026275551,41.11777197239574,40.255656171290546,40.44223403930664,2286400
2010-09-10,40.68671393205584,40.68671393205584,40.10768003499766,40.22991943359375,4173200
2010-09-13,40.6362687675166,40.6878715597171,39.6493887419693,39.81709289550781,5942900
2010-09-14,39.836446362021746,40.32666309061274,39.61713939619037,39.97835159301758,3436100
2010-09-15,39.75259837932006,40.10090744151803,39.610693138073906,40.06865692138672,2847800
2010-09-16,39.96546366751586,40.307326155039206,39.836459094519746,40.062217712402344,2838200
2010-09-17,40.17831103301637,40.29441487217345,39.60424341749358,39.97190475463867,5351200
2010-09-20,40.165397112889046,40.72656384373952,39.68808121339771,40.59111022949219,2606600
2010-09-21,40.5008232286561,40.78463126084846,40.094459770755755,40.42987060546875,3687200
2010-09-22,40.49436553294337,41.13938570370351,40.22345824229132,40.35246276855469,2499400
2010-09-23,39.84935354877215,40.578227180425635,39.84935354877215,40.14606475830078,2033000
2010-09-24,40.65562580614819,41.513503924695954,40.47502092247792,41.31999588012695,3239900
2010-09-27,41.31353576762162,41.539291798695196,41.15872987448818,41.27483367919922,2487800
2010-09-28,41.19099103532059,41.63605655531226,40.733027276409224,41.507049560546875,2793900
2010-09-29,41.27484098893153,42.08756530528522,41.27484098893153,41.81665802001953,3097100
2010-09-30,42.22948057908664,42.248830401052324,41.19744660440599,41.75861358642578,3798000
2010-10-01,42.132721409881384,42.36492908737976,41.810211293479625,42.08757019042969,2405600
2010-10-04,41.92631368158546,42.26172202574813,41.184539455303906,41.507049560546875,2568900
2010-10-05,42.01660997166889,42.281070581420494,41.719901308778056,42.17141342163086,2504200
2010-10-06,42.16497774073556,42.893848890124524,41.919866883278885,42.76484680175781,3274000
2010-10-07,43.00349597717747,43.17765418871921,42.06821864639606,42.4616813659668,2218100
2010-10-08,42.46812422891787,43.20345172587117,42.403623198269536,43.0679931640625,2427700
2010-10-11,43.0357409988784,43.5711088522408,42.97123997439066,43.30664825439453,2053600
2010-10-12,42.97123982127885,43.26794846975541,42.532625966767256,43.11314010620117,2141600
2010-10-13,43.40341974835016,43.89363659007474,43.15831378804523,43.60337448120117,2741800
2010-10-14,43.65496339733049,43.91297243829358,43.319555088857676,43.5517578125,2291700
2010-10-15,43.771065194826384,43.86136761681904,43.20989592577526,43.64206314086914,2716400
2010-10-18,43.57111327905028,44.5773431424072,43.467907692494066,44.41608810424805,3318000
2010-10-19,43.72591337438998,43.912969794799885,42.85513721953295,43.13894271850586,3145000
2010-10-20,43.20346216248331,43.76462667790827,43.164757597853935,43.51306915283203,3289200
2010-10-21,43.654976436747596,43.71302590471883,42.29398313723403,42.810001373291016,4360400
2010-10-22,42.96479886446519,42.96479886446519,41.739259416130785,42.07467269897461,3601900
2010-10-25,42.31978113952292,42.50683761203028,41.75216506237638,41.93921661376953,3195500
2010-10-26,41.700546895249495,41.97145413309406,41.47479086371236,41.661842346191406,3022200
2010-10-27,41.313536435993704,41.78439831969157,41.12647756920391,41.726348876953125,2809000
2010-10-28,41.99726885666381,42.04242007730363,41.42965280846115,41.75216293334961,2035900
2010-10-29,41.61670647243563,42.10047168443648,41.51995736692684,41.93921661376953,2336700
2010-11-01,42.37781076668982,42.59712011912229,41.94564856065561,42.14560317993164,2802000
2010-11-02,42.48103286264703,42.63583634037666,42.255276765725924,42.52618408203125,2196600
2010-11-03,43.00350104814277,44.50639948725818,42.16497763366006,44.0032844543457,11007600
2010-11-04,44.59024183738353,45.14495956802799,44.57089201998414,44.893402099609375,8515100
2010-11-05,44.945008326386024,45.67387939041056,44.7837532742565,45.6545295715332,3740000
2010-11-08,45.30621218202623,46.667205038862605,45.30621218202623,46.15763854980469,4533500
2010-11-09,46.493061984636604,46.609165829436805,45.51262842385398,45.68678665161133,5376200
2010-11-10,45.57712571012903,46.41564894416356,45.3255633266942,46.376949310302734,4733400
2010-11-11,45.996385160981845,46.98326519965449,45.996385160981845,46.93166732788086,4350400
2010-11-12,46.480152087852915,47.08647262518001,46.260847591185126,46.75106430053711,4112500
2010-11-15,47.08002140666663,47.21547505349104,46.07379150390625,46.07379150390625,5498100
2010-11-16,45.62872572524061,45.751281133041836,44.78375087216074,45.43522262573242,4014000
2010-11-17,45.3642761375115,45.699684507943644,45.11916528881681,45.377174377441406,2425300
2010-11-18,45.81576706138,46.53173961207473,45.69966327150757,46.39628601074219,3206100
2010-11-19,46.686556847061865,47.24772615110579,46.08024125031934,47.21547317504883,5635400
2010-11-22,46.97681316428384,47.06066400229222,45.85447469247095,46.70590591430664,3352000
2010-11-23,46.11895027092584,46.13830009205285,45.58358225454559,45.712589263916016,2526700
2010-11-24,45.83512575060293,46.415644812405304,45.40941505268966,46.260841369628906,3164900
2010-11-26,45.822241064222936,46.138299622010685,45.67388423523692,45.75774002075195,1039100
2010-11-29,45.390085903922326,45.73194591788158,45.21592764552972,45.44813537597656,3388100
2010-11-30,45.00951073028319,45.95769125298616,44.93211145242257,45.51907730102539,4973800
2010-12-01,46.23504484750123,46.68011032863237,45.951234404911716,46.44790267944336,2783100
2010-12-02,46.44789937894375,47.42832777831967,46.44789937894375,47.363826751708984,4269500
2010-12-03,47.04135478953144,47.72507508325406,47.01555337377175,47.67347717285156,1873200
2010-12-06,47.70569396557915,48.31201453550515,47.47348629714424,47.686344146728516,2359100
2010-12-07,48.12496984452914,48.31202634098362,47.518649126443215,47.52510070800781,2565800
2010-12-08,47.47348680733862,47.75729727650107,46.76396555554617,47.202579498291016,2463900
2010-12-09,47.24127442424154,47.415432620624486,46.1963449303967,46.938114166259766,3843600
2010-12-10,47.02195640145155,47.56377080955757,46.80264705451926,47.27351379394531,2966100
2010-12-13,47.33169686821338,48.20437806849152,47.33169686821338,47.758338928222656,2708400
2010-12-14,47.58380889892578,48.02984807892071,47.331701083766774,47.58380889892578,2682600
2010-12-15,47.376962436406245,47.81007033224553,47.06667316465412,47.29938888549805,3209700
2010-12-16,47.460998603016776,47.460998603016776,46.98264068345126,47.415748596191406,2349200
2010-12-17,47.24121227102332,47.46746229560204,47.06021225136035,47.24767303466797,3347500
2010-12-20,47.325243097604194,47.88764020172204,47.09252739465062,47.822998046875,1926500
2010-12-21,47.92642413387046,48.39832123114011,47.86178197952838,48.09449768066406,2152900
2010-12-22,48.37892670531841,49.51664742306769,48.34660809237789,49.14171600341797,3160700
2010-12-23,49.14172667765249,50.24712902256928,49.12880021604458,50.0208740234375,3113400
2010-12-27,49.936811411038434,49.96913494457379,49.484311532816136,49.86570358276367,1834200
2010-12-28,49.930364420813035,50.31822230912675,49.930364420813035,50.13722229003906,1557700
2010-12-29,50.16954207774744,50.74486563755915,50.11782638134452,50.42164993286133,1969600
2010-12-30,50.42166094462054,50.93234246139823,50.35701877593961,50.55094528198242,2070500
2010-12-31,50.5186232218383,50.97758899965017,50.42812320547432,50.751338958740234,1692600
2011-01-03,51.15211346251268,51.28786346085487,50.790113466933505,50.86122131347656,2557400
2011-01-04,51.28787685508406,51.36545041662999,49.85926372014557,50.55094528198242,2875400
2011-01-05,50.25355692810546,50.919380232885835,49.749341413102,50.87413024902344,2885000
2011-01-06,50.828904027202434,51.06808544336357,50.22126180725138,50.570335388183594,2462300
2011-01-07,50.73839392089909,50.9775752894663,50.35700180192185,50.71900177001953,1830900
2011-01-10,50.69961199947063,50.84182768843733,50.18893063085384,50.615577697753906,1901700
2011-01-11,50.74486447681848,52.30276650512901,50.74486447681848,52.270442962646484,3711400
2011-01-12,52.509634934104646,53.02031149868572,52.26398779825533,53.000919342041016,3336400
2011-01-13,52.86516981454667,53.12374341331541,52.263988293458844,52.96860122680664,3185300
2011-01-14,52.6065880916293,53.556843084522825,52.438519470483826,53.51805877685547,2344300
2011-01-18,53.168982355685074,54.37134514757985,53.052624507053956,54.31316375732422,3641900
2011-01-19,54.33901268161737,54.54587049722754,53.20775792365065,53.32411575317383,4431500
2011-01-20,52.59366759134252,53.39524127585368,51.908451774895966,53.220706939697266,3960200
2011-01-21,53.53098503102811,54.00288214399399,53.2918085588189,53.983489990234375,3021800
2011-01-24,54.00287320229821,55.41855937490877,53.705515386165686,55.39916229248047,4570600
2011-01-25,55.004841317656485,55.56077267435359,53.918841382021,54.64284133911133,3857000
2011-01-26,54.752763504771366,55.83230820161443,54.74630273866922,55.437984466552734,3006300
2011-01-27,55.59955071560014,56.07144274521773,53.95761482194847,54.23558044433594,3672200
2011-01-28,54.313161469243425,55.043632072830306,54.15155362694614,55.03070068359375,3744400
2011-01-31,55.340994578438355,57.77803887580099,55.27635242244334,57.33200454711914,5399600
2011-02-01,57.26738677788841,58.17239222078682,56.769636496829875,57.82331848144531,4265000
2011-02-02,57.17686982281,58.243482889035675,57.17040905812918,57.849159240722656,3394000
2011-02-03,57.79742959891742,58.004287434458654,56.72435118637988,57.52592468261719,2491200
2011-02-04,57.48714670788324,57.85561242212322,56.57567603314833,57.33200454711914,1992100
2011-02-07,56.56921230920477,57.11221230940036,55.97449168228756,56.22660446166992,3793500
2011-02-08,56.233059647624515,56.401133173250464,55.6060204725289,56.01974105834961,2881500
2011-02-09,55.9486641655281,56.168448570558986,55.14062456135746,55.509090423583984,2600700
2011-02-10,55.44444015309099,56.27833756894416,55.34747935161672,56.16197967529297,2271800
2011-02-11,56.05852531154867,56.213667448673434,55.573701817639126,55.877525329589844,2045300
2011-02-14,56.85363386959806,57.64874658068357,56.4334574478758,57.041099548339844,3148800
2011-02-15,56.96353105897261,57.08634965903777,56.245991882026864,56.950599670410156,3138100
2011-02-16,57.04756049626636,57.10573694420129,55.26987447513624,55.73530578613281,6743400
2011-02-17,55.65775664163872,56.608011829266836,55.65775664163872,56.31711959838867,2622600
2011-02-18,56.46577408704188,57.20917108182569,56.26538195862902,57.01523971557617,3145700
2011-02-22,57.21564304694683,57.9848930384561,56.155495974179715,56.536888122558594,3148600
2011-02-23,56.63384165013411,58.288704055659515,56.63384165013411,57.96548843383789,4991700
2011-02-24,57.739263950847786,57.99137185251055,56.8665823734089,57.11222457885742,4250200
2011-02-25,57.31907388503225,58.48265243524727,57.31907388503225,58.40507888793945,3408100
2011-02-28,58.50852529545696,59.14849119632641,58.20470165540209,59.10970687866211,2968900
2011-03-01,59.355313331207135,59.536313280376795,57.273804051998574,57.377235412597656,3900300
2011-03-02,57.2931995501554,58.04306216272115,56.5821261660224,57.784488677978516,3114000
2011-03-03,58.17882568932795,58.3468992333569,57.43542859692162,58.282257080078125,2062500
2011-03-04,58.43093871464409,58.91576230499585,58.01075728329644,58.902835845947266,3260200
2011-03-07,59.05149679534373,59.47167811623648,57.959031279277745,58.52142333984375,2850300
2011-03-08,58.62485877087771,58.818785210336344,57.228564733753224,58.15296173095703,2338600
2011-03-09,58.133579230395945,58.61193711205709,57.57764780094632,57.991363525390625,2253900
2011-03-10,57.30611053324013,57.30611053324013,55.37974393625805,55.64478302001953,3747100
2011-03-11,55.45700705025837,57.47763089545087,54.640990157929224,57.024288177490234,2373200
2011-03-14,56.752278529410674,57.55534984439124,56.55151317119809,57.36105728149414,2393700
2011-03-15,55.38574013593001,57.082545526174144,54.80287261919411,56.700443267822266,2918800
2011-03-16,56.473790915757704,57.30924096775562,54.919470293595275,55.4699592590332,4562200
2011-03-17,55.96217723112866,57.969845980957274,55.567119242228706,57.93098449707031,4395700
2011-03-18,58.53326537867914,59.439955612526504,58.24830926140342,58.37783432006836,6052100
2011-03-21,59.09671580460849,60.23007747757359,59.01252500197155,60.02931213378906,3317400
2011-03-22,60.02928729361121,60.43081781502653,59.744326324042106,60.29481506347656,3005500
2011-03-23,60.288349567847135,60.5474045981248,59.6018579375155,60.204158782958984,2314500
2011-03-24,60.46968852700354,60.59273583091417,59.46585218772346,60.07463073730469,2069400
2011-03-25,59.388143933095954,60.4308369664872,59.31043087390335,60.236549377441406,3150200
2011-03-28,60.243024552659556,60.39198282377316,59.21976468468828,59.25862121582031,2689700
2011-03-29,59.05782470680883,59.65364759459819,58.05398869326611,59.38811492919922,3147500
2011-03-30,59.8673960016114,59.9969210576835,58.9347997864869,59.31690216064453,3634900
2011-03-31,59.3233939353504,59.90626670774696,59.14853457416411,59.43349075317383,3102500
2011-04-01,59.77026953364617,60.029324672648016,59.200352180694765,59.582454681396484,2411600
2011-04-04,59.82853482410261,59.98397082142519,59.23271165755863,59.56948471069336,2439800
2011-04-05,59.55005098802004,59.55652872311827,58.82470277107131,58.947750091552734,2651700
2011-04-06,59.193862726388204,59.61482662630591,58.18354837837273,58.844139099121094,2852100
2011-04-07,58.99307095921447,59.258603686240114,58.36486914713197,59.13555145263672,2141300
2011-04-08,59.64720945811405,59.74435574021361,58.89595508807879,59.19386672973633,2130000
2011-04-11,59.116159746462216,59.25216259035261,57.57478924130496,57.79498291015625,2907500
2011-04-12,56.9400593186665,57.147302289375325,55.43106881325363,55.683650970458984,4435300
2011-04-13,56.570927727046595,57.12141660040188,56.260065631039254,56.81055450439453,3696300
2011-04-14,56.551503615446734,57.076086529136695,56.18882949645755,56.84293746948242,3093100
2011-04-15,57.08904505556808,57.75610853487156,56.39607557479807,56.87532424926758,3129200
2011-04-18,56.08518412484666,56.111090115055006,55.13963771702281,55.81965637207031,2487500
2011-04-19,55.79375714646819,56.519105195995714,55.592986933277096,56.3248176574707,2655000
2011-04-20,57.29628588801942,57.73667801361797,56.99189655900896,57.53590774536133,2038700
2011-04-21,57.76260456084309,58.08642227011375,57.089063132632155,57.710792541503906,1724700
2011-04-25,57.54885534346342,57.74314784976121,56.8235022531572,57.127891540527344,1596400
2011-04-26,57.39345211611777,57.872700938550516,57.153825234368355,57.79498291015625,1500000
2011-04-27,58.00220569492071,58.021633959936416,56.149968667103906,57.10847091674805,2409900
2011-04-28,57.1343771027987,57.75610629064336,56.66160124126805,57.5164794921875,1939000
2011-04-29,57.67190888364336,59.08375362994099,57.665431149004874,58.93479537963867,2981000
2011-05-02,59.18735940957937,59.3298398933004,57.41284097837807,57.8791389465332,2652100
2011-05-03,57.80792382386992,57.879164096686374,56.02044914958724,56.551509857177734,3345100
2011-05-04,55.66422472300771,55.94270796289288,54.40781621792867,55.023067474365234,4069100
2011-05-05,54.569738200464386,54.951840560797464,53.44284950093864,54.05162811279297,4084400
2011-05-06,54.42079371294459,55.8585448759749,53.488197295613524,54.15526580810547,3380400
2011-05-09,54.796395795888415,55.69660801857809,54.679821302393066,55.405174255371094,3350800
2011-05-10,55.20441204791332,55.502323587534384,54.60858896867121,55.35984802246094,2781300
2011-05-11,55.01661213723774,55.036045345100156,53.52705403699815,53.85734939575195,3937200
2011-05-12,53.63714620268099,53.70838646881902,52.54264115116431,53.20323181152344,5636100
2011-05-13,53.3716122396008,53.6306623329475,52.45844435504313,53.1190299987793,3145200
2011-05-16,52.97009315414678,54.11640549081721,52.57503521561246,52.96361541748047,2406000
2011-05-17,52.678638733531436,53.19027107557566,52.13462759985234,52.989505767822266,3053000
2011-05-18,53.119030542624024,54.28477573887456,52.89235923809305,53.76019287109375,2716000
2011-05-19,54.045164113822075,54.077547855431064,52.892374063881526,53.4493408203125,2082800
2011-05-20,53.47523718749636,54.0451543732151,52.646264938791155,53.65657424926758,3465200
2011-05-23,52.64624830311575,52.92473154314209,52.108710081961675,52.225284576416016,3782000
2011-05-24,52.5620783361151,53.52705345812414,52.54264512846285,52.80817794799805,2571100
2011-05-25,52.41959502859975,54.2135423708331,52.41311729305728,53.83143997192383,3299400
2011-05-26,53.57239568929566,54.06459992727938,52.83409180285282,53.58534622192383,2950500
2011-05-27,53.986874386683574,54.381932281186046,53.38457341154577,53.97391891479492,2082300
2011-05-31,54.472576523384056,54.93887448209378,53.63064910448453,54.44667053222656,3876100
2011-06-01,54.284781963639524,54.5826935610505,53.33275743437816,53.60476303100586,4241800
2011-06-02,53.753709453110254,54.220007482309775,53.306839684950155,53.591800689697266,2124000
2011-06-03,52.92474805806385,53.79905456876332,52.56207393595191,53.28742218017578,2202900
2011-06-06,53.08665439077518,53.62419275472219,52.69159655135043,52.79521560668945,2690200
2011-06-07,53.20971076403514,53.27447329626081,52.270636753037266,52.283592224121094,6294800
2011-06-08,52.30950660412246,52.996003455502944,51.69425497971576,51.804351806640625,3225000
2011-06-09,52.10223905753658,53.17731563827595,51.966236286671375,52.730445861816406,2813300
2011-06-10,52.35482831386202,52.490836056901976,51.338041225800126,51.50642776489258,2724300
2011-06-13,51.642725254670324,51.70762652078479,49.88387469922747,50.30574035644531,3586000
2011-06-14,50.7535467865937,51.59078622874227,50.708115419266925,51.370121002197266,2753500
2011-06-15,50.760052941708466,51.09105582802077,49.76704923442064,50.033145904541016,2867800
2011-06-16,50.17591937694652,50.64970790028257,49.70213580525833,50.052608489990234,2974500
2011-06-17,50.461488237644495,50.48744972611238,49.5074245809521,49.94226837158203,3565700
2011-06-20,49.54638756250994,49.94878339491225,49.260820958800196,49.79951095581055,1859200
2011-06-21,50.21489126122819,51.03914796369447,50.14349836357553,50.76655960083008,1804900
2011-06-22,50.43554786638184,51.38312030979096,50.39011648045297,50.68217468261719,1814500
2011-06-23,49.73460289237704,50.390117142230864,49.00120909513646,50.292762756347656,3681500
2011-06-24,50.24731377563448,50.63672623116406,49.702137328222676,49.72160720825195,3613700
2011-06-27,49.42956324500121,49.70863820745412,49.04663733883778,49.33869552612305,2975200
2011-06-28,49.78001831090726,50.65620255115167,49.68915556700236,50.61077117919922,2639300
2011-06-29,50.05261195792648,51.493437603900375,49.86439485762332,50.57182693481445,4894000
2011-06-30,50.75355573167997,51.4545011953867,50.69514608552868,51.14945983886719,2636700
2011-07-01,51.181913281739114,51.41556177118597,50.29275069958587,51.11701202392578,2929100
2011-07-05,50.97423379801001,52.200886072558035,50.94178068849632,51.7920036315918,2794600
2011-07-06,51.675165351143534,51.92828369140625,51.07806097896034,51.92828369140625,2925600
2011-07-07,52.512394845834685,53.16141712329166,52.34364766723471,52.92776870727539,3175600
2011-07-08,52.79800163664365,52.79800163664365,51.766057803517306,52.12950897216797,2961200
2011-07-11,51.415568237971705,51.7400795195023,50.58482014951724,50.79250717163086,2510700
2011-07-12,50.50694805085689,51.117030994341434,50.42906354158746,50.47449493408203,2317000
2011-07-13,50.74707712127954,51.53239384898301,50.70813239935297,50.8184700012207,1867100
2011-07-14,51.1494512914695,51.558338552795036,50.435527676246494,50.545860290527344,2469300
2011-07-15,51.266288261428365,52.311214930925296,51.05211458976823,52.22035217285156,4199500
2011-07-18,52.13598847563246,52.32420563043416,51.23384742611201,51.902339935302734,2686600
2011-07-19,52.2852549385722,53.544360267573765,52.25280678212676,53.42753601074219,2795100
2011-07-20,53.55732214915673,53.90779481239293,52.83691189609338,53.232810974121094,2668500
2011-07-21,53.77150334727601,54.78398163010762,53.706602099418966,54.31668472290039,2670200
2011-07-22,54.22582969988285,54.855377340469936,53.920788344746136,54.74504470825195,1978600
2011-07-25,54.05059242138266,54.77749939609054,53.88184518675163,54.362125396728516,1714600
2011-07-26,54.26475346325615,54.556811509869256,53.57679142798711,53.7325553894043,2643400
2011-07-27,53.35613304631817,53.67415264859106,52.81095658527892,52.96672058105469,1950600
2011-07-28,52.86938225677041,53.408072222066686,51.792007277827494,51.902339935302734,5124200
2011-07-29,51.337689267097666,51.58432103663165,50.77952940672564,51.07807922363281,4464700
2011-08-01,52.012668483370874,52.084061362367116,50.325210787817184,50.83144760131836,2905200
2011-08-02,50.39012072341964,51.05861329479728,48.722132625797244,48.90385818481445,4270800
2011-08-03,49.65023190178083,50.08507588167499,47.839458144106146,49.18942642211914,5736700
2011-08-04,48.60527991250252,48.60527991250252,46.450526062969715,46.50244903564453,5387900
2011-08-05,47.0670963778789,47.45651373045382,44.39961920328356,45.366661071777344,8730900
2011-08-08,43.82848137964464,44.380149423020406,41.99823843059399,42.413612365722656,8651000
2011-08-09,43.14051187564305,44.69816634273056,41.92683842574276,44.607303619384766,7200700
2011-08-10,43.48449735319401,44.70465758588454,42.854944882831916,43.0172004699707,5413300
2011-08-11,42.80952786390229,44.95779097307241,42.595349228702766,44.38016128540039,5980300
2011-08-12,44.84098506096053,45.04867712066934,43.82851102813627,44.13355255126953,3610700
2011-08-15,44.568368739172215,45.39262999189729,44.315250389538065,45.28878402709961,3249000
2011-08-16,44.56189248230616,45.412110473051094,44.19843647231997,44.74361801147461,4039200
2011-08-17,45.05513096353705,45.717136542495034,44.406108604678906,44.57485580444336,2791400
2011-08-18,43.34821766482941,43.40662731882619,41.4336006049338,41.907386779785156,4438100
2011-08-19,41.33623933462942,42.53693236381938,41.16100297439658,41.24537658691406,3729700
2011-08-22,42.13454578768876,42.30978466171447,40.479538661334665,40.868953704833984,4000700
2011-08-23,41.20643606264204,42.043673133851264,40.66774624567783,41.96579360961914,3795400
2011-08-24,41.524459629759576,42.10857839956618,41.38167388619992,42.09560012817383,3754300
2011-08-25,42.017720691214464,42.54343235124486,40.98577715970363,41.15452194213867,3111700
2011-08-26,40.97278214567168,41.86194208272526,39.70718805265708,41.7840576171875,2751000
2011-08-29,42.30977038475447,42.88739990474786,41.920352996834986,42.84196853637695,3223200
2011-08-30,42.530440756827105,43.886900264960616,42.46553950154547,43.5948371887207,4468100
2011-08-31,44.01671319090805,44.354202769219505,43.61431739030826,44.0232048034668,4124700
2011-09-01,44.38664306226412,44.4645275355287,43.159991080323614,43.2119140625,2799500
2011-09-02,42.32275061964468,42.621300333043415,41.69968970233671,41.9333381652832,2491900
2011-09-06,40.596357923965776,41.50499043766538,40.33675040278333,41.433597564697266,2915500
2011-09-07,42.004747751626034,43.1405374175544,41.874940247387094,43.082122802734375,3542200
2011-09-08,43.15350598162403,44.08160838357572,42.22540357967234,42.58885955810547,3480300
2011-09-09,41.946325588707985,42.231897094996064,40.68722273406137,41.01173400878906,4006400
2011-09-12,40.51846648757715,41.44007705844978,40.26534816109309,41.39464569091797,4853100
2011-09-13,41.420690670404106,42.051925855784624,41.08880315713423,41.73305130004883,5269300
2011-09-14,41.86971626613016,42.624597008508886,41.34260451784108,42.13002014160156,5452000
2011-09-15,42.67664694359198,43.06059120567108,42.33174651429866,42.94345474243164,4049700
2011-09-16,43.11264716964583,43.19724378428179,42.051915147395256,43.021541595458984,4485900
2011-09-19,42.012863094506514,42.344750497505714,41.27750959852891,42.0063591003418,3806000
2011-09-20,42.26667930166063,43.08012582374712,41.92828773302141,42.214622497558594,4246700
2011-09-21,41.95431307152704,42.149537232090765,40.02156359616046,40.09314727783203,3481700
2011-09-22,38.64845726928855,38.77210268624792,36.182087679464075,37.03458023071289,7917500
2011-09-23,36.49445669123613,37.119182865772615,35.88274347319982,36.03241729736328,5038000
2011-09-26,36.29272529296103,37.46408762579178,36.09749865122948,37.372982025146484,5516700
2011-09-27,38.40766961541852,39.13651659291449,37.93912388866521,38.16038131713867,3360700
2011-09-28,38.31007283418894,38.53783932680054,36.68317995456975,36.71571731567383,4162600
2011-09-29,37.38598707632056,38.01071314923172,36.546510019473274,37.529151916503906,4818900
2011-09-30,36.6766585956969,37.125679954626,35.92178070510333,36.07796096801758,4530600
2011-10-03,35.70704138837906,35.72005682827437,34.47060438762007,34.71138381958008,4810000
2011-10-04,33.995540103511125,36.26017372137451,33.0194047949955,36.14954376220703,6800000
2011-10-05,36.3447784814336,36.76126505842304,35.778620570559404,36.66365051269531,6402300
2011-10-06,36.65063732279717,37.67883466642503,36.29922791554907,37.58772659301758,5449400
2011-10-07,37.82198236260875,37.86102866205904,36.63760525279034,36.75474166870117,3718300
2011-10-10,37.431542337370615,38.24498857432032,37.431542337370615,38.23847961425781,2657300
2011-10-11,38.01071217764187,38.87622008601411,37.854529422185884,38.25149154663086,3822400
2011-10-12,38.66148065377501,39.68316914028867,38.4987913727067,39.188594818115234,5613700
2011-10-13,38.7525774092043,38.78511476150344,37.802472820400496,38.420692443847656,3376500
2011-10-14,38.94131110602211,39.52699358138604,38.61593250469588,39.507469177246094,4186800
2011-10-17,39.40985186353116,39.68967762218321,38.73957034556764,38.83718490600586,3713900
2011-10-18,38.73956637541472,40.26233797105576,38.121349164134195,40.041080474853516,3591100
2011-10-19,40.0801420225701,41.082308855762264,39.8784063668157,40.542179107666016,3689300
2011-10-20,40.37945802124664,41.03021480638338,39.85885308962528,40.861019134521484,2766100
2011-10-21,41.25149291012151,41.954311782272285,41.127849952587454,41.91526794433594,3237200
2011-10-24,41.8436728234306,42.221108071671864,41.25148163061249,41.479248046875,3573600
2011-10-25,41.52480273625183,41.53781817341524,39.982506945338606,40.08662796020508,3642700
2011-10-26,40.72437478128641,41.02372240939429,39.64411576409182,40.8089714050293,3669300
2011-10-27,42.292687213182916,43.542144165726576,42.03238347453295,43.19073486328125,3838900
2011-10-28,43.25581117543983,44.41415764265484,42.81980525169144,44.349082946777344,3459700
2011-10-31,43.40548727850791,43.568176518629585,42.24063668833259,42.26666259765625,3504700
2011-11-01,40.37295964992175,41.251480493229884,39.8002928689641,40.613739013671875,4081000
2011-11-02,41.85018490716252,43.28835741285376,41.47274710352662,42.59855651855469,5244200
2011-11-03,43.09312189826177,43.60071147629136,42.15603039120342,42.98899841308594,3970800
2011-11-04,42.70916364401617,43.04755993378541,42.103959668928866,42.54647445678711,2933400
2011-11-07,42.286187059793626,43.13867704053872,41.97382155206767,42.871864318847656,2690500
2011-11-08,43.4640551458995,45.260145629617895,43.29485695706484,45.143009185791016,5588300
2011-11-09,43.58771706249455,44.004201250581374,42.650625156857615,42.72871780395508,5026400
2011-11-10,43.750392977715634,44.0822754554256,43.02154338895489,43.75689697265625,4022000
2011-11-11,44.342572498235455,44.902223800768844,44.342572498235455,44.55732345581055,2626300
2011-11-14,44.492268141989,44.53131198223444,43.28185944554995,43.52263641357422,2512200
2011-11-15,43.3274085907515,43.887060089823976,42.74172621208465,43.58120346069336,3027500
2011-11-16,43.099645205936056,44.33607973230314,42.94996888738618,43.05409240722656,3027300
2011-11-17,42.735214933346036,42.94996595469125,41.19943035718645,41.609405517578125,3823200
2011-11-18,41.97382963270189,42.12350593842097,41.06276877172881,41.46623992919922,3101100
2011-11-21,40.782940528904874,41.05625976332932,40.021556020572966,40.8089714050293,2575700
2011-11-22,40.659296352314506,40.74389545592112,39.806803803517795,40.15170669555664,3274500
2011-11-23,39.69617513151957,39.69617513151957,38.72654615488553,38.733055114746094,3481400
2011-11-25,38.45323049137661,38.88923648143796,38.10833008237638,38.12134552001953,1412400
2011-11-28,39.57254198428231,40.184252793039946,39.20811709766246,39.592063903808594,2648400
2011-11-29,40.060604254198495,40.64628410041395,39.683163979632916,40.288368225097656,3448400
2011-11-30,41.9412904983008,43.10614623057721,41.791619154951775,42.59855651855469,4612200
2011-12-01,42.500942905105795,43.01504158924195,42.038905978450316,42.36428451538086,2258800
2011-12-02,42.89139783663559,43.30137297441384,42.44888286170326,42.553001403808594,3417700
2011-12-05,43.56168366159375,44.179900946169276,42.74823725300338,43.177734375,3604200
2011-12-06,43.22329330455149,43.92611229280848,42.89141069749977,43.613746643066406,3140000
2011-12-07,43.34041956219563,43.67881601653412,42.689662496802654,43.27534484863281,3417200
2011-12-08,42.800290339824215,43.17122167139301,41.32307397442076,41.472747802734375,3332900
2011-12-09,41.70051354853207,43.438033705166994,41.66797370961646,43.314388275146484,3982000
2011-12-12,42.53347987723245,42.62458546424026,41.23196581725565,41.798126220703125,2901700
2011-12-13,42.05910084583232,43.200947378962915,40.99555415278792,41.35441970825195,3292400
2011-12-14,40.734573242860954,40.90421797487671,39.520952696268544,39.84719467163086,3824800
2011-12-15,40.65627756242839,40.83244853515971,39.312159671790646,39.37740707397461,4243500
2011-12-16,39.82760386254552,40.101645809545126,39.135970275455435,39.4426383972168,4632400
2011-12-19,39.56011625544746,39.69713733492827,38.398692730577395,38.52919006347656,3583600
2011-12-20,39.34477736790076,40.2191058644776,39.34477736790076,39.93853759765625,2982900
2011-12-21,39.918972260084416,40.85854834618151,39.55358031542106,40.74762725830078,2900000
2011-12-22,40.904223967706216,41.38053702283581,40.75415293573627,41.021671295166016,3302600
2011-12-23,41.09343811427552,41.191311700581565,40.37570677812684,40.78676986694336,2024900
2011-12-27,40.83245491736713,41.26309431056623,40.623657721879496,40.688907623291016,1833100
2011-12-28,40.682380900493705,40.81287821272169,39.85372831925875,39.90592575073242,2199600
2011-12-29,40.04293632535451,40.728043923905275,40.01031262809563,40.64322280883789,2165200
2011-12-30,40.454002380371094,40.982515243003654,40.42137868270877,40.454002380371094,1522800
2012-01-03,42.320103040200785,43.455423548858064,41.967761162743685,43.13570785522461,5474700
2012-01-04,43.07044977717183,43.194418293212564,41.87640342956063,42.65938186645508,3266600
2012-01-05,42.72464761958869,42.73116887433526,41.64152196481061,42.65287399291992,3294900
2012-01-06,42.69854461074479,42.789891951230196,41.92861347089874,42.248329162597656,2869500
2012-01-09,42.41146471868344,43.05090130017237,42.339691072453306,42.95954895019531,3088100
2012-01-10,43.64466374406383,43.65771621458212,42.62026384297054,42.86820602416992,4046100
2012-01-11,42.5876412684485,42.672467399858355,41.334872807278266,41.550193786621094,4089500
2012-01-12,41.6088879659623,41.92860609041115,41.27611986816576,41.35441970825195,3187200
2012-01-13,41.086912739732256,41.25003371775053,40.53882615402971,41.17173385620117,3004500
2012-01-17,41.608917463802804,41.837288425744866,41.060830639783404,41.550193786621094,3367700
2012-01-18,41.33485600714779,42.033013613754825,41.13258758164382,42.01996612548828,3265100
2012-01-19,42.1047879614585,42.5419510076642,41.67414865949717,41.85684585571289,3350500
2012-01-20,41.75898225879499,41.85032963424141,40.94990088235794,41.295719146728516,2924900
2012-01-23,41.739394441932625,42.86818876234357,41.739394441932625,42.594146728515625,3288600
2012-01-24,42.23529804607569,42.280971734021186,41.79160865829436,41.869903564453125,1941400
2012-01-25,41.75244918254323,43.2531617742976,41.328333618143,43.174861907958984,2642400
2012-01-26,43.41629120385445,43.46196489025141,42.11132304616021,42.29401779174805,3343800
2012-01-27,42.07869334305874,42.62678251218867,42.05259338471369,42.41798782348633,2092200
2012-01-30,41.96777289860076,42.33968859913176,41.43925993462188,42.1569938659668,1789500
2012-01-31,42.483238566211995,42.574585938563466,41.55018613885753,41.635009765625,3279000
2012-02-01,42.04606356161336,42.150458395664636,41.43925085436215,41.595848083496094,3099600
2012-02-02,41.674155775130856,42.03954774092227,41.1325953053457,41.70677947998047,3837300
2012-02-03,42.280974249729965,42.30706923462978,41.33486926019655,41.40664291381836,4077400
2012-02-06,41.210883957430404,42.163512364659084,40.98251558287169,42.059112548828125,4679100
2012-02-07,41.89598273248625,43.23357646683594,41.524067178641424,43.07697677612305,3684500
2012-02-08,43.233577728271484,43.481519778716915,42.58761518585978,43.233577728271484,3107600
2012-02-09,43.25970491484954,43.61856824185995,42.54849454063643,43.21403121948242,3224200
2012-02-10,41.92210699620773,42.58111738720309,41.84380710543651,42.183101654052734,3577400
2012-02-13,43.05090296800008,43.246645210526786,42.261392828882286,42.82905578613281,3268200
2012-02-14,42.926930137344215,44.16665094031204,42.90083017561178,43.651187896728516,4516000
2012-02-15,44.4863550445116,47.115864515357686,44.11443939937059,46.78309631347656,12816700
2012-02-16,47.703099138702875,49.210335380363595,47.55955188177192,48.9493408203125,10173800
2012-02-17,49.686662762296535,49.75843640800457,48.51871568348021,48.90367889404297,5838900
2012-02-21,49.393054859476194,49.42568106262259,48.81234428550005,49.08639144897461,3431200
2012-02-22,48.884096075757526,49.31473786990375,48.51218042538463,48.779701232910156,2956400
2012-02-23,48.79926820593709,49.07331023082641,48.146784349692,48.99501037597656,3670900
2012-02-24,49.040694680643924,49.490905208296596,48.6100528963896,49.06026840209961,2696900
2012-02-27,48.91672854822606,49.68665990310468,48.688360133232,49.034175872802734,3255300
2012-02-28,49.203819505938284,49.347361800508544,48.06197253665273,48.27076721191406,3949700
2012-02-29,48.28382618259262,48.6035420161614,47.696589463138494,47.83361053466797,3849000
2012-03-01,47.85970036190199,48.53175808481613,47.76835300022771,48.36863708496094,2846500
2012-03-02,48.179404996790005,48.5643730560985,47.53344738045636,47.63132095336914,1830000
2012-03-05,47.41600108075322,47.53344837509481,46.95273813586607,47.42252731323242,2511200
2012-03-06,46.66565593197232,46.87445062377759,45.98055068295102,46.32636642456055,3337700
2012-03-07,46.90055481334475,47.38991788310106,46.49601786163701,47.0963020324707,2299400
2012-03-08,47.409493264067244,47.55956180722662,46.87445156637039,47.076725006103516,3017000
2012-03-09,47.044086951198516,47.278981547235745,46.73741872981341,46.85486602783203,3538200
2012-03-12,46.79614406945748,46.91359136547232,46.065360341136646,46.398128509521484,3039300
2012-03-13,46.63370164973877,47.20296572199275,45.999011122590495,47.17679214477539,3153200
2012-03-14,47.18332533113173,47.70678676418528,46.457024964016576,46.66640853881836,2972600
2012-03-15,46.66641461913686,47.981608021773525,46.54209138936607,47.464691162109375,5108000
2012-03-16,47.49086924580157,48.420008756263876,47.49086924580157,48.243343353271484,4589700
2012-03-19,48.812577509572534,49.951100060899456,48.41998404278016,49.60430908203125,5025800
2012-03-20,49.09394929645624,49.15284107678766,48.30221752691967,48.35456466674805,3729100
2012-03-21,48.56393904905973,48.64245475185458,47.45158500252755,47.63479995727539,3207400
2012-03-22,47.13098589844266,47.170243765108566,46.12332571985926,46.358882904052734,3501200
2012-03-23,46.66642068130351,47.53667341855087,46.37851631900224,47.137535095214844,2762500
2012-03-26,47.51701887198099,47.732942035226365,47.15059397416179,47.53664779663086,3075100
2012-03-27,47.45159052420304,47.503937660222334,46.54208025228281,46.56171417236328,2958100
2012-03-28,46.43085430758823,46.7841900482633,46.09060784921512,46.48974609375,3563800
2012-03-29,46.228001567625604,46.41775616759826,45.37737818734776,46.20182800292969,3395500
2012-03-30,46.49629012001203,46.679500152698864,45.87468393881039,46.535552978515625,3278000
2012-04-02,46.41776027064642,47.85727151148696,46.234550293677344,47.3272705078125,4121200
2012-04-03,47.137527881776826,47.17024110478711,46.182214907358684,46.555179595947266,4092900
2012-04-04,45.99244870996306,47.2945524728062,45.835412299433116,46.640228271484375,6315000
2012-04-05,46.97395845610649,47.70025908142978,46.45704148002325,46.568275451660156,4104900
2012-04-09,46.07096759763671,46.50281895761807,45.67182945117516,45.99244689941406,3032500
2012-04-10,45.985915481112244,46.21492800998258,44.487512089219585,45.10912322998047,4836800
2012-04-11,45.5213512711488,45.606411651529456,44.22578667830127,44.31085205078125,3239500
2012-04-12,44.31084192710036,45.36430443835049,44.25849478554923,45.233436584472656,3546100
2012-04-13,45.279247758331444,45.292337042275506,44.35010828226843,44.389366149902344,2205600
2012-04-16,44.65761916317157,44.7034216498089,43.75465371570838,43.83971405029297,3038700
2012-04-17,44.41552995114966,44.971709578093545,44.11454138396365,44.61837387084961,3214000
2012-04-18,44.33046356466375,44.480960323841536,43.597618679797655,43.6434211730957,3086300
2012-04-19,43.584554841478806,44.03604033874138,42.87133854881619,43.126529693603516,3854200
2012-04-20,43.41442742802662,43.682702855957714,42.52454575269834,42.68158721923828,4299500
2012-04-23,42.52454384053274,43.51257513999563,41.8571351100971,43.15269470214844,4921100
2012-04-24,43.283549172865044,43.83317913442886,42.98910027165778,43.70231628417969,4237400
2012-04-25,44.06873608260328,44.376269270768475,43.512561483118304,44.29774856567383,4079000
2012-04-26,44.21924133254013,45.2334410926579,44.06219989223522,45.18109893798828,3648200
2012-04-27,45.08946864582981,45.65872732343485,44.97822977329339,45.5802116394043,3360500
2012-04-30,45.58024108212107,45.7241882598589,45.04369027014737,45.704559326171875,2908000
2012-05-01,45.85504743936067,46.50937172933294,45.41010672249559,46.22801208496094,4018100
2012-05-02,44.356644573332,45.475538519139626,44.18651885878226,44.53330993652344,6310300
2012-05-03,44.559485855652845,44.755785151408844,43.2835554095342,43.49293899536133,4892200
2012-05-04,43.13306086994915,43.185408017164555,42.040340380345796,42.55071258544922,6094100
2012-05-07,42.30861788336896,42.40676254918676,41.41873380851234,42.10577392578125,3856400
2012-05-08,41.7851488828025,42.28897638142881,41.0653906778167,42.2104606628418,5097800
2012-05-09,41.60193745935456,42.26280136463299,40.90835284833708,41.89638137817383,4836100
2012-05-10,42.27589660050803,42.93676559097713,42.00762122113296,42.269351959228516,3581000
2012-05-11,41.87021403266411,42.563798705432575,41.71317509873664,42.190834045410156,3933900
2012-05-14,41.62157315531108,42.230095012958046,41.54959707596907,41.72626495361328,3787400
2012-05-15,41.71317806016123,41.99453773538823,40.62045757417913,40.797122955322266,3902100
2012-05-16,41.08503088072423,41.68700814828596,40.267125356722154,40.365272521972656,3230400
2012-05-17,40.35217047831065,40.83637146372214,40.02500839239842,40.162418365478516,3698800
2012-05-18,40.456856191667846,40.79056035051032,39.959568528393135,40.195125579833984,4285700
2012-05-21,40.29983063484097,41.17662522919338,40.129707428197484,41.15045166015625,2628500
2012-05-22,40.95416880319095,41.49071467055836,40.00539781956087,40.31947326660156,4874300
2012-05-23,39.75020550153445,40.11662804753379,39.069707557271144,40.01847839355469,6200000
2012-05-24,40.254038607595675,40.254038607595675,39.06316836318525,39.54082489013672,4891900
2012-05-25,39.40341022030063,39.78946165788294,39.14167950137906,39.272544860839844,4495600
2012-05-29,39.697850724397846,40.44378245997215,39.57353001649325,40.01192855834961,2894500
2012-05-30,39.488468346481646,39.52118655653119,38.85377550751402,39.09587478637695,3527400
2012-05-31,39.0893333038494,39.2594565171622,38.363032958914054,38.94538116455078,4693600
2012-06-01,38.23871121124718,38.35648978498601,37.65636298334358,37.94426727294922,4919300
2012-06-04,37.96388529281021,38.343391979975436,37.38807937512848,38.18635559082031,3661700
2012-06-05,38.04240681992262,38.78179383043987,37.90499934336282,38.65092849731445,2844200
2012-06-06,39.01735177603933,39.52118169705439,38.8275971636995,39.31834030151367,4570400
2012-06-07,39.841809382455224,40.18860049017972,38.72291533990881,38.80143356323242,3556700
2012-06-08,38.52661499810247,38.77525643181838,38.12747678075708,38.41537857055664,3346600
2012-06-11,38.853779328527374,39.0369893417872,37.420807451519025,37.466609954833984,3873200
2012-06-12,37.68906106793242,37.97042058512548,37.31609659091799,37.65634536743164,3981700
2012-06-13,37.538180311765494,37.70889934944014,36.796217009173596,36.99319839477539,5604600
2012-06-14,37.09168939490718,37.50534954270518,36.83561084491975,37.229576110839844,4238900
2012-06-15,37.32804243483066,37.70230757761557,36.881550246113115,37.65634536743164,5061500
2012-06-18,37.47908718818942,37.59070905208829,37.07198949634206,37.3411979675293,4430700
2012-06-19,37.544749619895846,38.05690174854623,37.25584374048486,37.9649772644043,4853300
2012-06-20,38.109417345439276,38.1488121070535,37.203300257010945,37.413414001464844,4380300
2012-06-21,37.328058438852366,37.39372055637608,36.001716226671086,36.04111099243164,6803400
2012-06-22,36.19213550164431,36.67802522474845,35.699680818185826,36.441646575927734,5547400
2012-06-25,35.98201404405746,36.19212779722467,35.57491896039017,35.66684341430664,4848000
2012-06-26,35.54866562243502,36.00829054555501,35.46330609984383,35.83757400512695,3483900
2012-06-27,36.17898848073421,37.00631341784456,36.17898848073421,36.9012565612793,4454700
2012-06-28,36.58610058162588,37.387158493104685,36.4613437926856,37.32149887084961,3361400
2012-06-29,38.1882171600679,38.23417939449189,37.57757318300189,38.076595306396484,4210500
2012-07-02,37.682629811253875,38.418028061612205,37.37402409250581,37.51191329956055,3429900
2012-07-03,37.85333379686295,38.53620207723617,37.722012106684396,38.3983154296875,3165400
2012-07-05,38.312971438539584,38.509955305789724,37.79425443507547,38.076595306396484,3019100
2012-07-06,37.52503863580557,37.820509369277666,37.203300553125906,37.5906982421875,2239800
2012-07-09,37.49876855813739,37.59069299614477,37.05884124156244,37.25582504272461,2324500
2012-07-10,37.413417566970345,37.472512219776824,36.15273498010365,36.35628128051758,2639000
2012-07-11,36.487617572158996,36.96693994522446,36.22497400936069,36.6583366394043,2882500
2012-07-12,36.25121596895441,36.38253766740582,35.82442357992866,35.88351821899414,3729500
2012-07-13,36.01484878097058,36.527003316120066,36.01484878097058,36.37598419189453,3354100
2012-07-16,36.30376359397929,37.16391625971241,35.94919558433523,36.940670013427734,3406600
2012-07-17,37.032597074292646,38.2407527910289,36.59923700767824,38.16852569580078,4077200
2012-07-18,38.01749909568956,38.825124402292836,37.92557212583918,38.56248092651367,3474200
2012-07-19,38.73976950945841,38.96301573902512,38.60188279539624,38.706939697265625,3740600
2012-07-20,38.46399542494607,38.779166125175834,38.18165453634885,38.73320388793945,2776700
2012-07-23,37.800802139326976,38.463975512860586,37.4199720129808,38.31295394897461,3065500
2012-07-24,38.207927327389555,38.37207893517913,37.00633886084235,37.347774505615234,2916100
2012-07-25,37.47251933941039,37.51191661701792,36.67802635998108,37.1573486328125,2860200
2012-07-26,37.722028004292355,38.207915206546986,37.54474402354952,38.050331115722656,3130000
2012-07-27,37.70889313288277,38.936745988643466,37.557874011992745,38.660972595214844,4255000
2012-07-30,38.7463408834293,39.1468711708392,38.62815404092338,38.877662658691406,3520500
2012-07-31,38.877656217795035,39.120602338444925,38.720072117391226,38.81856155395508,4154800
2012-08-01,38.19477299953514,38.7069274254323,36.756806641456436,37.4659423828125,8241000
2012-08-02,36.84217798775844,37.321500261390554,36.146174444054125,36.38255310058594,5010900
2012-08-03,37.190185867819146,37.505356637321306,36.84218527946867,36.980072021484375,3866600
2012-08-06,37.20987007840505,37.90587351333552,37.098248232906414,37.73515701293945,3398900
2012-08-07,37.84677021097176,38.9301711349646,37.84677021097176,38.78571701049805,3241100
2012-08-08,38.726642018339305,39.20596435074274,38.58218782057916,39.035247802734375,1958600
2012-08-09,38.982721071991584,40.19087694214832,38.871099186831245,39.672157287597656,3689500
2012-08-10,39.15342962166669,39.44233545691564,38.94331583153036,39.31758117675781,2610000
2012-08-13,39.0746448980643,39.324156025879525,38.654417212115234,38.746341705322266,1896800
2012-08-14,38.96957765423415,39.08776697269542,38.4245958011107,38.57561492919922,1691100
2012-08-15,38.43772677251096,38.54934862197379,38.10285621461481,38.345802307128906,2055400
2012-08-16,38.352374589367706,38.779169694132165,38.2801474942764,38.667545318603516,2965500
2012-08-17,38.555906933447844,38.75945319997146,38.457415026917985,38.72005844116211,2315100
2012-08-20,38.59531362230267,38.95644905470579,38.457426914341845,38.910484313964844,1867900
2012-08-21,39.133718785122426,39.626173312643694,38.963002317673144,39.50141906738281,3641800
2012-08-22,39.39636573919619,40.30248285252868,39.20594937031591,40.2039909362793,3801800
2012-08-23,40.10550475775986,40.5191648279448,39.698407142215466,39.7378044128418,3725100
2012-08-24,39.71153855603282,40.16459588532443,39.42919771894057,40.07923889160156,2505300
2012-08-27,40.11207770469212,40.21713460919536,39.42264161234246,39.5276985168457,2709300
2012-08-28,39.52768590162549,39.757497024146666,39.34383449885517,39.5867805480957,2646500
2012-08-29,39.521125355026136,39.63931466865137,38.45742403715277,38.56248092651367,4428500
2012-08-30,38.47055910357732,38.60844581069224,37.84021772412003,37.84678268432617,2641000
2012-08-31,38.12255384242527,38.40489468635546,37.840212998495076,37.971534729003906,2346000
2012-09-04,37.91901201931744,37.991239109638705,37.49221694273948,37.72203063964844,2085500
2012-09-05,37.94526756538647,37.94526756538647,37.308358839391936,37.43311309814453,3279800
2012-09-06,37.62353399886993,38.75289744157251,37.47251487649172,38.345802307128906,2970900
2012-09-07,38.50339538565096,39.0483798502578,38.450868180911236,38.96302032470703,2863700
2012-09-10,39.00241168243732,39.245355290059024,38.87765489371626,38.98271179199219,3110000
2012-09-11,39.13373192863356,39.8691327401471,39.04180745338289,39.803470611572266,3148300
2012-09-12,40.073559585411815,40.508353970016444,39.55312315917529,40.46882629394531,3995200
2012-09-13,40.61376999244628,41.331839974494095,39.99451545874467,40.96950912475586,3572000
2012-09-14,41.14078868189049,42.128958133754736,41.14078868189049,41.82592010498047,3354600
2012-09-17,41.680986597171675,41.97743792691866,41.28571731982743,41.59534454345703,2711200
2012-09-18,41.470174602661125,41.50311307868607,40.495181136663696,40.8179817199707,2667500
2012-09-19,40.92998376654671,41.035388418802356,39.987928587554634,40.159210205078125,2986400
2012-09-20,39.76393462436942,40.231667508611494,39.53336027065468,40.16579055786133,2539200
2012-09-21,40.37001370640214,40.50835933444967,40.01427462683002,40.27119827270508,5594800
2012-09-24,39.90227907291013,40.08673655165985,39.52677491228698,39.68488311767578,2471500
2012-09-25,39.96815857876092,40.172381166881436,39.15127325236852,39.18421173095703,2015500
2012-09-26,39.052457531572756,39.052457531572756,38.472733238815046,38.86800003051758,2591700
2012-09-27,39.13150820825081,40.073563212330356,39.07880463538595,39.94180679321289,3016200
2012-09-28,39.88252244463714,40.21849897581784,39.55971929558152,39.856170654296875,2822000
2012-10-01,40.29096349780099,40.65988100836801,39.9088726056467,40.040626525878906,2497200
2012-10-02,40.46884453053981,40.73894415613053,39.908882688939364,40.561073303222656,3089600
2012-10-03,40.38319785295384,40.46883992342909,39.447731821615264,39.6124267578125,2212500
2012-10-04,39.90229493773242,40.15921867472589,39.54655321895115,40.06698989868164,2064800
2012-10-05,40.18555889858848,40.205321484036354,39.32255664705376,39.539955139160156,2713500
2012-10-08,39.17103370834789,39.73099786610335,39.06562907476547,39.51359939575195,2130500
2012-10-09,39.53336684033398,40.35684142677945,39.53336684033398,40.23167419433594,2266600
2012-10-10,40.09991452340425,40.449069428764616,39.724410343317196,39.84299087524414,1435000
2012-10-11,40.21848872683095,40.93655849582266,40.001092794535985,40.587406158447266,2754800
2012-10-12,40.63352349170982,40.91020970085179,40.106500345931366,40.42271423339844,1715600
2012-10-15,40.29096664865897,40.56765543148325,39.84958545266506,40.159210205078125,2226100
2012-10-16,40.49517562791666,40.67963307899949,40.26460130101883,40.48858642578125,1969900
2012-10-17,40.37661088362134,41.47018515192991,40.37661088362134,41.37795639038086,2368400
2012-10-18,41.15396052255525,41.4174708426035,40.94973795125605,41.27254104614258,2519100
2012-10-19,41.22643085881399,41.50311709988502,40.70599434284339,40.844337463378906,2503800
2012-10-22,40.7455276467516,40.837758925232365,39.783709788574875,40.42931365966797,2551100
2012-10-23,39.757350964331536,39.915459186437374,39.177626680381664,39.25667953491211,2841900
2012-10-24,39.38842803654823,39.539947024323695,38.67035826045487,38.71647262573242,2523200
2012-10-25,39.05904762594688,39.21715334101434,38.15651765967711,38.78894805908203,2123100
2012-10-26,38.74941328582528,39.04586458865675,38.27509120129491,38.40026092529297,2206200
2012-10-31,38.70329477852409,39.124913247215815,38.27508710767163,38.34755325317383,2248300
2012-11-01,38.34756192397447,38.79553227651147,38.07746237433112,38.55178451538086,2951600
2012-11-02,38.87458007910407,38.87458007910407,37.86006148360089,38.077457427978516,2327700
2012-11-05,37.91276139749156,38.347555786180315,37.78100498906129,38.09722137451172,2414000
2012-11-06,38.36733679302698,39.33574139357073,38.32121989486251,39.276451110839844,4769100
2012-11-07,38.68354884853461,38.68354884853461,35.62022191677909,36.502986907958984,9785100
2012-11-08,36.25923199318822,36.43710279757548,35.46869592248206,35.587276458740234,6761600
2012-11-09,35.51481731629539,36.246063263414506,35.3764741676635,35.46211624145508,4523100
2012-11-12,35.534584045410156,35.686103108667155,35.429179370403304,35.534584045410156,2830300
2012-11-13,35.2578957210376,35.87056114517745,35.14590184659117,35.3764762878418,3578900
2012-11-14,35.4357619547846,35.57410509368475,34.869210990094246,34.95485305786133,4035100
2012-11-15,35.159078999896984,35.23154518364796,34.24337543368872,34.5727653503418,4037000
2012-11-16,34.66498367428899,34.823091892356864,34.137960469137546,34.52005386352539,4110000
2012-11-19,35.132724006433406,35.36988259692042,34.82968342245043,35.238128662109375,2863900
2012-11-20,35.10637747336506,35.277659122105405,34.572764910479684,34.744049072265625,3415200
2012-11-21,34.75062860643604,35.053666660347126,34.68475164273192,34.842857360839844,1788100
2012-11-23,34.915318306497994,35.07342651400293,34.592515201320886,35.066837310791016,1085600
2012-11-26,34.64522009354754,34.86920526342907,34.533226252084376,34.82967758178711,2793800
2012-11-27,34.84943211477821,35.106355684954465,34.67814805929801,34.994361877441406,3631300
2012-11-28,34.67814805929801,35.05365212540855,34.44098706742946,34.994361877441406,4484500
2012-11-29,34.981191825994046,35.26446722322255,34.59910100769048,34.65180206298828,3672100
2012-11-30,34.63863837220803,34.71769123378767,33.92056838749296,34.039146423339844,5763500
2012-12-03,34.25654698317726,34.506883991707014,34.058913560883376,34.190670013427734,3864300
2012-12-04,34.19065849710144,34.31582570268401,34.00619852045226,34.17748260498047,4011300
2012-12-05,34.26971131613056,35.073423143714436,34.21042105814414,34.66497802734375,3330000
2012-12-06,34.59251222432442,35.13271375420104,34.48710759940705,34.974605560302734,2871000
2012-12-07,35.020729544694035,35.080019819558764,34.52664475850307,34.86262130737305,2918900
2012-12-10,34.81650240548016,34.82309160907869,34.29606840821446,34.467350006103516,2576200
2012-12-11,34.54640967453703,34.744045612772126,34.31583776398988,34.55958557128906,3081100
2012-12-12,34.77780581075344,35.30023399768653,34.691836008719136,34.98942184448242,4226500
2012-12-13,34.96959961860666,34.96959961860666,34.53314103414836,34.60588455200195,4396200
2012-12-14,34.447173625407736,34.519917148398356,34.248783804400965,34.33475112915039,6201600
2012-12-17,34.387651533229466,34.731528351281334,34.26200525309368,34.4736213684082,3265500
2012-12-18,34.4802353114105,35.96155072904788,34.447170764432755,35.80283737182617,5161300
2012-12-19,35.69701234594255,35.79620846240453,35.12829332657284,35.55813980102539,3494200
2012-12-20,35.650728295105125,35.85573246430543,35.31346597562076,35.83589172363281,3569300
2012-12-21,35.18780898336588,35.538300063220014,35.04893644440239,35.35313415527344,4521000
2012-12-24,35.253944684700116,35.33991196781964,34.79103364474131,34.96297073364258,965600
2012-12-26,35.14813388744183,35.28039201184608,34.579414870920246,34.62570571899414,1902500
2012-12-27,34.59926835441596,34.65878554572884,34.09006627821977,34.55958938598633,2544700
2012-12-28,34.29505775385005,34.34134860515154,33.79246776448799,33.82553482055664,3184400
2012-12-31,33.68004875197148,34.46038387012429,33.65359611547017,34.414093017578125,3970100
2013-01-02,35.088626997576085,35.18120872083505,34.14296649972336,34.69184494018555,4541200
2013-01-03,34.612488815432826,35.49863211231688,34.42732537277913,35.306854248046875,3714900
2013-01-04,35.50523974834965,36.173154982293596,35.25394725568031,36.09379959106445,3349500
2013-01-07,36.35170059448115,36.384765125229116,36.02105024167754,36.107017517089844,3238700
2013-01-08,35.974762222804316,36.01443865375685,35.65733563921095,35.84911346435547,2410700
2013-01-09,35.875559459155276,36.252500619401665,35.148129769508984,35.28038787841797,3702300
2013-01-10,35.498621619242,35.68378500716305,35.28039117833908,35.630882263183594,3681200
2013-01-11,35.65072878610386,35.888797496153984,35.34653100000096,35.88218307495117,2983400
2013-01-14,35.908629649154086,35.99459945163169,35.49862389702277,35.59120559692383,2173100
2013-01-15,35.30025188927865,35.57799712832214,35.167991170497444,35.492027282714844,2443300
2013-01-16,35.40603688996622,35.68378194803706,35.280388153795535,35.617652893066406,2176700
2013-01-17,35.81606369514992,36.00784159934937,35.71025563122319,35.80283737182617,2325700
2013-01-18,35.92186126929397,36.146703654813436,35.703633304836465,35.895408630371094,2828600
2013-01-22,35.855731082426985,36.364933013916016,35.58459784853411,36.364933013916016,2905900
2013-01-23,36.28556878107992,36.33847404807201,35.80943399146097,35.902015686035156,2138100
2013-01-24,35.948306533322246,36.179760769757706,35.74991682742586,35.902015686035156,2996300
2013-01-25,36.02766036295705,36.490571338597604,35.94830498854097,36.35831069946289,2526000
2013-01-28,36.33185885110048,36.417828646792444,35.74991606260913,36.08056640625,2309900
2013-01-29,36.20622721880303,37.71399258614213,36.08719284531173,37.667701721191406,7194600
2013-01-30,37.67431065024107,38.61997107805854,37.66769622897657,38.19012451171875,7736900
2013-01-31,38.03802802347621,38.13722164475537,37.50898780866583,37.81979751586914,4223800
2013-02-01,38.50093590512937,38.50093590512937,37.79334420459388,38.368675231933594,3354100
2013-02-04,38.17027049260388,38.36866016315137,37.747038522726164,37.813167572021484,2501700
2013-02-05,38.02479520381772,38.59351428353557,37.98511624849009,38.41496276855469,2547300
2013-02-06,38.20335328316687,38.65964999585836,38.117383459849556,38.42158126831055,2823500
2013-02-07,38.55383913892985,39.929346120964,38.50754828113664,39.3474006652832,6514300
2013-02-08,39.34739597341708,40.00869674607955,39.1423918257333,39.95579147338867,3504000
2013-02-11,39.85659360302486,39.95578719470469,39.22174553469083,39.479652404785156,2674800
2013-02-12,39.54578095156572,39.67142969778607,39.056419851254525,39.36722946166992,2573000
2013-02-13,39.89628944215862,40.83533562541956,39.8433841527373,40.65678405761719,8367000
2013-02-14,40.41870352538389,40.86838826380643,39.942568672619444,40.114505767822266,5414800
2013-02-15,40.273222915896014,40.273222915896014,38.83819875455774,39.18207550048828,5356300
2013-02-19,39.3275552518686,40.08143768104682,39.18206828390014,40.05498504638672,5945000
2013-02-20,40.08804988421452,40.08804988421452,36.87412790569381,37.40978240966797,9360300
2013-02-21,37.26429714747296,37.31058799927059,36.29218673706055,36.29218673706055,6534600
2013-02-22,36.56992671301368,36.695575455389495,35.941690569120205,36.35831069946289,4545400
2013-02-25,36.682356209032825,36.85429330718223,35.69701690636888,35.710243225097656,4826300
2013-02-26,35.9350864058592,35.98798915930103,34.843939051502154,35.53169250488281,5166500
2013-02-27,35.42589598642076,36.00784159934937,35.41266966309702,35.80283737182617,3139400
2013-02-28,35.76976314112892,36.080575348434635,35.61766424807747,35.88218307495117,4214600
2013-03-01,35.62426784352243,35.74991659046483,35.42587813894103,35.630882263183594,2720100
2013-03-04,35.505241169414184,35.57137276697066,35.167978851194924,35.39943313598633,3394500
2013-03-05,35.65072300851184,36.014437913183265,35.47878592504135,35.763145446777344,3159300
2013-03-06,35.87556126683344,36.153306336731234,35.617654409739245,35.921852111816406,2834400
2013-03-07,35.915241941089974,36.94686941904393,35.90862752139633,36.89396667480469,3987100
2013-03-08,37.03284553277869,37.237849692993606,36.887358546647945,37.191558837890625,2688600
2013-03-11,37.04607239013742,37.14526599994432,36.536870453942164,37.00639343261719,2598400
2013-03-12,37.08573350026117,37.363478501251485,36.82121228941791,36.94024658203125,3096900
2013-03-13,36.707986677922314,37.48448778319217,36.707986677922314,36.960182189941406,3625400
2013-03-14,37.00663020018085,38.353896297072716,36.96681119855554,38.28089141845703,4114900
2013-03-15,38.16142108573535,38.845007470683896,38.068506726428915,38.5330810546875,4884200
2013-03-18,38.24107346693911,38.81183617314715,38.06188034766028,38.47336196899414,3180000
2013-03-19,38.44681648448736,38.57291422822813,37.710134462408334,38.00215148925781,3818700
2013-03-20,38.29416121417573,38.49326379643263,37.63048425216827,37.902591705322266,2894200
2013-03-21,37.69021878001183,38.29416477025326,37.597304401778835,37.769859313964844,2928700
2013-03-22,37.96895869560396,38.22779230780185,37.7964037980476,38.03532791137695,2472900
2013-03-25,38.26098223283328,38.59282075165498,37.72340292092041,37.842864990234375,2427100
2013-03-26,37.98222983586235,38.128239568445856,37.70348674463186,37.968955993652344,2273600
2013-03-27,37.789753309647395,38.05522502287213,37.663655638314886,37.922489166259766,1787700
2013-03-28,37.92250463814025,38.02869286040836,37.39156352679972,37.44465637207031,3737300
2013-04-01,37.29200191181177,37.34509727592558,36.52213685424561,36.84733963012695,3464600
2013-04-02,36.960178651478415,36.96681684058042,36.303139707111214,36.469058990478516,3133700
2013-04-03,36.46905616649918,36.53542286201606,35.58636443210719,35.739009857177734,2912600
2013-04-04,35.71246533092046,35.944751301073374,35.24789085888743,35.433719635009766,3221400
2013-04-05,35.154979177287146,36.17040439888283,35.035517088660896,35.838565826416016,3446800
2013-04-08,35.87837405931553,36.31640071123941,35.69918099283852,36.13056945800781,2486400
2013-04-09,36.16376848704676,36.89381232864826,35.97130150875509,36.65488815307617,2264400
2013-04-10,36.84734767062353,37.21900770534162,36.6084235434281,37.03317642211914,2566600
2013-04-11,37.13272630045883,37.62384583153271,36.80752347713152,37.524295806884766,2921700
2013-04-12,37.33183239488084,37.50438730621289,36.44914074258185,36.53541946411133,5752900
2013-04-15,36.057581860877136,36.16377010680671,35.22798539838754,35.24125671386719,5542900
2013-04-16,35.62617358734596,35.94473817222561,35.360701834083116,35.85845947265625,3392500
2013-04-17,35.493449197655885,35.500087386085255,34.56430282398368,35.04214859008789,3520700
2013-04-18,35.12179462073048,35.50672859455485,34.57094388613568,35.24125671386719,3129400
2013-04-19,35.40054071893416,35.46690742393657,33.87408371833123,34.13955307006836,5515000
2013-04-22,34.179355958103265,34.41164183056497,33.72141986736756,34.31209182739258,4636500
2013-04-23,34.39837813830684,35.14833128214466,33.920529915755765,35.128421783447266,5267600
2013-04-24,35.26780674302222,35.65274074232935,35.15498283188384,35.46027374267578,2889900
2013-04-25,35.51999975589491,36.1704030294988,35.38062816834992,35.48681640625,2708500
2013-04-26,35.57309661253365,35.67264920439975,35.00897200989928,35.579734802246094,2691600
2013-04-29,35.74564807234058,36.53542288917808,35.60627649261522,36.34959411621094,2963600
2013-04-30,36.336320046302916,36.60179189038228,36.14385308593173,36.54206085205078,3234900
2013-05-01,36.67480085705879,37.935788546277806,36.23013834951239,36.661529541015625,8214600
2013-05-02,36.99336740652962,37.74995899236691,36.51551902316816,37.590675354003906,4593400
2013-05-03,37.88932441573553,38.69901125958324,37.80968387540322,38.59282302856445,4007800
2013-05-06,38.59282781106921,39.48215530545657,38.486639566891355,38.75874710083008,3829600
2013-05-07,38.73219008794774,39.05739039986898,38.114970276001266,38.572906494140625,5309400
2013-05-08,38.58617763780581,39.097209195362915,38.51317276790814,38.77864456176758,2642900
2013-05-09,38.75873627099908,38.94456501345485,38.44016909575099,38.752098083496094,2288800
2013-05-10,38.526453352255004,39.296318651088875,38.43353896766374,39.27640914916992,3318800
2013-05-13,39.21004306923514,39.601610115653585,38.871566340947574,39.269771575927734,2579400
2013-05-14,39.26977703825034,39.64143716586201,39.21004852324966,39.45560836791992,1883200
2013-05-15,39.2100444071336,39.4025088426291,38.73883174053187,38.99766540527344,2476500
2013-05-16,38.924653990208306,39.07066119710911,38.43353193501478,38.64590835571289,2251100
2013-05-17,38.931303197590715,39.35605618684214,38.825114950277865,39.017581939697266,3107300
2013-05-20,39.03747470241309,39.78743030151402,39.00429136405849,39.727699279785156,2390300
2013-05-21,39.70116282559486,40.391387598191955,39.54188174375069,39.933448791503906,3482600
2013-05-22,40.059552795024466,40.55067246354874,38.99766784616834,39.25650405883789,3598800
2013-05-23,38.46672295818303,38.94457126604748,38.02206052970805,38.68573760986328,5021500
2013-05-24,38.267619073230165,38.499905030901374,38.002147237268446,38.387081146240234,2846800
2013-05-28,38.825101435375664,39.17684940745817,38.52644630260437,38.64590835571289,2538000
2013-05-29,38.50652928500398,39.057379727458354,38.36715776083523,38.93128204345703,2678800
2013-05-30,38.851650642226964,39.01756988562726,38.340619068746854,38.752098083496094,2155200
2013-05-31,38.59945159687853,38.606087252467994,37.716762563332786,37.73003387451172,3303200
2013-06-03,37.76322206753971,38.327346501186796,37.64376000577709,38.194610595703125,2464800
2013-06-04,38.09505884416755,38.31407092635237,37.769856017012266,37.995506286621094,1986400
2013-06-05,37.929152136127456,37.9822449944301,37.550856343208814,37.590675354003906,3001900
2013-06-06,38.45343760588232,38.493259130197124,36.38940463089605,37.05308151245117,7772100
2013-06-07,37.285371529944115,37.76321974763905,37.03317357819105,37.73003387451172,3352700
2013-06-10,37.69021583741633,37.730034835420575,37.092905550085355,37.311920166015625,1960300
2013-06-11,36.90708557244087,36.980090461754074,36.50887777574904,36.67479705810547,2663400
2013-06-12,37.14787970260749,37.14787970260749,36.21501713279912,36.34162139892578,2686900
2013-06-13,36.32830899553119,36.74809757362805,36.12841051991026,36.674800872802734,2298000
2013-06-14,36.654808393919865,36.80140179216298,36.095091150083476,36.19504165649414,2460600
2013-06-17,36.534861301845574,36.86136145492201,36.40159484388026,36.648136138916016,2571100
2013-06-18,36.60816616288314,37.03461946166562,36.56152327020876,36.848045349121094,2458600
2013-06-19,36.821378784342166,36.96130995573224,36.061763318993755,36.06842803955078,2951100
2013-06-20,35.788567864533945,35.84187546104842,35.00229860886824,35.12223815917969,4162300
2013-06-21,35.448741843908806,35.68195623069362,35.16888203792085,35.60199737548828,5514300
2013-06-24,35.20220188035218,35.21552623851526,34.42259475180599,34.66913604736328,4363100
2013-06-25,34.942340643456376,35.48873098316711,34.615840400916696,35.36212921142578,3499200
2013-06-26,35.64197603082144,35.64863820927073,35.04894047499318,35.30881118774414,2154100
2013-06-27,35.51538346757093,35.74860045968804,34.815737574913335,34.889034271240234,3876300
2013-06-28,34.862375178002516,34.948998764329154,34.4292597882158,34.569190979003906,3936700
2013-07-01,34.72911120222196,35.148899721033835,34.64915233163525,34.835723876953125,2865300
2013-07-02,34.869037334160126,35.38210900919927,34.84238353389032,35.348793029785156,3261400
2013-07-03,35.29548574412442,35.69528255556116,35.00896376391783,35.64863967895508,1802000
2013-07-05,35.801910097558235,36.42159719229628,35.62200069503617,36.35496520996094,2797800
2013-07-08,36.601506391549435,36.92800666176546,36.428259171484164,36.5282096862793,2888600
2013-07-09,36.674795763340384,37.12123554530175,36.581509990503484,37.054603576660156,2736600
2013-07-10,37.13456749985856,37.24118018929864,36.8080672505064,36.82805633544922,2696700
2013-07-11,37.18119437719672,37.914158525496426,36.994622886502135,37.294471740722656,3077100
2013-07-12,37.35444815824852,37.66095924517051,36.954648767534025,37.08125305175781,2371100
2013-07-15,37.0412650709611,37.554339202684375,36.894671735655635,37.3810920715332,2055500
2013-07-16,37.38776549438697,37.59432610565877,37.10124347696498,37.441070556640625,2035500
2013-07-17,37.474391246298936,37.754248558462066,37.34112477019175,37.4277458190918,1378600
2013-07-18,37.547679821280234,38.054091846966024,37.44773188541721,37.83420181274414,2257000
2013-07-19,37.86086449476202,38.64047179499454,37.814221605380666,38.57383728027344,3073600
2013-07-22,38.48055290137386,38.547184876672105,38.0541021590325,38.174041748046875,1843700
2013-07-23,38.32062767327353,38.54051773879993,38.007454379435835,38.24733352661133,2056100
2013-07-24,38.24733768570909,38.24733768570909,37.37444459231057,37.5410270690918,2856400
2013-07-25,37.50103923377367,37.847531024661,37.361110589909465,37.64763259887695,2892800
2013-07-26,37.494384923102054,37.60099760868413,36.928002965696614,37.207862854003906,2728200
2013-07-29,36.90133843694621,37.174533504419074,36.30830542768899,36.47488784790039,3070700
2013-07-30,36.58150526676585,36.688117927933604,36.03511506055031,36.5748405456543,3562800
2013-07-31,36.74809254465014,36.934664090784416,36.58151008078835,36.65480422973633,3380000
2013-08-01,36.987973720297354,37.67429528452833,36.987973720297354,37.534366607666016,2344900
2013-08-02,37.4210930476996,37.44774685799178,37.07460113944299,37.28782653808594,2232500
2013-08-05,37.20119353913885,37.4943777328039,37.121232133901295,37.31446838378906,2787800
2013-08-06,37.29449462664262,37.34113752793887,36.93467578077368,37.181217193603516,2664800
2013-08-07,38.31396068815846,38.380592646529784,36.74808678981571,37.76757049560547,7142800
2013-08-08,37.78090264561416,39.57999373194753,37.78090264561416,39.093570709228516,5247500
2013-08-09,39.10022518832364,39.280134504012224,38.867010820863975,38.98028564453125,2604100
2013-08-12,38.83370553306867,39.08024942476651,38.55384819678052,38.57383728027344,2278500
2013-08-13,38.68044348726731,38.68044348726731,38.107399465821715,38.3472785949707,1881600
2013-08-14,38.43389834928636,38.94030781670819,38.36726639420454,38.613807678222656,3254100
2013-08-15,38.373935576615835,38.72708957832683,38.25399600210142,38.660457611083984,2038000
2013-08-16,38.520534680819246,38.57383975416796,37.90084763432754,38.234012603759766,2501500
2013-08-19,38.28063747225937,38.31395344514686,37.56766497671474,37.607643127441406,2860700
2013-08-20,37.947477598591234,38.37392820748396,37.6609556191453,37.66761779785156,2752000
2013-08-21,37.58101179720358,37.95415495831255,37.33446787507413,37.3677864074707,3354900
2013-08-22,37.47439533279528,38.45389857402543,37.41442553909982,38.2006950378418,1776000
2013-08-23,38.227337352155885,38.86035112809843,38.15404067237304,38.73374938964844,2219100
2013-08-26,38.76706804715101,39.03360098443826,38.66711756020667,38.69377136230469,2349800
2013-08-27,38.35394677074037,38.647130987303406,37.867526289197635,37.95414733886719,3145800
2013-08-28,37.99413439925993,38.90034354618983,37.967480590974446,38.31397247314453,2818000
2013-08-29,38.24732210411184,38.41390451302897,37.74757487736044,37.82753372192383,1937000
2013-08-30,37.90083902434724,38.333951861110165,37.88084740226687,38.040767669677734,2037600
2013-09-03,38.50052543753243,38.567159926037164,37.974126958497095,38.1340446472168,2229600
2013-09-04,38.114073994697534,38.54718694102485,38.087420186412054,38.31397247314453,2160600
2013-09-05,38.31396712475294,39.1735332581167,38.307304944535105,39.13355255126953,3291500
2013-09-06,39.193509906808735,39.46670496231212,38.86700980093308,38.900325775146484,2422200
2013-09-09,39.073591369897876,39.3801025643776,38.98030557521685,39.32679748535156,2112300
2013-09-10,39.43339387561634,39.43339387561634,38.88700369688799,39.113555908203125,2388300
2013-09-11,39.07342585786754,39.548301696777344,39.03998454421694,39.548301696777344,2996200
2013-09-12,39.56837041086562,39.90947593059845,39.27408324577438,39.394474029541016,1869400
2013-09-13,39.53492690850098,39.58843250310186,38.95972709594065,39.05336380004883,1780800
2013-09-16,39.42791162120613,39.461352935445944,38.79251644501466,38.8660888671875,2059700
2013-09-17,38.87946739237258,39.50817279895227,38.82595924641236,39.36771774291992,2027400
2013-09-18,39.254013984065,40.38434932262939,39.227262462646635,40.00979995727539,4457800
2013-09-19,40.150256163620554,40.263959700691544,39.66200580186605,39.91616439819336,2458700
2013-09-20,39.9429119698847,40.29070721576881,39.71550748416849,39.8225212097168,3796500
2013-09-23,39.7823961278126,39.89609966358651,39.528237534384616,39.849281311035156,2918300
2013-09-24,39.82922466932597,40.19039709689495,39.62857417114637,39.949615478515625,2627700
2013-09-25,39.969676586109884,40.19039390255143,39.755649064874675,39.795780181884766,2289300
2013-09-26,39.81583580174285,39.95629340501341,39.49479458974068,39.77570724487305,2038900
2013-09-27,39.621872443801955,39.80914583346078,38.97978751235576,39.26738739013672,3262200
2013-09-30,38.7724537626276,38.77914100518732,38.25744933762886,38.631996154785156,3530700
2013-10-01,38.69887956681513,39.421221646430276,38.66543825272892,39.193817138671875,2260700
2013-10-02,39.06005695898502,39.23395334567993,38.51161117218155,38.98648452758789,1930300
2013-10-03,38.87947469812032,39.09350221936096,38.66544717687968,38.7724609375,2166100
2013-10-04,38.85938754404621,39.55497790005355,38.785817695110026,39.407833099365234,2074800
2013-10-07,39.12025559809136,39.581751954127974,38.999864800619335,39.03330612182617,1732300
2013-10-08,39.20052686069287,39.454685569490294,38.88617273537526,38.92630386352539,2877200
2013-10-09,38.946357146018755,39.28077546520292,38.7590837037266,38.9931755065918,3133100
2013-10-10,39.32758521915572,40.40441237949667,39.32089797685559,40.31746292114258,4366200
2013-10-11,40.123500597314646,41.04649308060513,39.98304300080641,40.66525650024414,3305800
2013-10-14,40.33082959327671,40.93278330195276,40.22381588411298,40.75888442993164,2246700
2013-10-15,40.6251176958114,41.126744917245276,40.46459586233304,40.77894973754883,2868100
2013-10-16,41.12006322694379,42.196890282669344,41.00636225902668,41.795589447021484,4179700
2013-10-17,41.7487836043509,42.22365957784386,41.474560672445385,42.11664581298828,2647500
2013-10-18,42.43099658410606,42.52463585923139,41.85579920250671,42.277164459228516,3229200
2013-10-21,43.420868437536086,44.69165892757294,43.14664810022038,43.68840408325195,8475700
2013-10-22,44.19003241585899,44.75854248545695,43.61483255170535,43.82217025756836,5280900
2013-10-23,43.494451062123716,43.494451062123716,42.598209755741784,42.872432708740234,3223500
2013-10-24,42.892486067733806,43.34061043388698,42.78547487331576,43.139957427978516,2348900
2013-10-25,43.28041088438144,43.47437408880809,42.73196513845072,43.166709899902344,1924100
2013-10-28,43.3004883943154,43.32724247580609,42.651718502329075,42.82561492919922,2508300
2013-10-29,42.99280979437841,43.293789283805005,42.8523547404397,43.16001892089844,2278400
2013-10-30,43.22690181152913,43.46099867232245,42.036373639980454,42.41092300415039,2391000
2013-10-31,42.37080236902578,42.685156422937055,41.9962554636773,42.28385543823242,2407400
2013-11-01,42.26377486298301,42.77209199985749,41.942733669308474,42.578128814697266,2345900
2013-11-04,42.67846271371589,43.25366002428373,42.64501884388217,43.11320495605469,2408200
2013-11-05,42.98611200036738,43.09981806338048,42.43766892297413,42.66507339477539,2663200
2013-11-06,43.12658833605903,43.12658833605903,39.72889701613816,41.06657028198242,9580600
2013-11-07,41.013059146795065,41.126762692863316,39.81584104851225,39.96967315673828,6374000
2013-11-08,39.97636133759315,40.50474283021949,39.94960726296191,40.203765869140625,3538900
2013-11-11,41.140125366233875,41.140125366233875,40.42447063061198,40.60505676269531,4171600
2013-11-12,40.56492895447544,40.59837026441957,39.769012000199695,40.016483306884766,3234600
2013-11-13,39.94290477307229,40.53147888183594,39.79575997017738,40.53147888183594,2674800
2013-11-14,40.51811911625885,40.81909352034815,40.243893683486846,40.67863845825195,2350800
2013-11-15,40.752206014979016,40.87259678278703,40.284019979215486,40.451229095458984,2666600
2013-11-18,40.544875349098206,40.66526614528334,39.86266168785218,39.989742279052734,2724300
2013-11-19,39.983031367694885,42.27045273574143,39.74224990248916,41.982852935791016,11442600
2013-11-20,43.514496766323916,43.8756690530484,41.50799001558555,41.969486236572266,14575600
2013-11-21,42.28384782904924,42.48449828529354,41.78222041273401,41.86916732788086,5586800
2013-11-22,42.16345216653611,42.20358072229654,41.64844777253819,41.849098205566406,4494500
2013-11-25,41.70864215178978,41.802278848184336,40.658569111236076,41.20032501220703,3523600
2013-11-26,41.10000886252002,41.728714337033146,40.9528639966388,40.979618072509766,3299400
2013-11-27,40.979603342736034,41.140122637446325,40.42446794929317,40.511417388916016,2278600
2013-11-29,40.53819648303919,40.952874560368336,40.26397351314914,40.544883728027344,2250200
2013-12-02,40.72545528678229,40.738832323348795,40.330841638001445,40.491363525390625,3362700
2013-12-03,40.625132770024706,41.42104733818874,40.43785680290869,41.100006103515625,3588500
2013-12-04,40.972921855689464,41.33409416910961,40.645193407570545,40.67194747924805,3597300
2013-12-05,40.5381865476698,41.400986370037415,40.417795756111104,41.03981399536133,3845900
2013-12-06,41.36084709604902,41.40097820245457,40.25057866624851,40.451229095458984,3129000
2013-12-09,40.5850040046698,40.79234426362158,40.21714439480814,40.59838104248047,2434800
2013-12-10,40.45123393092095,41.140134755743276,40.43116965102404,40.67863845825195,3200800
2013-12-11,40.54437532234031,40.645063457207904,39.80598286329085,39.98722457885742,3354600
2013-12-12,40.141624551518916,40.47725686810465,39.866406154345476,39.88654327392578,2967000
2013-12-13,39.893249935853746,40.18860539768445,39.604605992411315,39.75228500366211,3039700
2013-12-16,40.02079209329319,40.65178241447195,39.967092260386885,40.54438018798828,2800500
2013-12-17,40.45040478266384,40.463830382313915,40.007370236896584,40.04093551635742,3026400
2013-12-18,40.074491784583856,40.19531960131426,38.95347872062308,39.83283615112305,4353500
2013-12-19,39.83956704085641,41.02770610930424,39.705316122030595,40.77933883666992,3620000
2013-12-20,40.90686798095703,41.02098430616351,40.36314523824319,40.90686798095703,3954400
2013-12-23,41.15523912650137,41.517720113526124,40.75247877550381,40.81960678100586,1940000
2013-12-24,40.77261820026217,41.24921551329784,40.67192747298013,41.121673583984375,847800
2013-12-26,41.054549719910725,41.25592862155503,40.67864055901548,41.0276985168457,2125300
2013-12-27,41.22905950755067,41.5378430873117,41.03439477157571,41.410301208496094,1472900
2013-12-30,41.45059483970216,41.88691791491503,41.32305546972947,41.48415756225586,2724100
2013-12-31,41.51101750692951,41.74595917495652,41.20223629733055,41.53115463256836,2336400
2014-01-02,41.41031965306725,41.511010385331325,40.89344551141025,41.05455017089844,2056900
2014-01-03,41.14853077000895,41.403612105059324,40.81289837782181,40.967288970947266,1735600
2014-01-06,40.611507399942866,40.71219811197979,40.32286342348627,40.44369125366211,2565900
2014-01-07,40.89344281895402,41.611698377848676,40.79946617405328,41.269351959228516,3499200
2014-01-08,41.2693490482372,41.47744200489038,40.90686553432703,41.155235290527344,3503800
2014-01-09,41.135097509147684,41.29620215410121,40.26916804462083,40.79946517944336,2826200
2014-01-10,40.920293025752905,40.98742102810118,40.450407252000836,40.631649017333984,2283400
2014-01-13,40.604806363776014,40.80618527916891,39.61804634947744,39.72544860839844,3198800
2014-01-14,39.705313188137666,40.34301268745599,39.68517350326424,40.12820816040039,2414400
2014-01-15,40.215464526547606,40.47725732674337,39.68516484577232,39.74557876586914,3030900
2014-01-16,39.67844628903428,39.993941433661014,39.57104406798467,39.85297393798828,3042200
2014-01-17,39.90669391292775,39.99395905619184,39.403245299797476,39.61133575439453,3312000
2014-01-21,40.02078888187706,40.36984673010707,39.60460560773279,40.061065673828125,2750700
2014-01-22,40.336289589769045,40.759187001332215,40.00065729248711,40.55109405517578,3092700
2014-01-23,40.49068732327506,40.671929103244565,40.168480567997605,40.3564338684082,2484400
2014-01-24,40.014069138092154,40.2020223405523,39.70528814528754,39.95365524291992,3788100
2014-01-27,39.920120142655115,39.94025726808109,39.24214123236341,39.38310623168945,3576200
2014-01-28,39.54419699742532,39.953668808098755,39.43679476517254,39.799278259277344,2483400
2014-01-29,39.409956821276836,39.987244974040415,39.07432441252332,39.61133575439453,3097500
2014-01-30,39.67846421694302,40.611521914020415,39.42338286644529,40.05437088012695,4712000
2014-01-31,39.544192084233345,40.10805437367078,39.47035257860795,39.75228500366211,3442100
2014-02-03,39.732155447779675,40.02751354551524,38.711832827915465,38.83266067504883,4388100
2014-02-04,39.42336227442329,40.13490353913222,39.35623685125126,39.81940841674805,4608800
2014-02-05,39.88654509336242,40.0342241388114,39.34282235452114,39.65831756591797,3927600
2014-02-06,39.926821979259664,40.72562600901482,39.63146644841011,40.57794952392578,3738300
2014-02-07,40.604798044705085,41.020981392672745,40.41013069008408,40.960567474365234,2993200
2014-02-10,40.85316208040677,40.906861914379576,40.47725299991266,40.81288528442383,2284600
2014-02-11,40.799464960569225,41.484155216773516,40.65178847754814,41.309627532958984,2033000
2014-02-12,41.531130375662975,41.531130375662975,40.94041950944551,41.06795883178711,2341900
2014-02-13,40.87331358079721,41.927199120155834,40.75919979303054,41.799659729003906,3315400
2014-02-14,41.7996489481448,41.907051186853934,41.32976319354056,41.65196990966797,2317200
2014-02-18,41.853357922493984,42.53804830396383,41.70568141245517,42.22926712036133,5131700
2014-02-19,42.94079278381578,44.061803319279456,42.497758296645856,43.128746032714844,9710000
2014-02-20,43.101896200001164,43.585207496078176,42.994496534951885,43.33683776855469,3788200
2014-02-21,43.41068266397563,43.51137338337274,42.6991437905634,42.739418029785156,4596600
2014-02-24,42.89380962330811,43.571788313700765,42.89380962330811,43.20930480957031,3368500
2014-02-25,43.00793020637732,43.061632612851035,42.417216538524826,42.90052795410156,3764300
2014-02-26,42.83339600183389,42.98778655599195,42.50447521381277,42.779693603515625,3244500
2014-02-27,42.60515807736437,43.242857295489955,42.558169767832396,43.16901779174805,3066400
2014-02-28,43.189171736162265,43.46439274305046,43.01464658780469,43.24287414550781,2456900
2014-03-03,42.96093051341592,43.65904624881997,42.76626318246596,42.81325149536133,3815500
2014-03-04,43.14889301043024,43.53151367494509,42.80654914874332,43.39054870605469,3990300
2014-03-05,43.33013443752332,43.61877843675757,43.15560419764283,43.276432037353516,2749700
2014-03-06,43.32341808921009,43.46438304126932,43.007922906406925,43.30998992919922,1684700
2014-03-07,43.28985817367881,43.80002076910345,43.14889320415551,43.71946716308594,2935700
2014-03-10,43.63219897763983,43.6724732147896,42.82668094591838,43.31670379638672,3191600
2014-03-11,43.2697214647808,43.484525961531006,42.558182529547594,42.658870697021484,2331400
2014-03-12,42.37595433408264,42.63192171523686,42.119986952928436,42.4904670715332,2251900
2014-03-13,42.58478227070436,42.685820229395226,42.09305701028681,42.16041564941406,2182700
2014-03-14,42.07957273468381,42.31533047377484,42.01221154525306,42.261444091796875,3081800
2014-03-17,42.39616008749819,42.71275124461641,42.052627024964856,42.301856994628906,2174900
2014-03-18,42.45004476948759,42.86767381144835,42.416365463929935,42.76663589477539,2145500
2014-03-19,42.73295720621844,43.02934128418607,42.5039343139555,42.746429443359375,2667900
2014-03-20,42.41637679361089,42.813798872304254,42.247977651275846,42.631927490234375,2870400
2014-03-21,42.98893425163455,43.34593962276569,42.69928751180726,43.17080307006836,3313800
2014-03-24,43.386357587106644,43.568226399983125,42.96198845850488,43.049556732177734,1555200
2014-03-25,43.21795526736004,43.32572803840352,42.97545753902839,43.08323287963867,2780300
2014-03-26,43.4267634216103,43.52780391569877,43.002396943831855,43.110172271728516,3440800
2014-03-27,43.20448245652142,44.04647814695742,43.11017935032329,43.5749626159668,3936200
2014-03-28,43.830923853954374,44.342858630628584,43.70293887500247,44.315914154052734,5840500
2014-03-31,44.457379065319955,45.09729382954571,44.20141418745657,45.083824157714844,5353400
2014-04-01,45.07034886417814,45.59575336533573,44.96257094643609,45.58901596069336,4251700
2014-04-02,45.43409599740629,45.9662380145757,45.32632319624296,45.7304801940918,3481000
2014-04-03,46.07400958241468,46.868853795208324,45.87866594699297,46.14810562133789,4800600
2014-04-04,46.343436351042534,46.52530512557631,45.66983992233048,45.81129455566406,3033400
2014-04-07,45.696791895573234,45.939287088107996,45.29937235950112,45.5014533996582,2344800
2014-04-08,45.63615929692626,45.88539183247338,45.508174327438134,45.70351791381836,3107800
2014-04-09,45.90560728299335,46.10768317055551,45.68331918145438,46.06053161621094,4998400
2014-04-10,45.946018278870994,46.80148874214532,45.743942405179645,46.215457916259766,5158500
2014-04-11,45.89213553062259,46.3165046871256,45.487978589442754,45.5014533996582,3824600
2014-04-14,45.91234138881677,45.91234138881677,45.218532654548795,45.663108825683594,4506300
2014-04-15,45.65636593521829,46.41079579900308,45.52838096694357,46.262603759765625,3481300
2014-04-16,46.50510798628051,47.33362889261501,46.50510798628051,47.057456970214844,3777900
2014-04-17,47.13155313541411,47.852301264493214,46.9092650324587,47.62327575683594,4003500
2014-04-21,47.74452074244288,47.805147103185874,47.19890919142462,47.488555908203125,3156800
2014-04-22,47.33361193477077,47.7781879801703,47.124798716609746,47.576107025146484,2246700
2014-04-23,47.791680665623204,48.23625692516389,47.636756312729666,48.034175872802734,2540100
2014-04-24,48.242980384234215,48.7751222050907,48.081313533427306,48.438323974609375,3872600
2014-04-25,48.15542534437796,48.330561920609,47.36058105426457,47.421207427978516,4243700
2014-04-28,47.57612030272993,47.77820131415069,46.91599859180486,47.340362548828125,2843700
2014-04-29,47.677165920811,48.155418884046824,47.42793847101909,47.47509002685547,2153700
2014-04-30,47.259538019762836,47.34036631946219,46.78127993058297,47.15176010131836,4350600
2014-05-01,47.11135294031942,47.326903670050775,46.916009288510566,47.07767105102539,3104800
2014-05-02,47.29321099804776,47.61653958849425,47.03724617083059,47.340362548828125,4054900
2014-05-05,47.04398413107489,47.60980794807248,46.88232238584739,47.38751983642578,2054200
2014-05-06,47.38078238799295,47.71758068806956,47.124817530023044,47.279747009277344,2746700
2014-05-07,47.751259800207485,49.70469085501806,46.6128799675458,49.21296310424805,8860700
2014-05-08,49.125393837841834,49.320737443066044,47.68389771293698,47.8186149597168,5886600
2014-05-09,47.87251404817728,47.892721125558516,47.165235505026175,47.64349365234375,3053700
2014-05-12,47.852294921875,47.96680509095879,47.58285529998764,47.852294921875,2026400
2014-05-13,48.034155872506275,49.06475750433362,47.91290831940115,48.7885856628418,4720900
2014-05-14,48.802078219718794,48.89638134535201,48.29014843460562,48.330562591552734,2694800
2014-05-15,48.28340910197463,48.303616179641814,47.15850390600028,47.65022659301758,4221500
2014-05-16,47.67716534070898,47.89271604178604,47.21238205373835,47.60306930541992,2497900
2014-05-19,47.60979732018135,48.256449295874056,47.46160527883099,48.013954162597656,2452600
2014-05-20,48.3574844135662,49.13885353679286,48.29685806742264,48.86941909790039,5440400
2014-05-21,49.05129511600991,49.60364402008055,48.93004754491473,49.536285400390625,3382800
2014-05-22,49.5901670945279,49.637318635323794,48.97045452232584,48.97719192504883,2571300
2014-05-23,49.044555595940714,49.26010625312705,48.77512112880758,48.93678283691406,2157300
2014-05-27,49.03782221663935,49.287049606983906,48.76164521323461,49.26010513305664,2698500
2014-05-28,49.28032689056971,49.54976140377753,48.97046794993966,49.46893310546875,3439200
2014-05-29,49.610402425465274,49.83269058976369,49.26012923218253,49.772064208984375,2233700
2014-05-30,49.73835498345416,49.839395469806355,49.29378403829016,49.77877426147461,2120800
2014-06-02,49.74510187219208,50.068430462348026,49.54975826509652,49.6373291015625,2125700
2014-06-03,50.03474437535636,50.51973465026017,49.94044128180653,50.31765365600586,3318800
2014-06-04,50.45238557273453,50.54668868411765,50.20315298457393,50.43217849731445,2139600
2014-06-05,50.39174267640388,50.587086239939346,50.18292944671844,50.378273010253906,2026800
2014-06-06,50.46585780457448,50.519746767852446,50.203155532512405,50.29745864868164,2091100
2014-06-09,50.38503587810894,50.55343505532302,49.96066666248301,50.14927291870117,2253600
2014-06-10,50.3984909091529,51.15965311893693,50.358076762885965,50.47932434082031,3388700
2014-06-11,50.43200489241854,52.161955299985095,50.25631087227503,51.64161682128906,5787300
2014-06-12,51.94573754170311,52.70934543361912,51.89167543723666,52.03358459472656,3781400
2014-06-13,52.18225402147203,52.776921717537064,51.86464559488013,52.73637771606445,3314100
2014-06-16,52.830963631067945,52.92556970210935,52.47957038943477,52.86475372314453,4048000
2014-06-17,52.553919183034324,52.92558971383252,52.35795307295471,52.79043960571289,2042800
2014-06-18,52.61474034064046,53.23643908702458,52.28361896679507,52.79043960571289,2798500
2014-06-19,52.810702503867596,53.04721773013405,52.43903203713085,53.04045867919922,2055300
2014-06-20,53.25668178703406,53.55401804808481,53.18910677015252,53.351287841796875,3133500
2014-06-23,53.547280835010866,53.547280835010866,53.12155341497668,53.2972526550293,2518300
2014-06-24,53.33104208751488,53.71622554443116,52.27009781806857,52.418766021728516,3648800
2014-06-25,52.405249179367665,53.7229806036132,52.405249179367665,53.69594955444336,2627800
2014-06-26,53.540512889988825,53.69593493584527,52.81744927739582,53.11478042602539,1943200
2014-06-27,53.02017362997611,53.777027323358084,52.92556756275886,53.722965240478516,1972700
2014-06-30,53.520247897456976,54.48658595017764,53.39861075950454,53.65540313720703,2667300
2014-07-01,53.959489031459476,54.06761321449728,53.41212453285383,53.43915557861328,2156600
2014-07-02,53.43240153158284,53.82434399832849,52.8850369817229,53.101280212402344,3310900
2014-07-03,53.34454732036804,53.560790521978326,52.83096778317687,53.527000427246094,1413700
2014-07-07,53.966247405234256,53.966247405234256,52.77690718495328,52.89854431152344,3287900
2014-07-08,52.99989955123432,53.4796889177025,52.6552602310003,52.80392837524414,3641000
2014-07-09,52.993155351544836,53.66216218810584,52.84448716564239,53.65540313720703,2213300
2014-07-10,52.817465657019326,53.20940299571097,52.25658296570689,52.77691650390625,3014200
2014-07-11,52.722836858511315,52.80392998210581,52.101138377885405,52.12141036987305,2920200
2014-07-14,52.27010230888074,52.749891908320926,52.14846514594898,52.58095169067383,2107600
2014-07-15,52.52010735319136,52.641744450501655,51.35779845792484,51.6956787109375,3398100
2014-07-16,52.033575507106434,52.68230518046567,51.88490732361148,52.63500213623047,2340100
2014-07-17,52.66879419685284,53.13506560578771,51.087511370162986,51.1821174621582,3875900
2014-07-18,51.70919496884576,52.26331841309844,51.44564876704533,52.040321350097656,2548500
2014-07-21,51.97276066396718,52.17548579131565,51.57405914891824,52.11466979980469,1915700
2014-07-22,52.47282669522082,53.006678341259956,52.256583447325475,52.810707092285156,3234600
2014-07-23,52.71609321139585,53.07424555450884,52.42551590659089,53.04721450805664,2044400
2014-07-24,53.04046118657656,53.59458480958668,52.91882404222578,53.405372619628906,2921700
2014-07-25,53.06750603122875,53.15535825343661,52.65529144352881,52.939109802246094,1194500
2014-07-28,52.84447561195937,53.16884296079602,52.31738318128839,52.58768844604492,1588700
2014-07-29,52.547149214205405,52.86475754235177,52.22954088605904,52.30387496948242,2180200
2014-07-30,52.73636097203546,53.02693825350399,52.14169346478001,52.2430534362793,2356300
2014-07-31,52.03357282221712,52.06060386833462,50.97262875141848,51.01993179321289,2800500
2014-08-01,50.75637698532205,51.23616637285883,50.161709537877314,50.74285888671875,2913800
2014-08-04,50.89153327297601,52.04032947974389,50.567171045770586,51.905174255371094,3235900
2014-08-05,51.513247405882765,51.82409675130345,50.08063267183267,50.40499496459961,3892000
2014-08-06,50.01980632479133,51.12805865097557,48.30337862956616,50.26308059692383,4806300
2014-08-07,50.39147182815478,50.45904686251382,49.337286856348705,49.648136138916016,2505700
2014-08-08,49.67517206897459,50.30362974604268,49.398107698517244,50.26308059692383,2153500
2014-08-11,50.60772557341113,50.75639377335637,50.09414592514004,50.141448974609375,1624700
2014-08-12,50.00630112104341,50.03333217275932,48.99265988210334,49.33729934692383,3239200
2014-08-13,49.512988025177876,49.776539461623,48.92507947061478,49.080501556396484,2978900
2014-08-14,49.28322214158445,49.512978277296405,48.95210088191072,49.10076904296875,2744100
2014-08-15,49.25620101283252,49.74274958126994,49.13456387072317,49.5602912902832,2793100
2014-08-18,49.66840734056884,49.80355740712889,49.30349597408323,49.695438385009766,1883300
2014-08-19,49.85086005083184,50.499594800982464,49.74274102956975,50.195499420166016,1733700
2014-08-20,50.24280664758558,50.24280664758558,49.63462099089044,49.90492630004883,2637400
2014-08-21,49.93871457976196,50.67529123587805,49.93871457976196,50.61447525024414,1788400
2014-08-22,50.42526674932516,50.49960084092797,50.01305229794419,50.10765838623047,1487000
2014-08-25,50.41174167993929,50.66853401749014,50.276591616966314,50.47931671142578,1880800
2014-08-26,50.668539445615906,51.107779775156146,50.344172041829054,50.38471603393555,1937300
2014-08-27,50.53337973953239,50.54689783946798,50.02655926048282,50.195499420166016,1676600
2014-08-28,50.01979628093994,50.580678804379666,49.95898030294109,50.432010650634766,1314000
2014-08-29,50.50635998963672,50.98614953175111,50.32390684486194,50.965877532958984,1624200
2014-09-02,50.88479281108222,50.91181870744644,49.702211352776224,50.06036376953125,1947900
2014-09-03,50.472572934197316,50.68205712048879,50.06711235271704,50.127933502197266,1582700
2014-09-04,49.850860097909674,50.033318357700765,48.61422204615072,48.86425018310547,3207500
2014-09-05,48.79667101957738,49.18861339458863,48.56691489634988,49.154823303222656,2509500
2014-09-08,48.78992051685011,48.78992051685011,47.62761644266024,48.12767791748047,3205100
2014-09-09,47.92495194458248,48.262832325165796,47.4248904248999,47.81007385253906,3135100
2014-09-10,47.99314713698843,47.99314713698843,47.00317889610935,47.91856002807617,3478600
2014-09-11,47.51171752868777,48.128755307088184,47.26083318364698,47.89142990112305,2234800
2014-09-12,47.70158045057047,47.95246483103719,47.254062973179394,47.430355072021484,3610600
2014-09-15,47.41000719126562,47.864306659796505,47.016730708122594,47.6473274230957,2136800
2014-09-16,47.708356961537895,49.03057341511423,47.464254666540235,48.718666076660156,4246700
2014-09-17,48.928874826210006,48.97633888014721,48.33217795020644,48.52881622314453,2300500
2014-09-18,48.83394106754223,48.95599222978621,48.115198208324266,48.52203369140625,4937500
2014-09-19,48.806813920357094,48.9559829363882,48.02026098560995,48.121971130371094,4105400
2014-09-22,47.91855345213005,47.999922607011676,46.96926733795024,47.4506950378418,3970800
2014-09-23,47.24728391998834,47.857539767224104,47.19303780619091,47.40324020385742,2449000
2014-09-24,47.484599985024175,47.97958667638428,46.91503136030769,47.51850509643555,3788700
2014-09-25,47.301511464545506,47.6405417828945,46.542081689094594,46.582763671875,2555800
2014-09-26,46.57600172446979,47.22693952363538,46.27087123620251,46.97605514526367,2407600
2014-09-29,46.53532050861751,47.27440962421198,46.35902838869487,47.179481506347656,2519800
2014-09-30,47.05064330819238,47.145571416041534,45.82335479014697,46.23019027709961,4124100
2014-10-01,45.89794633383702,46.65059438535013,45.2266622836587,45.47754669189453,3039600
2014-10-02,45.13851118306179,45.47075955552433,44.1621018905422,45.13172912597656,3325500
2014-10-03,45.280898158363115,45.32836220613777,44.250248046744936,44.37229919433594,3619900
2014-10-06,44.60961253683339,44.73166366555602,43.76881874629546,43.9518928527832,3878600
2014-10-07,43.74170644664115,44.1010778658534,43.10432759856287,43.13145065307617,3244300
2014-10-08,42.867015314433935,43.44336610380188,42.07368263518211,43.36199951171875,4571800
2014-10-09,42.91447445360881,42.968717979910735,41.5244501430361,41.56513214111328,5181200
2014-10-10,41.37528151046904,41.58548134646258,40.11408766770254,40.290382385253906,6456900
2014-10-13,40.283600265191254,40.609069205379534,38.25619692035092,38.35112762451172,5774300
2014-10-14,38.601998555250105,38.98849297432878,37.23909500452302,37.46285629272461,7618100
2014-10-15,36.67630053958738,37.65948899612603,36.16775505378423,37.38826370239258,8324900
2014-10-16,36.90006796948214,38.78507877663536,36.56103756511749,38.33755874633789,7998200
2014-10-17,39.28684492855705,39.78182904132049,39.06986566232094,39.44279861450195,8129700
2014-10-20,39.55129151325285,40.10730121585334,38.886789589074766,39.313968658447266,3820500
2014-10-21,39.9310059345094,40.771802587503814,39.82251629411629,40.72433853149414,5052300
2014-10-22,40.88029136264823,41.46342413739285,39.74114886933246,39.76148986816406,6709400
2014-10-23,40.52770413400759,41.13117797819148,40.16833265075142,40.69043731689453,3964800
2014-10-24,40.49379662214578,40.89385264521309,40.00559196034243,40.62262725830078,3196500
2014-10-27,39.63266907995655,39.653010083842894,38.54776984279319,38.87324142456055,4785700
2014-10-28,39.15123273849544,40.439546739719695,38.81220232976325,40.39886474609375,3230400
2014-10-29,41.76177753589863,41.76177753589863,40.059845545970816,40.50058364868164,3248500
2014-10-30,40.13441853307286,40.39208236589258,39.35465015119267,39.53094482421875,3562400
2014-10-31,39.51061342061609,40.71078165970345,38.941042096754245,40.683658599853516,4011300
2014-11-03,40.82604794981302,41.42952176329231,39.58519779369438,39.693687438964844,4685600
2014-11-04,38.66981819752268,39.022410229694515,37.591701098615644,37.98497772216797,6075700
2014-11-05,40.548037782935204,42.080456732408955,40.47345067655416,41.782108306884766,8913800
2014-11-06,41.57868294326337,42.42625883918214,41.34814219610961,42.41947937011719,5122900
2014-11-07,42.88735174712317,44.11464031561083,42.81276463457699,44.09429931640625,6779300
2014-11-10,44.72488680910893,45.03679413583563,43.14500659392613,43.53828048706055,6151400
2014-11-11,43.504384062540474,43.97902456037011,42.81954119579192,43.775604248046875,2718300
2014-11-12,43.517927377705945,44.067154781311295,43.17211504019553,43.44334030151367,3733700
2014-11-13,43.01618541799567,43.395900478356296,42.2160732959982,42.90769577026367,4072300
2014-11-14,42.93481537106425,43.58575320503258,42.70427456487584,43.517948150634766,2703400
2014-11-17,43.26027548873021,43.67389554817415,42.73816839895527,43.2941780090332,2843200
2014-11-18,43.11788858534918,43.992585096365794,42.90768879540118,43.72814178466797,3648600
2014-11-19,43.95191621384006,44.24348266669397,43.23995264227025,43.95869827270508,2778800
2014-11-20,44.01293384532624,45.33515048127555,43.836636569468354,45.2673454284668,3741900
2014-11-21,46.16238597242262,46.42682930188428,45.185976649367866,45.56568908691406,4343000
2014-11-24,45.457199810127,45.56568685560169,44.467231594149474,44.94865417480469,3394700
2014-11-25,45.335157507779336,45.355498509455224,43.69425117879125,43.92478942871094,4136200
2014-11-26,43.63320800422807,43.73491815084537,42.95514725770333,43.409446716308594,2699600
2014-11-28,40.65653122757172,40.81248492527082,39.747929511753,39.985252380371094,5443900
2014-12-01,39.79538367451674,40.78535431513511,39.042738430111434,40.64295959472656,7586900
2014-12-02,39.971697218119076,41.49733449677555,39.59876417843366,40.609073638916016,4325500
2014-12-03,40.89384966527391,42.202507276559324,40.88028813825682,41.307464599609375,3800500
2014-12-04,40.91418294013348,40.91418294013348,40.188658194538206,40.35817337036133,3994600
2014-12-05,40.17510792599819,41.05658656992431,39.59875720136108,40.615848541259766,4473900
2014-12-08,40.10729571664047,40.10729571664047,38.276531114090304,38.378238677978516,6296700
2014-12-09,38.75118886599499,39.59198309398123,37.98497917850302,38.785091400146484,6006300
2014-12-10,37.95436567191502,37.95436567191502,36.762759322331604,37.089599609375,6890600
2014-12-11,37.02149961212012,37.81817477920756,36.524429935815576,36.660614013671875,4908000
2014-12-12,35.96608551041516,37.21216659182756,35.6120078686613,36.095458984375,5611200
2014-12-15,36.44271393927437,37.021492918651624,35.659657581298305,35.85712432861328,5001400
2014-12-16,35.31239594965333,37.8658375858412,35.24430261419123,36.837650299072266,7293200
2014-12-17,37.25981058565359,40.38522236303564,37.08958119167307,39.81325149536133,7364000
2014-12-18,41.086581382259325,41.3453308812812,39.37066816334301,41.05253601074219,6041400
2014-12-19,41.284057328296036,41.849217893791916,40.65761144398579,41.7470817565918,7956600
2014-12-22,41.215955832977606,41.2976678435956,40.249053751456714,40.98444366455078,4689800
2014-12-23,41.508748533234694,42.10795692552414,41.004870814998895,41.85601806640625,3510400
2014-12-24,41.536003304677166,41.651758132662444,40.71890108082359,40.998077392578125,2185900
2014-12-26,41.42705034652787,41.835600098876895,41.038927302547506,41.42024230957031,2270400
2014-12-29,41.59045852262604,42.06029084751995,41.2636157081401,41.63812255859375,2503000
2014-12-30,41.318097552299356,41.842404636498244,40.9027372260187,41.576847076416016,3255000
2014-12-31,41.11381377933442,42.24413712138327,40.78697357654265,41.67897415161133,3712600
2015-01-02,41.28404179086323,41.9649595059146,40.582694778063754,41.50874328613281,3017000
2015-01-05,40.64398250235721,40.64398250235721,39.35704827736689,39.96987533569336,3864500
2015-01-06,39.901787264542854,40.30352892303465,38.655708878116336,39.15277862548828,4685000
2015-01-07,39.554502304399655,40.133281208084355,39.071051446263546,39.33660888671875,4208700
2015-01-08,40.003920156255916,41.161480918574284,39.500039848836664,40.73250198364258,4551800
2015-01-09,40.85507061420794,41.34533229277697,40.22181681188808,41.134246826171875,3556300
2015-01-12,40.31714450057231,40.575894005900224,39.438759867547965,40.262672424316406,4333100
2015-01-13,40.36480833288463,40.71207788251718,39.81326655022589,40.09925079345703,4910900
2015-01-14,39.68388789858167,40.4328990247308,39.02339940976712,39.83369064331055,5974000
2015-01-15,40.800600317636686,40.97082979679404,39.34343639164905,39.397911071777344,3758900
2015-01-16,39.74517843746601,41.40661983195213,39.69070635432481,41.33171844482422,5252000
2015-01-20,40.58269461391011,40.85506273782693,39.76559543714952,40.60993194580078,4769500
2015-01-21,41.127438782332206,41.99220215769573,40.82102523328842,41.94453811645508,4001500
2015-01-22,42.20328458297133,42.33946866134315,40.800592991483526,41.706214904785156,3888400
2015-01-23,41.50195325643988,41.95816707664341,40.950408732876625,40.964027404785156,3998300
2015-01-26,41.12744134504425,42.32585568126276,40.86869182111804,42.02625274658203,3336900
2015-01-27,41.6925907278038,42.605020555579706,41.284041144170665,42.28498840332031,2737300
2015-01-28,41.87645140318575,41.90368874294451,39.71794287846988,39.786033630371094,4753000
2015-01-29,40.12648974700605,40.317145916842236,38.751035356413034,39.983497619628906,3087200
2015-01-30,39.574935824482225,41.48831548825389,39.27533297288418,41.038909912109375,3792600
2015-02-02,41.76750630505931,42.79569124569149,41.43385537346588,42.788883209228516,4579600
2015-02-03,43.43574005724696,44.218796439542054,43.12251854332686,43.62639617919922,6447400
2015-02-04,42.720783881821944,43.76258468632159,42.455223758131524,43.578739166259766,5257000
2015-02-05,43.94644102374262,44.532030821806984,43.626408785848,44.25966262817383,5249600
2015-02-06,44.74310599970379,44.87929267056528,44.16432693476581,44.44350051879883,4855200
2015-02-09,44.7022487106066,44.84524080634014,44.00090430034638,44.0758056640625,3941200
2015-02-10,44.055388057117845,44.06900932493292,42.686744158724174,43.70131301879883,4257400
2015-02-11,42.897814532721426,44.014519130355,42.523310322172826,43.987281799316406,3883700
2015-02-12,44.66138783426251,45.131222692668054,44.327739627925766,44.79076385498047,4933500
2015-02-13,45.40360461974057,45.410415253164125,44.538841194631395,45.26061248779297,4872400
2015-02-17,45.02229305802316,45.675973613394824,44.81120497811775,45.3831787109375,4582000
2015-02-18,44.16433968230299,44.83844701392231,43.26552817514662,43.54470443725586,6840200
2015-02-19,42.468834871518276,44.12346763520813,42.33946144772952,43.85791015625,4240600
2015-02-20,43.69449312948255,44.06218935773089,43.12252468220099,43.456172943115234,2771000
2015-02-23,43.00677862081497,43.84430740714268,42.6799383088941,43.54470443725586,2263500
2015-02-24,43.966865525203545,44.191569663311434,43.50384117773467,44.15071105957031,2993000
2015-02-25,44.075810302826866,44.62054141128643,43.56511936896872,44.56606674194336,3355800
2015-02-26,44.07580348658041,44.218795575249715,42.393933396896415,42.591400146484375,3561700
2015-02-27,42.72078541839256,42.85015886984737,41.87644617377937,41.93772888183594,3278300
2015-03-02,41.937732122234436,41.937732122234436,41.01168339449138,41.4406623840332,4529100
2015-03-03,41.37256404264896,42.18966591538462,41.29766526716495,41.706214904785156,3615500
2015-03-04,41.83558758277407,42.20328380838078,41.215952505175444,42.12157440185547,3745000
2015-03-05,41.9717842154919,41.9717842154919,41.413431675116776,41.42024230957031,2499600
2015-03-06,40.76653940160189,40.984432844065346,40.24904312512485,40.29670715332031,4572600
2015-03-09,40.18778043397227,40.501002088720384,39.50686243800018,39.52048110961914,2790000
2015-03-10,39.12553342248879,39.56813100046746,38.791885178469876,38.805503845214844,2809700
2015-03-11,39.92693804077334,39.98847992386289,39.29784555450733,39.55084991455078,7496400
2015-03-12,39.63290159733876,39.728632827864445,39.037998515871735,39.09270095825195,3328300
2015-03-13,38.66874810357496,39.4893056252768,38.53198808187791,39.455116271972656,3690900
2015-03-16,39.05850525366816,40.20728505011252,38.83285347676657,40.173095703125,3568300
2015-03-17,39.81751502314994,40.11838488519489,39.33885640879873,39.69443130493164,2518400
2015-03-18,39.11321813706077,41.424454453797765,38.97645811321304,41.19196319580078,3533900
2015-03-19,40.40558868051879,40.65175616315611,39.78333314762118,39.838035583496094,2238200
2015-03-20,40.2414852331595,40.768009665683465,40.0636990158629,40.11156463623047,4336700
2015-03-23,40.179934139948394,40.50131975317137,39.62605991449783,39.63973617553711,2834900
2015-03-24,39.72179929996836,40.05686124311829,39.482471203775994,39.55084991455078,2868900
2015-03-25,39.96795552604924,41.26716892260838,39.89273740038657,40.781673431396484,6182100
2015-03-26,41.67061808670795,41.83473063198089,40.7748450445544,41.068878173828125,3811200
2015-03-27,40.95261801528578,40.95261801528578,40.309849521600334,40.44660949707031,2277300
2015-03-30,40.97997885303388,41.581721302197444,40.699622020209965,41.51333999633789,3248400
2015-03-31,40.91843677299723,41.752670440861976,40.713298073426586,41.23982238769531,3135500
2015-04-01,41.492827135905785,42.573225689598615,41.431285264535425,42.108245849609375,3582100
2015-04-02,41.96465269111011,43.02453831579337,41.75267713126177,42.77153396606445,4740500
2015-04-06,43.05871873667696,43.79722110569376,42.976661178910774,43.359588623046875,3922900
2015-04-07,43.4074653691644,43.96134228809398,43.24335542846854,43.30489730834961,3388400
2015-04-08,43.54422020536476,43.75619834603465,43.051885224959925,43.106590270996094,2821400
2015-04-09,43.53739304369402,44.610955094232615,43.4006356070116,44.405818939208984,3854800
2015-04-10,44.42633051842217,44.42633051842217,43.790398547301834,44.351112365722656,2341000
2015-04-13,44.781898110762,44.781898110762,44.09810059096492,44.159645080566406,2054700
2015-04-14,44.487862240909195,45.54775041839471,44.474188586814485,45.24004364013672,3168100
2015-04-15,45.58193483100931,46.06059089947301,45.294735972971225,45.78023147583008,4583200
2015-04-16,45.465694169586314,46.03324734485107,44.939172391724426,45.53407287597656,3463500
2015-04-17,45.20584709672988,45.39730953641081,44.761377737779036,45.075923919677734,2354400
2015-04-20,45.06909331877096,46.09478951391501,45.06225388338769,45.588775634765625,2240100
2015-04-21,45.725527002632326,45.7665531709124,44.289548509317484,44.63828659057617,2600100
2015-04-22,44.73402956915265,45.24687767547973,44.3442652170225,45.01438903808594,3298400
2015-04-23,45.26738193088962,45.95117927254632,45.171650720414455,45.33576583862305,2764400
2015-04-24,45.00071223080158,45.60245737534269,44.65197925871813,45.4725341796875,3819400
2015-04-27,45.73236858036411,46.00588858582834,45.49304053194298,45.513553619384766,3083100
2015-04-28,45.68450238377321,46.16999790917898,45.41782181653567,46.14265060424805,2873100
2015-04-29,45.93067236595785,47.17518348651587,45.616126172515756,47.147830963134766,4664600
2015-04-30,47.29143738176052,47.29143738176052,46.06059980076398,46.64182662963867,3388700
2015-05-01,46.42985244200333,47.45554871737765,46.327281771073686,46.915348052978516,5235200
2015-05-04,47.0315919735622,47.31878567612191,46.62815394619893,47.20254135131836,2817700
2015-05-05,47.65384476706904,48.19404536508214,45.44517676339319,45.57509994506836,5707500
2015-05-06,46.90850034935682,47.64700278953467,45.81442555851564,46.14265060424805,5887300
2015-05-07,45.99905744509408,46.22471188156172,45.20585502488211,45.452022552490234,4426600
2015-05-08,46.03324363144795,46.47087357739594,45.21268878703559,46.42300796508789,3639000
2015-05-11,46.477710719119,46.477710719119,45.33577029829028,45.44517517089844,3657900
2015-05-12,45.42466069553923,46.566601081479625,45.3562820001282,46.20418930053711,2659300
2015-05-13,46.183672197417486,46.31359535927219,44.850264276537025,45.096431732177734,3437400
2015-05-14,45.192166039730964,45.554583030968885,44.82292004790961,44.91181182861328,2020500
2015-05-15,44.55624453503814,45.23320255265917,44.35110321238423,45.0349006652832,2443000
2015-05-18,44.50837070825241,45.36995690164246,44.487857620760295,45.29473876953125,2007900
2015-05-19,44.699837523419575,44.95967865503123,44.24852873924343,44.29639434814453,2795400
2015-05-20,44.80924739346894,45.11695938527639,44.357943775896295,45.00754928588867,2945600
2015-05-21,45.322089165016315,46.224701491033805,45.322089165016315,46.16316223144531,2922300
2015-05-22,45.70501515643151,46.47087011323015,45.5682577648775,46.13581085205078,2311000
2015-05-26,45.45885690111824,45.97170499008096,45.2673892323253,45.32893371582031,2577800
2015-05-27,45.22636852813262,45.71186415173891,44.624628575696896,45.16482925415039,1970500
2015-05-28,45.04856368480407,45.09642928652952,44.29638770756448,44.7066650390625,2167600
2015-05-29,44.77505593518191,44.92548698055816,44.30323406093783,44.597267150878906,2596400
2015-06-01,44.713515476090556,44.78873361402057,43.646793108298525,44.08442306518555,3266000
2015-06-02,44.33743114319389,44.6656562663978,43.968185052911345,44.330596923828125,2395600
2015-06-03,44.18015487409735,44.45367490499445,43.61260172295397,43.70149612426758,2378500
2015-06-04,43.33908801630582,43.46900860745678,43.031378607284545,43.133949279785156,3106900
2015-06-05,42.887785515020994,44.132296915369295,42.77153856875683,43.626285552978516,2740500
2015-06-08,43.339077615140006,43.68097629678063,42.52535708340816,42.737335205078125,3319900
2015-06-09,43.202315581349815,43.53737481279183,42.40227134766862,42.47748947143555,3569400
2015-06-10,43.09976140939699,43.81091153144818,42.730512691988054,43.63312530517578,4079400
2015-06-11,43.818444948264194,43.9625865593898,43.16638423347449,43.20070266723633,3200500
2015-06-12,42.953609271768514,42.981062448355125,42.09563531812975,42.466278076171875,3120300
2015-06-15,42.129941817940605,42.67904446905257,42.06130235009662,42.301536560058594,2137900
2015-06-16,42.29467638626957,42.92614647467222,42.212311633287754,42.87123489379883,2184400
2015-06-17,42.86437483718727,43.523298137387016,42.068175194863805,42.308406829833984,2355100
2015-06-18,42.49372246246134,42.685907738613736,42.12307718560058,42.17112350463867,1988000
2015-06-19,41.9858035254325,42.267221438091056,41.81420876990598,41.84852981567383,2928300
2015-06-22,41.97207459929756,42.24662461326868,41.5671109067368,42.10934829711914,1901300
2015-06-23,42.14367033276507,42.29467192759185,41.99952875733185,42.16426086425781,1780400
2015-06-24,42.03385848913113,42.41136648171928,41.862263709015735,41.93090057373047,1545000
2015-06-25,42.040714374389346,42.1093512280775,41.306289042947895,41.443565368652344,2552900
2015-06-26,41.471022144597505,41.75244007683841,41.100379436798605,41.498477935791016,2539000
2015-06-29,40.84640704583831,41.17587122082862,40.33848812785636,40.372806549072266,2931200
2015-06-30,40.91505212382126,41.10037476582335,40.54440683981709,40.83268737792969,3291700
2015-07-01,40.784640092604896,41.04546485321529,39.45306573702329,39.62466049194336,3556700
2015-07-02,39.720760345458984,40.10513360884546,39.52171238355203,39.720760345458984,2826200
2015-07-06,38.99318735961064,39.76879365345396,38.75295316678763,38.90395736694336,3255700
2015-07-07,38.828462178696626,39.39129278341268,37.83321204458664,39.34324645996094,3506200
2015-07-08,39.103012665349475,39.459930061351415,37.91557730355187,38.128353118896484,3024900
2015-07-09,38.95201369513176,39.21283848472452,38.38918304591948,38.39604568481445,2548100
2015-07-10,38.8559123098735,39.075553361758644,38.21757968460485,38.33426284790039,2757400
2015-07-13,38.423508283122615,38.43723618167268,37.771447502803454,38.02540969848633,3272700
2015-07-14,38.02540985323483,38.7598354095143,37.764585016379925,38.533329010009766,3200300
2015-07-15,38.18326559714774,38.69118460543675,37.37333814447568,37.64102554321289,3564600
2015-07-16,37.79889003214225,38.01166845748772,37.16055737443385,37.318424224853516,2904100
2015-07-17,37.15370594990843,37.31843548774602,36.68010263738554,36.817378997802734,2783100
2015-07-20,36.632041358220185,36.81050133945002,35.57501983642578,35.57501983642578,4678800
2015-07-21,35.72604227741176,36.055504029389326,35.485810568156,35.74663543701172,4347500
2015-07-22,35.58188330905498,35.65052015370751,34.74450018898961,35.101417541503906,3855400
2015-07-23,35.149476515740965,35.30734340996081,34.559190013153604,35.11515808105469,3548500
2015-07-24,35.060244436790946,35.10142550559484,33.653165237214644,33.907127380371094,5021000
2015-07-27,33.23446274193034,33.92084159361822,33.090323811474484,33.5158805847168,5668900
2015-07-28,33.71494763109995,34.62783327968185,33.385485909166874,34.31209945678711,4905800
2015-07-29,34.24344995534459,35.51325275288819,34.09931098505429,35.12887954711914,4438500
2015-07-30,35.00532776246338,35.465200419408106,34.40817878670614,34.737640380859375,3515600
2015-07-31,34.46309663496097,34.56605455521624,33.872810144598596,33.92085647583008,3978100
2015-08-03,33.460989652831,34.08559468828402,33.02170733580855,33.193302154541016,4218700
2015-08-04,33.392350215936574,34.078729438312834,33.028567447613476,33.454124450683594,4692200
2015-08-05,34.552314672058294,35.47206252252473,32.03330269348209,32.22549057006836,7958100
2015-08-06,32.191181854112266,33.38548005957106,31.88231072569066,33.1521110534668,5896900
2015-08-07,32.973645375611504,33.46783643898686,31.559703796476025,31.854846954345703,4363100
2015-08-10,32.012730516245746,33.10407372104182,31.676406121484465,32.86384201049805,6412600
2015-08-11,32.06762650169689,32.67850336959683,31.971533864273713,32.46572494506836,5708400
2015-08-12,32.41083177180888,32.95993469471556,31.69699666286557,32.86384201049805,5413800
2015-08-13,32.45887615617411,32.61674307334252,31.511672034834515,31.58030891418457,5170500
2015-08-14,31.491066069717526,31.93034816637825,31.36065239717099,31.614614486694336,5960200
2015-08-17,31.429292738616734,32.06762537137414,31.298879062429542,31.854846954345703,3443800
2015-08-18,31.600885486279317,32.047030204544676,31.511655495295148,31.72443389892578,3961800
2015-08-19,31.518528808628673,31.66953305708603,30.502687997026037,30.6536922454834,4362900
2015-08-20,30.94882361417428,30.94882361417428,29.37701536021299,29.383880615234375,5362200
2015-08-21,29.07501549065373,29.335840249452612,28.20331382751465,28.20331382751465,5713400
2015-08-24,26.370687889066616,27.65421889198248,25.39603067144679,26.13732147216797,10777700
2015-08-25,27.16688580727418,27.16688580727418,25.142066955566406,25.142066955566406,7888100
2015-08-26,25.670577915860793,26.4118659398384,25.375434710312504,26.39127540588379,7326200
2015-08-27,26.988424829391633,28.285680853069508,26.89919481713834,27.990537643432617,9059100
2015-08-28,27.81208142044714,29.322115962714637,27.695395612024377,28.965198516845703,8502800
2015-08-31,28.532778170213785,29.64471154762024,27.79835276346024,29.28093147277832,7125400
2015-09-01,28.189584397639823,28.889691268918515,27.434568569689393,27.681665420532227,6676800
2015-09-02,28.258220703679623,28.30626964004276,26.864872244003436,27.949352264404297,5348700
2015-09-03,28.02484703063965,28.96518523236386,27.722838689701018,28.02484703063965,5355000
2015-09-04,27.448300887582633,27.750306743774793,27.208066635729576,27.55125617980957,3856600
2015-09-08,27.96308532915237,27.983675864024445,27.091383569079085,27.79835319519043,4629500
2015-09-09,28.072902644189153,28.484729004146764,27.03646886958174,27.242382049560547,7706400
2015-09-10,27.372799195500924,27.866990366213734,26.967835422442867,27.448301315307617,5857500
2015-09-11,26.93040127098955,27.075410491794397,26.322740197060252,26.819917678833008,4692300
2015-09-14,26.73705526721275,26.93040089223328,26.364172161127506,26.868253707885742,4433500
2015-09-15,27.00636463303595,27.35853033026472,26.785397404551794,27.047794342041016,3161400
2015-09-16,27.26875773635281,28.394308466288884,27.26875773635281,28.345972061157227,4303400
2015-09-17,28.373603485013298,28.98126474761656,28.03524589727471,28.18025779724121,5200400
2015-09-18,27.59330952207503,27.910949597363654,27.178996609449637,27.46901512145996,5719000
2015-09-21,27.75903190968675,28.166440684601653,27.248043605807936,27.848800659179688,3387100
2015-09-22,27.379242898025062,28.04214446433404,27.01326385138927,27.275663375854492,5051100
2015-09-23,27.31709567296806,27.475915675038397,26.288215061476453,26.34345817565918,4003300
2015-09-24,26.0396398454228,26.895890121182962,25.832483327877966,26.654205322265625,4799300
2015-09-25,26.833730029144032,26.930402848677403,26.343459224860936,26.56442642211914,4253900
2015-09-28,26.246792064769217,26.377993190567825,25.376733779907227,25.376733779907227,5788700
2015-09-29,25.59079209534358,25.687464927000573,24.872647297124328,25.15576171875,5113700
2015-09-30,25.528637758722912,25.87389928044051,24.865733635081483,25.611499786376953,6573600
2015-10-01,26.143213005900684,26.875166030552094,25.804855424102236,26.0672550201416,5624400
2015-10-02,25.811759142445393,28.173347330834165,25.68746474998945,28.118106842041016,6483100
2015-10-05,28.43574764256503,29.982518247276012,28.380504518185347,29.637256622314453,7163800
2015-10-06,29.754646761510852,30.71447365153747,29.51296467917938,30.210391998291016,6607000
2015-10-07,30.762814220482294,31.38428627913345,29.31271626247959,30.286354064941406,6390100
2015-10-08,30.127530422514102,31.045924984025458,29.73393237698964,30.845672607421875,4656400
2015-10-09,31.052833373166845,31.329041110276115,30.507319338730348,31.239274978637695,5791900
2015-10-12,31.239267811031585,31.3083190709313,30.06537795377941,30.376113891601562,4031000
2015-10-13,30.037764127641932,30.949254690439385,29.796082021649195,30.189680099487305,3101000
2015-10-14,30.08609518617269,30.990681513620668,29.996326433888683,30.83186149597168,3541000
2015-10-15,30.659231685900597,31.56381540834665,30.5073157362404,31.53619384765625,3732600
2015-10-16,31.833123056036793,32.08171186534018,31.14259975647732,32.060997009277344,5131000
2015-10-19,31.494759649440578,31.72263090729823,30.969960607710078,31.26688575744629,4345200
2015-10-20,31.246179468695892,32.01956483069411,31.080452716913314,31.55000877380371,2997200
2015-10-21,31.36355762732589,31.49475870087529,29.927270963286503,30.31396484375,6868500
2015-10-22,30.65923117187886,31.08735481885427,30.12752799111953,30.90091323852539,4389200
2015-10-23,30.645417371064116,31.232360980286405,30.34849221323071,31.04591941833496,3300300
2015-10-26,30.907820111317477,30.928537600433145,29.512965437265223,29.5474910736084,3984500
2015-10-27,29.015775437104175,29.015775437104175,27.98689505556403,28.449546813964844,5464000
2015-10-28,28.035242507322714,29.18841768857235,27.503541930241386,28.69814682006836,6544700
2015-10-29,28.463365654015405,29.33342368136045,28.24239845233613,28.33907127380371,5636400
2015-10-30,28.477178015589654,29.402479211832993,27.848802007000764,28.953638076782227,5756500
2015-11-02,28.546225789324392,29.906557174033296,28.311447823955394,29.782262802124023,5430000
2015-11-03,30.14134435893738,32.10243071830064,29.94799603563963,31.225465774536133,6572500
2015-11-04,32.26814487953094,33.03462595939525,31.708820207542665,32.102420806884766,9572500
2015-11-05,31.92979294687841,33.517995731298306,31.764066224945424,32.80675506591797,6390800
2015-11-06,32.49602731470923,33.61467431862124,31.950513277725115,32.36482620239258,5704300
2015-11-09,32.7653235439135,33.20035385999159,32.04027477320786,32.44077682495117,5301100
2015-11-10,32.31649498031993,33.317754449142434,32.192200556099884,32.97939682006836,5134400
2015-11-11,32.84818577399405,33.02081656012357,31.232361510456276,31.501665115356445,4244200
2015-11-12,31.0528201707902,31.81239441757275,30.659222271294635,31.114967346191406,6082600
2015-11-13,31.07354473954085,31.653584346711092,30.7144723508986,31.108070373535156,5084900
2015-11-16,31.156406457502126,32.13695078419011,31.045922849409944,32.10932922363281,3911700
2015-11-17,31.867646280326806,32.102424270352486,31.0735435579684,31.701919555664062,3767100
2015-11-18,32.09551709122556,32.723893079678135,31.53619236712021,32.502925872802734,3163400
2015-11-19,32.1093318132066,32.440782664214204,31.287610076383825,31.750259399414062,3657400
2015-11-20,31.846922454924435,32.11622602403217,31.121873776372123,31.24616813659668,3969500
2015-11-23,31.121880345859946,31.522385065378206,30.818051086807337,31.02520751953125,3055200
2015-11-24,31.398092324856343,32.47530688514484,31.3014194934599,32.143856048583984,3128000
2015-11-25,31.97122317837121,32.0471811507526,31.315225620875605,31.701919555664062,2294400
2015-11-27,31.377368321811392,31.556905800674034,30.852571931419583,30.9837703704834,1170200
2015-11-30,31.1287852763181,32.15766330825072,30.990680117672053,31.77096939086914,4405700
2015-12-01,31.840021285368913,32.123135657431376,31.536189428623196,32.102420806884766,3805200
2015-12-02,31.6121447451374,31.819303769799493,29.99632068441889,30.058467864990234,4784000
2015-12-03,30.293252296703937,30.293252296703937,28.09048421879547,28.380502700805664,9820800
2015-12-04,27.855705686023974,28.304546814726542,27.358528144585677,27.98690414428711,5912400
2015-12-07,26.07415284860524,26.419414421799434,24.948602016570643,25.162662506103516,11420200
2015-12-08,24.375470844134046,24.693110915358744,23.146340269485396,24.29951286315918,13144200
2015-12-09,25.128134070594804,25.18337718052481,23.740183860309163,24.38927459716797,7916100
2015-12-10,24.237359121999802,25.34219763356567,23.96115146971072,24.52047348022461,6799700
2015-12-11,24.012962548304927,24.61085374403468,23.22736114098136,23.324691772460938,5925400
2015-12-14,23.199558241421595,23.442887541510782,21.829971328967154,21.927303314208984,11006400
2015-12-15,22.233202273233047,22.553003800342996,21.899495985979822,22.156728744506836,7808500
2015-12-16,22.142818021255657,22.28186160715098,20.84275247064954,21.252933502197266,8350500
2015-12-17,21.211225571405215,21.31550861697722,19.466218011926657,20.14753532409668,15841400
2015-12-18,20.126679025479007,20.842756893569486,19.86944628163944,19.932016372680664,9366500
2015-12-21,19.952867061061433,20.627231759116608,19.737347338915313,20.043245315551758,7462700
2015-12-22,20.036299456028015,21.09303730014819,19.91811165338259,20.738473892211914,8734100
2015-12-23,21.280744433330653,23.206509563892034,21.273792054667936,23.081369400024414,10280800
2015-12-24,23.095272730993297,23.269078208735124,22.267956959623092,22.73375701904297,3816900
2015-12-28,22.41395859144355,22.580810387365073,21.74654477760375,22.031585693359375,4816600
2015-12-29,22.462621010322522,22.831087776316554,21.906442683151585,22.413955688476562,5476400
2015-12-30,21.899485034327355,22.615562585203143,21.364163970796536,21.5518741607666,5265500
2015-12-31,21.54492470385719,22.386143821408723,21.25293147745515,22.247098922729492,4454100
2016-01-04,22.094154798400957,22.879755045116237,21.920349305000784,22.469573974609375,6770300
2016-01-05,22.386146185143453,22.893657864658657,21.941203258007015,22.82413673400879,6258100
2016-01-06,21.97596684590123,21.9898702774862,20.94703732486497,21.002655029296875,7777700
2016-01-07,20.3074299079066,20.9470340725825,19.396689641976177,19.507925033569336,11164900
2016-01-08,19.70953688790599,20.112765450073454,19.083837577788234,19.813819885253906,8160500
2016-01-11,20.02239356771198,20.043250705601935,18.430335837640175,18.750137329101562,10329800
2016-01-12,19.229840279534205,19.368885208974813,17.067699450313995,17.8811092376709,14152100
2016-01-13,18.326051918745215,18.55547512037611,16.838275971594836,17.241504669189453,11457100
2016-01-14,17.40836107191107,18.228721991343527,16.810469674160352,18.047964096069336,8580900
2016-01-15,16.942557926772988,17.1372192059809,16.240383663556067,17.025983810424805,9673400
2016-01-19,17.297123034023308,17.297123034023308,15.816300735434007,16.32381248474121,9417700
2016-01-20,15.684207725658071,15.746777810850688,13.688921356611292,15.009842872619629,18600900
2016-01-21,14.82908564938525,17.32493280993143,14.724802611480108,16.810468673706055,10875600
2016-01-22,18.381665485955295,19.11860025163905,17.359688551117316,17.81853485107422,14612300
2016-01-25,17.206745216425013,18.08967751143441,15.82325353794524,15.830205917358398,10370000
2016-01-26,16.608847365440727,17.13721606036283,15.781534428603333,17.07464599609375,7529800
2016-01-27,16.796560641336544,17.971485998682127,16.351619059112164,17.025983810424805,10952700
2016-01-28,17.936723469201645,18.764037854425855,17.526542465453623,18.6249942779541,11272800
2016-01-29,18.812702027971525,19.925057202224757,18.631944196127716,19.39668846130371,11270900
2016-02-01,18.791855195369372,18.791855195369372,17.65864234808105,18.117488861083984,8310500
2016-02-02,17.297120735427498,17.644731694408225,17.005127476842464,17.165029525756836,7786100
2016-02-03,17.623879107896745,18.492906664242433,16.76875631069998,18.48595428466797,12323100
2016-02-04,18.61109282616599,20.071059257477064,18.367764866609026,18.46509552001953,11744100
2016-02-05,17.971486079022633,18.034056155056465,16.921700868492277,17.276264190673828,9510100
2016-02-08,16.727038117202124,16.810465326533304,15.461734503554327,16.462854385375977,9304900
2016-02-09,15.802395146252636,16.26819392174063,15.378310643934801,15.753729820251465,8871100
2016-02-10,15.433930667835813,16.282101125944724,14.822134496387681,15.037652969360352,9868600
2016-02-11,14.61356727022349,15.016795991309095,13.64025670133038,14.773468017578125,15209000
2016-02-12,14.335477486992218,15.169743048514773,14.300715593159612,15.079364776611328,19887100
2016-02-16,15.53125602337133,15.663348544359263,14.078242270595352,14.780416488647461,13772500
2016-02-17,14.189483071862458,14.481476409310206,12.778181719859857,14.133865356445312,30662900
2016-02-18,13.355214260207305,14.189481207904484,13.202265894409484,13.695874214172363,97177500
2016-02-19,13.383023392583185,13.424736340959777,12.562661227002781,12.965889930725098,33916500
2016-02-22,12.965889638398526,14.252050564283946,12.965889638398526,14.113005638122559,24330200
2016-02-23,13.960059243210658,14.175577715639049,13.132744600879196,13.146649360656738,19387700
2016-02-24,12.833797451832885,13.556828966543275,12.666944331368347,13.494258880615234,17820900
2016-02-25,13.522066797029735,13.869677755040469,13.104933382210742,13.598540306091309,16421600
2016-02-26,14.161669137884346,14.307665084425127,13.793201093805086,14.106051445007324,24943100
2016-02-29,14.196430812604033,14.210335568421934,13.549874253407156,13.681966781616211,17878000
2016-03-01,13.897484689015366,13.904437066672358,12.903317226583422,13.362163543701172,22698700
2016-03-02,13.250931853312657,14.975083538798662,13.104935859840701,14.96117877960205,20265900
2016-03-03,14.87079974570158,15.649449052410668,14.73175612645305,15.294885635375977,17474400
2016-03-04,15.649442901555556,16.713132734587116,14.912508163693552,16.20561981201172,21258900
2016-03-07,16.1986724627538,17.18588777975623,16.191721409492136,16.817420959472656,21885000
2016-03-08,16.62275532295419,16.62275532295419,14.905557727982208,14.926413536071777,16059700
2016-03-09,15.343546487597989,16.29600103474307,14.947270233117427,15.941437721252441,14397800
2016-03-10,15.767637441574704,15.830207536662773,14.70394715110847,15.628592491149902,18339500
2016-03-11,16.42266997027022,17.596219782782818,16.38050554083353,17.413511276245117,19564400
2016-03-14,16.879439856654876,17.53999980596762,16.724839635902228,17.4205379486084,12254800
2016-03-15,17.076204232821226,17.287022379852203,16.254016542183724,16.928632736206055,12384600
2016-03-16,17.118369353354204,18.439490831664962,17.01295960543857,18.42543601989746,15702000
2016-03-17,18.99463716914876,19.725469700218177,18.502729652596923,19.2546443939209,17461800
2016-03-18,19.62709131881343,20.069807069763513,18.587059602025676,19.353029251098633,26829400
2016-03-21,19.177347783531683,20.27359737300967,19.022747571707406,19.690336227416992,13667600
2016-03-22,19.37411421502253,20.119001808361386,19.32492371456722,19.683313369750977,10769100
2016-03-23,19.388166063438625,19.58492937552765,17.8843362949466,18.10218048095703,14814600
2016-03-24,17.483776998262073,18.713544312531383,17.287015085796586,18.60110855102539,12753400
2016-03-28,18.65030918357601,18.699499684939703,17.72271170226107,18.158401489257812,9698900
2016-03-29,17.7648715043774,18.390295727741087,17.272963938363972,18.334077835083008,12580000
2016-03-30,18.67138805867143,18.952477565132888,18.031908928843926,18.411380767822266,10610500
2016-03-31,18.284886352389826,19.324917980187347,18.193531444074782,19.28275489807129,11418900
2016-04-01,18.544891318127878,18.882199954769554,17.98973989384063,18.699491500854492,15199900
2016-04-04,18.776794618146674,19.177348633530386,18.228670469283294,18.30596923828125,8820200
2016-04-05,17.996774738750883,18.86112554557775,17.954610304022303,18.544898986816406,10035400
2016-04-06,18.896260952464065,19.648175936152718,18.467599928505646,19.36708641052246,12189100
2016-04-07,19.226531847052158,19.8519558685143,19.078959088751965,19.395185470581055,10606900
2016-04-08,20.097921118868914,20.639019309610685,19.992512711146126,20.217384338378906,9888100
2016-04-11,20.386036235271714,20.87091647583273,20.31576352296221,20.41414451599121,8342400
2016-04-12,20.934161361886815,21.96716578893891,20.58279914774577,21.75634765625,16470200
2016-04-13,21.61580357479787,21.98122059918627,21.13795074911157,21.75634765625,13266200
2016-04-14,21.910945664953466,22.07257194537617,21.48931078270004,22.03040885925293,10436500
2016-04-15,21.791480179571714,22.241223291842722,21.383900148991067,22.065542221069336,10890900
2016-04-18,21.060646128333588,22.690967579117114,20.89199246246085,22.4871768951416,10880100
2016-04-19,23.119629715679753,23.85748966816307,22.803403255849652,23.62558937072754,11769100
2016-04-20,23.189900734441743,24.855356491142974,22.915838700125374,24.419668197631836,12902400
2016-04-21,24.49697300850996,24.771035095551813,23.766138989277795,23.84343910217285,14104500
2016-04-22,24.08235950598232,24.974819593174942,24.075330762553303,24.73589324951172,11294700
2016-04-25,24.56723893950775,24.721839131084916,23.583426605810082,23.85748863220215,11134700
2016-04-26,24.138574165251324,24.58831988578567,23.829376495521434,24.328310012817383,10971400
2016-04-27,24.525080567525066,26.127291206818338,24.525080567525066,25.93755531311035,14921700
2016-04-28,25.614305975486626,26.47162795608057,25.227808075638105,25.37537956237793,12081400
2016-04-29,25.677545235611962,25.96566207646417,23.76613438077958,24.3704776763916,17332000
2016-05-02,24.194802680254384,24.482919593386654,23.541268736691745,24.286157608032227,9928100
2016-05-03,23.745055118405066,23.8785717724858,22.768268754762662,23.01422119140625,12722900
2016-05-04,23.850464817296515,24.068310343111374,21.27849499900174,22.002300262451172,18024300
2016-05-05,22.83151623599924,23.147740061766257,21.580665019459204,21.92500114440918,11039800
2016-05-06,21.58768949411129,22.726103422472523,21.46822631237178,22.065542221069336,10078600
2016-05-09,21.784459071118704,21.83364957069577,20.800645058555656,21.109844207763672,9751500
2016-05-10,21.362820392060797,22.177980546864802,21.159031023529973,22.16392707824707,7598600
2016-05-11,21.95311271644663,23.46397008878082,21.55255997507353,22.866655349731445,10725500
2016-05-12,23.681812838097862,23.976955799644763,22.747188098504317,22.986114501953125,9704200
2016-05-13,22.409873578750858,23.442878976902723,22.346628295584825,22.852590560913086,6731800
2016-05-16,23.527214421044665,24.187774443399807,23.52018835599752,23.745059967041016,8588000
2016-05-17,23.81532713053203,24.630487246643593,23.478019773590752,24.335344314575195,9807600
2016-05-18,24.215885666132564,24.567247916705632,23.709925848170577,23.976959228515625,9747100
2016-05-19,23.576398264901268,24.054250973683722,23.02827420275446,23.82235336303711,8081000
2016-05-20,24.082364593082307,24.272100495542468,23.625592678195176,24.068309783935547,7720300
2016-05-23,23.871549646955273,24.41264777751646,23.731004225395843,24.27210235595703,6494600
2016-05-24,24.44778003453149,24.841303942898627,23.969927276645183,24.236963272094727,7883800
2016-05-25,24.595349220159232,25.761871390230997,24.433722961251252,25.607271194458008,9777800
2016-05-26,25.874313184695666,26.057023036875886,25.192669632766528,25.227807998657227,7546100
2016-05-27,24.9888815862776,25.248888873646887,24.66562631257743,25.227807998657227,5385500
2016-05-31,25.431595679712487,26.113239221846896,25.21375282613371,25.361324310302734,6883100
2016-06-01,24.85535943754205,25.41753837979173,24.51805207219224,25.403486251831055,8027500
2016-06-02,24.90455046709339,25.874310838912855,24.869414785069065,25.867284774780273,6622900
2016-06-03,25.923497092706004,26.3099948931622,25.016982168971822,25.241853713989258,6990300
2016-06-06,26.183511501473767,26.485683225665728,25.761877908996194,26.394330978393555,7977200
2016-06-07,26.67541005713864,27.476515218287048,26.577029097794814,27.23758888244629,9766400
2016-06-08,27.50462870193706,27.736529007906896,26.345135214129304,26.40838050842285,9518100
2016-06-09,25.958640880522616,26.443522479034588,25.60025258137478,26.317031860351562,5823500
2016-06-10,25.69862481578238,25.87430587286631,24.489938285227304,24.67967414855957,8044300
2016-06-13,24.524823311432467,25.714459291199326,24.482586713500186,25.186513900756836,7993900
2016-06-14,25.059796790928466,25.64405741210375,24.299557128440927,25.024600982666016,7375800
2016-06-15,24.933088693028495,25.348405657846175,24.405143535307776,24.700794219970703,7003900
2016-06-16,24.60929036662871,24.91902000410462,23.658989871371908,24.496662139892578,17231400
2016-06-17,24.834540213437226,25.65109531136547,24.743031649680148,25.327289581298828,13328500
2016-06-20,25.90450937144886,26.5802785506846,25.862275476039137,26.270551681518555,9509700
2016-06-21,26.16496310073617,27.044871776740507,25.876353162417477,26.88296890258789,7597400
2016-06-22,27.129339347465102,27.389791509967708,26.43949140999455,26.706981658935547,6678300
2016-06-23,27.05894667235497,27.35459734050487,26.791456407442897,27.312360763549805,5841200
2016-06-24,25.644061584311686,26.58028312569983,25.09499936733621,25.235782623291016,18759500
2016-06-27,24.757114947439792,24.876783951404892,23.09584923838459,23.757539749145508,15020900
2016-06-28,24.65152523970853,25.432884683012226,24.55297588384474,25.334335327148438,8328700
2016-06-29,25.770763204850308,26.150884360066094,25.566623767575024,25.827075958251953,6788500
2016-06-30,25.721484836358737,25.897466528968852,25.214656702355995,25.517345428466797,6254100
2016-07-01,25.327294568528394,26.495813347128287,25.25690293865927,26.36206817626953,7255300
2016-07-05,25.64405913696006,25.855236686006926,24.9682899059028,25.44696044921875,6408600
2016-07-06,25.22170136789429,26.059373387353823,25.11611126191871,26.03121566772461,6966500
2016-07-07,26.42542073422847,27.023757621663428,25.587745869497386,25.91155433654785,7558900
2016-07-08,26.45357322692871,26.685867699124252,25.791880246470065,26.45357322692871,5699800
2016-07-11,26.81961267334549,27.07302677619263,26.481728097971935,26.516923904418945,5611900
2016-07-12,27.326441956758707,28.36825344323182,27.185656040150338,28.164113998413086,8801300
2016-07-13,28.18523835096671,28.33306237978813,26.875933672220505,27.453153610229492,6592900
2016-07-14,28.03741654332625,28.086691223503696,26.94632743442048,27.023759841918945,6364100
2016-07-15,27.16454865458797,27.460196766794255,26.69291607072262,26.953371047973633,5250900
2016-07-18,26.664749674530825,27.01671309748035,26.3127862515813,26.82665252685547,5425600
2016-07-19,26.981519168086308,27.09414736384974,26.502848664774724,26.573240280151367,5817200
2016-07-20,26.263512754875038,26.97447771932499,25.890429683979022,26.7210636138916,6062000
2016-07-21,26.721059827017225,27.389790802635208,26.228310545758312,26.277587890625,5794200
2016-07-22,26.467650171818402,26.699947336043728,26.200159885172752,26.573240280151367,4792500
2016-07-25,26.28462292289396,26.35501451835183,25.34136104331542,25.397676467895508,6405100
2016-07-26,25.39064446292216,26.56620384683665,25.341369792036875,26.369102478027344,11555500
2016-07-27,26.622519924256064,27.080073565534285,25.270981322464987,25.432884216308594,11405300
2016-07-28,25.489196982082305,25.791885818262944,25.10203765460685,25.432884216308594,6028500
2016-07-29,25.299134187194774,27.002638840974928,25.066839684792367,26.94632339477539,10235300
2016-08-01,26.56620667525584,26.580282852491855,25.15835264803074,25.278018951416016,8791900
2016-08-02,25.496238508384693,25.939710614718873,24.64448474048478,25.425844192504883,9254100
2016-08-03,25.4258403105703,26.840734963144268,25.01756408187602,26.749223709106445,11775400
2016-08-04,26.608435733494492,27.37571614606123,26.242393430820936,27.178617477416992,9601100
2016-08-05,27.22084851143954,27.931816094795643,26.79145541205471,27.81214714050293,6639500
2016-08-08,28.157071390539684,28.931389779672493,28.04444321238823,28.2978572845459,9180300
2016-08-09,28.509036386474136,28.69909695128276,27.91069965987745,28.086681365966797,4908000
2016-08-10,28.26266230459711,28.45272017897707,27.734717200665166,27.85438346862793,4835300
2016-08-11,28.220435585885596,29.325600841286246,27.87551014932993,29.079227447509766,7407000
2016-08-12,29.262248061378347,29.635328548890207,29.12146211043864,29.332639694213867,4589800
2016-08-15,29.67052151846678,30.04360193641728,29.45934128879773,29.536773681640625,3928800
2016-08-16,30.078806158998376,30.106963888865426,29.26929156483758,29.89578628540039,7562300
2016-08-17,29.895778957093412,30.557469335156412,29.57197051353485,30.487077713012695,7074400
2016-08-18,30.73345937400005,31.683759955868283,30.73345937400005,31.50777816772461,6775400
2016-08-19,31.303623626272223,31.48664340089163,30.874227876461635,31.205074310302734,4460600
2016-08-22,30.7264173432296,31.282517681637497,30.550435577656163,31.043182373046875,4682800
2016-08-23,30.76865535451594,31.993489787881153,30.76865535451594,31.838624954223633,5730900
2016-08-24,31.564072760983972,31.944193816530383,31.19099247605909,31.331775665283203,4770200
2016-08-25,31.331777247839685,31.67670252350212,30.930539230696713,31.24026870727539,4122700
2016-08-26,31.381060837185316,31.838611686912138,31.043173579955702,31.275470733642578,4760500
2016-08-29,31.247308680602124,31.71894100967076,31.127642419434974,31.68374252319336,5571300
2016-08-30,31.683750811133457,32.113146679912504,30.993902722950214,31.282512664794922,5286700
2016-08-31,30.930554837224495,31.09245774291446,30.085844491932274,30.501161575317383,6948600
2016-09-01,30.395565789073487,30.916470226151144,30.149192431708137,30.761608123779297,6026800
2016-09-02,31.099492080261818,31.725986620293924,31.000942739394045,31.162845611572266,5105900
2016-09-06,31.043173085421248,31.41625614279907,30.684171572577206,31.12060546875,5178800
2016-09-07,31.35994259849804,31.606318622620524,30.81088048032633,31.113569259643555,4112800
2016-09-08,31.53593087927063,32.042759207747494,31.120613817939546,31.873815536499023,6448900
2016-09-09,31.437384439933545,31.585208487697923,30.41668959939458,30.522279739379883,6411600
2016-09-12,30.050647225376025,30.740495467871604,29.57901735270541,30.402610778808594,5414700
2016-09-13,29.880976437338358,29.89507488545766,28.830667597988523,28.99984359741211,7034900
2016-09-14,28.880006164315425,29.465076877387776,28.132804668520546,28.323129653930664,6536100
2016-09-15,28.471169443165426,29.077389385442036,28.379530857029422,28.830673217773438,4470500
2016-09-16,28.196245738711582,28.992790433751175,28.139851956512462,28.89410400390625,5589600
2016-09-19,29.28180285502785,29.500322046077965,28.760171107707524,28.7954158782959,3869200
2016-09-20,28.788380496488564,29.394600494174934,28.527565854113544,28.661497116088867,3887500
2016-09-21,29.070330866374334,29.761138572053472,29.00688920518933,29.72589111328125,4746400
2016-09-22,30.247529377780893,30.38851117629177,29.43688605309645,29.52147674560547,4600200
2016-09-23,29.302952858315784,29.59196431582921,27.625275215455346,27.871994018554688,8050100
2016-09-26,28.06231553419936,28.40771805089984,27.674614990346697,27.942480087280273,6357400
2016-09-27,27.491353021795756,27.491353021795756,26.68070948529471,27.054311752319336,8866400
2016-09-28,27.315110184470605,29.50031792362695,26.772332188447187,29.309995651245117,10634800
2016-09-29,29.429836903525917,31.008828138517586,29.28885511109744,30.33916664123535,9428300
2016-09-30,30.698665848896578,31.192100748825666,30.233427843592892,31.093414306640625,5969800
2016-10-03,30.987672164090306,31.25553724065984,30.585875893737715,31.156850814819336,4248500
2016-10-04,31.20620113882124,31.37537713909765,30.26867450169164,30.508342742919922,3923700
2016-10-05,31.051118853070307,31.678484966708808,30.80440274849467,31.142757415771484,6381700
2016-10-06,31.410622527696354,31.600947532179035,30.423752731638864,30.649322509765625,5452300
2016-10-07,30.83964326656054,30.99472347603922,29.88097049706233,30.177032470703125,4907400
2016-10-10,30.656365282485496,31.368319209471654,30.487186647407842,31.29077911376953,4893500
2016-10-11,31.185055230180573,31.25554478307582,30.76916041448883,31.11456298828125,4444700
2016-10-12,30.966545021503553,31.50932338882143,30.423766654185677,31.41063690185547,6757900
2016-10-13,31.044069509072976,31.551600141537556,30.501291415614638,30.945383071899414,4636300
2016-10-14,31.114561890823683,31.36128069526306,30.360312407630932,30.36736297607422,3257600
2016-10-17,30.268672483556387,30.423752714306637,29.183118935316216,29.443933486938477,6840100
2016-10-18,30.02900038235945,30.12768950037392,29.30294792120443,29.535568237304688,5126700
2016-10-19,29.718845726277102,30.66342015588047,29.57081606743721,30.28277015686035,5655800
2016-10-20,29.78933085390912,30.466042759255153,29.591958004726703,30.268667221069336,4258100
2016-10-21,29.902116582087263,30.339160316405064,29.79638227656145,30.09244155883789,3173700
2016-10-24,29.993762231193845,30.07130235366927,28.865913237926126,29.40869140625,4414700
2016-10-25,29.197216850316995,29.556720559247868,28.654441380604837,28.668537139892578,3670800
2016-10-26,28.259684861268763,28.703776444691965,27.7803485116381,28.33722496032715,6910600
2016-10-27,28.520505905151367,29.05623615489839,28.33723146539828,28.520505905151367,4303900
2016-10-28,28.506407694105903,28.717881719657324,27.427901995410966,27.618227005004883,5872900
2016-10-31,27.526595619553472,27.533646189712936,26.65251315010492,26.708904266357422,6902400
2016-11-01,27.117747546861516,27.322168340209444,25.827767664091752,26.56791877746582,6471200
2016-11-02,26.314149823751247,28.09756165516837,26.20136224993462,27.879039764404297,12156400
2016-11-03,28.111660909051526,28.901155125409943,28.069365567655886,28.555749893188477,7930300
2016-11-04,28.492309236086967,28.858860807504218,27.93543534414908,28.330181121826172,5988300
2016-11-07,28.922308409214743,29.493283554893548,28.880015746648933,29.479185104370117,5336900
2016-11-08,29.13377726221801,29.83163295966106,29.056237142723447,29.591964721679688,4293300
2016-11-09,29.556712677540645,31.1004560522779,29.472124699350434,30.748003005981445,6196300
2016-11-10,30.677523588443414,30.85375016970354,29.789340113050006,30.409658432006836,5621600
2016-11-11,29.972612815235646,30.169985696473976,28.964596704904757,29.500324249267578,5287900
2016-11-14,29.366389343523565,30.219325117649316,29.028034722936578,30.177032470703125,4828100
2016-11-15,30.65637775608872,31.72078514099121,30.64227930667888,31.72078514099121,6640700
2016-11-16,31.565706015159208,31.756031055490983,30.917193453143714,31.001781463623047,5611300
2016-11-17,31.2766832744598,31.502253014010744,30.13473613185772,30.219324111938477,6041600
2016-11-18,30.55768361772971,31.276688286135613,30.451949297937094,30.88899040222168,4769900
2016-11-21,31.706680633382902,31.932250402832196,31.304884313488618,31.65028953552246,4861900
2016-11-22,31.777180126527597,31.925209817358187,30.72686846276784,31.35423469543457,4356400
2016-11-23,31.086364075276318,31.75602554036358,30.839647967140753,31.748977661132812,2920700
2016-11-25,31.39652521807475,31.58685022945376,30.712765290787633,31.178003311157227,1962400
2016-11-28,31.615038446091948,31.706676994727967,29.99375490585708,30.064247131347656,5810300
2016-11-29,29.07033295234243,29.89507191792376,28.499357960706593,29.71884536743164,7671900
2016-11-30,32.9332232873959,34.335985322426005,32.7851909203441,34.06812286376953,17514200
2016-12-01,34.899907299975865,34.956301090771504,33.51829169353012,33.72976303100586,7155000
2016-12-02,33.29977247670689,34.392376627834864,33.29977247670689,33.72976303100586,4454200
2016-12-05,34.138605968089486,34.47696060641308,33.58172944940948,33.6522216796875,4282100
2016-12-06,33.067157472168894,33.80730861756383,32.270612526855984,33.34912109375,5334800
2016-12-07,33.23633058827419,33.93418626626117,33.081250353608674,33.51829147338867,4936700
2016-12-08,33.905985641677475,34.12450752203388,32.9966587276219,33.6522216796875,4987300
2016-12-09,34.03287924311455,34.1809116268937,33.65223184069451,33.884849548339844,3675200
2016-12-12,35.499080985122156,35.731698661167094,33.80025694380892,33.92008972167969,7603100
2016-12-13,34.407078258449346,34.414134936017476,33.50367275752654,34.011837005615234,4485200
2016-12-14,33.52485041592126,34.50589297626201,33.04491549984128,33.186073303222656,5678900
2016-12-15,32.96021555642119,33.687174469351596,32.76259359274602,33.546016693115234,4984000
2016-12-16,33.79304817276918,33.80010485099978,33.19312821344965,33.440155029296875,4847600
2016-12-19,33.313113381659115,33.55308082763075,32.9884523348625,33.20018768310547,3657500
2016-12-20,33.24958827587353,33.581308651060766,32.81905826357367,32.931983947753906,3371400
2016-12-21,33.23547845369675,33.31311538092942,32.61438572819658,32.86846923828125,2788200
2016-12-22,32.826112902948445,33.61659533549441,32.73436264124621,33.10137176513672,4874500
2016-12-23,32.98139610690433,33.31311655592183,32.692023808515,32.84729766845703,2727100
2016-12-27,32.96727565755137,33.193127046041525,32.89669810828354,33.05902862548828,1792100
2016-12-28,33.179012153518954,33.31311327110459,32.508517335034874,32.63555908203125,2392300
2016-12-29,32.466162639594465,32.61437708373914,32.205022520049965,32.43087387084961,2111800
2016-12-30,32.43087927786963,32.931986877730694,32.12033159947388,32.23325729370117,2871800
2017-01-03,33.0449067247995,33.567189650910535,32.19796282177752,33.22841262817383,5828600
2017-01-04,33.12959256552123,33.54600639680989,32.811991031921934,33.52483367919922,3706200
2017-01-05,33.687167094808764,34.901119935387115,33.64481896350019,34.590572357177734,7513000
2017-01-06,34.60469610004241,34.75996992369351,34.18122546218026,34.35061264038086,3193900
2017-01-09,33.92713073764344,34.004767623691095,32.82610367547255,32.875511169433594,5736100
2017-01-10,33.15078679537022,33.33429006767805,32.78377755839324,32.96022415161133,4642700
2017-01-11,32.79082113134398,33.49660722212122,32.642606698447224,33.454261779785156,3997600
2017-01-12,33.65189271087916,33.73658631732547,32.49440355078858,32.79083251953125,4433600
2017-01-13,32.536751817552535,32.98845737311615,32.41676942242259,32.75554656982422,3081600
2017-01-17,32.868463952021855,33.29899397571606,32.71319012252932,32.8049430847168,3376800
2017-01-18,32.459120384546715,32.762606084481135,32.13445656770698,32.72026062011719,3653500
2017-01-19,32.81200922587843,32.93199161534776,32.36736306298347,32.529693603515625,2602700
2017-01-20,33.023730461193196,33.13665612333004,32.47321550246094,32.649662017822266,3571300
2017-01-23,32.31795423042283,32.536746252913886,31.845076025384163,32.20502853393555,4985300
2017-01-24,32.52263001912411,33.09431512910136,32.388528915412316,32.8825798034668,3185600
2017-01-25,32.91081759666129,33.193130515602704,32.56498110743364,32.79083251953125,4992600
2017-01-26,33.03786453173234,33.750707658097426,32.939052167633136,33.27783203125,3018000
2017-01-27,33.01668303613596,33.09431996175653,32.649673828341214,32.91787338256836,2726400
2017-01-30,32.82611116145529,32.82611116145529,31.351018067234616,31.80978012084961,4126000
2017-01-31,31.894479394273812,32.15562224303041,31.463952047055216,32.14150619506836,3493600
2017-02-01,32.452051173150835,32.60026563821105,31.64745528584012,32.14150619506836,3566600
2017-02-02,32.14151360769706,32.45205865739891,31.654519263956466,32.21915054321289,3269900
2017-02-03,32.169738155678665,33.291935694152215,32.14150605987332,33.023738861083984,3824700
2017-02-06,32.93905586526265,33.087273081869014,31.89449213020932,31.950956344604492,3629400
2017-02-07,31.675691117282348,32.00740886024698,30.96284541911768,31.15340805053711,3854600
2017-02-08,30.765228166151267,31.56982420214658,30.43350770864531,31.096948623657227,4356100
2017-02-09,31.506295962760603,31.71097460969165,31.252212496551127,31.583932876586914,2915000
2017-02-10,31.77449509410862,32.42381710673647,31.760379047004445,32.04975128173828,3445000
2017-02-13,31.809787379461262,32.22620139176989,31.54864721008971,31.943885803222656,3261700
2017-02-14,32.24032104190113,32.45911578208418,31.52747531275199,32.423824310302734,3360600
2017-02-15,32.67790394644061,33.34840144518639,30.92755431007287,31.21692657470703,9506800
2017-02-16,31.365140734081987,31.922712531140427,31.075768472326242,31.132232666015625,6199400
2017-02-17,30.969903639282,31.24515986587237,30.7793410149438,31.174579620361328,3362900
2017-02-21,31.449833649995664,32.19796528957763,31.30867587327961,31.80272674560547,4971900
2017-02-22,31.407491190498547,31.739211621931286,30.849919352410662,30.885208129882812,4805800
2017-02-23,31.6545224024337,31.72510266551937,30.694655055724258,31.047548294067383,4982400
2017-02-24,30.701697901114603,30.97695407220898,30.038259881236858,30.214706420898438,4574400
2017-02-27,30.398210012606196,30.666409510062188,30.087665068219643,30.39115333557129,7623600
2017-02-28,30.313525338051104,30.941674780885048,30.25000445662063,30.60289764404297,5194200
2017-03-01,31.019311648010664,31.598056258783792,30.751112072269517,31.49924659729004,4669400
2017-03-02,31.047537807749848,31.160463498184484,30.58877567590617,30.68052864074707,4393000
2017-03-03,30.842863472830757,31.047542156776945,30.482910933151434,30.595836639404297,2677300
2017-03-06,30.595842495980406,31.054604779900902,30.285297417431618,31.012256622314453,5376700
2017-03-07,31.245162463475246,31.287510614302533,30.567608204406444,30.744054794311523,2843100
2017-03-08,30.384096924042254,30.532311387448896,28.570226512749073,28.73961639404297,7773200
2017-03-09,28.422007376390106,28.96546301189069,27.864435695405824,28.774900436401367,8696700
2017-03-10,29.134861396694053,29.17015287017894,28.125586640866743,28.414958953857422,5036000
2017-03-13,28.308918935126812,29.107648254559095,28.308918935126812,28.9521427154541,4366700
2017-03-14,28.48564162477644,28.49977874346064,27.34762918630546,28.28772735595703,5860400
2017-03-15,28.612865867667935,29.171269782859035,28.372540302672967,29.065242767333984,3497700
2017-03-16,29.058177783267656,29.079382109444925,28.634072385067753,28.78251075744629,2900200
2017-03-17,28.916809066858526,29.114723299810873,28.619937717430005,28.6552791595459,5180900
2017-03-20,28.2877222295064,28.75423627602207,28.167558090657334,28.6552791595459,3295900
2017-03-21,28.68355416534416,28.85319417062706,27.927233262495392,28.132217407226562,3960500
2017-03-22,27.86362318884088,28.386685819121574,27.55968456023242,27.807077407836914,4561800
2017-03-23,27.69396958532107,28.04738930673009,27.510189820216425,27.630353927612305,4051900
2017-03-24,27.71517717528057,27.891887056831266,27.326415975144794,27.425373077392578,4148600
2017-03-27,27.036614359626846,27.587948377844604,26.87404157723902,27.481924057006836,4048000
2017-03-28,27.7434634554014,28.13929473272303,27.45365923162056,28.004993438720703,4889600
2017-03-29,28.06153075756308,29.171268638646495,27.976710766297423,29.135927200317383,5821400
2017-03-30,29.489352823554366,29.69433428505879,29.065247390376086,29.298505783081055,6667200
2017-03-31,29.121798095528998,29.651927905412244,29.029908173496267,29.489355087280273,4806900
2017-04-03,29.475209925591447,29.913449693855128,29.164198796312327,29.708465576171875,4297400
2017-04-04,29.72968331568777,30.05482898046092,29.340919263915648,30.03362464904785,3850600
2017-04-05,30.358763315456667,30.761661697707282,29.29143394071052,29.34798240661621,5680800
2017-04-06,29.63072170739198,30.507204203962498,29.510560241389907,30.309289932250977,6989800
2017-04-07,30.259807224163556,30.464788679084958,30.03361874561767,30.068960189819336,3710100
2017-04-10,30.316349767610685,30.549608127987824,30.21032544629486,30.436513900756836,3184500
2017-04-11,30.29514659344679,30.387036499181054,29.651922646065287,30.054821014404297,7316600
2017-04-12,30.054819970013106,30.3728983277485,29.489348832027442,29.595373153686523,3899900
2017-04-13,29.687270566848042,29.92759619833962,28.605806573325815,28.7330379486084,4507500
2017-04-17,28.711822698287097,29.001626815341883,28.22410436364728,28.987489700317383,4373800
2017-04-18,28.71889419720794,29.15713400176344,28.457361599314297,28.648208618164062,4158700
2017-04-19,28.725956630930128,28.867325069134754,27.630355953506957,27.743450164794922,4839900
2017-04-20,27.891877011206397,28.231159538021235,27.807057053597145,28.061519622802734,3502200
2017-04-21,27.87776230510754,28.181703651867533,27.53141229365174,28.082746505737305,4301300
2017-04-24,28.33013449444821,28.471500267485435,27.983781879196737,28.14635467529297,3609500
2017-04-25,28.139288249635147,28.7542380079038,28.033261220522217,28.690622329711914,3726800
2017-04-26,28.37254393875249,29.185410638273318,28.337202494507963,28.690622329711914,4127100
2017-04-27,28.379610328480307,28.49270455387517,27.609155075359336,27.814136505126953,5109800
2017-04-28,28.026191611321583,28.28772151200062,27.74345468880756,27.913097381591797,3662100
2017-05-01,27.898961927505777,28.06153472390157,27.68690787480064,27.78586769104004,2950600
2017-05-02,27.778804240908094,28.07567836586731,27.14265002407534,27.460725784301758,5262900
2017-05-03,27.56674446304211,27.66570157584776,26.57716794222742,26.980066299438477,7651000
2017-05-04,26.69733722178751,26.69733722178751,25.842061786132053,26.138933181762695,7536100
2017-05-05,26.294434241854866,26.909383952493535,26.09651731593204,26.874042510986328,4874000
2017-05-08,26.81042868088949,27.156778606401843,26.570103087187732,26.97300148010254,4135700
2017-05-09,27.015420159390896,27.071965945753742,26.584247415806427,26.782161712646484,3550400
2017-05-10,27.170916358065185,27.644500346297725,26.994206437872926,27.241601943969727,5631500
2017-05-11,27.375903857674267,27.460723874744456,26.76802122651516,26.824569702148438,3640900
2017-05-12,26.746822503372208,26.92353248220094,26.534771068053786,26.76095962524414,3000900
2017-05-15,27.390036989867962,27.538472672230398,26.690264535848943,26.97300148010254,4222800
2017-05-16,26.987143657187175,27.100237916818525,26.612519427729545,26.803363800048828,3761500
2017-05-17,26.803365411630452,26.958871039115948,26.32271680158257,26.400466918945312,4631300
2017-05-18,26.15306699579887,26.506486820066424,25.983424293743564,26.08238410949707,5053700
2017-05-19,26.266161875382018,27.206259925233592,26.237887641616705,27.135574340820312,4251500
2017-05-22,27.31228278098703,27.418309803686252,26.768015944130795,26.916454315185547,3904800
2017-05-23,26.866977950063283,26.994209321905323,26.577173757840782,26.73267936706543,3212400
2017-05-24,26.598372929292577,26.775082816180078,25.976353372462487,26.244953155517578,5043400
2017-05-25,26.153063368496237,26.690260240469446,25.149352501048256,25.2553768157959,5323300
2017-05-26,25.170560747833964,25.368474989979823,24.894893711593852,25.31899642944336,3719600
2017-05-30,25.007985423642253,25.071601094532436,24.244597372960058,24.37889862060547,5530200
2017-05-31,23.91239300058504,24.364770065234193,23.594314534384857,24.018417358398438,9029700
2017-06-01,24.110302059651914,24.612157588306378,23.933592138600673,24.22339630126953,4213000
2017-06-02,23.968930844859976,24.011342191762967,23.23381701014941,23.4175968170166,6472800
2017-06-05,23.297433976401056,23.544829469175095,23.1065869493054,23.36104965209961,5085400
2017-06-06,23.318638661563394,23.968929773398607,23.163133092916286,23.961862564086914,7250800
2017-06-07,23.785148243464686,23.961858103530908,22.49163077351828,22.562314987182617,8373900
2017-06-08,22.56231829477671,22.788508081299437,22.237171403530528,22.258377075195312,6004600
2017-06-09,22.314929492232313,23.17020489662516,22.18062956945856,23.028839111328125,6913600
2017-06-12,23.368121782341056,23.742745965784295,23.042973466505927,23.127796173095703,5624500
2017-06-13,23.16319424818739,23.72262393864227,23.071138249504084,23.715543746948242,4478000
2017-06-14,23.58100345752207,23.58100345752207,22.483389697591313,22.79496955871582,7083700
2017-06-15,22.639180497403167,22.950761721157622,22.15056605296995,22.299274444580078,5194300
2017-06-16,22.476305890983358,22.497550522831073,22.136399885418328,22.490468978881836,6384800
2017-06-19,22.532959360525286,22.596691912384294,22.108076131687415,22.178890228271484,4684800
2017-06-20,21.746919601858753,22.228453708233054,21.520315634309952,22.065582275390625,5585100
2017-06-21,22.037259546385073,22.27094507893266,21.187493236757675,21.350364685058594,6774500
2017-06-22,21.463665407303278,21.725677098285015,21.16624735163012,21.251224517822266,5805400
2017-06-23,21.3078776776706,21.69027158773995,21.265389765588754,21.58405113220215,4161300
2017-06-26,21.73984178825868,22.079747776770947,21.442423710643858,21.754003524780273,5088600
2017-06-27,21.75399558506208,21.95227468132667,21.40700817959843,21.491985321044922,9619000
2017-06-28,21.513233875736788,21.931035443214626,21.357443987275932,21.633617401123047,7398100
2017-06-29,21.881471309622082,22.830378008370133,21.80357702180433,22.525876998901367,7410100
2017-06-30,22.85161958860825,22.91535213340778,22.270946492138254,22.639177322387695,6659700
2017-07-03,22.752482230419794,23.425214093448428,22.70999296387074,23.212770462036133,2651900
2017-07-05,22.979082828989174,23.000326108435218,21.95936354492401,22.023096084594727,7234900
2017-07-06,22.065577861552008,22.242612344620085,21.293707407321914,21.37160301208496,7081400
2017-07-07,21.109596068437273,21.208736319413863,20.387296243700515,20.918399810791016,7366500
2017-07-10,20.80509559240816,21.279548146267683,20.776770772376484,21.05294418334961,7655000
2017-07-11,21.421178085445593,21.895630678885418,21.137923108167996,21.619457244873047,7450900
2017-07-12,21.966447303798116,22.377167406063855,21.69027248714833,21.817737579345703,5668700
2017-07-13,21.810653884482647,22.150561213712397,21.73984115194832,22.093910217285156,4550400
2017-07-14,22.17180577432357,22.568364122894245,22.065585318718213,22.412572860717773,4846100
2017-07-17,22.391331927881602,22.667504060880976,22.136401727164465,22.20013427734375,5803500
2017-07-18,22.398410642714786,22.433818363068813,22.01601671755629,22.20721435546875,4574900
2017-07-19,22.157650950326712,23.120719596369714,22.10808012829008,23.014497756958008,5498500
2017-07-20,23.163194470107893,23.234009894387594,22.63209094400515,22.653335571289062,4954600
2017-07-21,22.617927881510028,22.72414831035924,22.29926524429635,22.632089614868164,3774900
2017-07-24,22.575445833757737,22.83745756915446,22.334680081843363,22.476306915283203,4171200
2017-07-25,22.90827088182321,23.658898385372574,22.830377944888546,23.354398727416992,5465300
2017-07-26,23.616410127275703,23.956318872657185,23.21277153113494,23.361482620239258,6258300
2017-07-27,23.32607230686036,23.701387405395508,23.262339758153107,23.701387405395508,3591200
2017-07-28,23.630571139243074,24.175837881132253,23.43229330631351,23.517269134521484,4323600
2017-07-31,23.38273011385238,23.87134463364629,23.31191465359222,23.588090896606445,3790700
2017-08-01,23.54559637552861,23.793443677895716,23.099468529934832,23.354398727416992,4659300
2017-08-02,23.170281253799672,23.87841940750912,22.695827286121347,23.65181541442871,5605500
2017-08-03,23.765120617674043,24.274978320235387,22.830378344756365,22.851621627807617,6413900
2017-08-04,22.901189567158482,23.913827412409216,22.85870030254673,23.8359317779541,7148400
2017-08-07,23.715550590915313,23.743874067197357,22.879947260603,22.943679809570312,4379800
2017-08-08,22.85869853979711,23.290663242040583,22.667500915787738,22.759559631347656,6161400
2017-08-09,22.92951434801507,23.205687797850644,22.504631182422095,22.717073440551758,4297900
2017-08-10,22.89410887999001,23.113629989084387,22.455061259135643,22.490468978881836,4010000
2017-08-11,22.334675469821867,22.65333679225906,22.242616763962587,22.384244918823242,3588200
2017-08-14,22.455061964527985,22.54712068809357,21.987690854527703,22.001853942871094,3093500
2017-08-15,21.931040068050883,21.945203156533914,21.654866595964073,21.895633697509766,4004900
2017-08-16,22.03018006762724,22.327598168805096,21.59821532883723,21.711517333984375,3843000
2017-08-17,21.598206934305555,22.10806575930189,21.364521470682327,21.37160301208496,3800900
2017-08-18,21.357451749431334,21.77525346875509,21.09544132585542,21.52740478515625,4204200
2017-08-21,21.477827514868306,21.569884869271412,21.300792998144807,21.484909057617188,2922900
2017-08-22,21.555730966443736,21.683196080904093,21.329126918810513,21.52740478515625,3931000
2017-08-23,21.47783035411025,22.214294689355995,21.357446812797633,21.938119888305664,3320000
2017-08-24,21.782335542482965,22.157649349646693,21.718602983706734,22.03726577758789,3820900
2017-08-25,22.129314810097,22.41965131235218,22.023094369141774,22.065582275390625,3246900
2017-08-28,22.143478932748778,22.143478932748778,21.57696763667998,21.902711868286133,2967000
2017-08-29,21.661948756737733,22.037262508221303,21.414100103896374,21.94520378112793,3438400
2017-08-30,21.775249452376535,22.093912179751047,21.60529644799893,21.92395782470703,3213600
2017-08-31,22.136401468966124,22.518795414915083,21.98061154293751,22.23554039001465,5333100
2017-09-01,22.313434309666814,22.908269140807235,22.05142258764884,22.738317489624023,3821000
2017-09-05,22.908270029980624,23.15612002446444,22.476306640012993,22.75248146057129,3836800
2017-09-06,22.950753018586024,23.432287086161736,22.894103381929437,23.141950607299805,3810700
2017-09-07,22.993242533334598,23.17735723122568,22.724149327494843,22.93659019470215,2903300
2017-09-08,22.858700127485715,22.858700127485715,21.959365644087345,22.28510856628418,4439900
2017-09-11,22.398411899805858,22.660423642465123,22.285109889646854,22.525876998901367,3862700
2017-09-12,22.582523966079634,23.04281481954743,22.525872971129697,22.78080177307129,3619500
2017-09-13,22.901187396493267,23.736790611992554,22.89410720372883,23.729707717895508,6000400
2017-09-14,23.871592383363982,24.545528160051436,23.871592383363982,24.0489444732666,5577000
2017-09-15,24.07732177613041,24.28305087574886,23.58783092072164,23.87159538269043,4709400
2017-09-18,23.758084734382106,24.11278887806177,23.495601719611102,24.098600387573242,4305800
2017-09-19,24.084417906952886,24.134076282965236,23.836123320712602,23.956724166870117,3605000
2017-09-20,24.119883943109077,24.7867268190768,24.119883943109077,24.751256942749023,5017200
2017-09-21,24.673218905918226,25.297498944823047,24.566809288515525,25.07758140563965,4761100
2017-09-22,24.99245910704992,25.403917302707,24.935707838857,25.382633209228516,4734900
2017-09-25,25.59545165796509,26.155882134075124,25.559979079554182,26.013999938964844,4337300
2017-09-26,25.87922144810011,26.276491177609266,25.694776431007885,26.198455810546875,4578800
2017-09-27,26.23392483678541,26.382899965667097,25.98563295531593,26.368711471557617,4638800
2017-09-28,26.39708299674649,26.567342184645536,25.879215246729792,25.957250595092773,5216500
2017-09-29,25.900497170759515,26.05656787074156,25.630923951380765,26.04237937927246,5507900
2017-10-02,25.552890473962762,25.98563002385925,25.04211556835665,25.964345932006836,4673200
2017-10-03,25.857936845292,26.035288946142867,25.694773237250597,25.914688110351562,3003100
2017-10-04,25.943065696388516,26.056570935312866,25.36844390210866,25.43938636779785,4379300
2017-10-05,25.673482099538578,25.943057976583844,25.616730850052896,25.7869873046875,3354000
2017-10-06,25.481949958199962,25.65220917513562,25.29041206014271,25.382633209228516,3174100
2017-10-09,25.46776416372645,25.53870392549255,25.219469585188204,25.460668563842773,3068700
2017-10-10,25.92178125479889,26.134603214427948,25.48194613789706,25.538700103759766,4089200
2017-10-11,25.63801411868527,25.708956568489523,25.297498478158104,25.59545135498047,3415000
2017-10-12,25.247846876113442,25.38972910753102,25.113060244664904,25.262035369873047,3233500
2017-10-13,25.609641493039675,25.786993588437948,25.432289397641398,25.44647789001465,2461700
2017-10-16,25.588361750834043,25.82956072431244,25.368444164193086,25.43229103088379,3568400
2017-10-17,25.439384183744526,25.48904255237445,24.964079176057652,25.34716033935547,3160800
2017-10-18,25.340072985631743,25.638023262540955,24.893144864089205,24.985368728637695,3553700
2017-10-19,24.850574504962715,25.155620322641788,24.651941025982183,24.7938232421875,2892600
2017-10-20,24.864762722017794,24.91442109121335,24.566812506844467,24.779634475708008,2923100
2017-10-23,24.82929505718743,25.07049403170439,24.5668146957414,24.581003189086914,3352900
2017-10-24,24.737073090823227,25.006649072598265,24.609379347149712,24.715791702270508,4247900
2017-10-25,24.55261934771311,24.800911146494688,24.247573591394236,24.36817169189453,3647600
2017-10-26,24.4036467573027,24.822197765205356,24.098600969873072,24.765443801879883,5216600
2017-10-27,24.517159900908077,25.460671843593524,24.453313024622688,25.45357894897461,4530100
2017-10-30,25.567077086691114,25.92887414744271,25.375536511171553,25.538700103759766,8143300
2017-10-31,25.489048390122772,26.27649228185692,25.17690961493447,26.177175521850586,6139000
2017-11-01,26.78017343157187,27.9081331624998,26.666668168983225,27.72368812561035,9303000
2017-11-02,27.716584079862624,28.14932360731689,27.30512864315696,27.546327590942383,9585700
2017-11-03,27.624359148930317,28.057098659348796,27.283843478316925,27.85846519470215,6359200
2017-11-06,28.142233292962494,29.043182393397117,28.042916538079382,28.986431121826172,9214600
2017-11-07,28.986425661174614,29.419165188367554,28.97933006220333,29.270187377929688,10660600
2017-11-08,29.029000615678548,29.17797848865227,28.454381341991468,28.560791015625,6517100
2017-11-09,28.46146846618895,29.107030097567083,28.42599858217055,28.95096206665039,6213400
2017-11-10,29.085747380947414,29.09993587514296,28.383431802249873,28.66719627380371,4439500
2017-11-13,28.149325514430288,28.780698557126314,28.057101664746444,28.12804412841797,4681300
2017-11-14,27.94359733197602,28.135137930810856,27.078118190465638,27.120683670043945,4205900
2017-11-15,26.85110555959995,27.007176266032854,26.517685467918042,26.8936710357666,4694600
2017-11-16,26.907858440910605,27.198715750855172,26.751787740781992,27.071022033691406,4645600
2017-11-17,27.255468914738366,27.638550092992617,27.177436265400555,27.439916610717773,3254100
2017-11-20,27.1987132265944,27.21999460875393,26.496397847374244,26.538963317871094,5144000
2017-11-21,26.79435539605896,26.9007650315709,26.361615842246938,26.63828468322754,3585000
2017-11-22,26.914947802497366,27.08520697177151,26.730502849779924,26.950420379638672,2562800
2017-11-24,27.08520449990886,27.31221490077173,26.957510811151316,26.978792190551758,1526100
2017-11-27,26.83691979561192,26.83691979561192,26.092038846067787,26.09913444519043,4591200
2017-11-28,26.056572719684766,26.4893123183989,25.943067472987497,26.368711471557617,2845600
2017-11-29,26.30486214271071,26.65956630727038,26.049474711239267,26.319047927856445,5562100
2017-11-30,26.517689419415742,27.397354408516755,26.517689419415742,27.333507537841797,8006100
2017-12-01,27.624364599095557,28.326680168796816,27.418638201341757,27.553424835205078,5809800
2017-12-04,27.461197447334726,28.14222883538606,27.21999849246094,27.41153907775879,5415700
2017-12-05,27.404452506333374,27.666932906951306,27.19163048674643,27.227100372314453,4002300
2017-12-06,27.085211358637128,27.09230425150758,26.113322664697655,26.162981033325195,3670200
2017-12-07,26.134607021936407,26.460934254654912,26.021101779852646,26.354524612426758,2854600
2017-12-08,26.737603023398123,27.262566457635877,26.546062420615904,26.992990493774414,7562200
2017-12-11,27.078116831371023,27.432821024851982,26.964611597704245,27.305130004882812,2961400
2017-12-12,27.468298272529267,27.581803525466217,26.922053397089343,27.248380661010742,3686500
2017-12-13,27.248383173071062,27.326418549067892,26.943337270271957,27.042654037475586,3056700
2017-12-14,26.971595444929815,27.312647968090843,26.93606964864222,27.000017166137695,3799500
2017-12-15,27.26291421847985,27.26291421847985,26.595019961538387,26.77265167236328,8030500
2017-12-18,26.90764839989271,27.163438474365904,26.609228453303693,27.04265022277832,5318400
2017-12-19,27.220283809928326,27.760283007673742,26.97870457951583,27.49738883972168,5487600
2017-12-20,27.760278594062807,28.342910284699407,27.149225184262395,28.307384490966797,5830400
2017-12-21,28.314491272537023,29.35896651288734,28.094229704070198,29.07475471496582,5680700
2017-12-22,29.188445368851863,29.636075349238478,28.996602787066916,29.536602020263672,4245200
2017-12-26,29.63607774501257,30.26844628214001,29.50107860341131,30.25423812866211,3776500
2017-12-27,30.23291849223827,30.23291849223827,29.600549996636815,29.728445053100586,2826100
2017-12-28,29.77818045447479,29.827917117605857,29.408706163754832,29.671600341796875,2224600
2017-12-29,29.870546334637606,29.870546334637606,29.35186211304472,29.415809631347656,2763900
2018-01-02,29.692910089791255,30.01975170638375,29.586330005472593,30.00554084777832,4782500
2018-01-03,30.154757008851107,30.75159964099824,30.083705411632632,30.35370635986328,3908700
2018-01-04,30.46738690415206,30.75870275467886,30.048176025545754,30.7160701751709,4243500
2018-01-05,30.602391873512296,30.74449778866999,30.247128440840505,30.630813598632812,3722200
2018-01-08,30.64501747700054,30.84396408661319,30.247121547330966,30.73027992248535,3596000
2018-01-09,30.808440825126844,30.808440825126844,30.154754794843786,30.22580909729004,5826100
2018-01-10,30.23291829638363,30.325287549996855,29.813707327455873,29.97002410888672,3457100
2018-01-11,30.282648899524204,30.95054576980088,30.01975476465169,30.602386474609375,6856900
2018-01-12,30.609484903272055,31.4123779487478,30.566852334751527,31.291589736938477,7671400
2018-01-16,31.383962057169157,31.56159372661778,30.723174740428927,30.737382888793945,5634900
2018-01-17,30.872386936510495,31.14949192732327,30.311070169741633,30.865280151367188,4341500
2018-01-18,30.71606858027563,31.106857718918704,30.481596181267477,30.694753646850586,2714700
2018-01-19,30.51002105511891,30.573968578133325,30.11923184133959,30.446073532104492,5604300
2018-01-22,30.59527956826009,31.84580532231585,30.54554291789927,31.838701248168945,4840600
2018-01-23,31.89554642999569,32.07317812337766,31.433705653469286,31.632652282714844,4173500
2018-01-24,31.760547318785424,31.995019744618467,31.305810617398706,31.632652282714844,5302100
2018-01-25,31.952385635206387,32.0873847285124,31.185015520555346,31.19922637939453,3633900
2018-01-26,31.284492165834326,31.483441500403508,31.09264961666644,31.16370391845703,2734500
2018-01-29,30.971860391724842,31.554492095795734,30.77291377387948,30.787124633789062,3401000
2018-01-30,30.495809757180055,30.5810749269431,29.42291545355317,29.501073837280273,6403900
2018-01-31,29.50108469332079,29.820822421480024,29.181346965161556,29.39450454711914,4526900
2018-02-01,29.614756582193564,30.09080822659259,29.458439822327815,29.998441696166992,7342200
2018-02-02,29.57211640288749,29.664485620029836,28.385538279099364,28.442378997802734,6009900
2018-02-05,27.97343614351784,28.548963761161932,27.213172771691635,27.46185874938965,8425300
2018-02-06,26.80817789892856,27.873968180833486,26.452914471626915,27.270021438598633,8520400
2018-02-07,27.262909800222427,27.653698958616506,26.10475318485654,26.118961334228516,8469500
2018-02-08,26.2042273912552,26.566594842436444,24.79027796117758,24.825803756713867,7717800
2018-02-09,25.06738440409851,25.06738440409851,23.227119900753525,24.641069412231445,11522700
2018-02-12,25.08159682672938,25.6571245409808,24.903965117318485,25.422649383544922,6551600
2018-02-13,25.13133095057856,25.145541811149684,24.442121830768244,24.562910079956055,4890000
2018-02-14,24.179226662927736,25.436859451553946,24.008701745065196,25.266334533691406,6463500
2018-02-15,25.330277840231336,25.358696848182685,23.845276934614347,24.683698654174805,6839600
2018-02-16,24.605541037362638,24.804487651336153,24.1579084454779,24.236066818237305,6752900
2018-02-20,24.371068784113362,24.797386491888062,24.28580632673628,24.619754791259766,6373400
2018-02-21,22.118698845860408,23.596594546219105,21.49343585368733,21.72080421447754,31052300
2018-02-22,21.820274165755055,22.424222127904084,21.450801314106933,21.60711669921875,18625400
2018-02-23,21.86290823144698,22.353170708897046,21.48632856936215,22.33185577392578,11877800
2018-02-26,22.410016376327388,22.72264719889834,21.834488680912422,22.459753036499023,11189400
2018-02-27,22.324750360366476,23.07790832987074,22.303434070157238,22.63738250732422,10584900
2018-02-28,22.680015255783676,22.871856459662634,21.784751335200102,21.79185676574707,12820800
2018-03-01,21.784752052432026,22.367383824242793,21.607120348576434,21.69948959350586,8932300
2018-03-02,21.60001705079479,22.324754799346742,21.29449027315686,22.282123565673828,9107600
2018-03-05,22.11158979441018,22.971327739797744,22.1044843653317,22.736852645874023,9848900
2018-03-06,22.85054429198588,22.893176880433376,22.21107037272057,22.260807037353516,6937100
2018-03-07,22.005014178059113,22.3815938642907,21.841593341763677,21.99080467224121,6492400
2018-03-08,22.58764306744417,23.09922041717625,22.53790506308767,23.013957977294922,12183900
2018-03-09,23.13475180328812,23.34080249949234,22.843435946125844,23.248435974121094,9139500
2018-03-12,23.25553530090454,23.696061034134786,23.163166083947853,23.319482803344727,7303000
2018-03-13,23.42606702459148,23.546855267003494,22.95711949382865,23.298171997070312,9880400
2018-03-14,23.355118910403736,23.504602402742975,23.16292468507623,23.21986961364746,9723500
2018-03-15,23.26969972990852,23.525958722180864,22.429742264239604,22.572107315063477,9724900
2018-03-16,22.57922407969097,23.19139904742736,22.52939624775024,22.750062942504883,10675500
2018-03-19,22.600574689777336,22.707348786849195,21.99551966276172,22.18059539794922,9728400
2018-03-20,22.394150962631105,22.750065641816267,22.351441581286778,22.458215713500977,8607900
2018-03-21,22.621938380586293,23.703918015675438,22.529399800071126,23.433422088623047,10172400
2018-03-22,23.08462001927989,23.312405134660345,22.84259799476156,22.98496437072754,8580800
2018-03-23,23.120212321925585,23.547311475454904,22.84971646289831,22.9422550201416,8514900
2018-03-26,23.184279988072127,23.184279988072127,22.458213779219424,23.11309814453125,6366000
2018-03-27,23.13445313528185,23.198517883349933,22.479570099913293,22.572107315063477,6045100
2018-03-28,22.685999691033526,22.807010722621968,22.052470710267404,22.209074020385742,7075500
2018-03-29,22.36567945919152,22.750066623286997,22.201959025552828,22.629056930541992,6290400
2018-04-02,22.529392718377554,22.57210208796369,21.23386386004494,21.604015350341797,8078300
2018-04-03,21.682319841840176,22.344321308547684,21.36199747123459,22.33008575439453,7195000
2018-04-04,21.84604087477744,22.365675920745137,21.682319109334163,22.294492721557617,6405500
2018-04-05,22.365672400293843,23.127330746693513,22.337198582018097,22.98496437072754,5654900
2018-04-06,22.81412609625167,22.935138476400184,22.045350588298433,22.38702964782715,6514100
2018-04-09,22.63616776980116,22.977845456221555,22.372791728992013,22.401264190673828,6724600
2018-04-10,22.935140827456497,24.074066616947263,22.892430092070615,23.917463302612305,8647800
2018-04-11,23.867632257947022,24.244903581232034,23.75373969432075,24.017118453979492,6238700
2018-04-12,23.881875279871647,23.88899509434021,23.369359970092773,23.369359970092773,9887000
2018-04-13,23.668324134727847,24.123894450524155,23.582905379369357,23.917463302612305,7749800
2018-04-16,23.93170166015625,24.002886223433084,23.58290680404681,23.93170166015625,4698600
2018-04-17,23.903232191328527,24.11678046499324,23.64697317676542,23.981531143188477,5516400
2018-04-18,24.27337453430436,26.1312491731524,24.27337453430436,25.697032928466797,15106900
2018-04-19,26.010240256167684,26.081422091744336,25.212989577561732,25.405183792114258,12064800
2018-04-20,25.2414651898435,25.341120852890533,24.76454088371464,25.19875717163086,8332500
2018-04-23,25.049267834464437,25.334000592263703,24.72182706378426,25.220108032226562,5048900
2018-04-24,25.30553189926954,25.469252317772703,24.394391234412485,24.543874740600586,9014500
2018-04-25,24.558113470768635,25.134696242848612,24.287617547586397,25.056394577026367,7969100
2018-04-26,25.063507269608493,25.511960457939605,25.049270358742557,25.469249725341797,6409400
2018-04-27,25.20586922407717,25.668559241794064,25.020794846237983,25.447891235351562,6937300
2018-04-30,25.291292258250003,26.081423156301017,25.255701339008976,25.86075782775879,6304600
2018-05-01,25.753980177216643,26.06006694455451,25.44077631279753,25.768217086791992,5657300
2018-05-02,26.743419218365418,28.202668338391156,26.508517026074706,27.213226318359375,17385600
2018-05-03,27.02103623221832,27.177639527769585,26.38750866808886,26.48004722595215,8730900
2018-05-04,26.52275961160504,27.106462159738054,26.30921135592454,26.95697593688965,6466600
2018-05-07,27.362716033323302,28.05319129092736,26.935619559485357,26.971210479736328,10541000
2018-05-08,26.971206031475084,27.989121932168008,26.017354862833212,27.77557373046875,12191400
2018-05-09,28.195557804684835,29.17076314376828,28.181320893442567,28.62977409362793,13498700
2018-05-10,28.871792954239144,29.128049181961188,28.501641449201262,29.1066951751709,8170200
2018-05-11,29.13517524243383,29.469735902762284,28.96433500523686,29.149412155151367,10409500
2018-05-14,29.35584155173116,29.58362671069169,29.078225843548058,29.41278648376465,6328900
2018-05-15,29.4554981449193,29.640572574110276,29.09246366957182,29.384313583374023,7387100
2018-05-16,29.206351614426474,29.604976949534986,29.085341952136872,29.469730377197266,4742500
2018-05-17,29.71175987736064,30.39511543877291,29.66192932197406,30.153093338012695,6624200
2018-05-18,30.017836371865588,30.174439666421584,29.711752310871585,29.86835289001465,4232600
2018-05-21,30.217153601653248,30.3524001878531,29.76870039311848,30.13173484802246,4461600
2018-05-22,30.281223878204976,30.530363086568805,29.583631379372545,29.75446891784668,6311600
2018-05-23,29.633453229177167,30.060549704417543,29.21347385184509,30.032075881958008,6366500
2018-05-24,29.35584547863319,29.782942029963138,29.01416497907285,29.676166534423828,6046300
2018-05-25,28.807730452970393,28.98568776446062,28.181319956209126,28.886032104492188,6948700
2018-05-29,28.451813623082014,29.13516899449986,28.302327429311404,29.1066951751709,5295400
2018-05-30,29.31313194083028,30.110380027780895,29.31313194083028,29.847003936767578,6170000
2018-05-31,29.59074592590332,30.11750084081806,29.41990840216747,29.59074592590332,5413300
2018-06-01,29.626330956900695,29.875472809623368,29.163643599695057,29.469730377197266,4966900
2018-06-04,29.825653183873108,30.039201462492333,28.437585299727605,28.537240982055664,7568900
2018-06-05,28.216905582142086,28.444690680885735,27.384066824000474,27.989120483398438,10997700
2018-06-06,29.896830309007033,30.224271132120787,29.434140182345192,29.548032760620117,11933500
2018-06-07,29.640566641414413,30.274094177590378,29.640566641414413,29.861234664916992,6088900
2018-06-08,29.71175044702042,30.074782125229742,29.526673344080166,30.010717391967773,5371900
2018-06-11,30.05342695436773,30.345276791156923,29.7971680312528,30.089017868041992,6910400
2018-06-12,29.989370345433535,30.537479253778766,29.7971761010465,29.847003936767578,7041500
2018-06-13,29.65480353120835,30.60153764403923,29.597858608821056,30.316804885864258,6242700
2018-06-14,30.495101768702494,30.744712522578965,29.682089636611714,29.746274948120117,5515700
2018-06-15,29.496659624827767,29.596502813493245,28.55527710237776,28.705041885375977,9282700
2018-06-18,28.75496278536223,29.831849084017097,28.705041192234948,29.311233520507812,5914800
2018-06-19,28.77636667005405,29.967360257125385,28.70505086171269,29.67496109008789,5951900
2018-06-20,30.109990945729816,30.545024397258203,29.717745885811844,30.388126373291016,7271300
2018-06-21,30.152783747090353,30.152783747090353,29.218534119986874,29.346904754638672,6101600
2018-06-22,30.388124010060586,31.272451827865982,30.388124010060586,30.86594581604004,7990500
2018-06-25,30.38812577928037,30.82315922230496,29.68208740575265,29.874643325805664,5697700
2018-06-26,30.067196602818687,30.537887903620202,29.682084796565693,30.373859405517578,5055800
2018-06-27,30.766096889075328,31.76453414450976,30.766096889075328,31.00144386291504,8072100
2018-06-28,31.094161724953835,31.37943036190779,30.60920667444612,31.07990074157715,6250200
2018-06-29,31.186875942752764,32.01415176515273,31.158348533578135,31.35090446472168,6191600
2018-07-02,30.95867095682653,31.272464385843346,30.637744313216004,31.04425048828125,4360400
2018-07-03,31.52207083926524,32.23523985046797,31.19401374703772,31.379436492919922,4132900
2018-07-05,31.579116095122387,31.65756510462079,31.151215869433468,31.372299194335938,5456300
2018-07-06,31.1298220502587,31.985622511971986,30.994318224752885,31.743144989013672,4270200
2018-07-09,32.007023233850695,32.31368609995526,31.87865260522443,32.30655288696289,4718400
2018-07-10,32.80576525285061,33.19087706309223,32.41352295154071,32.52762985229492,7678600
2018-07-11,32.05693726906587,32.399257957686125,31.3223715742446,31.46500587463379,5113900
2018-07-12,31.828724629594173,31.828724629594173,31.115555822337896,31.329505920410156,4959500
2018-07-13,31.42222057782155,32.32794534572806,31.329507865376073,31.892911911010742,6548700
2018-07-16,31.336637964210546,31.785935096791537,30.794630840869008,31.529193878173828,5571300
2018-07-17,31.322375658916844,31.785936515502762,31.108425540693865,31.436485290527344,4823900
2018-07-18,31.079903942570088,31.265326671320942,30.516499822847543,31.201141357421875,8151700
2018-07-19,31.144082609798208,31.757408260732458,31.001451015135316,31.479272842407227,5095100
2018-07-20,31.671828759830067,31.671828759830067,31.158346313369155,31.479272842407227,5088300
2018-07-23,31.693222385507756,31.90717521470467,31.472141785438353,31.529193878173828,3823700
2018-07-24,31.700361478575424,32.31368723227643,31.55772713948993,31.778810501098633,4269100
2018-07-25,31.800204940450563,32.37073958058676,31.714625424561074,32.285160064697266,4533500
2018-07-26,32.40638656916995,32.5276266696529,31.978486413340033,32.19956970214844,4958200
2018-07-27,32.04981055572536,32.470580330895146,31.7003593054712,31.77167510986328,4340500
2018-07-30,32.22809358107886,32.406385761652366,31.992749317393674,32.13538360595703,5591000
2018-07-31,32.09260095324211,32.299420590088644,31.650436990744023,32.0997314453125,5588000
2018-08-01,30.309669362198782,31.365158698231458,29.4182084986047,31.00144386291504,16603400
2018-08-02,30.737571827508877,31.63616596988346,30.701913934356234,31.336633682250977,6503100
2018-08-03,31.308108897315485,31.422215787343248,30.502227456200288,30.701913833618164,6560100
2018-08-06,31.208271890888714,31.614780693133202,30.980058045730463,31.129825592041016,6769600
2018-08-07,31.55059434864363,31.621910152729903,30.937268639616928,30.98719024658203,5816300
2018-08-08,30.751842383473694,30.865949299310344,29.92456656352711,30.43091583251953,7014100
2018-08-09,30.54501764049899,30.63772761549575,29.981613697721272,30.003007888793945,5755600
2018-08-10,29.874641704440887,30.602074233876195,29.689219006595735,30.552152633666992,5844200
2018-08-13,30.323934357497883,30.687649208347164,29.9744804870152,30.003007888793945,5861500
2018-08-14,30.41665275004022,30.495099038840557,30.10998992478787,30.24549102783203,4867500
2018-08-15,30.003008450051578,30.003008450051578,28.576670980705565,28.869070053100586,8336000
2018-08-16,28.968914293535747,29.34689558660555,28.683648421612354,29.01170539855957,5371400
2018-08-17,29.168611371393435,29.261321376841675,28.826287878654654,28.95465850830078,4529700
2018-08-20,28.904724617633168,29.47526171609806,28.804881441558564,29.268442153930664,4174200
2018-08-21,29.596503321658016,30.08858878303951,29.567975918542974,29.846111297607422,4872300
2018-08-22,30.21696461123368,30.666261766300444,30.174176219671477,30.459442138671875,5292800
2018-08-23,30.27401677029428,30.402387374760963,30.081460863594256,30.323938369750977,4245000
2018-08-24,30.66626755120668,30.887350924569095,30.32394675151654,30.423789978027344,3545600
2018-08-27,30.42378283063988,30.659129855432013,30.25975432268926,30.58068084716797,3873000
2018-08-28,30.452308700764043,30.851681492831347,30.124251701416444,30.316804885864258,4761800
2018-08-29,30.594952687905053,30.930140284378986,30.445185122965672,30.637741088867188,4551100
2018-08-30,30.72330855542945,31.094153881188006,30.566410572631295,30.75896644592285,4207400
2018-08-31,30.58068083171728,30.687654526140637,30.252621095458547,30.6163387298584,3776800
2018-09-04,30.7090593688495,30.858824212017268,30.03867874043844,30.202707290649414,4972800
2018-09-05,29.995885701996592,30.003016194153737,29.396823701425987,29.746274948120117,7087700
2018-09-06,29.567978119031146,29.567978119031146,28.883336716455524,28.976049423217773,9195500
2018-09-07,28.683650090736585,28.926127592269033,28.27714409118558,28.861942291259766,7669500
2018-09-10,29.090165405291057,29.289851863251517,28.640868154356063,28.89047622680664,5692400
2018-09-11,28.7478351453382,29.667820824554752,28.71930774057347,29.589374542236328,7606000
2018-09-12,29.988744755611055,30.145642747841556,29.60363298587591,29.917428970336914,8555800
2018-09-13,29.710221273974796,29.895998265880653,29.06714182945186,29.21004867553711,7547900
2018-09-14,29.195749155350097,29.352946912510482,28.274003130452417,28.345455169677734,11391400
2018-09-17,28.495516961707377,28.717019982078625,27.6452227328871,27.730968475341797,10602000
2018-09-18,28.04535997821171,28.331173654265413,27.88816218381005,28.102523803710938,6920400
2018-09-19,28.116816060942817,28.64557061964816,27.973911928172043,28.488372802734375,5806100
2018-09-20,28.738463341925513,28.817062258191843,28.495522476066796,28.65986442565918,5157800
2018-09-21,28.659857925419903,29.238626676254643,28.595549983580344,28.97425079345703,9825000
2018-09-24,29.431563211282338,29.867428035779838,29.3529670046236,29.68879508972168,6367100
2018-09-25,29.917434692092375,29.9674516816265,29.55302480752638,29.5887508392334,6252500
2018-09-26,29.224344819120684,29.310087851699976,28.309742477294733,28.352615356445312,8234400
2018-09-27,28.709874987885097,28.709874987885097,28.10252432221658,28.13825035095215,5706400
2018-09-28,28.131104559217786,28.767037161887064,28.088234413424317,28.538387298583984,7239400
2018-10-01,28.59556047598892,28.917100303167505,28.381201499777283,28.72417640686035,5902500
2018-10-02,28.974249779765373,28.974249779765373,28.381190093079347,28.481224060058594,6768600
2018-10-03,28.49551435656777,29.138591011858008,28.202556577600628,29.045703887939453,6084600
2018-10-04,28.859928278747816,29.21004993041197,28.466936479421335,28.68129539489746,4255400
2018-10-05,28.71701273345342,29.1100071395361,28.324021053091403,28.609834671020508,5085500
2018-10-08,28.36690220720342,28.48122714265641,27.623788763898244,27.709531784057617,8175200
2018-10-09,27.730968362362248,28.595550819014534,27.48802754450642,28.231138229370117,7421100
2018-10-10,28.152539024794464,28.223991076471794,26.616295382242388,26.652021408081055,8290600
2018-10-11,26.416225275178693,26.723473978312576,25.630239143039603,25.751710891723633,9628100
2018-10-12,26.33048149545766,26.42337134240845,25.594515011831717,26.17328643798828,7670200
2018-10-15,26.373357674390153,26.544846434477552,25.75886014551558,25.801733016967773,6328400
2018-10-16,26.409083435824098,26.9592730147856,26.201868647827947,26.494829177856445,7495500
2018-10-17,26.26617191334016,26.423369686680317,25.43731563470081,25.723129272460938,8328900
2018-10-18,25.244396045193916,25.551642044092837,24.772802697499202,25.08005142211914,7779700
2018-10-19,25.180096154058223,25.537361973506872,24.930008445011037,24.965734481811523,4493900
2018-10-22,24.908573961371776,25.07291591514598,24.537017173208454,24.91571807861328,4949400
2018-10-23,24.28693217693309,24.415545367296865,23.765321669628772,24.101152420043945,7186000
2018-10-24,24.45126808660076,24.494138230884385,22.915024316274394,22.957897186279297,7418600
2018-10-25,23.279433813748742,23.786750442535695,23.086510012860554,23.472354888916016,6423600
2018-10-26,22.99363066461885,23.515238486257783,22.643510289976508,23.136537551879883,7365900
2018-10-29,23.286582805768674,23.33659979509886,21.693177811783457,22.136186599731445,7084100
2018-10-30,21.978989660614634,23.14367543547563,21.907536236231465,23.093658447265625,7518800
2018-10-31,23.415195648407654,23.765314528090098,23.115091025815854,23.150819778442383,8033200
2018-11-01,23.243716388240493,24.094010894459917,23.129391420058333,23.47951316833496,9823500
2018-11-02,23.57239238530998,23.9296580898567,23.000765077458414,23.065073013305664,6305000
2018-11-05,23.465216342445014,23.779609244946002,23.365182361000226,23.65099334716797,6018900
2018-11-06,23.76532169342992,24.008262565643832,23.19369691343306,23.52952766418457,7910700
2018-11-07,23.90108245286698,24.75852091398344,23.50094377748684,24.194040298461914,11394200
2018-11-08,24.043991202272053,24.46556498636988,23.25800474891373,23.37947654724121,6708200
2018-11-09,22.907880538745527,23.75102791456472,22.6577928819428,23.58668327331543,7897200
2018-11-12,23.929661341823863,23.929661341823863,22.50774244517627,22.543468475341797,6717700
2018-11-13,22.414854042753266,23.000768299365543,22.029006373620902,22.079023361206055,7976400
2018-11-14,22.672084103877786,22.83642602132705,21.636014249520496,21.821792602539062,7793500
2018-11-15,21.714614447968255,22.021863247801445,21.37163961400319,21.878957748413086,10229800
2018-11-16,21.87180648301716,22.107601789348138,20.678538996345733,21.12154769897461,17938000
2018-11-19,21.007230870965696,21.478821665159096,20.828597953078468,21.1644287109375,7778000
2018-11-20,20.607088594920068,20.714268047482594,19.335222032692222,19.60674476623535,11635100
2018-11-21,19.82110334692076,20.68568715754275,19.806812390050165,20.385583877563477,6299100
2018-11-23,19.556731681928557,19.84968954672981,19.149447500337132,19.228046417236328,5545600
2018-11-26,19.499570695033317,19.74251021855154,19.14230484598861,19.385244369506836,7705000
2018-11-27,19.356656164262102,19.556725451328408,18.920791564481462,19.013681411743164,6088500
2018-11-28,18.97795524880045,19.199460983276367,18.48492952128836,19.199460983276367,6246900
2018-11-29,19.263772454266356,19.542440721972167,19.013687469334275,19.228046417236328,8024600
2018-11-30,18.94223074314651,19.399530479454548,18.563528547228472,19.31378746032715,10152900
2018-12-03,20.264115758509085,20.85003142777021,20.0640464283069,20.55707359313965,11739200
2018-12-04,20.557072306577936,20.7499961454637,20.07119065139634,20.128353118896484,9765500
2018-12-06,19.47813245614475,19.892560748281408,19.035122244548564,19.8282527923584,9912100
2018-12-07,20.19980741210118,20.53563675273967,19.385240511641072,19.435258865356445,8442500
2018-12-10,18.977959694913604,19.378098388630107,18.46349741238501,18.7707462310791,7803700
2018-12-11,19.08513230906101,19.413817449163176,18.7707394863586,19.11371421813965,9868400
2018-12-12,19.44239994328569,20.078333855394288,19.43525582816071,19.49241828918457,8237000
2018-12-13,19.42075329061537,19.513914973039608,18.926276170552722,19.25592803955078,7976000
2018-12-14,18.997945564989003,19.01944505223468,18.467637181419438,18.51780128479004,6420700
2018-12-17,18.403136800037974,19.03377327772689,18.166647950045995,18.281309127807617,8951200
2018-12-18,18.245477569576313,18.424635839663445,17.478680392302447,17.493013381958008,10057600
2018-12-19,17.643511349631833,17.98749498418026,16.96270921024397,17.091703414916992,10649300
2018-12-20,16.711886955741438,17.084536568983456,16.05258431957072,16.13141441345215,13613800
2018-12-21,16.088417717238308,16.339238272280415,15.679935598592214,15.701435089111328,16282800
2018-12-24,15.486441306589093,15.73009666330211,15.02779520561035,15.034961700439453,5332200
2018-12-26,15.135291077780858,16.28190289916121,14.597816273932901,16.274736404418945,9944300
2018-12-27,15.930750259460664,16.4108943939209,15.593933262728726,16.4108943939209,8395900
2018-12-28,16.468222841601598,16.597216975467564,15.923581702427917,16.09557342529297,7783500
2018-12-31,16.238901601442297,16.44672580105784,15.787423470393305,16.15290641784668,9196600
2019-01-02,15.722931672807709,16.776381909833407,15.593937487280224,16.633054733276367,6788900
2019-01-03,16.661721873541815,17.184863780662443,16.396566988540357,16.855213165283203,7699700
2019-01-04,17.2995230918474,17.722336742301117,17.220694378061747,17.607675552368164,9714500
2019-01-07,17.72950410967803,18.453303761028106,17.442851120744653,18.166650772094727,7237600
2019-01-08,18.403135819321275,18.567961082711314,17.994655224455098,18.309972763061523,7185100
2019-01-09,18.589467380312282,18.732793213988497,18.152320648830422,18.510637283325195,12577400
2019-01-10,18.32430950975078,18.947780954495563,18.152317716996524,18.840286254882812,8847500
2019-01-11,18.48913212483126,18.99077580607909,18.410303418880765,18.89044761657715,7811000
2019-01-14,18.539296457432325,19.040938741261726,18.532129963351608,18.75428581237793,5823300
2019-01-15,18.919113159179688,19.055273827970662,18.80445197499859,18.919113159179688,6301000
2019-01-16,18.754288592253296,18.91194738479129,18.41030502660539,18.553630828857422,10838200
2019-01-17,18.338637612638045,18.99793999255803,18.288473523981455,18.911943435668945,8678500
2019-01-18,19.14127036971621,19.44942283630371,19.012277553654,19.44942283630371,10160000
2019-01-22,19.16277059121343,19.327595890453683,18.768622898792078,19.083940505981445,9361600
2019-01-23,19.2201005504726,19.24160003669449,18.5751309993776,18.861783981323242,8882600
2019-01-24,18.797286021839014,19.24159914849707,18.704124319583013,19.062440872192383,6737000
2019-01-25,19.277431676626595,19.650081246831363,19.20576808745348,19.52825355529785,7222800
2019-01-28,19.234431411402152,19.270262517601708,18.840283775730672,18.99077606201172,5541200
2019-01-29,19.234431634575582,19.34909281598746,19.069606357154644,19.24159812927246,4338200
2019-01-30,19.36342762742563,19.83640538697279,19.341928141311946,19.829238891601562,5284400
2019-01-31,19.936731135357466,20.00839471338281,19.01944171061404,19.098270416259766,6890300
2019-02-01,19.22009962722304,19.721743346683066,19.177102023713918,19.356260299682617,6224000
2019-02-04,19.14126921603882,19.61424831390324,19.119771098092126,19.463754653930664,5654000
2019-02-05,19.399258243793337,19.62141412717165,19.241599450245698,19.24876594543457,8934200
2019-02-06,19.141267492826767,19.291761139250998,18.940611120086487,19.19143295288086,4790000
2019-02-07,18.99794420045361,19.048108300221156,18.080653313562532,18.130817413330078,6542400
2019-02-08,18.130815670644804,18.23114522740569,17.414182618573957,17.858495712280273,7077700
2019-02-11,17.70083569402392,18.274141548807545,17.56467504093694,18.231143951416016,5106000
2019-02-12,18.546465407654622,18.94061446212674,18.50346780117614,18.603796005249023,7033400
2019-02-13,18.71845793557137,19.470922174461368,18.70412494493918,19.284597396850586,8143200
2019-02-14,19.20576669488493,19.807738613300558,19.18426857650027,19.585582733154297,5740400
2019-02-15,19.865065137296877,20.39537336308984,19.82923403608381,20.366708755493164,7114400
2019-02-19,20.130224960222968,20.47420853849045,20.130224960222968,20.287883758544922,8169100
2019-02-20,22.129629156189928,23.312073478025308,21.577822717246175,21.69248390197754,34746600
2019-02-21,21.82864577878704,22.20846185229428,21.097680981639815,21.39150047302246,19449100
2019-02-22,21.570652417429873,21.656647607374875,20.682027709074422,21.248167037963867,11957200
2019-02-25,21.147843580078618,21.463162536270783,21.061847004073773,21.13351058959961,9952500
2019-02-26,21.13350420650493,21.60648181450196,21.13350420650493,21.205167770385742,7921100
2019-02-27,21.41299819946289,21.74265016352833,21.133511704720988,21.41299819946289,6652700
2019-02-28,21.427328871720984,21.463161345931248,21.033181223491976,21.147842407226562,9008700
2019-03-01,21.10484120785295,21.713978130043387,21.10484120785295,21.606483459472656,13399000
2019-03-04,21.71398268322667,21.814312248083738,20.80385967247407,21.097679138183594,11404900
2019-03-05,21.12634719516763,21.190844294920485,20.71069997835443,20.975854873657227,7440400
2019-03-06,20.782359030362905,21.01884788879227,20.49570607573172,20.581701278686523,6347200
2019-03-07,20.61036636069423,20.63903097147541,20.05855859274872,20.108722686767578,8760900
2019-03-08,19.67874059373547,19.72173955584867,19.05527067865204,19.141265869140625,10808600
2019-03-11,19.3634302884897,20.05139753624225,19.270267202729823,19.92240333557129,8110800
2019-03-12,20.087225019302757,20.617533315861778,19.97972896758115,20.610366821289062,7048800
2019-03-13,20.897020739538316,21.140676098840586,20.746528447135283,21.018848419189453,9233700
2019-03-14,21.011663390090444,21.306286469818403,20.99729119824819,21.198497772216797,6571700
2019-03-15,21.05477720573937,21.349400266027036,21.033220290006042,21.29909896850586,8012700
2019-03-18,21.450006866383486,21.967393466647405,21.414076384735328,21.924278259277344,6771400
2019-03-19,22.103925807141874,22.21890060330688,21.622468334223022,21.730257034301758,6193000
2019-03-20,21.65120517757244,22.714723794917575,21.636834360103123,22.456029891967773,10054100
2019-03-21,22.463220277630207,22.815330729134494,22.26919981335002,22.743471145629883,6863900
2019-03-22,22.585381065393037,22.70754194566552,21.71588271272242,21.802114486694336,7404000
2019-03-25,21.80211504986975,22.23327118965154,21.54342109187916,22.14703941345215,5355100
2019-03-26,22.628498639903185,22.966236934609434,22.549452953024147,22.707544326782227,5790800
2019-03-27,22.62131179907019,22.85844748129307,22.276387419583763,22.51352310180664,5433000
2019-03-28,22.254830833957687,22.94468101629856,22.247644737509496,22.908750534057617,5973000
2019-03-29,23.24648848752264,23.303977258227878,22.57819797536704,22.678800582885742,6528600
2019-04-01,22.937489645442223,23.05246579156707,22.477590543372585,22.664424896240234,5252100
2019-04-02,22.70754220340257,22.87281828723317,22.391360856060185,22.427289962768555,4385200
2019-04-03,22.549456436682636,22.599759117399984,21.90990885853473,22.0679988861084,4312600
2019-04-04,22.132664091586456,22.3626150053884,21.852413257144022,22.2835693359375,5131500
2019-04-05,22.39136108921831,23.145883302811296,22.376988898142283,23.13869857788086,7171400
2019-04-08,23.275230673949025,23.347091630541513,22.7362858349738,23.016536712646484,5413700
2019-04-09,22.88000500267957,22.944678492993155,22.254828386517474,22.319501876831055,4981600
2019-04-10,22.463223000563097,22.707544791730292,22.355434297544093,22.563825607299805,4927900
2019-04-11,22.41291920400343,22.81533095679409,22.16141134453143,22.405733108520508,3416500
2019-04-12,23.706387393990717,24.295633512190992,23.426133784511464,24.058496475219727,13576000
2019-04-15,23.87884664980692,24.072867101661625,23.383018433654847,23.40457534790039,6383500
2019-04-16,23.533924732413467,23.66327171359876,23.117139406101924,23.591413497924805,5129200
2019-04-17,23.78542387067983,23.993816469371218,23.66326439358,23.864469528198242,5092000
2019-04-18,23.907591889925648,24.30281753220079,23.81417402280842,24.108797073364258,7864600
2019-04-22,24.504016633610973,25.308842650033352,24.072861992910262,25.26572608947754,10513100
2019-04-23,25.344780128844,25.431010537260285,24.74834651269449,24.86332130432129,6277600
2019-04-24,25.071710625033635,25.27291579822652,24.66930027864786,24.78427505493164,7331900
2019-04-25,24.66211185363928,24.784274090621064,24.08005052941622,24.10161018371582,6210000
2019-04-26,23.828540396918505,23.950702615055533,23.181805691991553,23.490800857543945,4967900
2019-04-29,23.37583470062111,23.828549160569047,23.33272086524584,23.51236915588379,4900200
2019-04-30,23.799801941156012,23.87166289358038,22.793771907542773,23.0955810546875,7090500
2019-05-01,23.713572786256545,23.850104491218737,22.491963942963928,22.8800048828125,13692400
2019-05-02,22.39854704872998,22.994979268687253,22.01050611567925,22.21889877319336,9268800
2019-05-03,22.376981220656248,22.59974599408192,21.988941788991877,22.463212966918945,9278900
2019-05-06,22.182969223154178,22.67161137154125,22.03206396200229,22.628496170043945,5712600
2019-05-07,22.312313079833984,22.405730941469155,21.90990136596403,22.312313079833984,6314700
2019-05-08,22.204525513830337,22.91593248625298,22.13985202810032,22.65723991394043,5218300
2019-05-09,22.369798134115406,22.527889461743527,22.010501655843925,22.456029891967773,5201400
2019-05-10,22.35543152650138,22.59256719199239,22.05362237309396,22.499149322509766,4950500
2019-05-13,22.27638565339791,22.355431331407605,21.385330391734897,21.50030517578125,5947500
2019-05-14,21.672771406170803,22.247645433944115,21.579354890635564,22.103927612304688,4346200
2019-05-15,21.82367202221607,22.319500251026106,21.7015111461453,22.226083755493164,4552300
2019-05-16,22.520706813412485,22.858445061243593,22.384173747009484,22.491962432861328,4146600
2019-05-17,22.175782067680704,22.42010381549811,21.938646414870576,21.99613380432129,3156300
2019-05-20,21.981767065821973,22.16860147052391,21.543424755920974,21.579355239868164,5404800
2019-05-21,21.76618342822099,22.47759035990611,21.723066859798312,22.36261558532715,5308200
2019-05-22,22.0392491243004,22.182968284016994,21.0404052131533,21.061962127685547,4706800
2019-05-23,20.63080634994734,20.63080634994734,19.380454574551212,19.524173736572266,6956300
2019-05-24,19.746939272551863,20.00563324304366,19.164879209552968,19.39482879638672,5184900
2019-05-28,19.50261589299915,19.524174178973052,19.085831958423146,19.11457633972168,6361800
2019-05-29,18.769651184616816,19.301409880417527,18.64749031054047,19.29422378540039,11386500
2019-05-30,19.229550460063837,19.351711335151606,18.503771304613853,18.52532958984375,8207200
2019-05-31,18.25944790092461,18.43191005532373,18.051056645003438,18.07979965209961,6536200
2019-06-03,18.201961400135023,18.482212243318543,18.058242245852103,18.331308364868164,5506900
2019-06-04,18.56126230395465,18.819956294587865,18.137292206242552,18.676237106323242,7348800
2019-06-05,18.618744817500122,18.625930912087693,17.821106136175725,18.309749603271484,6671800
2019-06-06,18.424727599751378,18.60437588405662,18.209150206828138,18.41754150390625,5635000
2019-06-07,18.48939822071199,18.669046477121412,18.245076482346583,18.460655212402344,5364300
2019-06-10,18.546886576545,19.301410115233825,18.503771376525137,18.769651412963867,5234800
2019-06-11,18.97804108060417,19.22236281102845,18.733719350179893,18.755277633666992,5756700
2019-06-12,18.49658395072618,18.503770045313754,18.07980005889875,18.309749603271484,5327200
2019-06-13,18.562147608746304,18.850603398514114,18.309748276899832,18.836181640625,5809600
2019-06-14,18.785706344142298,18.89387850148829,18.51167360501553,18.58378791809082,5075600
2019-06-17,18.4034984191146,19.0813692235936,18.273692961735197,19.038101196289062,5624000
2019-06-18,19.160695880645385,19.715974193352384,19.088581581838554,19.398672103881836,5800900
2019-06-19,19.36261575970219,19.64386001374297,19.11021640007967,19.4058837890625,7122000
2019-06-20,19.939526002558647,20.40826685153326,19.874623275342774,20.24240493774414,7345900
2019-06-21,20.36499786376953,20.602974060504174,20.163078124690013,20.36499786376953,6676700
2019-06-24,20.35058075771295,20.56692369411466,19.982799003749538,20.134239196777344,5202100
2019-06-25,20.05491331588344,20.35058075771295,19.939530966655635,20.134239196777344,4782200
2019-06-26,20.53086236400702,21.057295790365558,20.4948059017958,20.718358993530273,6219400
2019-06-27,20.7183623667309,20.88422432065224,20.321735715968384,20.40827178955078,4934200
2019-06-28,20.458748569284204,20.747204381100865,20.278463514965566,20.566919326782227,8134800
2019-07-01,20.999609412615243,21.172682946521473,20.660672538515968,20.840957641601562,4932400
2019-07-02,20.718358681092102,20.718358681092102,19.788088490505835,19.86020278930664,9228000
2019-07-03,20.011643264682185,20.011643264682185,19.622226843632273,19.845781326293945,4011000
2019-07-05,19.788091920091556,20.148662101122188,19.723189177468758,20.119815826416016,4754100
2019-07-08,19.982793559731974,20.711145300470108,19.939525534425808,20.148656845092773,7030300
2019-07-09,20.07654503220719,20.278464801017424,19.773666066724783,20.249618530273438,4639800
2019-07-10,20.487595085110815,21.006815587496995,20.401059022446073,20.797685623168945,5116800
2019-07-11,20.812105781696875,20.891430265214915,20.487592154459424,20.667877197265625,4207300
2019-07-12,20.711148927724473,20.949125171785028,20.639035998073247,20.660669326782227,4853500
2019-07-15,20.732784039913458,20.804898346449836,19.889049817009646,19.939529418945312,5786100
2019-07-16,19.92510741407168,19.99722172470335,19.17512215971404,19.326560974121094,7598100
2019-07-17,19.304933059478525,19.441948775103814,18.69196331034857,18.699174880981445,5634600
2019-07-18,18.590993463805045,18.720797534727097,18.345805704065047,18.533302307128906,6051400
2019-07-19,18.576571731252695,19.05252415357917,18.3746519799307,18.99483299255371,6905300
2019-07-22,19.030891653027734,19.333770627301174,18.850606582042733,19.04531478881836,4518100
2019-07-23,18.691956833230883,18.973201113124315,18.44676901854113,18.901086807250977,7234600
2019-07-24,18.915509951835446,19.391462445156353,18.90108681556124,19.117429733276367,6577200
2019-07-25,19.189534708423714,19.232802720741624,18.37464578622212,18.43954849243164,5530200
2019-07-26,18.41071140594832,18.691955668314094,18.27369437087473,18.417922973632812,4823600
2019-07-29,18.280911389061075,18.482829842565835,17.97082076350299,18.403505325317383,5301700
2019-07-30,18.396287390907343,19.56453379061431,18.338596227655962,19.384248733520508,6911300
2019-07-31,19.333770013609964,19.903471480062795,19.196754354345977,19.470787048339844,5991300
2019-08-01,19.11021651287847,19.11021651287847,17.905912247425608,18.143888473510742,9688500
2019-08-02,18.216004227868417,18.576574379547207,17.429961187171376,18.050142288208008,7951200
2019-08-05,17.48765257303001,17.696783923817758,17.256887893171804,17.350635528564453,8057700
2019-08-06,17.530921417904647,17.667938468710858,16.932374986024104,17.466018676757812,12237600
2019-08-07,16.6799754289908,17.63909202444689,16.348251533411208,17.42275047302246,13310200
2019-08-08,17.67514580602686,17.862642416070603,17.300152585939365,17.624666213989258,10249000
2019-08-09,17.754474974007437,18.014084549363552,17.329002082589433,17.34342384338379,7074500
2019-08-12,17.01890892283004,17.33621099461318,16.83862387359554,16.95400619506836,6449300
2019-08-13,16.816995579963233,17.660729986870574,16.687190074982674,17.03333854675293,8900700
2019-08-14,16.514110931207405,16.600648363694294,15.879508136344924,15.886719703674316,6910300
2019-08-15,15.8939329451152,15.980469011251124,15.425190647592716,15.59105396270752,7200700
2019-08-16,15.713644329772588,16.297767458746595,15.42518717305221,16.254499435424805,7774400
2019-08-19,16.57180017089716,16.86746751975519,16.449206291458538,16.78093147277832,5236100
2019-08-20,16.73045430972064,17.033333269006704,16.55737943972929,16.845836639404297,6936700
2019-08-21,17.076604862013106,17.285734862402553,16.81699387832095,16.860261917114258,5745400
2019-08-22,16.96842679511096,17.062174401508013,16.58622205264332,16.60785675048828,5894800
2019-08-23,16.247288732844417,16.514109828892543,15.56220501240544,15.634319305419922,9246700
2019-08-26,15.879510184835011,16.016525855371302,15.461248854034421,15.554996490478516,9275800
2019-08-27,15.692014366312135,15.843453181376276,15.230484977012567,15.389135360717773,6666700
2019-08-28,15.526149775826658,16.01652398090205,15.49009193874813,15.807394027709961,5824800
2019-08-29,15.92998582184721,16.362670181462114,15.92998582184721,16.254499435424805,6215100
2019-08-30,16.326617749156803,16.521325981702972,15.785762464617072,15.857876777648926,6616200
2019-09-03,15.461246103957352,15.973254980131507,15.360285541745311,15.929986953735352,6614700
2019-09-04,16.261712925298433,16.607861308489916,16.139119021462392,16.470844268798828,5609600
2019-09-05,16.679973910993986,17.379480856173842,16.679973910993986,16.946796417236328,7531000
2019-09-06,16.71603295132016,16.997277237883104,16.261713776370463,16.838626861572266,5874100
2019-09-09,17.083813547664057,17.797742256855013,17.076601979837978,17.76168441772461,7254700
2019-09-10,17.8914915218788,18.31696443421901,17.53813291892044,17.711206436157227,9206800
2019-09-11,17.82658522006631,18.237636288794263,17.52370628153642,18.00687026977539,7092500
2019-09-12,17.464061999462068,17.992399795510458,17.203513309547844,17.7752742767334,7706100
2019-09-13,18.0575352907245,18.31808395145827,17.818698213127696,18.144384384155273,5773800
2019-09-16,19.71492017710814,20.568944113267257,19.345808066711836,20.35181999206543,13742400
2019-09-17,20.272211844317106,20.293924813620322,18.983937988271226,19.30962562561035,9822200
2019-09-18,19.034597643601096,19.519509515973557,18.926035572565215,19.17934799194336,8430800
2019-09-19,19.418182964441552,19.555695642196444,18.68719640855914,18.78852081298828,6823200
2019-09-20,18.86813266529624,18.991170027404895,18.679957794986446,18.897083282470703,7923500
2019-09-23,18.607586537668233,18.926036491213427,18.54968667160926,18.69443702697754,4068700
2019-09-24,18.556922304232806,18.629297474026163,17.789748817482938,17.89107322692871,5730000
2019-09-25,17.565386313535736,17.970685315147623,17.50748645616261,17.883834838867188,4347500
2019-09-26,17.63052300838711,17.753560372156898,17.442348135536772,17.666709899902344,3653800
2019-09-27,17.369977498791883,17.891076326796597,17.27589072806781,17.550914764404297,4462000
2019-09-30,17.420638305717542,17.521962724538,17.261414021793726,17.413400650024414,3920700
2019-10-01,17.514725877480988,17.760800641247037,16.718601722969737,16.74755096435547,4563500
2019-10-02,16.60279650065795,16.71135853569091,15.922472297774947,15.944185256958008,6803500
2019-10-03,15.792201805967014,16.429101652507285,15.502702503194875,16.40738868713379,7236500
2019-10-04,16.204737703348705,16.515949956483244,16.023800475288297,16.356725692749023,3582200
2019-10-07,16.25539680219157,16.356722569256366,15.59678552825594,15.842860221862793,7205800
2019-10-08,15.58955331774892,15.719826971452104,15.13359069824219,15.133590698242188,8530500
2019-10-09,15.430324949939834,15.48822480155449,14.901988631400934,15.249387741088867,7644600
2019-10-10,15.23491453830249,15.45204004719182,14.887515380609413,15.075690269470215,5998200
2019-10-11,15.329004848658236,15.719828611423681,15.23491670065277,15.3869047164917,8706400
2019-10-14,15.068453250840589,15.19872828558771,14.540116836980905,15.162541389465332,9665300
2019-10-15,15.082926650951375,15.37966357898111,14.800665031713685,15.177013397216797,6529300
2019-10-16,15.155298518975163,15.473746960505439,14.901986191962484,14.94541072845459,6535900
2019-10-17,14.97436796378558,15.003317207439226,14.598018133196037,14.750004768371582,5714900
2019-10-18,14.713814291551056,14.916464469626302,14.330226898193361,14.33022689819336,5893000
2019-10-21,14.315753056731058,14.757238925991517,14.308515402422996,14.648676872253418,5062900
2019-10-22,14.721056090425439,15.329005415373647,14.540118824201372,14.959893226623535,6468900
2019-10-23,14.938172791010729,15.582310075502788,14.7065734268774,15.415846824645996,10303100
2019-10-24,15.54612298865408,15.582311254814426,15.220436875858189,15.531647682189941,8312900
2019-10-25,15.509938740190597,15.654687688120974,15.24215104683517,15.538887977600098,9456300
2019-10-28,15.676400116380616,15.828388094026915,15.234912872314453,15.234912872314453,8878500
2019-10-29,15.06121769179043,15.589555559627264,14.988842509030691,15.488229751586914,8305100
2019-10-30,15.567837016137169,15.625736865523828,14.605251157308144,14.655913352966309,6303300
2019-10-31,14.59077993587712,14.786192499946237,14.272329984850597,14.677630424499512,5711200
2019-11-01,14.887513457395796,15.35071227448249,14.735526863204738,15.321763038635254,6601300
2019-11-04,15.640215981435642,16.392914206747225,15.567840806968348,16.33501434326172,12374300
2019-11-05,16.5014750783316,17.058762086632804,16.443575219056253,16.631750106811523,11001200
2019-11-06,17.369974237835834,17.369974237835834,15.944189349439092,15.980376243591309,10316400
2019-11-07,16.233689830328416,16.552139767817806,16.197501553090063,16.414627075195312,8545900
2019-11-08,16.14683564093626,16.64622270872147,15.965898437580591,16.581085205078125,5696800
2019-11-11,16.24816664456467,16.472528462434756,16.132366907570965,16.306066513061523,5730300
2019-11-12,16.4580481333238,16.69688519062428,16.03827386957019,16.190261840820312,7759900
2019-11-13,16.07446392956171,16.168552068524477,15.58955344583669,15.647453308105469,6227300
2019-11-14,15.705351507815882,16.002088443086194,15.661925580380135,15.806675910949707,5818300
2019-11-15,15.951427549650667,16.537663813694238,15.929714584152174,16.327775955200195,6862200
2019-11-18,16.103416831518572,16.154079045623448,15.632980211405267,15.893528938293457,7662000
2019-11-19,15.806674254429389,15.842861143058709,15.350711727228576,15.553361892700195,6166100
2019-11-20,15.48822406668461,16.31329863859782,15.408612637267629,15.886286735534668,6380900
2019-11-21,16.002090712353635,16.566614044659197,15.857340361256917,16.479764938354492,7108000
2019-11-22,16.55214011390285,16.675177498202565,16.29159003410542,16.479764938354492,4324300
2019-11-25,16.4508140260471,16.566613752707084,16.277114436057126,16.458051681518555,7193200
2019-11-26,16.429102870462085,16.50871432185036,16.031040091754043,16.110652923583984,6717600
2019-11-27,16.175786222767403,16.349485771978113,15.994849019784414,16.29158592224121,3221600
2019-11-29,16.103410222256226,16.103410222256226,15.712585221666078,15.842860221862793,2392100
2019-12-02,16.031033066078514,16.19025865995703,15.770484478675499,15.799433708190918,4867500
2019-12-03,15.560603753797547,15.756016318290778,15.263866769393022,15.495466232299805,4483700
2019-12-04,15.748781091280229,16.34949280850146,15.734305777505766,16.204742431640625,6375200
2019-12-05,16.40738844723373,16.4580506519229,15.828389850155256,15.973138809204102,5175000
2019-12-06,16.045514950341513,16.827163793939082,16.045514950341513,16.74755096435547,5310200
2019-12-09,16.581085980033,16.86334758871876,16.552136743972564,16.754785537719727,4508700
2019-12-10,17.000861328830414,17.29036060990659,16.769261903969475,16.950199127197266,5087100
2019-12-11,16.885061616399945,17.06599883962774,16.7330750115005,16.950199127197266,3583600
2019-12-12,16.993789431292193,17.524165286037835,16.942931795330733,17.42971420288086,5833000
2019-12-13,17.473311287777708,17.58955774218593,17.02285662338761,17.05918312072754,4573600
2019-12-16,17.27714147848864,17.58955287210795,17.16815924510904,17.327999114990234,11448300
2019-12-17,17.36432520916731,17.68400355592594,17.335264297152865,17.56049156188965,5364000
2019-12-18,17.90923448301568,18.178055249396635,17.662210444427856,17.9455623626709,9021700
2019-12-19,17.97462179129329,18.330626667815213,17.952825065306186,18.24344253540039,7107400
2019-12-20,18.38148334349926,18.563118559880742,18.207113702065044,18.504995346069336,14639100
2019-12-23,18.55585298388005,19.115288355341438,18.483198625604125,19.057165145874023,6292100
2019-12-24,19.14435694371755,19.391381011566843,19.09349929194277,19.282400131225586,2780000
2019-12-26,19.39864491136244,19.551217853496983,19.122558560213797,19.151620864868164,3175300
2019-12-27,19.253334079568983,19.304191721452703,18.67936609655716,18.693897247314453,3950700
2019-12-30,18.715695705643967,18.868268645416205,18.526794885616237,18.54859161376953,3549700
2019-12-31,18.36695111249948,18.94818317254804,18.2725000366375,18.868263244628906,3391300
2020-01-02,19.042637473756688,19.09349650387201,18.621243781740727,18.737491607666016,5091400
2020-01-03,19.253331191646367,19.282393488801727,18.831937583259865,18.96271514892578,6983500
2020-01-06,19.129821197618668,19.289659691362118,18.95545155378034,19.187944412231445,4389700
2020-01-07,19.071703078737208,19.304195999307648,18.962722195440705,19.24607276916504,6457400
2020-01-08,19.217011771756688,19.246072693830683,18.316099629421977,18.56312370300293,8227400
2020-01-09,18.81014115781995,18.846469029838566,18.308828995862648,18.78108024597168,7500200
2020-01-10,18.672100322468836,18.672100322468836,18.178052324779227,18.236175537109375,5205900
2020-01-13,18.170791611412454,18.475938904226204,17.90197081636129,18.425081253051758,4744200
2020-01-14,18.534056260667285,19.151616227362712,18.432340990540965,19.057165145874023,6388500
2020-01-15,18.890064392642838,19.07896520286129,18.788349104743233,19.064434051513672,5669200
2020-01-16,19.246068082738173,19.60207295389519,19.173413716309504,19.209741592407227,6293500
2020-01-17,19.29692355673643,19.29692355673643,18.6866291644899,18.78108024597168,5842600
2020-01-21,18.635772573421576,18.722958085383837,18.14899014723515,18.1562557220459,5810100
2020-01-22,17.97462379481124,18.054543746571998,17.567761231402468,17.654945373535156,8146500
2020-01-23,17.466044401141932,17.86564135327387,17.146366007976283,17.727598190307617,5921300
2020-01-24,17.68400820279763,17.691273779152095,17.11730571905256,17.400657653808594,5564900
2020-01-27,16.855750379656186,17.015588887744634,16.30357909839582,16.434356689453125,6349000
2020-01-28,16.637789018406142,16.69591224435733,16.37623519450931,16.50701141357422,5050200
2020-01-29,16.67411178272766,16.768561476245033,16.07108297891695,16.12194061279297,5954000
2020-01-30,15.853120472908444,16.376230750272715,15.736874052553414,16.339902877807617,5609200
2020-01-31,15.947575376250256,16.020228367053278,15.453527278494667,15.78046989440918,7340500
2020-02-03,15.76594238197549,15.831331191661295,15.366343946588103,15.388140678405762,5867400
2020-02-04,15.802265986390639,16.223659690597046,15.744142764629993,15.882185935974121,6171000
2020-02-05,16.33264219019369,17.15363433858707,16.274518962625162,17.008325576782227,6787400
2020-02-06,17.059183132508583,17.110040783126422,16.666851695051655,16.804893493652344,5152800
2020-02-07,16.514276642345955,16.775831846502996,16.34717254447539,16.68864631652832,3338500
2020-02-10,16.492476656600093,16.594191924798885,16.223655951803384,16.376230239868164,3741400
2020-02-11,16.710439111972118,16.81941995946208,16.470680693187532,16.492477416992188,3700800
2020-02-12,16.964732290163052,17.284410711827658,16.797628196066512,16.899343490600586,4484100
2020-02-13,16.688645392424682,16.979262885736524,16.557869183354644,16.928403854370117,5176500
2020-02-14,17.03012218752217,17.139103065229094,16.390765302978696,16.579666137695312,7211000
2020-02-18,16.347171279736262,16.390763348467498,15.99116638260292,16.100147247314453,9680000
2020-02-19,16.36170404157976,16.732240126681205,16.100148831915913,16.50701141357422,10966700
2020-02-20,16.223657829423853,16.434355350239358,16.027491458823228,16.092880249023438,7706300
2020-02-21,15.765936266195673,15.787731603791512,15.148376295258675,15.235560417175293,9274000
2020-02-24,14.479962439712576,14.479962439712576,13.87693346147885,13.935056686401367,10968800
2020-02-25,13.956852600190023,14.065834863920982,12.794388054218908,12.917900085449219,10388900
2020-02-26,12.983288427745384,13.026880500227573,12.125969816249338,12.147765159606934,10340400
2020-02-27,11.501141751375,12.155028247824001,11.188728960042317,11.384895324707031,13203400
2020-02-28,10.847255471247692,11.857146842727971,10.745539499443067,11.799023628234863,13848000
2020-03-02,12.009722983149247,12.111438277622652,11.195996470061157,11.849883079528809,11012000
2020-03-03,11.784494290794619,12.213153583277784,11.246854127594894,11.472082138061523,11433000
2020-03-04,11.733634824301527,12.02425089641022,11.399425994934846,11.813554763793945,8787200
2020-03-05,11.355833603178276,11.697307997724012,11.232321602872016,11.588326454162598,9800200
2020-03-06,11.014361217295267,11.057953981246412,9.452298377328821,9.713852882385254,13648400
2020-03-09,6.6478499392349635,7.098305973470889,5.834124094254758,6.081148147583008,24783100
2020-03-10,6.81495306520401,6.829483521497553,5.681549412532821,6.546133041381836,20134700
2020-03-11,6.117474086232195,6.495274972490664,5.877715658270405,6.110208511352539,15483400
2020-03-12,5.698945161612226,5.948641317203368,5.148145065588897,5.3390889167785645,14551000
2020-03-13,5.970673850031949,6.396625919988397,5.280337603823829,6.389281749725342,18626600
2020-03-16,5.214240435155046,6.139584342710591,4.7736004625005375,5.559408664703369,14135800
2020-03-17,5.581442225063506,5.779730292592428,4.670786018690486,4.744225978851318,13441300
2020-03-18,4.3182729833353015,4.377024939540253,3.451680578744425,3.97310471534729,14374600
2020-03-19,4.04654476881654,4.810320854187012,3.8629447415603835,4.810320854187012,14057900
2020-03-20,4.94985724348015,5.390497649290738,4.362337286048215,4.465153217315674,18814900
2020-03-23,4.421088438593311,4.839696607515675,4.186080288466664,4.538592338562012,13426500
2020-03-24,4.993921180473924,5.603473251433421,4.678128890562896,5.4419050216674805,14859800
2020-03-25,5.4198737967848745,5.720977779876483,4.876417442948327,5.258305549621582,12033100
2020-03-26,5.368465074910259,5.581441091205726,4.957201031367656,5.405185222625732,13399600
2020-03-27,5.096737326579878,5.111425316274199,4.560625177453181,4.619377136230469,13563100
2020-03-30,4.523905101722045,4.788289270710398,4.0098251038679225,4.663441181182861,19194700
2020-03-31,4.9057930687546865,5.471281192473699,4.9057930687546865,5.074705123901367,14607600
2020-04-01,4.825009153670061,5.09673712749567,4.567968818775762,4.986577033996582,16931500
2020-04-02,5.3537772207189125,6.6389775204836035,5.192209337117497,5.720977306365967,24076400
2020-04-03,6.095521552396802,6.293809234142915,5.552065244380587,6.154273509979248,17941900
2020-04-06,6.213025647499751,6.528817953935132,6.022081429637492,6.462721824645996,13542100
2020-04-07,7.042897228449452,7.402753117400374,6.345217257933975,6.39662504196167,14770900
2020-04-08,6.631632499417529,6.932736418936665,6.3305285798983935,6.910704612731934,11611300
2020-04-09,7.4174425591864965,7.755266690999278,6.506785747096413,7.101650238037109,24413800
2020-04-13,7.534945023420607,7.593696974059566,6.925393010257544,7.1310248374938965,11422400
2020-04-14,6.918050690171397,7.138370914136978,6.514130396297613,6.6903862953186035,11435600
2020-04-15,6.132242119306305,6.411313586671177,5.911921913153159,6.367249965667725,10246900
2020-04-16,6.315841281780557,6.337873089168624,5.93395288503524,5.9412970542907715,6949200
2020-04-17,6.007393948137541,6.7932019495295295,5.970673797523821,6.771170139312744,12742900
2020-04-20,6.161617836329289,7.035553752857541,6.095521707274987,6.727105617523193,12798900
2020-04-21,6.3819372603096065,6.807890009343316,6.301153492591769,6.646321773529053,14497600
2020-04-22,7.035553189644647,7.2118090527606835,6.851953157137472,7.153057098388672,7391800
2020-04-23,7.439472804989298,8.078400782861074,7.380720855326041,7.762608528137207,12396400
2020-04-24,8.004963091322775,8.247315137364636,7.483538843697836,7.725891590118408,16016800
2020-04-27,7.564321305671321,7.997617484499012,7.255873202111896,7.9021453857421875,7466800
2020-04-28,8.100434356843726,8.262002603869867,7.828706355250776,8.056370735168457,8856000
2020-04-29,8.45294641385719,9.473762236823848,8.335442494699468,9.275474548339844,11865400
2020-04-30,9.407664642040315,9.437040615067719,8.739360030004612,9.157968521118164,10381000
2020-05-01,8.754048874919565,8.959680698049244,8.107776730419234,8.188560485839844,7152100
2020-05-04,7.97558502914504,8.394193572652012,7.814017507461607,8.386849403381348,6554300
2020-05-05,8.930303937728416,8.996400050157467,8.15918379335352,8.210592269897461,8942300
2020-05-06,8.739364117899045,8.84952459356392,8.262004157820902,8.438260078430176,10874300
2020-05-07,8.776082240549428,9.12859470036974,8.746706260595953,8.820146560668945,8928300
2020-05-08,9.04781020344409,9.341570702488307,8.996402413772259,9.326882362365723,7413600
2020-05-11,9.180002161457674,9.385634013768321,8.99640211822852,9.150626182556152,8113500
2020-05-12,9.282816286355297,9.605951979379963,9.106559753417969,9.106559753417969,8834000
2020-05-13,8.996401533620825,9.011089872306393,8.291377385419889,8.467633247375488,9738800
2020-05-14,8.232628408447129,8.856869020745583,7.924180188297162,8.563108444213867,7713900
2020-05-15,8.52638493828297,9.062497377329587,8.452945348256684,8.776081085205078,8335400
2020-05-18,9.444384117286955,9.811584131650221,9.275472446861507,9.63532829284668,10691700
2020-05-19,9.65002042339331,9.66470806554532,9.033124044677017,9.040468215942383,9861100
2020-05-20,9.268131984335918,9.451732064929844,9.077187732427342,9.121252059936523,10717300
2020-05-21,9.172657706717702,9.260785640684846,8.84952194883817,9.025777816772461,8138600
2020-05-22,8.922961411915008,8.9964017059929,8.665921783399483,8.915617942810059,8327800
2020-05-26,9.356259876187174,9.39298003213528,8.893587592149954,9.040468215942383,9076900
2020-05-27,9.180002186622474,9.180002186622474,8.651233864567017,9.128594398498535,9418900
2020-05-28,9.099221093666443,9.106564565286174,8.497012296984762,8.563108444213867,11208700
2020-05-29,8.44560245439236,8.489666775364478,7.9094906347735385,7.93886661529541,43102100
2020-06-01,7.931522638761165,8.724674832599417,7.799330372995244,8.592482566833496,12174000
2020-06-02,8.72467457209643,8.974370755363854,8.709986231726054,8.930306434631348,8460800
2020-06-03,9.106561120780876,9.246097534458748,8.871553308748913,9.194689750671387,8261400
2020-06-04,9.069841934980253,9.415009493684993,8.871553562620107,9.341569900512695,10409200
2020-06-05,9.921746970832485,10.942562810955149,9.914402800667048,10.722243309020996,15550300
2020-06-08,11.49336180783375,11.574146270751953,10.678177911876508,11.574146270751953,13064200
2020-06-09,11.016001016203877,11.03803282213031,10.443169159467251,10.685521125793457,10895900
2020-06-10,10.391762119044776,10.648802458540283,9.804242543704037,10.039250373840332,12575600
2020-06-11,8.959681510925293,9.708769985141506,8.75404966913946,8.959681510925293,9180400
2020-06-12,9.65629789476861,9.700763124047462,8.97450242416514,9.485849380493164,8107100
2020-06-15,8.900393417842952,9.700761779960727,8.759587466928286,9.552545547485352,7482400
2020-06-16,10.278808470523181,10.286219461019641,9.4858508629267,9.856391906738281,10065500
2020-06-17,9.782283670764642,9.863803154852887,9.337634830628186,9.359867095947266,7580300
2020-06-18,9.219059584122501,9.737817539118446,9.16718407132325,9.59701156616211,6611000
2020-06-19,9.945319293868852,10.123178782740386,9.433972379924713,9.589599609375,15559700
2020-06-22,9.567369474395628,9.619244993481129,9.307991172217182,9.411742210388184,6084900
2020-06-23,9.567371109112,9.634068620332938,9.100489237316507,9.17459774017334,9560800
2020-06-24,8.974502774439316,9.018968005453644,8.337172508239746,8.337172508239746,11073100
2020-06-25,8.233421487502293,8.737357517849286,8.196367949654016,8.670660018920898,8708200
2020-06-26,8.566911639567024,8.574321925384764,8.040743181945462,8.107439994812012,9114100
2020-06-29,8.09261512330799,8.300117875847702,7.974042121856726,8.24083137512207,8126000
2020-06-30,8.114848327876413,8.470568080339289,7.988864322499031,8.403870582580566,8480700
2020-07-01,8.418689149664226,8.744765543490526,8.137077975632673,8.226008415222168,9292600
2020-07-02,8.500211705718966,8.641016990780583,8.255654674413925,8.32976245880127,8120800
2020-07-06,8.522443392250354,8.692891920854928,8.137080395273383,8.270475387573242,8733500
2020-07-07,8.129670679469058,8.151902944153756,7.6553778901061325,7.670199871063232,10357100
2020-07-08,7.640556382741584,7.781361663782477,7.477518130943501,7.677609920501709,9995400
2020-07-09,7.647966535371015,7.72948601325056,7.2477822563516225,7.262604236602783,8992400
2020-07-10,7.181086973255998,7.588682368096893,7.121800447470173,7.551628112792969,8822300
2020-07-13,7.559036952080309,7.751718459376212,7.28483667173657,7.3811774253845215,8218600
2020-07-14,7.344122531262076,7.729485511779785,7.218138534304431,7.729485511779785,8370700
2020-07-15,7.951810372653463,8.025918863293207,7.759129569141831,7.959221363067627,7685500
2020-07-16,7.862880536459722,8.12967053493682,7.655377754006043,7.907345771789551,6045600
2020-07-17,7.9443978524630685,8.100025073593201,7.559034940426265,7.625732421875,6260700
2020-07-20,7.603502286275669,7.84064832496232,7.544215776604006,7.610913276672363,7694900
2020-07-21,7.922166836958677,8.6187843626787,7.922166836958677,8.41128158569336,14804500
2020-07-22,8.255655451964149,8.337174234493274,8.062973922257838,8.203779220581055,9684400
2020-07-23,8.055562032125959,8.314941039842676,7.974043258694018,8.062973022460938,9173000
2020-07-24,8.040742493565318,8.218602059484924,7.907347465750068,7.929579734802246,5428000
2020-07-27,7.9073450227490945,7.929577284932541,7.603501514822139,7.729485511779785,7119200
2020-07-28,7.677610619891602,7.914757382314616,7.640557078756094,7.662789344787598,5853400
2020-07-29,7.714663523177924,8.040739999645591,7.610912495279833,8.033329010009766,7501100
2020-07-30,7.796184354478607,7.848059877469112,7.529394335096589,7.662789344787598,7693300
2020-07-31,7.581269073123432,7.796183547262725,7.5071612917745325,7.773950576782227,7538200
2020-08-03,7.78877220871798,7.9814537037583095,7.6183229764127995,7.855469703674316,6596700
2020-08-04,7.833236348358581,8.389047836616779,7.8184150761821405,8.218599319458008,11389200
2020-08-05,8.789232459925609,8.99673593337475,8.559497430625974,8.922627449035645,14166700
2020-08-06,8.818877096016054,8.930039839966438,8.626196278653847,8.72253704071045,9407300
2020-08-07,8.574320143055765,9.018969710244468,8.47056909566247,8.974504470825195,9433600
2020-08-10,9.078254898275624,9.411741671555976,8.981914149238916,9.367277145385742,10311300
2020-08-11,9.663709843625112,9.819337101427202,9.115309299656188,9.159773826599121,8952600
2020-08-12,9.389510951220744,9.448797467022766,9.122721630111645,9.2709379196167,6983400
2020-08-13,9.240664779327965,9.35418617060846,8.95307643676579,8.960644721984863,7692500
2020-08-14,8.9076676826465,9.172551155090332,8.763873158340068,9.172551155090332,4218100
2020-08-17,9.089301423995884,9.112005554755083,8.733600007262345,8.88496208190918,6813200
2020-08-18,8.809281677175509,8.869826508901692,8.544397497059965,8.58223819732666,6895200
2020-08-19,8.582238678870064,8.627646944336865,8.370331755938475,8.393035888671875,6724900
2020-08-20,8.218969006429944,8.340059399312668,8.082743487282858,8.090311050415039,5064600
2020-08-21,8.075174721279867,8.105447137259072,7.855699524992794,7.9011077880859375,4932300
2020-08-24,7.976788933703007,8.264377237180124,7.923812387872143,8.15842342376709,5946900
2020-08-25,8.24924006364135,8.377897998436325,8.105446283327044,8.309784889221191,5796300
2020-08-26,8.324923886538423,8.400605301480267,8.082744513526864,8.097880363464355,5244400
2020-08-27,8.143287658691406,8.22653662036668,7.9616531668082775,8.143287658691406,5458400
2020-08-28,8.20383317127429,8.498989064681796,8.16599246854858,8.400604248046875,5612100
2020-08-31,8.400603682921334,8.430876098715139,8.135719503412039,8.226536750793457,5002400
2020-09-01,8.143286914332421,8.37789793113172,8.037333109543265,8.256808280944824,5747800
2020-09-02,8.256810693783112,8.279514829390036,8.014631322638696,8.067607879638672,8443800
2020-09-03,7.931379474521847,8.15085537237244,7.863267086147237,7.923811912536621,8122500
2020-09-04,8.029765139907774,8.150855516580174,7.83299481153658,7.984356880187988,5498300
2020-09-08,7.727042001742679,7.757314419387306,7.182137762388017,7.280523300170898,11081000
2020-09-09,7.394046799041018,7.4091826498358655,7.091321843877513,7.2502522468566895,7062100
2020-09-10,7.250248839432849,7.333497784058486,6.705344753630151,6.7129130363464355,12149700
2020-09-11,6.735904441522314,6.912157156958076,6.6362834685915715,6.873841285705566,10429000
2020-09-14,6.927483026578388,7.065419869957374,6.820198733859794,6.98878812789917,6228100
2020-09-15,7.027101144124721,7.195690469673635,6.996448605917115,7.073079586029053,8890400
2020-09-16,7.203354393801116,7.609501513992431,7.06541831165879,7.4792280197143555,7845100
2020-09-17,7.287649859374603,7.640154500029933,7.249333994578827,7.624827861785889,6791100
2020-09-18,7.5941769274456705,7.716787136156134,7.410261614379974,7.494555950164795,12580600
2020-09-21,7.188029292557657,7.249334387225641,6.996450689016615,7.103734970092773,5664200
2020-09-22,7.157377949952102,7.2723248390988156,6.981125225004043,7.050093650817871,5359300
2020-09-23,7.0960712186359975,7.157376309572498,6.651608943939209,6.651608943939209,6896800
2020-09-24,6.620957166700027,7.004114394918015,6.460031101615895,6.866177558898926,9167500
2020-09-25,6.720578350431951,6.873841100498049,6.651609930198597,6.7588934898376465,6859700
2020-09-28,7.325966210185714,7.67847087422672,6.8891664918388775,7.509881496429443,39400900
2020-09-29,7.4792312328519435,7.486894554822712,6.873842682638771,7.3336310386657715,25306900
2020-09-30,7.364281688701093,7.4792292960522975,7.203355623060941,7.249334812164307,12237500
2020-10-01,7.211018692775209,7.310639656696286,6.912156531826373,6.973461627960205,12066500
2020-10-02,6.666937178562181,7.555862038261861,6.62862130064797,7.356620788574219,14637600
2020-10-05,7.563523124078303,7.785754273307233,7.371944521956316,7.778090953826904,12036800
2020-10-06,8.007986854559658,8.115271154026194,7.425587624566173,7.456240177154541,11454000
2020-10-07,7.509881043157828,7.62482790741875,7.348954994703933,7.563522815704346,9363500
2020-10-08,7.640154697099536,7.9160276152791615,7.540533738386639,7.908364295959473,8722000
2020-10-09,7.977331939312825,8.015647801403842,7.66314318563219,7.716784954071045,8986300
2020-10-12,7.663144326232457,7.686133554583125,7.479229037798333,7.5558600425720215,6470900
2020-10-13,7.509882802059542,7.6401563351678075,7.264661646953947,7.2799882888793945,8267600
2020-10-14,7.33362887410188,7.563523349667971,7.1267243576624715,7.142050266265869,11721100
2020-10-15,6.988788727707155,7.234009154036155,6.84318928227794,7.218683242797852,10028800
2020-10-16,7.188029262673523,7.256997676591864,6.850850512587054,6.858513832092285,9136600
2020-10-19,6.935146172973622,6.96579872286507,6.720578323733487,6.789546012878418,8942500
2020-10-20,6.835525414453057,6.988788168648639,6.689925249856411,6.873841285705566,10046500
2020-10-21,6.804871765460567,6.89682940313802,6.60562985175225,6.613293170928955,13997300
2020-10-22,6.620957703080141,7.188030271387252,6.620957703080141,7.15737771987915,10617000
2020-10-23,7.211019615672027,7.325967233745241,7.057756855722229,7.172703742980957,8760000
2020-10-26,6.988787790138868,7.0347669793145595,6.651609749170009,6.751230716705322,9174100
2020-10-27,6.682261196438366,6.781882147546098,6.590303564065297,6.659271240234375,8523700
2020-10-28,6.429379262785452,6.475357725994357,6.138179649475907,6.20714807510376,10995600
2020-10-29,6.046221000930314,6.48302037567707,5.923610803979874,6.4753570556640625,12843600
2020-10-30,6.467694099842216,6.843188762664795,6.391063087840364,6.843188762664795,15694900
2020-11-02,6.950471867778615,7.341292414931075,6.643946378334182,7.226345539093018,9494800
2020-11-03,7.425586541301425,7.586512601617649,7.2340079328685105,7.387271404266357,9360000
2020-11-04,7.440913484410032,7.678471290119255,7.126724670689181,7.517545223236084,16190000
2020-11-05,7.471566343135429,7.9313553335003135,7.40259792149925,7.701460838317871,14737800
2020-11-06,7.624827350560291,7.877711018117122,7.456237995250975,7.486891269683838,13372700
2020-11-09,8.299186221654494,9.103816616582453,8.299186221654494,8.682343482971191,17784200
2020-11-10,8.850934734810602,9.027186761109533,8.58272430343482,9.011860847473145,12157100
2020-11-11,9.149796236642386,9.15745955823403,8.866259915082656,8.93522834777832,9466900
2020-11-12,8.735987219130772,9.057839449070661,8.475440837059347,8.598051071166992,7156200
2020-11-13,8.690007350444933,9.065501314769215,8.651691475739195,9.027185440063477,6255500
2020-11-16,9.601920127868652,9.6402359976249,9.356699730731748,9.601920127868652,9010500
2020-11-17,9.502297771860846,10.046380996704102,9.402677548175495,10.046380996704102,10544300
2020-11-18,10.13067716689138,10.452529292236306,9.77050917313598,9.778172492980957,13030700
2020-11-19,9.77817311972628,10.414214091339067,9.701541377993518,10.39122486114502,13796600
2020-11-20,10.345244745008065,10.398886520936394,9.99274008001966,10.084697723388672,9144000
2020-11-23,10.337583981755284,11.134551152184436,10.291605514107879,11.096235275268555,13055800
2020-11-24,11.52536934908335,11.831894838095776,11.341454055675896,11.724611282348633,15283200
2020-11-25,11.556021189550158,11.747599791141925,11.37976922687663,11.586673736572266,8835500
2020-11-27,11.479390758473624,11.670969381792457,11.234170354486139,11.326128005981445,4805800
2020-11-30,11.165199716676513,11.211178898703732,10.697748231668934,10.72073745727539,11359000
2020-12-01,11.05025327806964,11.180526779484353,10.651769454727141,10.728401184082031,6989500
2020-12-02,10.651771927721658,11.709286091942095,10.559814269634815,11.341455459594727,11248500
2020-12-03,11.425748778698043,11.99282131844443,11.18052837898381,11.732275009155273,10305600
2020-12-04,12.069453901651762,12.82810511436011,12.000485476712004,12.81277847290039,13820300
2020-12-07,12.575221036558814,12.659516100677624,12.18440045968379,12.222716331481934,10100800
2020-12-08,12.069454376478246,12.644190299167686,12.008149269856535,12.238043785095215,10695900
2020-12-09,12.421955756113649,12.5292407663122,11.762926364233516,12.038799285888672,11767500
2020-12-10,12.023366233103253,12.903124271253288,11.946194139666263,12.78736686706543,9436700
2020-12-11,12.71019565967862,12.72563037382905,12.301185302272039,12.470963478088379,6840700
2020-12-14,12.764218118711101,12.810520792707678,11.8535897865097,11.861307144165039,8244700
2020-12-15,12.007930992487918,12.216294445294997,11.745546785572111,12.185425758361816,6702600
2020-12-16,12.293467014914864,12.409224411482684,11.930759377185407,12.278032302856445,11101600
2020-12-17,12.432377085409188,12.563569200428514,12.131406809311741,12.424659729003906,10290000
2020-12-18,12.386071519620488,12.54041568606921,11.91532387266097,12.06195068359375,18161900
2020-12-21,11.313385533859979,11.953911402052166,11.066436014354833,11.80728530883789,10013600
2020-12-22,11.822718838529836,11.845870907083238,11.429143240700709,11.44457721710205,5470700
2020-12-23,11.73011367255837,12.29346820581542,11.52175019135806,12.085103988647461,6573800
2020-12-24,12.100537321496455,12.115971297321366,11.676092314781721,11.830435752868652,2793200
2020-12-28,11.96162644522039,12.077383826109724,11.760979631442561,11.845869064331055,5395600
2020-12-29,11.961629497351357,12.000215546149251,11.65294257890355,11.815003395080566,5649800
2020-12-30,11.815002198676249,12.524982039212613,11.768698797613993,12.455527305603027,8885700
2020-12-31,12.339770670696819,12.50954810117613,12.07738643236089,12.200861930847168,8597400
2021-01-04,12.347485592895156,12.679324503713811,12.12368744596263,12.447808265686035,10303800
2021-01-05,12.640738541110151,13.844619523642606,12.617587946172849,13.39702320098877,17603600
2021-01-06,13.659408388247597,14.392539562120374,13.512781564698967,14.137872695922852,89656100
2021-01-07,13.991248450029712,14.871008081467428,13.867773672272744,14.330804824829102,21497600
2021-01-08,14.500580377774,14.546883040686703,13.829185141831795,13.975811958312988,13952000
2021-01-11,13.559083101370303,14.191891536107791,13.350718917658673,14.145588874816895,10890600
2021-01-12,14.446561980627049,15.341754838951681,14.168744471725375,15.210562705993652,17082400
2021-01-13,15.171973346069231,15.218276006553538,14.670357020339981,14.762962341308594,10870300
2021-01-14,14.871006739214202,16.02858378015476,14.85557202540385,15.650442123413086,12994700
2021-01-15,15.35718976194256,15.388059192202892,14.65492641480996,15.102522850036621,12581100
2021-01-19,15.426640287673672,15.542397675610118,15.063933412956795,15.434357643127441,10915400
2021-01-20,15.619572369045997,15.665875037573121,15.04850121742715,15.411208152770996,10245700
2021-01-21,15.364907358201576,15.42664474774588,13.489632126882052,14.191895484924316,21202300
2021-01-22,13.736579895019531,13.952661466234334,13.350720892665777,13.736579895019531,16633700
2021-01-25,13.528217964995,13.605388592552798,12.87997468434898,13.404743194580078,15034500
2021-01-26,13.643973361477377,13.836902845724659,12.988012820649589,13.003447532653809,11023100
2021-01-27,12.702476794292348,13.559084192766745,12.432376688408693,13.281265258789062,15504100
2021-01-28,13.443329393432341,13.551369456674628,12.856823459379779,13.273551940917969,12285600
2021-01-29,13.126925205427893,13.58995636502824,12.586721940571577,12.702479362487793,11201200
2021-02-01,12.96486129289815,13.096053406530574,12.478679619986934,12.933993339538574,9160500
2021-02-02,13.327571562262689,13.520501081790746,13.003449910578135,13.088337898254395,10544500
2021-02-03,13.25811445257134,14.083852413351357,13.22724502842416,14.045267105102539,10508800
2021-02-04,14.161023703072356,14.18417429794184,13.63625529764961,14.00667953491211,7402600
2021-02-05,14.377105972073757,14.516015450286064,13.782884219183208,13.813752174377441,9425300
2021-02-08,13.98353149481952,14.585470622360978,13.914076753651607,14.46971321105957,10309200
2021-02-09,14.624056180858238,14.770681535972319,14.199610412438725,14.562318801879883,8261000
2021-02-10,14.63948831805896,15.31088355177901,14.546882992540056,15.225994110107422,11604800
2021-02-11,15.063933424892372,15.071650780352256,14.423407641072478,14.89415454864502,7221000
2021-02-12,14.739812269711004,15.434358089344489,14.639488117846614,15.418923377990723,9125700
2021-02-16,15.889675170266322,16.298686277036847,15.712180367528992,16.105756759643555,14500300
2021-02-17,15.935974860224078,16.96235964181315,15.743045378933388,16.76943016052246,13098100
2021-02-18,16.607367818541167,16.730842551829323,15.820215289877979,15.85108470916748,10717500
2021-02-19,15.920540239978967,16.136621790163378,15.72761075757918,16.07488441467285,9343800
2021-02-22,16.260094536829275,17.363651275634766,16.113467736137682,16.399003982543945,19651000
2021-02-23,16.50704801874754,16.784866977673154,15.13339088169381,16.661392211914062,17987000
2021-02-24,16.74627827851665,17.32506667793172,16.453024665196075,17.1861572265625,15609200
2021-02-25,17.278767054811844,17.48713128623509,16.383574214551306,16.476181030273438,17195300
2021-02-26,16.2215146941525,16.800303264831186,15.712180869710092,16.6228084564209,16250100
2021-03-01,17.016378401746383,17.456258822960763,16.862035711297235,17.286479949951172,11829700
2021-03-02,17.355934365672844,17.88842009725397,17.209307561221667,17.348217010498047,10517000
2021-03-03,17.548865917661747,18.135371733329297,17.494845896944437,17.51028060913086,13706100
2021-03-04,17.695495683834693,18.629273847452804,17.286484574452018,18.227981567382812,19432600
2021-03-05,18.92252583472662,20.164990821785917,18.54438418893159,19.76369857788086,25108200
2021-03-08,19.8717365474086,20.04151396082962,18.683290237656077,18.961109161376953,22490300
2021-03-09,18.99197802977785,19.184907505181737,18.281997501414146,18.390037536621094,11746000
2021-03-10,18.35916949675025,18.667856361509454,17.934723769763153,18.44405746459961,16969700
2021-03-11,18.675576137431005,19.246647279228778,18.60612139986713,19.0151309967041,13936600
2021-03-12,19.20262614788623,19.335435257744546,18.81982377007755,18.944820404052734,9798700
2021-03-15,18.929194663775363,19.34324692786886,18.48389398752845,19.226062774658203,10401800
2021-03-16,18.772950469703122,18.96044542131356,18.24952650434495,18.366710662841797,9902600
2021-03-17,18.280772613123695,18.679199893842405,17.976093541429425,18.4995174407959,11863700
2021-03-18,18.39795628475472,18.48389201664891,17.17142606444803,17.468294143676758,17018600
2021-03-19,17.499545517757493,17.94484622197861,17.280802148709896,17.733915328979492,18103700
2021-03-22,17.640169826821243,17.687043200263155,17.265179859130598,17.444862365722656,11954200
2021-03-23,16.95268789148349,17.530797786343978,16.75738043416261,16.983936309814453,13197700
2021-03-24,17.437048005554733,18.062032707628738,17.42142305273544,17.452672958374023,11052300
2021-03-25,16.937055908328198,17.530790510990578,16.55425362965318,17.460479736328125,9282900
2021-03-26,17.944845897262113,18.108904911156568,17.272989360102336,17.76516342163086,11916000
2021-03-29,17.624544360645476,17.85110172417979,16.83550206190505,17.06987190246582,10882100
2021-03-30,16.8042512999835,17.2729894256468,16.546445554380295,17.187053680419922,8036200
2021-03-31,17.18705607770739,17.210493508786758,16.757380271795757,17.06987190246582,9276100
2021-04-01,17.327675185298816,18.397959052263687,17.249551916377623,18.358898162841797,14127500
2021-04-05,18.28858997643977,18.31202740747982,17.460486784033794,17.54642105102539,11309100
2021-04-06,17.780784658384004,18.374519292574487,17.632350627317106,17.796409606933594,12527800
2021-04-07,17.827662470195385,17.929223171076945,17.50735839525044,17.593294143676758,7821400
2021-04-08,17.358924731535794,17.491733850344737,17.007372233566834,17.452672958374023,7749200
2021-04-09,17.42923264086734,17.70266330958343,17.10892861153849,17.21830177307129,6826300
2021-04-12,17.4604884058097,17.655795879051244,17.007375127492423,17.09330940246582,7475500
2021-04-13,17.062052213477546,17.163611391738137,16.765184172265965,16.944868087768555,7356600
2021-04-14,17.140177162036416,18.085464225342044,17.116739738537337,17.569852828979492,11993200
2021-04-15,17.67141789917353,17.67141789917353,17.20267974323921,17.476110458374023,6988400
2021-04-16,17.585485069478064,17.624545968095266,16.937064317919244,17.09330940246582,6568300
2021-04-19,17.14018228632809,17.569858081728615,16.89799997466534,17.210493087768555,8624900
2021-04-20,17.062057692758504,17.108931060079534,15.968336351443723,16.382387161254883,13799100
2021-04-21,15.733968007505124,16.70269279992566,15.733968007505124,16.53863525390625,7001200
2021-04-22,16.60894457396543,16.671442894024256,16.241767129879527,16.405824661254883,6503700
2021-04-23,16.53863274865768,16.843311853728583,16.3120754212417,16.74956512451172,5023200
2021-04-26,16.702692977528205,17.218306032117457,16.640194651226118,17.08549690246582,7863400
2021-04-27,17.14799418840769,17.413612431596036,16.874563468645857,17.29642677307129,7321500
2021-04-28,17.687040777862915,18.90576024105937,17.55423166290218,18.772951126098633,15830700
2021-04-29,19.062003034575117,19.41355697075627,18.51514317727668,18.804197311401367,11528000
2021-04-30,18.444832110880053,18.913568698590925,18.22608727722498,18.265148162841797,8597700
2021-05-03,18.50733400933644,18.601080749019378,18.093281687183705,18.452648162841797,10247500
2021-05-04,18.546395345583033,18.819826074665837,17.983910423815413,18.319839477539062,10921300
2021-05-05,18.78076399640912,20.038542886762357,18.49170833187179,19.710426330566406,22502600
2021-05-06,19.640111832570632,19.765108450417088,19.08543952713663,19.74167251586914,11220900
2021-05-07,19.421369628740553,20.765084093973833,19.30418398885942,20.483840942382812,13226800
2021-05-10,20.663527580614037,21.343196631863915,20.304161119085336,20.319786071777344,13095300
2021-05-11,19.702614451909024,20.226038462431465,19.311999563163248,20.108854293823242,10516800
2021-05-12,20.194788583435077,21.10882741649817,19.75730035694941,19.983856201171875,14191000
2021-05-13,19.585433007159736,20.069796192201796,18.960449694277486,19.335439682006836,10783500
2021-05-14,19.718237645014305,20.62446398680793,19.718237645014305,20.60883903503418,10102400
2021-05-17,20.390093940483773,21.366630992326122,20.358844039587716,21.241634368896484,12044400
2021-05-18,21.374443810506737,21.43694212322435,20.476028516334715,20.499465942382812,13291300
2021-05-19,19.882296028934565,20.01510513465136,19.2026255490716,19.749486923217773,13867300
2021-05-20,19.66355303326606,19.843235519665832,19.187002404914264,19.733863830566406,7717500
2021-05-21,19.90573555202225,20.30416294095389,19.78073889942538,19.804176330566406,8636100
2021-05-24,20.210414657586586,20.374472192848412,19.726051548098184,20.272912979125977,9454700
2021-05-25,20.257284256678552,20.616649166138828,20.06978932695007,20.155723571777344,13301400
2021-05-26,20.186973972280104,20.694772939144602,20.03072744859382,20.632274627685547,8220100
2021-05-27,20.77289554604254,21.03851373388822,20.50727735819686,20.81976890563965,14805100
2021-05-28,20.96039066824073,21.02288897830695,20.530714972795145,20.74945831298828,6134600
2021-06-01,22.530663041574947,23.702507507024087,22.327543155421154,23.593135833740234,37271800
2021-06-02,23.702511318377372,24.522801980063225,23.21814820580568,24.06187629699707,16381900
2021-06-03,23.772821336148137,24.452490378636394,23.616574791397223,24.35093116760254,10345000
2021-06-04,24.585296267142617,24.85091446430285,23.983750575999537,24.73373031616211,9923300
2021-06-07,24.616544238901845,24.991534079596384,23.952498798040374,24.15561866760254,9893700
2021-06-08,23.81969183168763,24.311867345258932,23.522825220546018,24.100934982299805,9744900
2021-06-09,24.163437661063785,24.35874510870888,23.272836176626967,23.3822078704834,9713100
2021-06-10,23.874379312211282,23.929065153022073,22.694722281587733,22.96034049987793,11263700
2021-06-11,23.134220405361177,23.363427814572642,23.007760833206504,23.150028228759766,6377100
2021-06-14,23.410851941053405,23.671675004373796,22.731130591029395,22.905012130737305,7983200
2021-06-15,22.97615165591637,23.50570182874097,22.928729679884785,23.395050048828125,7208900
2021-06-16,23.134227549215115,23.363435029205895,22.54935147051065,22.96824836730957,9412500
2021-06-17,22.897110825852035,23.181645657331796,21.458631857846093,21.806396484375,14957200
2021-06-18,21.221520377791688,21.687840678840367,21.079252962893143,21.14248275756836,16743600
2021-06-21,21.49814760049662,22.62837979765335,21.482339777664983,22.60466957092285,10531200
2021-06-22,22.446595809751013,22.683708645013937,22.019795118305044,22.557249069213867,7999300
2021-06-23,22.81807150210369,23.64005872208636,22.80226367868631,22.99985694885254,9484600
2021-06-24,23.00776283022725,23.52150507513688,22.63628648570222,23.50569725036621,9092900
2021-06-25,23.505697530875644,23.703290820315605,23.142126601914352,23.52150535583496,10966800
2021-06-28,23.395046619662626,23.45827641427588,22.185775101727252,22.45450210571289,12320600
2021-06-29,22.580958167434126,22.82597339484556,22.011890104812323,22.14625358581543,8817800
2021-06-30,22.470307771269937,23.142125216655064,22.43869212324378,23.07099151611328,10819200
2021-07-01,23.948309629931504,24.145902948685123,23.23697398392196,23.679582595825195,11461000
2021-07-02,23.60054172700952,23.687481744661014,23.0709916789699,23.10260581970215,9161500
2021-07-06,23.157932322996107,23.157932322996107,21.861720860055346,22.00398826599121,15099800
2021-07-07,22.280620250812028,22.612577044991998,21.35588357470476,21.758974075317383,13732000
2021-07-08,21.142484404023982,22.272718390937197,20.984409151267336,21.94076156616211,10291000
2021-07-09,22.209485216838775,22.71532353677546,21.814298652508967,22.644189834594727,8812200
2021-07-12,22.20158385925183,22.841785745025483,22.019798380547268,22.683712005615234,8413400
2021-07-13,22.51773498047495,23.06309297581079,22.383371460102854,22.897113800048828,9897400
2021-07-14,22.991955259201347,23.481985772363068,21.31636350294667,21.577186584472656,16498200
2021-07-15,21.261035499753014,21.806393345756177,20.960694393377324,21.06344223022461,13428900
2021-07-16,21.36378858804015,21.419114472001034,20.257264878753393,20.375822067260742,13531000
2021-07-19,19.435273514121114,19.941111786162725,19.008471341448285,19.70400047302246,16836900
2021-07-20,19.719811893712656,20.415339644666435,19.39575900312408,20.020153045654297,13312300
2021-07-21,20.423243351867182,21.11086718301362,20.320493992949153,20.818429946899414,9063800
2021-07-22,20.889562240124675,21.008117909103213,20.46276002278139,20.541797637939453,6993200
2021-07-23,20.589224109679098,20.60503193767345,19.90160017461682,20.249364852905273,7984500
2021-07-26,20.383722408158462,21.150383751222552,20.29678088716052,21.06344223022461,8333000
2021-07-27,20.763104284140784,20.96069758374429,20.328398120502722,20.502281188964844,8499700
2021-07-28,20.771006956760868,21.174097444784994,20.39162669846236,20.913272857666016,6879300
2021-07-29,21.3005547726766,21.371688469354776,20.873752592607527,21.04763412475586,6009800
2021-07-30,20.98440874855212,20.98440874855212,20.186133109251166,20.42324447631836,9262000
2021-08-02,20.478567024319197,21.15038446488793,19.98063263161358,20.146610260009766,8739200
2021-08-03,19.964825594093018,20.75519873000715,19.640772728969594,20.715679168701172,10435600
2021-08-04,20.035960711463467,20.557606897393594,19.617062377148635,19.98853874206543,12758800
2021-08-05,20.273068880390124,21.37959087341503,20.273068880390124,21.04763412475586,10407600
2021-08-06,21.371690328713616,21.70364559873624,21.07925160498119,21.347978591918945,7952500
2021-08-09,20.810522947021134,21.1819977485399,20.525988158400885,21.055538177490234,7787100
2021-08-10,21.229422990347533,21.917046776886625,21.18990342889768,21.853816986083984,8156400
2021-08-11,21.616707023626727,22.20948691545826,21.379594162383782,22.130449295043945,6996200
2021-08-12,22.169963951259486,22.549344169558772,21.861718937188492,22.501920700073242,7314300
2021-08-13,22.43079058538746,22.699517591984478,22.08302746539374,22.13835334777832,5643400
2021-08-16,21.727354940806393,21.7747769016519,21.237324494529922,21.474435806274414,8975800
2021-08-17,21.26103987331202,21.798493918190424,21.10296612968252,21.268943786621094,8292500
2021-08-18,21.35587991952099,21.664124922959747,20.620832750536017,20.660350799560547,7773700
2021-08-19,20.09919080730895,20.41533978722282,19.332527835060905,20.028057098388672,15530400
2021-08-20,19.72771221404852,20.375819434244217,19.593350231801708,20.312589645385742,8944400
2021-08-23,21.1187681860964,21.632511894869054,21.05553839990366,21.545570373535156,7807100
2021-08-24,21.91704748777567,22.61257671668165,21.774780076975937,22.549346923828125,10505500
2021-08-25,22.644187741677573,23.323909051906234,22.288520771163967,23.11050796508789,10567000
2021-08-26,22.92082300158843,23.38714331429109,22.675807729538352,22.99195671081543,11960300
2021-08-27,23.28439240154349,24.035247501118377,23.28439240154349,23.995729446411133,13653800
2021-08-30,24.019442014589174,24.145901610984144,23.371336206185635,23.537315368652344,7964400
2021-08-31,23.44246749933084,23.96411365752769,23.25277812430627,23.355525970458984,11534800
2021-09-01,23.236965763292584,23.387137054523535,21.869620843052513,22.320133209228516,20559000
2021-09-02,22.604672264857353,23.687482630081142,22.604672264857353,23.17374038696289,11711300
2021-09-03,23.086797550767674,23.5531178008412,22.920819923207805,23.05518341064453,7305300
2021-09-07,22.841788756104144,23.181649526537782,22.707425230758695,22.96824836730957,5939700
2021-09-08,23.11841194474567,23.410850639490945,22.15415735676495,22.312231063842773,8874000
2021-09-09,22.138353683860036,22.98405277318798,21.917048643444858,22.48611831665039,9205700
2021-09-10,23.08124148283085,23.346635480248818,22.534368631439563,22.5745792388916,6582700
2021-09-13,23.07319982677475,23.708536342611453,22.97669221814902,23.25817108154297,9789200
2021-09-14,23.42705794456319,23.555735269932295,22.413736470514998,22.73542594909668,9044100
2021-09-15,23.250132823824277,24.472554571378957,23.226005533855563,24.392131805419922,20487900
2021-09-16,24.287579670848466,24.59318429531259,23.893508329657763,24.37604331970215,10065400
2021-09-17,24.29562039859252,24.681649308334666,23.901550594048796,23.957847595214844,24716400
2021-09-20,22.864102001327655,23.185791483578676,22.03575024233689,22.66304588317871,14190300
2021-09-21,23.177749442006668,23.250129768464447,22.36548252704217,22.912355422973633,11105200
2021-09-22,23.50748034391787,24.802282201401564,23.491395486746747,24.480592727661133,15922200
2021-09-23,24.59318331521493,26.475067093698467,24.520802992895977,26.37856101989746,15590400
2021-09-24,26.056874016967864,26.812843913225898,25.944280014319624,26.611787796020508,10329400
2021-09-27,27.34362760271345,28.22023225739769,27.279288182834197,28.147851943969727,17222100
2021-09-28,28.574093098832837,28.92795381249495,28.035264201753158,28.252405166625977,15516900
2021-09-29,28.139816877506657,28.984251997113667,27.777915235425645,28.751026153564453,13299100
2021-09-30,28.549967299524006,28.87969919350782,28.075474762535315,28.558008193969727,15487000
2021-10-01,28.839490312167896,29.893022416378802,28.79927970178639,29.603504180908203,14253500
2021-10-04,30.158423616638263,31.686451640364,30.110169034417183,31.17174530029297,19176300
2021-10-05,31.622106011777454,32.36199412173644,31.228037738279877,32.23331832885742,19210500
2021-10-06,31.38083154806759,31.992040646608295,30.592692127480202,31.10739517211914,16983600
2021-10-07,31.211951207897908,31.348667888310207,30.174500957733983,30.882219314575195,14063200
2021-10-08,31.364759030955895,32.144857865496576,31.219998359229308,32.056392669677734,10952800
2021-10-11,32.699768798497416,32.86061431576712,31.565812350161934,31.72665786743164,10102100
2021-10-12,31.734701398541336,32.353954697345536,31.17174357527631,31.565814971923828,9319300
2021-10-13,31.02698044282596,31.66231542037938,30.600739402441498,31.356712341308594,7691400
2021-10-14,31.98400164814922,32.120718310285135,31.380833406761155,31.992042541503906,7627800
2021-10-15,32.37003599419101,32.95711950867381,32.19310562318663,32.2494010925293,7737500
2021-10-18,32.707805282692576,33.761340364245136,32.072470330364695,32.58717346191406,11777300
2021-10-19,32.683680417564624,33.624624598066525,32.257442450428954,32.41024398803711,16074300
2021-10-20,32.03227202870188,32.99733923715318,31.782961261390124,32.90083312988281,10565100
2021-10-21,32.65151750757805,32.80432214489874,31.49343518890883,31.927717208862305,9937800
2021-10-22,32.12877783137936,32.53893108429537,31.654285128977182,32.52284622192383,7334500
2021-10-25,32.97320836587694,33.21447513058917,32.241364107788264,32.699771881103516,8639500
2021-10-26,32.908865418925934,33.568332338412965,32.77214872504468,33.383358001708984,6663000
2021-10-27,32.73193620692419,33.02145750401495,31.694485914973253,31.855331420898438,9047100
2021-10-28,31.782947371544584,32.603256594534116,31.758821622238933,32.57108688354492,5849200
2021-10-29,32.402204731784956,32.482625951882,31.646231764231988,32.23331832885742,7957500
2021-11-01,32.99732475389549,34.099114344138094,32.83648233500014,33.76938247680664,13381700
2021-11-02,33.58441453392479,34.20366778115283,33.53616302626616,33.76134490966797,9657200
2021-11-03,34.25192186298031,35.410004048191055,33.35923216968591,33.75330352783203,15035600
2021-11-04,34.549481376238695,35.19286031783226,33.672876609607215,34.06694793701172,11428000
2021-11-05,34.65403199845697,35.12048058854092,34.034778798000296,35.04810333251953,8681700
2021-11-08,35.506516366232304,36.02121960558805,35.2330798868404,35.48238754272461,8016400
2021-11-09,35.48239276588116,35.70757776715244,34.276055720610785,35.377845764160156,7071000
2021-11-10,34.94355043660069,35.289367170497734,33.46377743300275,34.04281997680664,9206500
2021-11-11,34.25192197017847,34.8390054937606,34.24388107495046,34.35647201538086,6521100
2021-11-12,34.04282888969781,34.477107843378484,33.801559054696625,34.2438850402832,5994800
2021-11-15,34.21975143905586,35.19286233575537,33.51203302878669,34.72641372680664,8705800
2021-11-16,34.742496094875506,35.28132499202973,34.38059448670408,34.927467346191406,5649100
2021-11-17,34.56557212057303,35.37784066532952,33.81764301487077,34.010658264160156,7821700
2021-11-18,34.131282372132326,35.34566293202637,33.63266410400492,34.8390007019043,8311900
2021-11-19,33.664836692826654,33.922188276938854,32.49871060163974,32.651512145996094,14549800
2021-11-22,32.56305225743573,33.81764054877126,32.32982640968173,33.08579635620117,10696700
2021-11-23,33.95435699291926,35.1365648389416,33.95435699291926,34.935508728027344,11164000
2021-11-24,34.71032820774463,36.64046817430767,34.66207363482504,36.262481689453125,12219100
2021-11-26,33.78546859000934,34.46906122932608,32.09659843239928,34.34038543701172,15887500
2021-11-29,35.41000602405231,36.22227453915031,34.70229062753652,35.32154083251953,10617100
2021-11-30,34.41275934912907,35.27327912510004,33.3913940957704,33.82567596435547,18070000
2021-12-01,35.33761877854508,35.33761877854508,32.772144065348265,32.84452438354492,12620600
2021-12-02,32.39416149870155,33.66483766639142,31.42105060139351,33.447696685791016,13679300
2021-12-03,34.07499027732694,34.76662381933707,32.9329929910296,33.59245681762695,9960200
2021-12-06,34.05890397456336,34.72641173562922,33.254679530603205,34.06694793701172,8408000
2021-12-07,34.678156956682336,36.50374680167328,34.678156956682336,36.28660583496094,13003800
2021-12-08,36.45549743716272,36.63242473799805,35.80407449881466,36.11772155761719,8233300
2021-12-09,35.634191924882444,35.699757716790415,34.43764435970335,34.683509826660156,10979600
2021-12-10,35.22440434754258,35.66696392872374,34.01965986310991,35.58500671386719,8017500
2021-12-13,34.88838394786697,35.24079211916646,33.585294067709,33.65085983276367,9522800
2021-12-14,33.109957714384834,33.66725426140889,32.69198374094278,33.06078338623047,11249700
2021-12-15,33.05259265812541,33.06078681716082,31.282354177035483,32.7657470703125,14637100
2021-12-16,33.068977855770605,34.0524425436814,32.81491830711772,33.07717514038086,10234000
2021-12-17,32.68379582956476,32.86409548122846,31.388899744473694,32.12649917602539,20547600
2021-12-20,29.815353394398862,31.454460184889317,29.135122575698237,31.356111526489258,20487400
2021-12-21,31.92980232874922,34.06064321907542,31.913410884244975,33.85575485229492,15177900
2021-12-22,33.85575818637365,35.15884845247848,33.355830021981106,34.65892028808594,7569800
2021-12-23,34.847406472599346,35.060488953669896,34.39665278569601,34.462215423583984,5399900
2021-12-27,34.363876353599466,36.67501682879201,33.85575409079037,36.560279846191406,8186200
2021-12-28,36.797949723494526,37.16674626056364,36.142304487931256,36.47012710571289,6374500
2021-12-29,36.27343726236986,36.95366818166854,36.00298622764346,36.224266052246094,7497800
2021-12-30,36.338992613410646,36.71598637243868,35.74071909329721,35.78989028930664,4919200
2021-12-31,35.650572252229345,36.31441161965271,35.49485823454399,36.10132598876953,4895700
2022-01-03,36.17509174815526,37.51096485653795,36.03576915088179,37.34705352783203,10232500
2022-01-04,37.920738650350344,39.31398014589925,37.797804381845204,39.05991744995117,15536400
2022-01-05,39.461507534600536,39.89586994705678,38.12563427619025,38.19939422607422,13786800
2022-01-06,39.699168418765915,40.14992532218435,38.51901256357993,39.64179992675781,14529500
2022-01-07,39.699166794540986,40.77278290712862,39.19104454625176,40.06796646118164,15611900
2022-01-10,39.559843696499925,39.961423118884696,38.33870773319606,39.74834060668945,9846200
2022-01-11,40.30563661554084,41.06782153055013,39.21562908874437,40.813758850097656,13170300
2022-01-12,41.50218541145791,41.928353572442575,40.62526348689178,40.89571762084961,13828000
2022-01-13,40.97767602860808,41.666101110942634,40.3957937793255,40.68263626098633,10745900
2022-01-14,40.77278094992095,42.16602233126826,40.764586791654814,41.29729461669922,12865200
2022-01-18,41.86278832936716,42.60858178329004,40.3302212512684,41.272708892822266,11575800
2022-01-19,41.608736336678405,41.79723328810998,40.092560312182755,40.10075759887695,12232000
2022-01-20,39.510671027027996,41.75624885294158,39.076308699477785,39.85488510131836,13374400
2022-01-21,38.64194800011037,38.773076432425064,36.91268964959568,37.79780578613281,17268100
2022-01-24,36.42914842366922,39.78931603642445,35.13425258058186,39.60901641845703,25431400
2022-01-25,39.35495238446765,42.48564594268028,38.45344182039907,42.01030349731445,18435600
2022-01-26,42.616777095730114,43.616633251099806,41.55135829360649,42.444671630859375,16714600
2022-01-27,43.559264317996636,44.46896596288733,41.46940065375698,42.40369415283203,13642000
2022-01-28,43.059341360466526,43.22325268467091,41.223540156804674,42.247982025146484,9723700
2022-01-31,42.1496369169752,42.215199571525766,40.68263539601783,41.444820404052734,11896500
2022-02-01,41.20714907458868,43.64122397563297,40.592483948171314,43.07573318481445,11710100
2022-02-02,42.71512776209987,43.78874397805148,42.141439683909326,43.63302993774414,9387500
2022-02-03,43.370766737380734,43.837915076502405,42.272568124182314,43.44452667236328,9253200
2022-02-04,44.132954065551985,45.43604423615068,43.17407798551536,43.32979202270508,12759300
2022-02-07,43.22325701043228,44.1001790873869,42.182423592869114,43.10032272338867,10298200
2022-02-08,42.944600085443206,43.10031410840504,41.428424395806594,41.952938079833984,9751900
2022-02-09,42.215201690070685,43.31340356445466,41.98572769810494,42.71512985229492,7304600
2022-02-10,42.39549843849807,44.21490804836938,42.39549843849807,42.797080993652344,9753200
2022-02-11,43.141297926558245,44.378825525042004,42.73152115578721,44.34604263305664,11954900
2022-02-14,44.11656637221876,44.14115197676862,42.22339666316782,42.829864501953125,11934400
2022-02-15,41.70707519593315,42.44467456253722,41.01865016255214,42.14143753051758,11265500
2022-02-16,42.79708002325116,45.64912551173191,42.674145761348,44.13294982910156,20745200
2022-02-17,44.50995149713708,46.23920674771555,44.2968658374033,45.280330657958984,17642700
2022-02-18,44.460771673302574,45.24754218208264,43.985429203613734,44.89513397216797,11707600
2022-02-22,47.55868104298333,47.55868104298333,42.00211019688097,43.16587448120117,23309400
2022-02-23,43.73137473797975,44.8951391934349,43.34618359714815,43.887088775634766,12372100
2022-02-24,44.01001784672946,44.33783732824992,41.96932852176135,43.231441497802734,21102500
2022-02-25,43.71497581914395,45.25573699270077,43.25602481760526,45.23934555053711,12605600
2022-02-28,45.2803296942637,48.89456040996457,44.95250705227265,48.80440902709961,22585000
2022-03-01,49.17321313785601,49.77968414214966,47.31282619897861,48.55854797363281,19146500
2022-03-02,49.222376929287186,49.51741351876205,47.624247219478555,48.06680679321289,17556100
2022-03-03,47.49311675917719,48.6241012456813,46.82108326934017,48.230712890625,11719000
2022-03-04,48.40282231601661,49.124027018105146,46.550629981269196,48.82079315185547,18185300
2022-03-07,49.58297781934093,51.45975574662792,47.763568376613115,49.08304977416992,21979600
2022-03-08,50.2386229218922,51.71381842035653,45.92777340257394,48.74703598022461,24167800
2022-03-09,47.370187288378915,48.878165713798126,45.903185908895644,48.30447769165039,17694700
2022-03-10,48.87815789972008,49.89440535874567,48.091387488676354,49.640342712402344,18048600
2022-03-11,48.56538293361932,49.84035142063226,48.49871968070744,48.86537551879883,10834400
2022-03-14,47.09041811521845,47.44041049898063,43.415515569281666,43.907169342041016,21911600
2022-03-15,42.06555167203278,44.89881120390309,41.83222553840705,44.173828125,17372900
2022-03-16,44.21550002403885,45.398800579035466,42.96553303724108,43.715511322021484,13099700
2022-03-17,45.2154675686665,48.2487232252672,44.89047668588111,47.932064056396484,14621200
2022-03-18,47.9987361271846,48.857049044356856,47.83207638761478,48.55705642700195,19656000
2022-03-21,49.982012776638506,51.84863153901412,49.590355437567055,51.198646545410156,17038100
2022-03-22,50.8319868431641,51.44863857404514,49.76534944794304,50.52366256713867,9708300
2022-03-23,52.02362291164181,52.71526961369715,50.79032261181269,51.39030456542969,11290700
2022-03-24,51.24863776753555,51.606961830623085,50.6653193035212,51.2819709777832,7501500
2022-03-25,50.831991760253906,52.39861797015066,50.7403270042045,52.08195877075195,8547300
2022-03-28,50.67365740955362,50.86531861238919,49.49868869385373,50.37366485595703,8959600
2022-03-29,48.79037844025002,50.46533601788087,48.04873185445377,50.423667907714844,10398500
2022-03-30,50.998646884396194,51.43196909672651,50.11533585401171,50.465328216552734,7610600
2022-03-31,50.06533937556334,51.273638095516986,49.265358192413245,49.2736930847168,11344400
2022-04-01,49.47368814856693,50.681990099913676,49.47368814856693,50.29033279418945,6292500
2022-04-04,51.10698149356811,51.75696326412703,49.76534984606656,50.70698928833008,8381600
2022-04-05,50.87365443066329,51.348641619237526,48.44038695086756,48.72371292114258,8667400
2022-04-06,49.41535350761052,49.64034791299443,47.84039584875313,48.61537551879883,9136000
2022-04-07,49.157037661363844,50.3403382459338,48.53205415234522,50.19034194946289,7952600
2022-04-08,50.282000561283745,52.11528593279864,50.173669209553424,51.9736213684082,10115100
2022-04-11,51.290303598897566,51.33196852302976,49.87367392659335,50.0236701965332,9011300
2022-04-12,51.20698544713131,52.848606720488036,51.19865055310308,51.88196563720703,9418900
2022-04-13,52.91525696399165,53.573573522210836,51.898616364150875,53.12358474731445,9955700
2022-04-14,52.71526953902349,53.37358938404186,52.10695269341186,52.131954193115234,8616800
2022-04-18,52.69860421810311,53.53191227930174,52.20695045933294,52.9485969543457,9422300
2022-04-19,52.69860755916711,53.69024685329189,52.16528566151909,52.49861145019531,8156000
2022-04-20,53.10692568698033,54.14856793038839,52.94026280088184,53.840240478515625,7121200
2022-04-21,54.165236649090154,54.5402242059041,50.71532823882252,50.95698928833008,10699200
2022-04-22,50.7236555692079,51.39863883502618,48.07372550480601,48.390384674072266,9734600
2022-04-25,46.657097881056366,47.0404202898087,44.26549232556524,46.815425872802734,13608400
2022-04-26,47.45708081853608,48.74038102801317,46.78209749772088,46.99876022338867,9636500
2022-04-27,47.35708049053214,49.06536793989054,46.365438055447605,48.390384674072266,8168000
2022-04-28,48.5737087136681,50.4319922356254,47.073749248021336,49.907005310058594,7940000
2022-04-29,50.09034663223243,50.656998614438756,48.18206284447382,48.47372055053711,7834600
2022-05-02,47.873728651570275,48.85703611316386,47.03208256688309,48.62370681762695,11320300
2022-05-03,50.748660436277234,53.72358158128345,49.473691960681435,53.565250396728516,22056300
2022-05-04,54.56523013790509,56.590176978001054,53.29859332230621,56.448509216308594,15072000
2022-05-05,57.2818138009758,57.39014833286277,54.24856134602622,55.956851959228516,13010400
2022-05-06,57.17348951359271,58.12346389880986,55.03187970022973,58.07346725463867,14629700
2022-05-09,56.1151732150755,56.33183590744712,51.581964605538005,51.68196105957031,18682400
2022-05-10,52.92359586392237,54.64855306861611,51.265308263613946,53.13192367553711,12783500
2022-05-11,54.515219549078125,56.89015530083426,53.68190831283666,53.8985710144043,12610000
2022-05-12,53.62357777293853,54.52355545057232,52.098619835388156,53.840240478515625,10767100
2022-05-13,54.99854019802666,57.77346807022005,54.965206986502594,57.248477935791016,13287700
2022-05-16,57.415143787744874,59.68175130198207,57.33181393806321,59.156761169433594,12633200
2022-05-17,60.41505736867256,60.690051569430295,59.59840965790518,60.48172378540039,10782300
2022-05-18,60.831725635530105,60.98172192565017,57.33182067627624,58.2651252746582,13801800
2022-05-19,56.5151751509674,59.473432968120896,56.248515774933416,57.9234733581543,10460700
2022-05-20,58.756782253586486,60.22340558180407,56.77349726670331,58.2651252746582,12971600
2022-05-23,59.04010092005615,59.63175114593052,58.19845477557105,59.21509552001953,9610300
2022-05-24,58.60677597789085,59.43175225415922,57.540138699956046,58.65677261352539,7960600
2022-05-25,58.51511746994971,60.15674166307776,58.33178797622734,59.94841384887695,8740500
2022-05-26,60.415059206625635,62.86499605580057,60.256728051495124,61.50669479370117,12960200
2022-05-27,61.32336618392849,63.18998778940592,60.92338038108313,63.16498947143555,9335500
2022-05-31,65.39826808699765,65.98991829700957,62.05668827663613,62.41501235961914,22040700
2022-06-01,63.63165166094766,64.66495589741994,62.51501120797446,63.731651306152344,9911800
2022-06-02,62.840002251345226,64.33162374276543,62.3650087518397,63.5899772644043,7514300
2022-06-03,63.74829876480473,64.45661192399297,63.398309630757716,64.1816177368164,7106800
2022-06-06,64.91494781428271,65.1399390549936,63.38165180433708,64.20663452148438,7709800
2022-06-07,63.94830144898367,65.17326996356162,63.54831562238275,65.03160858154297,10469500
2022-06-08,65.49827376867796,65.58160363587369,64.26497647579386,64.93995666503906,9974100
2022-06-09,65.03994181171029,66.16491066205752,64.39828862634889,64.87327575683594,13712200
2022-06-10,64.20404937994645,64.57678903074591,61.400048269875,62.73851013183594,14759700
2022-06-13,59.527893643729755,60.55292786049731,56.93567480325803,58.65534973144531,15218700
2022-06-14,60.57832690781448,61.36615883101844,58.56215141451012,59.7989616394043,11041500
2022-06-15,59.79897363106898,60.32419717289467,57.206754863389826,57.99458694458008,11457200
2022-06-16,56.05465056106998,56.6899987412749,53.03039348181838,53.59797286987305,17448400
2022-06-17,53.10663124401462,53.35229996340706,47.90524839878338,49.15053176879883,32304400
2022-06-21,50.53135713967873,51.85287921434504,50.09931859100107,51.30224609375,14929500
2022-06-22,47.71040980055792,49.58256822652358,47.15130356193997,48.75238037109375,13909100
2022-06-23,49.353842193515284,49.497856119279156,45.30455774045653,46.371944427490234,18060800
2022-06-24,47.36308373100738,47.87136092731986,45.31302871012641,45.55022430419922,34714100
2022-06-27,46.12627873489744,49.5148023777689,46.12627873489744,48.95569610595703,17746100
2022-06-28,50.133203871618306,51.242946446485355,49.17594510800162,50.370399475097656,18542000
2022-06-29,51.24294497543208,51.666510387513014,47.11741553504951,47.286842346191406,12722000
2022-06-30,46.33806310129951,48.04926798925127,45.77895680971512,46.685386657714844,11855000
2022-07-01,46.95646830020739,47.43086279034339,45.202907511531436,46.685386657714844,9604300
2022-07-05,45.25372786279786,45.499396581649776,42.77163747785007,43.957618713378906,14834300
2022-07-06,43.31380605862411,44.59297236180111,41.390818428532356,43.203678131103516,16175300
2022-07-07,44.72851213772436,45.95685262374702,44.3642455819063,45.46551513671875,12692900
2022-07-08,46.15168762207031,46.54984014964267,44.74545056160459,46.15168762207031,10976700
2022-07-11,45.931436868411524,46.60914091903027,44.27105790496082,45.16901779174805,8938200
2022-07-12,43.38157319363382,44.55908464333474,42.91565183871196,43.99150848388672,9733000
2022-07-13,43.457817506441174,45.86366955683005,43.41546160484364,44.55061721801758,8522700
2022-07-14,42.86481651440628,43.61029251153567,41.941443827641265,43.55946350097656,10458500
2022-07-15,44.72851700616423,44.864057839485554,43.51711939455253,44.65227508544922,8048500
2022-07-18,45.956849047425656,47.17671631961303,45.66035453973879,46.270286560058594,11090500
2022-07-19,45.96531518066071,48.62530857212303,45.82130449770045,48.464351654052734,10525600
2022-07-20,47.70194597444981,49.065824118515465,47.049654741262835,48.86251449584961,8032000
2022-07-21,47.26989958035272,47.659578985861295,45.906018429525055,47.6087532043457,8150400
2022-07-22,47.76124262718555,48.52365852348406,46.51595912888554,46.75315475463867,6315800
2022-07-25,47.4562713551303,49.18441909202599,46.82092320758463,49.108177185058594,8473200
2022-07-26,49.98071568319812,50.14166936695642,47.236010552612804,48.0831413269043,9777700
2022-07-27,48.62531551533142,50.785498689020365,48.286461858790894,50.47206115722656,9145900
2022-07-28,51.065054469213656,51.75970161468305,49.99767085569061,51.14129638671875,7631300
2022-07-29,52.25950433593716,53.47937490662394,51.74275719868562,53.2421760559082,11209400
2022-08-01,52.33574889623387,53.2167658571007,50.95492777868763,52.15785217285156,16319200
2022-08-02,51.94606855790894,52.69154468385233,49.912953025899,51.361549377441406,15073700
2022-08-03,51.70886600137695,51.81052079489054,47.98996222056601,48.032318115234375,19943200
2022-08-04,47.862895556056344,47.947607352916926,46.03309295255575,46.16016387939453,15371400
2022-08-05,45.321500084374506,48.37964294356404,45.00806257740938,47.98996353149414,11507500
2022-08-08,47.89678651247697,49.04888516539649,47.64264786410902,48.72697448730469,8478100
2022-08-09,49.81130124704398,51.285310582095875,49.50633357554715,50.01461410522461,10416800
2022-08-10,50.40428740215429,51.276831175188704,49.07429217796581,50.870208740234375,8669200
2022-08-11,52.352684525406886,54.96184579530772,52.318798516714594,54.60605239868164,14134900
2022-08-12,54.31803673406019,55.74121693338785,53.94529706232562,55.52943420410156,8712000
2022-08-15,53.36077378796665,54.55522815999353,52.01383560405994,53.852108001708984,11134200
2022-08-16,54.614526376092044,55.45318409936432,52.9626205891451,53.86058044433594,9355800
2022-08-17,53.97070206724047,55.2583444924295,53.50478077722056,54.33496856689453,8144500
2022-08-18,55.097404772916185,57.58797215095031,55.06351875503375,57.537139892578125,12516300
2022-08-19,57.418533108808276,59.21445299797425,57.06273967116378,58.03694152832031,13972800
2022-08-22,57.07968022378246,58.18942614645796,55.49554950754556,57.960697174072266,12662200
2022-08-23,59.29916667590562,61.38310804351589,59.18904197879358,60.044639587402344,15997300
2022-08-24,60.502086197744305,61.637244943369396,60.10393364807944,61.374629974365234,12851700
2022-08-25,62.272588532450584,62.552136791747245,61.23908789555577,62.45048522949219,11149700
2022-08-26,62.68767991642788,63.424686047565004,61.48475571782305,61.64570617675781,10589300
2022-08-29,61.34074180961869,63.7635298520119,61.02730109978464,62.8062744140625,11902000
2022-08-30,61.476288775305896,61.688071498999676,59.51941847656605,60.21406555175781,11606400
2022-08-31,58.74004986809491,61.40004667550696,58.053875949755195,59.82438278198242,11430500
2022-09-01,58.04540535568743,58.392732120579545,56.35114358687688,57.74044418334961,13493900
2022-09-02,59.82438315912323,60.34960015154548,58.67228468211983,59.587181091308594,10100000
2022-09-06,60.33266897210841,60.63763663964313,58.401211386452786,58.909488677978516,12545000
2022-09-07,57.10509083641578,58.59603640420177,56.07159021716051,57.90986251831055,10785200
2022-09-08,58.35038554012371,58.98573384006751,57.57949963033574,58.37580490112305,11289100
2022-09-09,59.38974320650533,59.7537237091345,58.54045536703728,59.372413635253906,9021200
2022-09-12,60.36904661653037,62.02429544619801,60.013727511023454,61.69498062133789,11044600
2022-09-13,61.010327040182965,61.911616736250494,59.42440363426176,59.85771560668945,11480400
2022-09-14,61.01899333601267,63.51486784352411,60.95832331431411,62.544246673583984,12215600
2022-09-15,60.82833009364114,61.46096180096673,60.013701559578614,60.21302795410156,11230300
2022-09-16,59.58039857021355,59.77105690352883,56.694539132631306,57.907814025878906,30970300
2022-09-19,55.741255709812,57.86448187629496,55.65459463171776,57.11052322387695,10530200
2022-09-20,56.63387486330052,56.85919894579913,55.3252741290653,56.43455505371094,7976800
2022-09-21,57.93380779109486,58.011807382121816,55.84524757982346,55.879913330078125,9389300
2022-09-22,57.07585657948014,57.2838444860235,54.640641974503474,54.7013053894043,8909800
2022-09-23,52.20542664060813,52.21409142524935,49.22423822602445,49.99553298950195,17563200
2022-09-26,49.70088102512879,50.40284759801882,47.80297581000704,47.820308685302734,13363800
2022-09-27,48.851586237023234,49.59688328823035,47.95029993189405,48.678260803222656,10695500
2022-09-28,49.18091289359434,52.16209831763414,48.773598548303,52.040771484375,11734500
2022-09-29,51.26080329096457,53.25403753304225,50.45484282647843,52.83805847167969,12286900
2022-09-30,52.82939596230676,53.42736861223244,51.48612948156952,52.11009979248047,9686600
2022-10-03,54.85729769006106,57.1018539475694,54.52797964950201,56.616546630859375,13020200
2022-10-04,58.124467716978664,59.87504517638752,57.73448958652013,59.85771560668945,14620700
2022-10-05,59.79705320006721,61.97228118952309,58.85243625796976,61.42630386352539,15689500
2022-10-06,60.77634216169237,62.8909069565319,60.75901258991586,62.60491943359375,11199500
2022-10-07,62.83024110220815,64.01751838329002,61.68629766661302,62.43159484863281,12020900
2022-10-10,62.301577461417,63.66217641025461,60.585666232597156,60.966976165771484,9829700
2022-10-11,59.51107285767404,61.174989472868845,58.8351071459897,59.42441177368164,11718900
2022-10-12,58.97375496941024,60.77632753201839,58.18512410116933,60.14369583129883,7419800
2022-10-13,58.999758603555634,63.32421015285578,58.94775667184219,62.61357879638672,10697100
2022-10-14,61.71229420977702,63.02089830030517,58.89576621145679,58.94776153564453,9071800
2022-10-17,60.152377415459966,60.91500418565652,59.46774363470566,60.490360260009766,7969400
2022-10-18,61.31364605632893,61.68629462898845,59.29441061350369,60.464351654052734,7943300
2022-10-19,60.75901277001893,62.76091221288653,60.395032255282416,62.34493637084961,8977700
2022-10-20,63.20288209209153,63.56686254786647,61.68629024788019,62.11960220336914,7704000
2022-10-21,62.812905415725666,64.45948559484913,62.336259609043054,64.3814926147461,11214800
2022-10-24,64.60681458186954,65.75075786879906,64.0868349508706,65.20478057861328,8530900
2022-10-25,64.85814618038542,65.67277497164552,64.10418742506944,65.43878936767578,6541000
2022-10-26,65.75076200790123,67.66600015974626,65.75076200790123,66.66071319580078,7803200
2022-10-27,68.0299768646775,68.3072962511182,66.15806604734095,66.34872436523438,7410900
2022-10-28,67.23269263912526,67.6140027095119,64.00885024694078,65.8720932006836,7861200
2022-10-31,65.03147147143993,67.83066353494729,64.78881778799474,67.03337097167969,8429600
2022-11-01,68.19465057540378,68.26397547642071,66.59139074725022,66.99004364013672,10730300
2022-11-02,65.38676636337121,65.3954344531166,57.7171466688799,58.44511413574219,36589400
2022-11-03,58.56645114853678,61.78162537544894,57.673829491888306,61.29631805419922,18048600
2022-11-04,63.185557808640844,64.35549886396527,60.819671424562166,61.946285247802734,14218400
2022-11-07,62.17160499934534,63.16822393919195,61.070995409236964,62.43159484863281,9347000
2022-11-08,62.56158865472682,62.82157188754948,61.00166281052523,62.38825988769531,8450300
2022-11-09,61.07965799109443,61.30497545421484,57.82115013655205,57.85581588745117,9463400
2022-11-10,59.4070641782563,60.42101243816369,57.925131660773324,59.77971267700195,8089800
2022-11-11,61.05365467221329,63.25488030005317,60.897662096639884,62.223602294921875,9500400
2022-11-14,61.83360526956198,63.20287242633783,61.64294698041411,61.963600158691406,6600600
2022-11-15,62.613572865430314,64.1128350280158,61.894273486507366,63.80084991455078,8500600
2022-11-16,62.561594560006874,63.29822370692719,61.46964636599518,61.82495880126953,8881400
2022-11-17,60.663673516499706,61.547626992826935,59.415732974093544,61.521629333496094,8337800
2022-11-18,59.81438615023628,60.52501757264767,58.58378164515107,60.33436584472656,10216600
2022-11-21,58.58377458169567,58.97375930554286,56.347883322781925,58.22846221923828,15267300
2022-11-22,59.04309506993483,61.03633306084439,58.566455802068205,59.42441177368164,14037100
2022-11-23,58.49711694983572,59.21641641916585,57.812483232116016,58.75710678100586,9888800
2022-11-25,59.32040664746334,59.88371353651644,58.895762763882516,59.23374557495117,3520500
2022-11-28,57.23184265520576,58.80042978487959,56.486545578696344,57.65648651123047,9713600
2022-11-29,58.67043823255226,59.069091064296664,57.65648980718106,58.49711608886719,10032100
2022-11-30,59.537061756296545,59.69305432924348,57.985810729311275,59.38106918334961,13844800
2022-12-01,60.27370430120367,60.77634121670836,59.05176123773106,59.17308807373047,7640300
2022-12-02,58.930428635794925,60.21303499177304,58.930428635794925,59.32907485961914,8250500
2022-12-05,60.44701819945839,61.02765463690414,57.06718360142659,57.673824310302734,11218100
2022-12-06,57.19718065724149,58.289128684733676,55.15194760782515,55.57659149169922,10278500
2022-12-07,55.95790716300715,56.7292019354473,54.943958746898076,55.68058776855469,10523200
2022-12-08,57.110523326738594,57.52649914706676,54.6406429257055,55.03062438964844,13385400
2022-12-09,54.853536270374384,55.23427940267055,52.7196054808093,52.79043960571289,13152800
2022-12-12,53.11805200857445,54.44622463373811,52.746161917115444,54.08319091796875,10636000
2022-12-13,55.46449229777563,55.862944789685656,54.01235732967496,54.880096435546875,10915100
2022-12-14,55.455636286320036,55.86294175471389,53.86182978298754,54.82696533203125,9062700
2022-12-15,54.1274645760493,54.69415104237684,53.357121994274884,54.525917053222656,7976400
2022-12-16,53.126908777181306,53.7998481354964,52.29458842231724,53.19774627685547,14377200
2022-12-19,53.52535784316099,53.94151630510173,51.993532476775314,52.47167205810547,7011700
2022-12-20,52.19718130518446,53.038357919628005,51.851856986491846,52.56021499633789,7606400
2022-12-21,53.906102896389434,54.809260725986945,53.321707051087266,54.68529510498047,7992800
2022-12-22,54.50821287627233,54.68529988059653,51.878429653897136,53.22431182861328,8067900
2022-12-23,53.950373714504686,55.3582368690852,53.51650249274839,55.34938049316406,6099600
2022-12-27,55.800954527198655,56.34107855246908,55.45563021667294,55.99575424194336,6771900
2022-12-28,55.65043327631552,55.66814265049683,53.69359302847041,53.914955139160156,6524400
2022-12-29,53.436809892645485,54.48163928080166,53.250866538240814,54.04777145385742,6355900
2022-12-30,53.968086852850305,54.51706397812997,53.5873437269111,54.46393585205078,6690900
2023-01-03,53.773290087485854,54.24257673856385,50.66536716021618,51.4622688293457,10613200
2023-01-04,50.364309649449176,52.471674564798555,49.948147789909754,52.152915954589844,9690900
2023-01-05,52.117496183044935,53.569631097144246,51.86071532250553,53.27743148803711,8812100
2023-01-06,54.162879110623955,55.128018039222965,53.835264135658846,54.216007232666016,7332500
2023-01-09,55.50876564266804,56.21712714986584,54.84467926295859,55.07489776611328,7567900
2023-01-10,55.606165393035994,55.9249273950105,54.42852063876127,55.89836502075195,5909300
2023-01-11,56.6155753932806,56.76610339341577,55.12802165569446,55.65043640136719,7557100
2023-01-12,56.172851970303626,57.35935310272663,56.02232734568033,56.69526672363281,7232000
2023-01-13,56.58901111503879,56.80152023227884,55.67700027934376,56.305667877197266,5474100
2023-01-17,56.46505326162348,57.01403040541714,55.951491492025674,56.21712875366211,5383900
2023-01-18,56.70411581640563,57.917182545018775,55.42021497286802,55.44677734375,8349600
2023-01-19,55.05718664055689,56.84578959399477,54.93322439405307,56.739540100097656,7312900
2023-01-20,56.94318708424316,57.50987354610079,56.12857613975225,57.332786560058594,7093800
2023-01-23,57.84635342385928,58.66982081754796,57.5895725424471,58.22709655761719,6246100
2023-01-24,58.218240543820656,58.54585893016874,56.50047162055943,56.64214324951172,7043500
2023-01-25,56.13743297841787,56.82808168728506,55.26083752832524,56.8192253112793,5834700
2023-01-26,57.66925896035876,58.200533470118124,56.39421432335191,58.19167709350586,6346700
2023-01-27,58.191672556576066,59.28962673063349,57.77551070891421,57.793216705322266,7210200
2023-01-30,57.19997231195901,57.50102831774914,55.15458841856484,55.19886016845703,8003900
2023-01-31,55.25197750476591,56.43847840984143,54.86237807527651,55.99575424194336,7472300
2023-02-01,55.393655808173754,55.60616154296458,53.782139912186,54.8004035949707,9653400
2023-02-02,54.95092684052308,54.95092684052308,53.126901989569575,53.96807861328125,8770300
2023-02-03,54.01236193898716,55.37595352645986,53.808709176346674,53.87954330444336,6564100
2023-02-06,53.66702776280997,54.295695312624446,52.51594552482292,53.2508659362793,7394900
2023-02-07,53.764435273753776,55.19000793293937,53.00294900529055,55.0837516784668,8170800
2023-02-08,55.163436668257894,55.60616088450028,53.923810889409836,54.3045539855957,7848700
2023-02-09,54.251433793341064,54.46393955667644,53.26858534918987,53.392547607421875,5685300
2023-02-10,54.33997332034202,56.39421356336165,54.20715807241005,56.26139831542969,8727500
2023-02-13,55.74783880857894,56.766105972279206,55.25198979200262,56.279109954833984,7606800
2023-02-14,55.71240853180438,57.02287506151611,55.37594059093539,56.61556625366211,8775600
2023-02-15,52.10863892495755,52.391982153267485,49.053844533633786,50.67421340942383,52418700
2023-02-16,50.47941075125974,50.84244445262459,49.30176616008794,49.33718490600586,17678700
2023-02-17,48.5225771527185,48.5225771527185,46.44177452759372,47.220970153808594,25514600
2023-02-21,47.5308739736339,47.893907709955904,47.09700273865501,47.57514572143555,11378800
2023-02-22,47.55743618900682,48.124122665510754,46.53917248207566,47.4511833190918,13144400
2023-02-23,48.16839357409838,48.938732724551066,47.6371225155964,48.69966125488281,11919400
2023-02-24,48.18609956943599,48.867895232330454,47.72566938087217,48.69966125488281,10030100
2023-02-27,48.80591830006525,48.93873692050786,48.044432081992326,48.27465057373047,9624200
2023-02-28,48.67310901643088,48.81478065264632,47.70796993917622,47.743385314941406,10887300
2023-03-01,47.65483753581462,48.74393877488497,47.42462241425191,48.469451904296875,9308100
2023-03-02,48.03557992746049,49.58511476383018,47.99130817910779,49.319480895996094,8660000
2023-03-03,48.619979655813275,50.58567651406147,48.50487039876427,50.178367614746094,10997800
2023-03-06,49.72678613076602,50.29347261330409,49.47000526282912,50.018985748291016,8926300
2023-03-07,49.682512747743644,49.88616548459682,48.487155321364874,48.726226806640625,9492500
2023-03-08,48.42517674629846,49.21322874040044,47.82307150233174,48.25694274902344,8379100
2023-03-09,48.540281733692474,49.02727768533155,46.79594727909604,46.91105651855469,9275200
2023-03-10,46.79594949798153,47.52201696090009,45.45892381706112,45.830810546875,12351100
2023-03-13,44.272424340882814,45.219853951560275,43.404685229127665,44.25471496582031,15449700
2023-03-14,44.18258834615139,45.832337792044925,43.55154002811547,44.37190628051758,12442500
2023-03-15,42.451713944454575,42.61398452080786,39.99962829196577,40.67575454711914,23274200
2023-03-16,40.035685143902036,41.78459697604313,39.693113579621915,41.71247863769531,14250200
2023-03-17,41.748537747444665,41.874747413392285,40.60363037370405,41.60429763793945,28300500
2023-03-20,41.469065889399104,42.659047505021974,41.45103544807693,42.370567321777344,8906600
2023-03-21,43.30813673773728,44.633341722128606,43.1638966224649,44.22766876220703,11184700
2023-03-22,44.34486903710443,44.66039670723349,42.99261643672441,43.055721282958984,8633200
2023-03-23,43.389265709422766,43.82198599232944,41.67641158049812,42.11814880371094,8905800
2023-03-24,40.97324467786123,42.36155784082786,40.96422773686689,41.98292541503906,8727600
2023-03-27,42.731174988414566,43.64169004381762,41.991943990060065,43.34419631958008,7759600
2023-03-28,43.019663176562936,44.371915756490544,42.98360228241539,43.78593826293945,7671100
2023-03-29,44.597284841458674,45.00295780655545,44.398953390820665,44.885765075683594,8150400
2023-03-30,45.570909348252904,45.67007508352968,44.74152945131261,44.939857482910156,6603000
2023-03-31,45.37257304606221,45.84135080908386,45.18325511369939,45.62499237060547,7652500
2023-04-03,48.149211763609955,49.27608903147103,47.6894473514635,48.05906295776367,18907000
2023-04-04,48.05003909022727,48.24837056125913,46.427336746115415,47.54520034790039,10252700
2023-04-05,47.59928189541105,48.31146895638027,46.96823011276688,48.25737762451172,8297200
2023-04-06,47.98693224771652,48.257382053972265,47.52716792097734,47.69845199584961,6239500
2023-04-10,47.869728290344995,49.15887571089034,47.869728290344995,48.13116455078125,6996900
2023-04-11,48.46472637775544,49.41130584553916,48.21230702045622,48.9515380859375,6427300
2023-04-12,49.158883143267964,49.80796542208498,48.915477288711585,49.16790008544922,7277200
2023-04-13,49.04168710422118,50.024323959503974,49.03267016264711,49.78091812133789,6567500
2023-04-14,49.81697919716153,50.53818326154086,49.67273907207683,50.21364212036133,5969300
2023-04-17,50.114478917114475,50.655378553723715,49.65471456989222,49.85304260253906,6132100
2023-04-18,49.492437892168226,49.997276573737345,49.12282238360987,49.78091812133789,5329700
2023-04-19,48.84335657591852,49.54652671787843,48.6360116222369,49.44736099243164,5112300
2023-04-20,48.491770802495765,48.816311921454684,48.20329057207797,48.69911575317383,6705700
2023-04-21,48.83434245433503,48.83434245433503,47.99594908840368,48.3475341796875,5510400
2023-04-24,48.25738358740824,49.43835202029724,48.131173903075485,49.10479736328125,5473400
2023-04-25,48.32048384302119,48.46472395984685,47.464060083781355,47.96889877319336,6242700
2023-04-26,47.527161330975744,48.07707780952065,46.46338926010814,47.058380126953125,6955900
2023-04-27,47.337847306427896,47.49110436604891,46.337183423302996,47.103458404541016,6360400
2023-04-28,46.98625669415303,48.70812440243107,46.823986150842615,48.1672248840332,7666400
2023-05-01,47.500120138703245,48.44669961117298,47.35588001396738,47.995948791503906,5921700
2023-05-02,47.004292668572745,47.22966806758888,45.03901891403557,45.715145111083984,9588100
2023-05-03,44.624327767580084,45.21030516435276,44.05638081490332,44.18259048461914,9470800
2023-05-04,44.29077739215977,44.849707456855135,43.317153951442776,43.488441467285156,7220100
2023-05-05,44.984930155276054,45.85037084552803,44.80462915173466,45.399620056152344,8325300
2023-05-08,46.66172127595072,46.905127120485034,45.93150718130346,45.97658157348633,8842500
2023-05-09,45.2824286441943,46.192947260183594,43.99328097605925,44.32683563232422,13774400
2023-05-10,44.32683201819475,44.362892907541585,42.55087620480908,43.37124252319336,12036100
2023-05-11,42.66807348744006,43.13685130534037,42.27141057220103,42.60496520996094,7922500
2023-05-12,42.94753469537797,43.08276130787964,42.2263341195988,42.83935546875,5950700
2023-05-15,43.20897446934062,43.44336338579523,42.75822364319598,43.010643005371094,7187000
2023-05-16,42.69511592352869,42.96556571318664,41.51414760064364,41.58626937866211,8030900
2023-05-17,42.00096211771477,43.5244986720595,41.87475243662722,43.010643005371094,7930900
2023-05-18,42.704135375545384,43.605637092633266,42.42467204418006,43.52450180053711,6115900
2023-05-19,44.200624767290506,44.70546692895206,44.01131024627588,44.3538818359375,8291100
2023-05-22,44.34486284907603,45.057049944578054,44.092443499361174,44.462059020996094,5510700
2023-05-23,44.84970368712119,45.228332700715775,44.22766883380624,44.272743225097656,7381000
2023-05-24,44.416985489197515,45.120155656433866,43.88509939273633,44.777584075927734,6903000
2023-05-25,43.88510193516726,44.10146041194871,42.97458331509038,43.154884338378906,11289800
2023-05-26,43.67774992036795,43.71381080700318,42.8934445503066,43.33517837524414,6377100
2023-05-30,42.65004224358347,43.010640822827334,41.75755413996518,42.33451461791992,11242800
2023-05-31,41.748533464107474,42.181253748226645,41.369901066156245,41.5592155456543,11537800
2023-06-01,41.74853404654138,43.028664475050306,41.45103691264681,42.172237396240234,7568000
2023-06-02,43.16389634037159,44.19160758484023,42.82132477923019,43.74987030029297,8829400
2023-06-05,44.714483283411454,44.714483283411454,43.48844385083958,43.60563659667969,7367600
2023-06-06,42.82133135036618,44.209644813180155,42.7401960586704,44.128509521484375,5952500
2023-06-07,44.43501561730509,45.534845253783445,44.254714605748646,45.120155334472656,7190000
2023-06-08,44.94886901662012,45.51681597098023,44.13751622467711,45.093109130859375,7162900
2023-06-09,45.011977078513304,45.50780229182104,44.64236154434326,44.9578857421875,6105400
2023-06-12,44.254712958044905,45.111140151834455,44.08342889486925,44.5341796875,8611900
2023-06-13,45.76022089756647,46.346198328447436,45.36356142123454,45.426666259765625,13214200
2023-06-14,45.8016415284011,46.34123417582746,44.4663674274976,44.7681770324707,10790700
2023-06-15,44.923647492002644,45.97540368677557,44.87791972023108,45.362640380859375,8670000
2023-06-16,45.68274574552949,45.929679921201135,45.34435601833753,45.54555892944336,16259000
2023-06-20,45.02426053650647,45.19802750278857,43.34145234987926,44.14627456665039,10540800
2023-06-21,44.08225367954271,45.11571826365763,44.01823408917157,44.759033203125,6950800
2023-06-22,44.02737114409563,44.08224656504562,43.42375546886761,43.615814208984375,7243500
2023-06-23,42.98476143782125,43.35059059026102,42.893305894113986,43.1219482421875,13663600
2023-06-26,43.24999542849801,44.073105941094425,43.17682818890401,43.66155242919922,6833700
2023-06-27,43.59752559699245,43.89019104136788,43.26828351358079,43.277427673339844,7871700
2023-06-28,43.478630889817595,43.8078764379066,42.88415937367851,43.615814208984375,8819700
2023-06-29,43.84446259543953,44.29260320617519,43.661551478051194,44.265167236328125,6745800
2023-06-30,44.9053563996428,44.9053563996428,44.19199338000699,44.21028518676758,8876800
2023-07-03,44.219435560494645,44.89621855053206,44.15541597223777,44.65843200683594,4385700
2023-07-05,45.0699800067298,45.17973084932675,44.127974618341504,44.35661697387695,7528100
2023-07-06,43.89933467025572,44.32918343865312,42.71039505403076,43.48777770996094,9501500
2023-07-07,43.15853071650421,45.16144002752833,43.076219327163415,44.67671585083008,9701800
2023-07-10,44.41149841107757,45.21631709964171,44.26516742326537,44.987674713134766,5793500
2023-07-11,45.4998286177887,46.45098165133317,45.29862222909128,46.240631103515625,8664900
2023-07-12,46.825956438462356,47.16434615737921,46.432691296691864,46.7253532409668,7640900
2023-07-13,46.688773102113146,47.38384788812461,46.2772161220808,46.743648529052734,7168500
2023-07-14,46.359530975568354,46.359530975568354,44.56697542752345,44.72245407104492,9704500
2023-07-17,44.53953499900247,44.90536070285447,44.2194335832255,44.74073791503906,6486700
2023-07-18,44.813909605643666,46.58817334222345,44.74989001388295,46.194908142089844,9089500
2023-07-19,46.15832219667499,46.78022971442764,46.05771899692005,46.29550552368164,8251200
2023-07-20,46.807662784089885,47.36555068360476,46.560728624199434,47.00886917114258,8133600
2023-07-21,47.228370390089346,47.98746478135227,46.88998063785217,47.79540252685547,9921900
2023-07-24,48.01489682749255,49.00263352257053,47.90514946875243,48.55449295043945,9024000
2023-07-25,48.472179713669114,49.20383455875585,48.344140551879626,48.838008880615234,5547000
2023-07-26,48.29841741021851,48.911177311492985,48.21610601420193,48.609371185302734,5078800
2023-07-27,49.020919040793856,49.06665030239447,47.566753537552415,47.75881576538086,7478600
2023-07-28,48.06062247478299,48.49047121995613,47.630777218415325,48.4721794128418,5559400
2023-07-31,48.92946833151358,49.587959489028435,48.865448745511394,49.38675308227539,6926000
2023-08-01,49.075793886694434,49.331872202392795,48.52705364196784,49.094085693359375,7363700
2023-08-02,47.57590566108898,47.57590566108898,45.170586906684015,45.49068832397461,21330900
2023-08-03,45.77420134159711,47.32897014059519,45.62787036573881,46.48756790161133,12952100
2023-08-04,46.761938386543434,47.53932104731348,46.35952558339177,46.46012878417969,11888800
2023-08-07,46.46012877971244,46.96314129479797,46.185758634102676,46.469276428222656,6614000
2023-08-08,45.42667241205278,46.450992922323934,44.67672558523666,46.432701110839844,6899400
2023-08-09,46.99972137278364,47.54846511149588,46.48756473655206,46.81680679321289,7379700
2023-08-10,46.93570986521748,47.3198308972574,45.94797654775461,46.42354965209961,6296900
2023-08-11,46.16746654440765,46.80766587279765,45.920532368222695,46.10344696044922,9473100
2023-08-14,45.87481072534862,46.00284991038298,45.37179814608242,45.99370574951172,6192200
2023-08-15,45.664457712269915,45.728477301387386,44.768179975819436,44.987674713134766,7083500
2023-08-16,44.996819796909236,45.25289813877923,44.3566204534285,44.37491226196289,6439900
2023-08-17,45.04254133787323,45.563845598110696,44.768171225454346,44.8687744140625,5943000
2023-08-18,44.35661607290093,45.74676198497633,44.31088830048376,45.71932601928711,6305600
2023-08-21,46.268074123391976,46.533300132781186,45.37179637434434,45.88395309448242,6526700
2023-08-22,46.0211368181503,46.24063503254401,45.472396515374655,45.49068832397461,4686500
2023-08-23,44.95109190876298,45.170586633021145,44.34747618384443,45.12485885620117,5748500
2023-08-24,44.77731937848105,45.19802048763964,44.50294924158656,44.667572021484375,5261800
2023-08-25,45.19801758146284,46.4875637706813,44.94193926866758,46.121734619140625,10108500
2023-08-28,46.38696939234825,47.164352126055746,46.06686795173468,46.24978256225586,4757700
2023-08-29,46.35953454056114,46.652196550959296,45.87481373999039,46.3961181640625,4677800
2023-08-30,46.6430422248435,46.7802290386741,46.28636069545065,46.332088470458984,4350300
2023-08-31,46.65218601049528,46.90826782834003,46.19490128646499,46.7253532409668,6783900
2023-09-01,47.48444781379142,48.783138346644456,47.33811683011278,48.399017333984375,9339800
2023-09-05,48.83801450439082,49.81660362653147,48.64595225078481,48.92947006225586,8350700
2023-09-06,48.847155186086624,49.51479047961337,48.60936865928757,48.92032241821289,5102700
2023-09-07,48.74655513196817,49.176403926434325,47.88686103184175,48.01490020751953,7234400
2023-09-08,48.316710631117346,48.77399540261546,48.078920596207006,48.161231994628906,5123400
2023-09-11,48.61851765445591,48.61851765445591,46.057723585038346,46.44184112548828,12427600
2023-09-12,46.963141725032244,47.5667574464258,46.82595839537345,46.999725341796875,8137200
2023-09-13,47.19178283888046,47.20093048723068,46.048571011496676,46.32294464111328,7766900
2023-09-14,47.06174252432671,47.43114537280491,46.42452630973279,47.03403854370117,9639000
2023-09-15,46.6369342703401,46.65540476606487,45.685726639278734,45.879661560058594,26185000
2023-09-18,46.175184153547185,46.34141509833092,45.32556245610767,45.71343231201172,9265500
2023-09-19,46.2675369276169,46.40606390065436,45.13162772652646,45.24245071411133,9549400
2023-09-20,44.89151103316521,45.30708836212594,44.19888332585956,44.21735382080078,10362300
2023-09-21,44.09730114482838,44.26353209066079,42.582755658699334,42.859806060791016,13741800
2023-09-22,43.23844455968551,43.42314601112974,42.71204771294612,43.026039123535156,8357000
2023-09-25,43.00756771890387,43.9864829248881,42.94292274069508,43.87565994262695,10594900
2023-09-26,43.27538595654855,43.9310727685236,43.22921147398036,43.35850143432617,8722300
2023-09-27,44.125001079561414,45.44561151534475,44.004948147498695,45.10391616821289,12027900
2023-09-28,45.02080616016148,45.3717385586901,44.614465793314245,45.07621765136719,6520600
2023-09-29,45.25168252538393,45.288623519877156,43.958775901218104,44.05112838745117,8856800
2023-10-02,44.16194898411768,44.16194898411768,41.880893597343885,42.1579475402832,10400300
2023-10-03,42.03789210168688,42.2872385427399,41.64078519810843,42.25029754638672,8624300
2023-10-04,41.50225309736731,41.594605576843996,39.5444263299909,40.03388214111328,14901400
2023-10-05,39.710659074662125,40.12623644397437,39.461312653074785,39.5721321105957,10595100
2023-10-06,39.71065958209599,40.83733523709793,39.33202320141475,40.357112884521484,11578500
2023-10-09,41.686954187407174,42.8505707589466,41.43760777922015,42.573516845703125,10939200
2023-10-10,42.573518497404585,42.85980590818258,42.250293616596345,42.545814514160156,7999900
2023-10-11,42.36111337193263,43.21997208745134,42.09329997860692,43.173797607421875,8053300
2023-10-12,43.63554478069902,43.75560123422878,42.72127467331902,43.11838150024414,8040700
2023-10-13,44.00494853314567,44.90074464147088,43.764835621142595,44.68833923339844,10185400
2023-10-16,45.002333020549024,45.73190175892518,44.632933669530125,45.6210823059082,9632900
2023-10-17,45.316321014539646,46.11976815382616,45.233205550276445,46.11053466796875,9484500
2023-10-18,46.42452982790657,46.950926637003434,46.05512695143404,46.24906539916992,10883400
2023-10-19,45.45485521921992,46.008956054175925,44.71604940876232,45.48255920410156,12615900
2023-10-20,45.307089613691666,45.57490299052072,44.38358597843988,44.623695373535156,7909800
2023-10-23,44.023418961950355,44.31894338213244,43.35849870447985,44.060359954833984,8084400
2023-10-24,44.18964725699508,44.346644705891926,43.6447799747415,43.83871841430664,5672600
2023-10-25,43.62631718060353,44.245062980567276,43.34002975983527,44.18965148925781,6337400
2023-10-26,43.450845131992175,43.9310674428367,43.09991276581987,43.56166458129883,5500600
2023-10-27,43.57090474678848,43.6632537074195,42.434995621169136,43.19226837158203,8089500
2023-10-30,43.1183830136541,43.589371835555404,42.17640889273825,42.638160705566406,6815200
2023-10-31,42.55504595605465,43.035264709600185,42.15793914136827,43.00756072998047,5896200
2023-11-01,43.40467095284222,43.40467095284222,42.59198676561474,42.67510223388672,7565000
2023-11-02,42.78592249167331,43.690955576042704,42.33340418804533,43.654014587402344,6014900
2023-11-03,43.79254454207317,44.26353341026869,43.59860960711601,43.718666076660156,7016500
2023-11-06,44.0695951070262,44.09729908907775,42.785925602964156,43.14609146118164,7874000
2023-11-07,42.37958219909527,42.56428363482434,41.5761350049937,41.82548141479492,11263500
2023-11-08,41.28061833842557,41.65001772477241,40.357114588227624,40.80039596557617,14232200
2023-11-09,41.160553622763274,41.67771688756003,40.74497631380932,40.76344680786133,9925700
2023-11-10,41.206730153270605,42.44422513343237,41.123614687331134,42.13023376464844,11178100
2023-11-13,42.305703132250585,42.50887153804276,41.87165529294065,41.945533752441406,8175900
2023-11-14,42.27799581808293,42.665869181593315,41.97324144657682,42.241058349609375,6847000
2023-11-15,42.17641101031351,42.85980527768092,41.9824760846815,42.03788757324219,7318600
2023-11-16,41.252906389884856,41.44684483394515,40.135467817919604,40.9019775390625,12410900
2023-11-17,41.37296950815412,42.241065334229916,41.040507576711256,41.890132904052734,9335200
2023-11-20,42.32417849689191,42.66587389752658,42.047124553952585,42.1579475402832,7587800
2023-11-21,41.82548087772345,42.084060770691664,41.520722984250774,41.78853988647461,5040000
2023-11-22,40.68033563329465,41.77007023700276,40.34787375109396,41.70542526245117,6973800
2023-11-24,41.61307650652118,42.130236305434096,41.46531606070508,41.880889892578125,4050600
2023-11-27,41.539197400677125,41.58537188265308,40.95738906369609,41.49302291870117,8319900
2023-11-28,41.668484108951446,41.94553450208258,41.29908475907223,41.39143371582031,5942200
2023-11-29,41.60383611325125,41.751596547049495,41.225199781462834,41.446842193603516,6470300
2023-11-30,42.01942030345207,42.47193868755962,41.12362054548315,41.529964447021484,12904400
2023-12-01,41.44684345739311,42.351876582364284,41.22520103849415,41.714656829833984,6386200
2023-12-04,41.21596770479706,41.84395045063213,41.06820726594685,41.262142181396484,6670300
2023-12-05,41.26214689168206,41.419140834619114,40.37558415737513,40.430992126464844,8282100
2023-12-06,40.20011586436969,40.79115768239128,39.766071510884096,39.94153594970703,10636500
2023-12-07,40.218582998185916,40.44945890922359,39.8399466449996,40.135467529296875,10954900
2023-12-08,40.477168119331175,40.874271461989245,40.329404148070715,40.71727752685547,7454700
2023-12-11,40.86504166231812,41.19750358187691,40.68957721494533,41.01280212402344,8093600
2023-12-12,40.54181005094907,40.54181005094907,39.747596379498056,40.0246467590332,11439000
2023-12-13,40.015423447078696,40.86504529672513,39.66449099823502,40.83734130859375,13256400
2023-12-14,41.58922777099506,42.754667595676906,41.50463936770913,42.284732818603516,13683600
2023-12-15,41.83359385335895,42.20954312330638,41.485843109114235,42.17194747924805,24624200
2023-12-18,42.82985417708273,43.38437734295991,42.491500572775614,42.51969909667969,12127200
2023-12-19,42.61368699651965,42.98023555989374,42.31292901706819,42.93324279785156,9074600
2023-12-20,43.09301649806928,43.45016792320655,42.453904931115325,42.51969909667969,8494500
2023-12-21,42.66067844414902,43.102418281434545,42.44450887716103,43.093017578125,8104100
2023-12-22,43.42197612063582,43.656943520005804,42.97083914408362,43.05542755126953,6324000
2023-12-26,43.478367425992595,44.11747906003815,43.412576838839506,43.85431671142578,8224800
2023-12-27,43.750929308565574,43.957701768555594,43.459572026199275,43.60995101928711,7982600
2023-12-28,43.337390829616616,43.56295754145305,42.99903717654371,43.0084342956543,7843000
2023-12-29,43.121217850232426,43.2152033752298,42.33172725017349,42.57609176635742,9450400
2024-01-02,42.87684952247512,43.69453864397279,42.81105893826054,43.083621978759766,7489500
2024-01-03,42.94263624028262,44.02348760132248,42.78286014595231,43.99529266357422,7374600
2024-01-04,44.21146549435439,44.50282276685346,42.82045895907087,42.88624954223633,8311400
2024-01-05,43.21521177081475,43.3092008993897,42.78287253532592,43.177616119384766,7073500
2024-01-08,42.4351151536658,42.79226303100586,41.664422345252675,42.79226303100586,8222300
2024-01-09,42.84865372655688,42.905047191322396,41.87118851586191,42.07796096801758,7532800
2024-01-10,42.07796415710202,42.12495692197592,41.20388510623852,41.29787063598633,10531300
2024-01-11,41.429459406473924,41.589235539571376,40.81854264803644,40.96892166137695,10739000
2024-01-12,41.767811548127305,41.85239997136669,40.10424161463185,40.1982307434082,12749700
2024-01-16,39.97265096146256,40.179423410526034,39.02338429000518,39.173763275146484,13084600
2024-01-17,38.80721443348288,38.995189059836854,38.356077481424016,38.619239807128906,11802700
2024-01-18,38.51585129282008,38.73202084541026,38.0741114849563,38.609840393066406,10038500
2024-01-19,38.58164980751539,38.638043279264686,38.177505556607855,38.50646209716797,9173500
2024-01-22,38.34668304379427,39.11737591098604,38.12111632356751,38.703834533691406,9522600
2024-01-23,38.74142454296055,39.324142668263896,38.59104555625911,38.816612243652344,5843100
2024-01-24,39.19256571425487,39.36174254063655,38.78842147182288,39.117374420166016,8160700
2024-01-25,39.2865463122983,39.94445571167174,38.976391226431744,39.93505859375,8101500
2024-01-26,39.84107375861819,40.19822522833087,39.58730852371587,40.05724334716797,5768600
2024-01-29,40.01965677671113,40.235826394918746,39.50272553173786,40.1982307434082,5362500
2024-01-30,39.91626123639232,40.75274456854064,39.85986777225324,40.71514892578125,6014800
2024-01-31,40.583569042294535,40.621164686240476,39.483919761442436,39.49332046508789,6996900
2024-02-01,39.747086296646344,40.057241400688085,38.985790628932634,39.28654861450195,7886700
2024-02-02,39.22075644265956,39.305344846761486,38.732023839550415,38.816612243652344,6951300
2024-02-05,38.60044137338264,38.666231953764786,38.036521088587776,38.243289947509766,7451100
2024-02-06,38.46885853535571,39.00458385814824,38.29028462286405,38.609840393066406,6864000
2024-02-07,38.694426911567675,38.97639063942245,38.24328996644487,38.826011657714844,6761800
2024-02-08,38.84481357344471,39.935062202083536,38.82601575058496,39.85987091064453,11090600
2024-02-09,39.84106724073312,40.01964473903378,38.863602107386896,39.08917236328125,7462200
2024-02-12,39.27715406508837,40.029049078191974,39.248955537190696,39.700096130371094,7972800
2024-02-13,39.5497157606951,39.728289699722765,38.920001244080936,39.38053894042969,6512500
2024-02-14,39.52151420278813,39.94445622101539,39.145568530722215,39.32414245605469,6715300
2024-02-15,39.342939547589985,40.71514821654399,39.342939547589985,40.59296417236328,8847500
2024-02-16,40.592967863955224,41.10049832256821,40.37679828017223,40.84673309326172,6176300
2024-02-20,40.77154489650247,41.19448694025294,40.53657749278754,40.799739837646484,6377800
2024-02-21,41.0910968743219,41.94637800061616,41.02530629424678,41.457645416259766,7520000
2024-02-22,41.06290294312216,41.60802905079093,40.71515218307167,41.32606887817383,10886600
2024-02-23,40.89371985950225,41.46704082103161,40.536572035367215,41.24147415161133,7029700
2024-02-26,41.10049179710984,41.68320986893453,40.86552442787048,41.194480895996094,8164000
2024-02-27,41.47644013201021,41.946374860404966,41.3072633429627,41.65501403808594,7475100
2024-02-28,41.44824831895279,42.21894111143632,41.10049756754389,41.3824577331543,11356000
2024-02-29,41.53283261628096,41.767799995252425,41.20387971984799,41.41065216064453,7975100
2024-03-01,41.77720722169405,42.09676305040654,41.429456450404,41.7208137512207,12033200
2024-03-04,41.85239009363044,42.03096760349944,41.57983064780343,41.70201110839844,7332700
2024-03-05,41.91817938860865,42.679474994713516,41.6644177718914,42.369319915771484,9578300
2024-03-06,42.829858699472275,42.87685146385072,42.2001477691013,42.71707534790039,8359200
2024-03-07,42.71707768051472,43.49716765068527,42.67948203283177,43.130619049072266,7767900
2024-03-08,43.27160079790081,43.58175592700511,43.046030497837265,43.38438415527344,6790800
2024-03-11,43.35618545394976,43.938903599400376,42.9614383593866,43.863712310791016,7571700
2024-03-12,43.89191237988174,44.16447543269678,43.70393773706729,43.77912902832031,6939400
2024-03-13,44.19266699214345,44.92576409916514,44.19266699214345,44.5592155456543,8846300
2024-03-14,44.88176777941211,45.4130228978284,44.815360889610076,45.40353775024414,9075200
2024-03-15,45.071499012850886,45.81146717507441,45.033554804173384,45.17585372924805,16340700
2024-03-18,45.22328597418495,45.555324031806755,44.834329795013765,45.03355407714844,6691000
2024-03-19,45.01457869995746,46.039144662474584,44.91022398863823,45.944278717041016,8230900
2024-03-20,45.612247579046155,46.34272337316093,45.536351922102014,46.11504364013672,6248500
2024-03-21,46.134023636421624,46.15299755315907,45.72609347382792,46.039154052734375,6671500
2024-03-22,46.09606905378978,46.323752402398334,45.82095272973481,45.887359619140625,4640200
2024-03-25,46.181450890193005,46.71270963622736,46.06761102279426,46.5324592590332,6091000
2024-03-26,46.646298258406894,46.79808957065276,46.26683083450442,46.285804748535156,5832000
2024-03-27,46.048635111253205,46.9309021878633,45.991713370570494,46.92141342163086,5580400
2024-03-28,47.405240998206054,47.70881638907896,47.16807249790509,47.604461669921875,9259400
2024-04-01,48.306475370213164,48.572106534721385,47.737272452802756,48.334938049316406,8016600
2024-04-02,48.62901974419662,48.99900558394371,48.25903752335305,48.970542907714844,7093800
2024-04-03,49.1887452931927,50.118448994818465,49.1887452931927,50.061527252197266,8999300
2024-04-04,50.23228655946303,50.39355939447726,49.625135808273555,49.84333038330078,7702300
2024-04-05,50.07101391877702,50.82995603446616,49.64411350233215,50.535865783691406,7669300
2024-04-08,50.74457051225218,51.04814588275818,50.24177086449223,50.68764877319336,7183100
2024-04-09,50.82046597796629,51.42761675998674,50.51689058695607,51.361209869384766,7885300
2024-04-10,51.23788600798405,51.75017088511514,50.79201164654429,51.712223052978516,7984200
2024-04-11,51.693247463633554,52.11066271768951,50.53586403428666,51.13352966308594,7527400
2024-04-12,51.674268292695864,52.26244509514509,50.52637012773528,50.678157806396484,9808700
2024-04-15,50.905846785375644,51.266343919307076,49.79589994048439,49.97614669799805,7850700
2024-04-16,49.68205874703152,49.99512291910476,48.90414631927317,49.50181198120117,6991400
2024-04-17,49.368994458782204,49.94768616175092,48.79978790323251,49.017982482910156,6183100
2024-04-18,49.27412825864299,49.47335255710234,48.60057055982097,48.790306091308594,5168200
2024-04-19,48.88517181119666,49.748465037331506,48.78081708843791,49.169776916503906,5075400
2024-04-22,48.91363610771341,49.85282140573633,48.48673205456465,49.45438003540039,6363300
2024-04-23,49.30259265890095,50.004609445295635,48.970554562499665,49.871795654296875,4173200
2024-04-24,49.52078433730527,49.72000501204107,49.10336545434931,49.4259147644043,6470200
2024-04-25,49.36899277624519,49.947684459491605,48.790301092998774,49.90973663330078,6392000
2024-04-26,49.73898057915723,50.17536977228788,49.4354051735964,50.004608154296875,4618400
2024-04-29,49.80538486758229,50.469457389597544,49.80538486758229,50.35561752319336,4809100
2024-04-30,50.04255278749423,50.14690750503309,48.5151870902162,48.55313491821289,7539300
2024-05-01,48.34442265730591,48.52467302030214,47.22498712916537,47.813167572021484,8501200
2024-05-02,48.49621689700593,49.56821959728346,47.47165079481578,47.75625228881836,13274100
2024-05-03,48.486735482024706,48.66698226436031,47.585494332537465,47.94599151611328,8953800
2024-05-06,48.24956512451172,48.818768134820395,48.05982958144067,48.24956512451172,5858800
2024-05-07,48.2875074683557,48.64800097842063,48.21161181219209,48.363399505615234,5103000
2024-05-08,47.82265564499367,48.44878033303328,47.718300927169714,47.96495819091797,5146700
2024-05-09,48.08828265126454,48.57210840672387,47.983931553543854,48.24007034301758,4437900
2024-05-10,48.43929461261634,48.57210839049286,47.44318404073437,47.54753875732422,5061400
2024-05-13,47.661382151856635,47.85111405195451,47.07320168106035,47.33883285522461,6733600
2024-05-14,47.433699446267966,47.557028078121405,46.99731027989928,47.27242660522461,4435500
2024-05-15,47.07320378829883,47.25345416792637,46.190936661513604,47.15858459472656,5742200
2024-05-16,47.36728738289048,47.50010114780888,46.68424102742027,46.712703704833984,5312500
2024-05-17,46.88346851201526,47.234480506379086,46.57040796603891,47.073204040527344,4691700
2024-05-20,47.09217393948425,47.500104024382516,47.0257670530035,47.45267105102539,4826000
2024-05-21,47.24396275353992,47.661381614418005,47.11114897740743,47.21550369262695,3800400
2024-05-22,46.77911768210744,46.85500972261235,45.96325743798036,46.295291900634766,5115300
2024-05-23,46.64629549768585,46.807571947950045,45.65967735880832,45.75454330444336,4533400
2024-05-24,45.99171040867742,46.18144591316339,45.555321281592306,45.67864990234375,4039100
2024-05-28,45.8873656858112,46.456572323134125,45.86839176934331,46.39965057373047,5336400
2024-05-29,46.16247721623959,46.219398959687496,44.170263241316846,44.76792526245117,10321600
2024-05-30,44.767928820341226,45.242265863392156,44.767928820341226,45.14739990234375,6067500
2024-05-31,45.289697436287646,46.56092071533203,45.204316633258394,46.56092071533203,15249200
2024-06-03,46.285809863865126,46.333242844732034,44.52127547194207,44.663578033447266,8211700
2024-06-04,44.160772369365354,44.312560059086174,43.544136463145016,44.25564193725586,7669700
2024-06-05,44.359994260773966,44.47383774539199,43.95206777372369,44.22718048095703,5293700
2024-06-06,44.15129096640327,44.48332543491919,43.942581518247955,44.3599967956543,4095100
2024-06-07,44.06590894048694,44.74895177384153,43.87617341275904,44.388458251953125,6467600
2024-06-10,44.445376591617496,45.024068325474595,44.14180119334888,44.70151901245117,6607300
2024-06-11,44.435888957908595,44.90074079613679,44.08488060184078,44.86279296875,4211100
2024-06-12,45.33713326402205,45.394051390353304,44.17026462847582,44.445377349853516,5105200
2024-06-13,44.22718382088374,44.3030794830272,43.32594273690407,43.41132354736328,7572700
2024-06-14,43.73635019137538,43.73635019137538,43.01936084397579,43.55471420288086,6809800
2024-06-17,43.49735592952447,43.793712854198766,43.162762342631375,43.74591064453125,5577700
2024-06-18,43.822394525556994,44.424666673606055,43.5833980466102,43.6407585144043,5011700
2024-06-20,43.63119635300962,44.2525886532867,43.41132003130459,43.96579360961914,5368200
2024-06-21,44.23347432225796,44.252594480593174,43.592961781818964,43.803279876708984,12610300
2024-06-24,44.03271130777018,45.877764363087564,43.98490909593968,45.54316711425781,8375900
2024-06-25,45.466692916913054,45.47625117178497,44.94089772903316,45.28505325317383,6852700
2024-06-26,45.27549234302308,45.32329090817337,44.338626608249655,44.66366195678711,5120900
2024-06-27,45.05561983748559,45.132096818836466,44.68278589225704,44.94089889526367,3620100
2024-06-28,45.40933309919355,45.52405039328835,44.87397964875613,45.31373596191406,7931400
2024-07-01,45.600529200404246,45.91600265827206,45.055617516707834,45.629207611083984,4481200
2024-07-02,46.030721793658216,46.27927651901748,45.45712807492672,45.66744613647461,4783000
2024-07-03,45.86819824190134,46.30795083462721,45.715240659788144,45.99247741699219,3338400
2024-07-05,45.85864339589377,45.982918933422155,44.749699931477004,44.96001434326172,6394700
2024-07-08,44.539384237912024,44.73058215161156,43.51647959343592,44.47246551513672,11872600
2024-07-09,44.07095532877932,44.845305340061806,43.860640878162265,44.032718658447266,6198100
2024-07-10,44.07094875320844,44.128309220344136,43.64075801347958,43.889312744140625,5700700
2024-07-11,43.927550700909336,44.491582500387615,43.48779808349824,44.376861572265625,6879200
2024-07-12,44.730583950236785,44.816622832521375,44.18567224470008,44.434226989746094,4954300
2024-07-15,44.883544101277195,46.52783756607059,44.62542743979746,45.93512725830078,8391700
2024-07-16,45.59096887597505,46.413117380670094,45.38065444572067,46.116764068603516,6136800
2024-07-17,46.298394715903235,47.177899941906425,46.298394715903235,46.50871276855469,7723900
2024-07-18,46.25059898238904,46.91978984347433,46.14543994963034,46.32707595825195,4782600
2024-07-19,46.26972164101562,46.26972164101562,45.43801123518545,45.638771057128906,4995500
2024-07-22,45.40933373295277,45.418891988095304,44.415107445463136,44.740142822265625,5634900
2024-07-23,44.49158833380789,44.60630563017417,43.7554786924298,43.93711471557617,6678400
2024-07-24,44.271710396747146,44.577625607202656,43.55472093846761,43.5738410949707,5279000
2024-07-25,43.6216418412994,44.59674799087211,43.48780438589088,44.2430305480957,4900400
2024-07-26,44.10919041998449,44.510706408678196,43.76503490018901,44.30038833618164,4327200
2024-07-29,44.45334697740963,44.51070744764676,43.1627673948488,43.67899703979492,5309200
2024-07-30,43.62163736270169,44.27170806234127,43.516478330878115,44.13786697387695,5228300
2024-07-31,44.82617690481781,45.246813021980614,44.749699931477004,44.96001434326172,6693300
2024-08-01,45.04605358223149,45.35196877166489,42.56049175638587,43.076725006103516,11131100
2024-08-02,42.67520764334965,42.75168826160205,40.21832430733864,40.90663528442383,12250300
2024-08-05,39.61605656166591,40.30436761449156,39.071144860444605,39.654296875,12221600
2024-08-06,39.71166115453663,40.56248815045642,39.51090496046963,40.132293701171875,8326700
2024-08-07,41.60450999848274,42.49357724545643,41.24123430750066,41.26991271972656,11873900
2024-08-08,41.843501951655476,43.220120291086886,41.680982457482806,43.1245231628418,8819700
2024-08-09,43.0289252323662,43.20100299202046,42.350176095283764,42.94288635253906,6233400
2024-08-12,43.13408287092809,43.478238379086044,43.00024542815484,43.334842681884766,4920600
2024-08-13,42.78993015471284,43.057608704521535,42.38841780019536,42.67521286010742,6873000
2024-08-14,42.82816787219359,42.866408183676214,42.22589573013114,42.53181457519531,5709600
2024-08-15,42.770807648300156,43.54515383682254,42.770807648300156,43.43999481201172,5403700
2024-08-16,42.99068661451831,43.42087734732316,42.847287272385515,43.105403900146484,4917900
2024-08-19,43.26792275348033,43.535601300917406,43.067166578000275,43.20100402832031,5064500
2024-08-20,43.00981484467374,43.01937310077193,41.872189088725186,42.101627349853516,6267700
2024-08-21,42.55093597385784,42.675215177059435,41.69055074740903,41.91042709350586,5366600
2024-08-22,42.01558428372449,42.139863481438994,41.623630180283754,41.74790573120117,4173600
2024-08-23,42.06338354083608,42.79949319041637,42.015584970717285,42.732574462890625,4314300
2024-08-26,43.49735755730919,44.01359080794584,43.02892287133223,43.153202056884766,5334100
2024-08-27,43.07672657007193,43.267920835311884,42.62741202380498,42.68477249145508,3767300
2024-08-28,42.34061585165222,42.89508577031732,42.302375540903796,42.627410888671875,3651200
2024-08-29,42.962010558490874,43.34440642638947,42.55093627687893,43.019371032714844,4365500
2024-08-30,42.57961312376618,42.86640816617513,42.42665552469496,42.80904769897461,5832500
2024-09-03,42.02513988062326,42.13986081593261,40.92575826821837,41.12651443481445,6389000
2024-09-04,41.298589661698394,41.55670628014111,40.24700303321364,40.38084411621094,6316400
2024-09-05,40.77279784110213,40.858836713220526,40.08448686415498,40.22788619995117,5320900
2024-09-06,40.24700203384249,40.51468054639376,39.27189969522268,39.52045440673828,6226400
2024-09-09,39.673416960585705,40.008010584667026,39.46309888442202,39.57781982421875,7694700
2024-09-10,39.57781784177692,39.60649625189111,38.33503325047533,38.459312438964844,7926400
2024-09-11,38.478438744636925,38.48799700060375,37.30257633365874,38.172523498535156,10260800
2024-09-12,38.19164371982674,38.66963674849342,37.64673195889052,38.249000549316406,8037000
2024-09-13,38.4519807616882,38.751633029352085,38.046003838415025,38.132999420166016,8673500
2024-09-16,38.42298637102185,38.838631550023216,38.07500401768606,38.31665802001953,7139000
2024-09-17,38.22966674179237,39.205951086202866,38.09434107520427,39.10928726196289,7490700
2024-09-18,38.83862975558277,39.727914673156015,38.722636872279146,39.02228546142578,5996600
2024-09-19,39.756919009485344,40.04690308585264,39.418601180933834,39.60226058959961,6471500
2024-09-20,39.42826461791992,39.52492473585421,38.857961072474474,39.42826461791992,12847500
2024-09-23,39.42826823494824,40.10490018460183,39.17694600550813,39.747249603271484,7209800
2024-09-24,40.45288017502689,40.481881163892766,39.55392695448428,39.64092254638672,6905000
2024-09-25,39.370274398793775,39.524932831574944,38.44232380210678,38.47132110595703,8386600
2024-09-26,37.891352233275164,38.08467619266211,36.509090901578105,36.605751037597656,16997600
2024-09-27,37.01173176863969,37.75602661646044,36.93440070984634,37.65936279296875,8631700
2024-09-30,37.61102976716395,38.190997913114025,37.37904029637539,37.81401824951172,10931400
2024-10-01,37.466035495071964,38.809634866781636,37.35971082972649,38.43265151977539,12618700
2024-10-02,39.14794921875,39.37027046318959,38.567981075633455,39.14794921875,8133200
2024-10-03,39.16727947986717,40.51087508589273,39.05128659612287,40.39488220214844,11722800
2024-10-04,40.98452376726831,41.1198494301447,40.46255019273273,41.00385284423828,10288300
2024-10-07,41.003852030392466,41.59348842466312,40.8975273597769,41.1875114440918,8362700
2024-10-08,40.44321355765567,40.559206445112814,39.66025327078825,40.28855514526367,7402600
2024-10-09,39.90190871791563,40.72353455951957,39.74725029991392,40.559207916259766,6264600
2024-10-10,40.74286836941951,41.55482600662548,40.520543430941956,41.42916488647461,7454900
2024-10-11,41.226176878559095,41.85447511192664,41.129513059108,41.52582550048828,5979100
2024-10-14,41.14884723573197,41.487161397056695,40.98452426804505,41.4388313293457,5866100
2024-10-15,40.046902390506524,40.44321481504165,39.64092174076339,39.824581146240234,8384900
2024-10-16,40.085566996887515,40.22089264791436,39.27360940337899,39.33160400390625,7566400
2024-10-17,39.350934365394735,39.54425829249993,38.37465388016694,39.225276947021484,21526000
2024-10-18,39.10928833823522,39.33160960908356,38.741976858058635,39.3026123046875,6942900
2024-10-21,39.55392394170275,39.689253275624544,38.606640728334064,38.74197006225586,6248200
2024-10-22,38.93529258688825,39.08995100450593,38.616311213766345,38.82896423339844,5918700
2024-10-23,38.558313204659655,38.683974322183474,37.891349465213366,38.19099807739258,7346500
2024-10-24,38.384322022656704,38.529315903441685,37.949344067649314,38.19099807739258,4223100
2024-10-25,38.50998528487217,38.683976476565014,37.56270195640434,37.881683349609375,9322100
2024-10-28,36.905395844692165,37.58202772110325,36.70240738797296,37.30170822143555,8475500
2024-10-29,37.214712049362625,37.398367742421044,36.799066918498866,36.866729736328125,6111100
2024-10-30,37.137380223627375,37.553025345716335,36.886061718045354,37.06971740722656,6318600
2024-10-31,37.38870620727539,37.77535407220695,37.15671675084699,37.38870620727539,7033800
2024-11-01,37.543370348934225,37.814021683308425,36.88607109058441,37.04072952270508,6921500
2024-11-04,37.38870688173712,38.10400065121231,37.22438024560533,37.843017578125,7877000
2024-11-05,37.82368768911374,38.268330194440665,37.49503807923131,38.026676177978516,12281800
2024-11-06,38.37465837506624,39.1866160141365,37.01172987598555,38.68397521972656,17787000
2024-11-07,38.47131815317844,38.47131815317844,37.49503756255726,37.591697692871094,12981500
2024-11-08,37.52403855191954,37.88168549404622,37.35004735037726,37.57236862182617,8623300
2024-11-11,37.41770876526128,37.794688458509285,37.07939460140996,37.65936279296875,8426700
2024-11-12,37.78502450275386,38.046011299185984,37.021396878454084,37.060062408447266,8057400
2024-11-13,37.14705638947136,38.036341416498,36.67341288605223,37.80435562133789,8317600
2024-11-14,38.15233754344056,38.306995967473334,37.60136667736455,38.06534194946289,5235700
2024-11-15,37.90101230831594,38.41332129345861,37.06005742447245,37.18571853637695,6725300
2024-11-18,37.50470531191997,37.862352249521166,37.21472120880149,37.4757080078125,6574200
2024-11-19,36.924736367677994,37.272718759404306,36.62508404428081,36.64441680908203,8134100
2024-11-20,36.68308247009913,37.49504015792002,36.663749705228646,37.02139663696289,5777500
2024-11-21,37.26304522135172,37.688358611653,37.11805503703319,37.40803909301758,7169000
2024-11-22,37.35970740868343,38.32632334487345,37.3210418862725,38.132999420166016,7465200
2024-11-25,38.14266516675326,38.258661737664745,36.9343952081966,36.992393493652344,11970200
2024-11-26,36.84740807082058,37.00206651347682,36.035450325038255,36.45109558105469,10083200
2024-11-27,36.51874960952689,37.08905317062036,36.51874960952689,36.57674789428711,6298300
2024-11-29,36.73140882949107,36.92473277132632,36.59608317641066,36.68307876586914,3241000
2024-12-02,36.69274145328679,36.87640084807494,35.90978487499142,36.354427337646484,7837900
2024-12-03,36.654077730877766,36.72174424467881,36.01611130478171,36.32543182373047,7316800
2024-12-04,36.344759607707644,36.354427832484575,34.83684102907462,35.078495025634766,13021700
2024-12-05,35.07849893592468,35.426481319737356,34.72084832625733,34.75951385498047,10313200
2024-12-06,34.6918477904789,34.701516015432595,33.5995706735994,33.821895599365234,13002500
2024-12-09,34.218210698471445,34.711183276716454,33.68656890472483,34.32453536987305,11704100
2024-12-10,34.49853017774769,34.56619301544024,33.53191399659911,33.570579528808594,8887400
2024-12-11,33.754225811455356,33.76389403547091,33.37724619648418,33.59956741333008,10382700
2024-12-12,33.54157521375894,33.589905275246664,32.74895040584882,32.990604400634766,11943700
2024-12-13,33.078167400575516,33.321389219697394,32.48470556811486,32.961421966552734,10477200
2024-12-16,32.83494518143105,32.83494518143105,31.67721067257275,31.706396102905273,15130700
2024-12-17,31.307511941393162,31.492359182478587,30.98645922373907,31.297780990600586,14450800
2024-12-18,31.22967937436542,31.48263213876115,30.2276066901763,30.256793975830078,13828400
2024-12-19,30.597303640711477,30.80160906506787,29.663330949786975,29.69251823425293,15241500
2024-12-20,29.624415910863764,30.285977646536043,29.566041342947187,29.935739517211914,34647800
2024-12-23,29.877367066034616,30.247065266491564,29.692519821441337,30.140047073364258,11098900
2024-12-24,30.14977403491855,30.43191221296454,29.731432242993847,30.392995834350586,5806600
2024-12-26,30.392997888981228,30.451370605213214,30.06221607094131,30.266523361206055,9002200
2024-12-27,30.247062018559628,30.733505599616382,30.14977293122128,30.354080200195312,9097600
2024-12-30,30.412453805105972,31.35615371209197,30.266521097622476,31.10320281982422,12334300
2024-12-31,31.083747124672723,31.89124157970761,31.025372555972417,31.84259796142578,10409800
2025-01-02,32.465245216673466,33.01006339130623,32.251212553753966,32.49443435668945,10072200
2025-01-03,32.77656860916535,33.107350407404695,32.445786810926016,33.01006317138672,8817900
2025-01-06,33.24355655463619,33.92457839244873,32.766843866056725,32.83494567871094,12626900
2025-01-07,33.11708380951475,34.148341948224655,33.07816742771841,33.74945831298828,11021700
2025-01-08,33.52569259735216,34.2456307706814,33.42840536018858,34.19698715209961,10936900
2025-01-10,35.26716261261915,35.88008261580105,34.68343175043565,35.01421356201172,14356700
2025-01-13,35.403365475518015,36.50272907741985,35.3644490958664,35.77306365966797,12201100
2025-01-14,35.62713305206904,36.37625674292242,35.53957304375447,36.17195129394531,9395600
2025-01-15,36.668119503187974,37.679923144564526,36.35679587680601,37.388057708740234,15331700
2025-01-16,36.99890098178671,37.59236279892233,36.89188279033336,37.378326416015625,8471200
2025-01-17,37.1545609493032,37.58263369386825,36.69730648752257,36.92107009887695,9359800
2025-01-21,36.48327359605274,36.62920817494515,35.43255353507657,35.73414993286133,13092100
2025-01-22,35.71468786200632,36.19140421816943,35.442280636353175,35.471466064453125,7971600
2025-01-23,35.704960382339166,36.21086216319142,35.3255349745175,35.46173858642578,6550300
2025-01-24,35.7341471023891,35.753605292118195,34.790445312514485,34.985023498535156,7202300
2025-01-27,35.02393725109452,35.48119539725686,34.17752647334866,34.37210464477539,9972000
2025-01-28,34.71261612813539,34.71261612813539,33.61325253602866,33.93430709838867,6961200
2025-01-29,33.905115708388216,34.27481386471168,33.535421263334705,34.1191520690918,7126600
2025-01-30,34.40129349431953,34.44020987473087,33.817558921960355,34.09969711303711,6101900
2025-01-31,34.051053180909506,34.08023861031523,32.873860518788646,33.175453186035156,8387800
2025-02-03,33.25328750574133,33.26301474557603,32.48470566433475,32.83494567871094,9706600
2025-02-04,32.42633469123267,33.661898265862995,32.30958554599528,33.486778259277344,7057200
2025-02-05,33.321385093807585,33.43813051337482,32.854399704268666,33.2143669128418,7592800
2025-02-06,33.55488205897227,33.67162748694103,32.12473664909152,32.51388931274414,8907100
2025-02-07,32.63063849862396,32.815485735777905,32.222023933243875,32.25121307373047,5509800
2025-02-10,32.63063942273448,33.53542486676752,32.57226485137836,33.33111572265625,8701700
2025-02-11,33.49651000303634,34.44993911074842,33.40894999767143,34.16780090332031,9504100
2025-02-12,33.905118811522264,34.274817001682,32.90304614245985,33.048980712890625,8741000
2025-02-13,33.029525784592586,33.292205810546875,32.63064212546289,33.292205810546875,7229400
2025-02-14,33.525693293907985,34.245631482195215,33.49650786440657,33.70081329345703,9066800
2025-02-18,34.04132528584201,34.537496132533605,33.43813254042688,33.93430709838867,10239900
2025-02-19,35.21851807694119,37.59236155570812,35.21851807694119,36.55137252807617,21954200
2025-02-20,37.01835531417424,37.825853430060434,36.68757353473302,37.504798889160156,11384100
2025-02-21,37.21293776040344,37.60209414959555,36.33733774035639,36.47354507446289,11546100
2025-02-24,36.570831002980796,36.63893281195353,35.899540152562274,36.298423767089844,7804300
2025-02-25,36.23031935746855,36.23031935746855,34.809901287768454,34.90719223022461,10935600
2025-02-26,34.85855188658826,35.22824636881266,34.32346093102865,34.49858093261719,8136300
2025-02-27,34.7320722450735,35.69522845213462,34.43047589036438,34.90719223022461,7400600
2025-02-28,34.55695802322411,35.29635075285464,34.25536161821568,35.237979888916016,9073100
2025-03-03,35.50066212767252,35.64659300790392,32.92250908627216,33.477054595947266,13946000
2025-03-04,32.883584476189505,34.02186435591906,32.20256273828729,33.32138442993164,14139100
2025-03-05,32.68900854941509,32.94196130060792,31.823139532200706,32.74738311767578,14135300
2025-03-06,32.5917196513905,33.24355226300872,32.212294255222275,32.95168685913086,8651600
2025-03-07,33.26301524551219,34.25536073073599,33.16572800062124,33.768917083740234,10540900
2025-03-10,33.75918707098528,34.03159430332247,32.620907100645944,33.282470703125,10579000
2025-03-11,33.661901862082026,34.226178323868396,33.097629111566484,33.477054595947266,8721900
2025-03-12,33.60352538556209,34.32345984825235,33.35057263068265,33.807830810546875,7621600
2025-03-13,33.45759412391928,33.642445088733126,32.51389224203555,32.873863220214844,9821100
2025-03-14,32.93264799801177,33.88310048771565,32.766072116292186,33.853702545166016,8375800
2025-03-17,33.93209405175359,34.66697911539417,33.93209405175359,34.40242004394531,7567000
2025-03-18,34.94133725944599,35.18629896309825,34.11826578566163,34.65718078613281,7292700
2025-03-19,34.56899243171327,35.71541508242392,34.53959822507053,35.3234748840332,10658200
2025-03-20,35.02951652276998,35.60762617573542,34.83354645200203,35.401859283447266,6915800
2025-03-21,35.2450864954728,35.54883657596302,35.049116410687134,35.42145919799805,12728200
2025-03-24,35.519443396847635,36.450298523087355,35.39206227738698,36.21513366699219,5722200
2025-03-25,36.50909017059007,37.00881413241513,36.08775948483841,36.224937438964844,5934100
2025-03-26,36.66586368091374,37.087198083474206,36.45029993710095,36.71485900878906,7504800
2025-03-27,36.53848242935998,36.73445250667577,35.95057219741261,36.13674545288086,5118700
2025-03-28,36.04856298340468,36.244533081804676,35.72521176037187,36.0191650390625,4324400
2025-03-31,35.823199314319154,36.891232444846345,35.803601930349444,36.646270751953125,7085000
2025-04-01,36.744250539408554,36.84223371238626,36.07795449726847,36.81283950805664,5573500
2025-04-02,36.293525939076424,37.19498319024302,36.293525939076424,37.15578842163086,5355500
2025-04-03,34.6963734941041,35.18629687229694,32.374137728059296,32.49171829223633,16227400
2025-04-04,31.35509723801466,31.639253703810695,28.474347155977423,28.719308853149414,23073700
2025-04-07,27.47490251762275,29.552176486567014,26.59303898759905,28.033414840698242,19139800
2025-04-08,28.827088660712104,29.08184901524458,25.877750005317008,26.259889602661133,17713000
2025-04-09,25.525007002766714,30.904367286536086,25.36823167281486,30.443838119506836,21581300
2025-04-10,29.209230014463614,29.454191692908417,26.583240522509847,27.190746307373047,16787200
2025-04-11,27.239739277367583,27.857043784953483,26.220699615174254,27.661073684692383,12107700
2025-04-14,28.650719237206612,28.650719237206612,27.523895829158903,28.150997161865234,10647600
2025-04-15,27.97462595730867,28.88588379873459,27.788456407164286,27.95503044128418,12112600
2025-04-16,28.0432146788112,29.258224418974258,28.03341598708698,28.709508895874023,10498300
2025-04-17,29.091649973375972,30.18907726575917,29.091649973375972,29.699153900146484,10351200
2025-04-21,29.013264462398944,29.150442416898024,28.474347598892127,28.885883331298828,6515400
2025-04-22,30.051899054850622,30.91416334835977,29.82653475720621,30.571218490600586,14186000
2025-04-23,31.100334859083183,31.668645885408864,30.081295235872346,30.453636169433594,9338000
2025-04-24,30.855374666718955,31.021948692935094,30.32625838097377,30.835777282714844,6477000
2025-04-25,30.463436482307426,30.884770895938967,30.39484750686218,30.718196868896484,5181500
2025-04-28,30.72799405635888,31.15912527202145,30.630009009559455,30.91416358947754,5045800
2025-04-29,30.375247635405607,30.80638070578338,30.169480725919627,30.669200897216797,4949100
2025-04-30,30.14008493538639,30.365449229486558,29.346409625910997,29.797138214111328,7573400
2025-05-01,29.708952969341272,31.12973149524049,29.65996137972103,30.532024383544922,8236100
2025-05-02,31.02194875065265,31.21791885323957,30.35565264454842,30.80638313293457,6604300
2025-05-05,30.17927955412871,30.590815269362707,29.836334682191527,30.00290870666504,9983400
2025-05-06,30.30666069868955,30.610412672126117,29.904923675106204,29.973512649536133,9491100
2025-05-07,29.79713835913084,30.198875361493922,29.101448090763796,29.67955780029297,13900500
2025-05-08,30.24786963353238,31.639252076669752,30.130287202616692,31.28650665283203,10247500
2025-05-09,31.884211189043242,32.12917285385553,31.394287859418675,31.87441062927246,6843400
2025-05-12,33.51076132089858,33.95169312863782,32.677889297875815,32.87385940551758,8035600
2025-05-13,33.06982748090482,33.90269571492606,32.922848974751105,33.59894561767578,7415700
2025-05-14,33.36377915585571,33.51075765496294,33.060029073167925,33.27559280395508,6172200
2025-05-15,32.530912837069785,32.83466293726782,32.276150588973486,32.72688293457031,7155400
2025-05-16,32.94244804881933,33.03063440947387,32.20756295597113,32.58970260620117,6046000
2025-05-19,32.089981115555695,32.21736223985554,31.737235686921487,32.03118896484375,5264600
2025-05-20,32.05078755061552,32.08018549598354,31.482478357024785,31.521669387817383,6277300
2025-05-21,31.35509478856647,31.590259644120888,30.865171432495117,30.865171432495117,8370400
2025-05-22,30.54182245085956,30.73779254315285,30.00290750041697,30.512426376342773,6814200
2025-05-23,30.0421010117051,30.610412048282917,29.993109422084856,30.532024383544922,7037600
2025-05-27,30.865173511837636,30.865173511837636,30.287063763214274,30.718196868896484,7347700
2025-05-28,31.021950054473415,31.14933118718143,30.208677271702676,30.238073348999023,6989200
2025-05-29,30.375250389317376,30.532025725684967,29.953915971988433,30.483034133911133,8889600
2025-05-30,30.13028834623231,30.218474705538913,29.630566266464694,29.650163650512695,18145600
2025-06-02,30.551621142365153,30.620210113995014,30.13028675217109,30.512426376342773,10156900
2025-06-03,30.51242732996765,31.649049415409998,30.179279284002547,31.364892959594727,6774400
2025-06-04,31.364891537488845,31.83522124749464,30.845573977373093,30.923961639404297,8118100
2025-06-05,31.24731049202792,31.257109183242807,30.688798175144182,30.78678321838379,4918500
2025-06-06,31.217919199336603,31.776431568319026,31.17872443082092,31.639253616333008,5820700
2025-06-09,31.854813185990874,32.334939692735205,31.63924946308913,31.991994857788086,5322300
2025-06-10,32.32514897036332,33.22660627107726,32.32514897036332,32.795475006103516,6319400
2025-06-11,33.08942468380601,34.01047926893312,32.76607346715858,33.77531814575195,8716400
2025-06-12,33.6283372575505,33.66753202124297,32.99143542991223,33.63813781738281,6149500
2025-06-13,34.79262848569099,35.12812195016017,34.1907171726181,34.64461898803711,12706100
2025-06-16,33.94403238024065,34.72355813551421,33.81575446541993,34.16111373901367,9279000
2025-06-17,34.615018271198224,35.00971403397703,34.12164574462448,34.24991989135742,10043300
2025-06-18,34.53607668034385,34.95050779372382,33.44078907479156,33.588802337646484,11401800
2025-06-20,33.66773875632902,33.934160361271736,33.31250994973873,33.835487365722656,15001600
2025-06-23,34.407801236673386,34.53607915606771,32.28630148985243,32.39484405517578,15657400
2025-06-24,31.704118454425622,32.41457230715025,31.674513544300854,31.921199798583984,8636300
2025-06-25,31.822528992232527,32.07908105812159,31.62517922239968,31.704120635986328,6371600
2025-06-26,31.773193014393797,32.3652385695148,31.763323455465937,32.04948043823242,6190200
2025-06-27,31.970540190587098,32.079078981040325,31.575840676477714,31.822526931762695,6351900
2025-06-30,31.694251429957934,31.723856342449302,31.29955376796639,31.38836097717285,5835000
2025-07-01,31.39822400586214,32.55271755463763,31.07259824766562,32.21722412109375,7286900
2025-07-02,32.769801880982996,33.026357699344594,32.09881495252996,32.9671516418457,6849400
2025-07-03,32.94741840315068,33.085562115377364,32.66126141974749,32.7895393371582,2849200
2025-07-07,32.54285276206963,32.93755230548866,31.704120937471462,32.246829986572266,7526100
2025-07-08,32.47377841542303,34.72355585357588,32.2862982169548,34.45713424682617,16160900
2025-07-09,34.28939074686126,34.5656781584283,33.776282865284124,34.13151168823242,6306200
2025-07-10,33.74668245505587,34.131512433609366,33.2533099155496,33.499996185302734,7752400
2025-07-11,33.312510298819696,33.86508886643211,33.174366597949984,33.51972961425781,5724400
2025-07-14,33.32238167874395,33.36185238518852,32.63165937249897,32.75993728637695,6961300
2025-07-15,32.87834584430544,32.907946992254516,31.72385590468628,31.743587493896484,6964000
2025-07-16,31.753455635891697,31.901468897300706,31.033132209577303,31.32915496826172,11508900
2025-07-17,31.299551739051633,32.38497165071894,31.210744535601876,32.34550094604492,6668800
2025-07-18,32.72046214199235,33.184233469479466,32.29616151559632,32.41456985473633,7130200
2025-07-21,32.46391256931369,32.58232091741221,31.871863300554065,31.921199798583984,4939700
2025-07-22,32.039613340166014,32.60205772389262,32.01987798724691,32.37510681152344,6161300
2025-07-23,32.55272169016093,33.08556117007793,32.306035421337484,32.799407958984375,6605300
2025-07-24,32.58232084617926,33.18423590757553,32.29616388844439,32.85860824584961,9729100
2025-07-25,32.888217403893904,33.01649156223301,32.41457642309077,32.50338363647461,5664200
2025-07-28,32.89807905381247,33.6677389634029,32.85860834969667,33.63813781738281,7174600
2025-07-29,33.72694774972036,33.87496102006928,33.263176349151976,33.76641845703125,6184100
2025-07-30,33.49012585535448,33.70721097226079,33.06582518001959,33.3125114440918,6439900
2025-07-31,32.97701670770257,33.58880132927852,32.6316574569206,32.77967071533203,5467900
2025-08-01,32.37510463973947,32.59218597902003,31.309418238398166,31.7139835357666,8893000
2025-08-04,31.477167096258366,31.852129391647868,31.2600838601978,31.516637802124023,7853600
2025-08-05,31.615313225076264,32.01000899807771,31.23048136457613,31.88173484802246,9814200
2025-08-06,32.56258742504179,33.41118879050125,31.713986059582332,32.01987838745117,15777800
2025-08-07,32.651394683900314,33.22370487007855,31.85212981802337,31.96067237854004,10939100
2025-08-08,32.21722438874843,33.09542679922691,31.9310674474974,32.838871002197266,9269100
2025-08-11,32.8290066040706,33.125029351265326,32.11854899949651,32.43430709838867,8541400
2025-08-12,32.54285201454239,33.29278037698551,32.306035305237835,32.87834548950195,5763000
2025-08-13,32.799405605780755,33.17436599731445,32.51324865108388,33.17436599731445,5817600
2025-08-14,32.9868864926472,33.45065785900101,32.592186976924786,33.40131759643555,4720500
2025-08-15,33.35198510346633,33.638142098524916,33.14476952668626,33.24344253540039,5365600
2025-08-18,33.0855617350841,33.371718715198135,32.71060131024551,33.10529708862305,5380200
2025-08-19,32.93755317716926,33.657876663458346,32.907948263942366,33.13490295410156,6284600
2025-08-20,33.16450382544358,33.54933381696499,32.89808219343632,33.33224868774414,8273900
2025-08-21,33.17437044510935,33.608540714345146,32.86848186174847,33.440792083740234,5312500
2025-08-22,33.62827550979534,34.81236664296043,33.57893524246853,34.6939582824707,8412600
2025-08-25,34.674221284289274,35.33534244095552,34.43740457453848,35.29587173461914,6681300
2025-08-26,34.940641598898374,35.10839021248644,34.447269080549546,34.76302719116211,7114800
2025-08-27,34.63475176894104,35.51295807652257,34.63475176894104,35.08865737915039,7925300
2025-08-28,35.25640186042718,35.4932223399013,34.78276466561277,35.404415130615234,5125700
2025-08-29,35.33534109352031,35.79910870081992,35.325471535245704,35.62149429321289,6146300
2025-09-02,35.52282094048946,36.08526530424986,35.1971932750842,35.937252044677734,6044800
2025-09-03,35.35507569859719,35.72017030023486,34.457134121268204,34.61501693725586,6913500
2025-09-04,34.467005017717355,35.15772730795064,34.21044919590865,35.10839080810547,4615700
2025-09-05,34.57554653736876,35.05904949111632,33.884824267881555,34.29925537109375,8729200
2025-09-08,34.585413578475375,34.585413578475375,33.67760993062907,34.05257034301758,8061000
2025-09-09,34.25978993634558,34.81236476491005,33.855224609375,33.855224609375,5073600
2025-09-10,33.90455884109985,35.0491828918457,33.74667979148433,35.0491828918457,8043200
2025-09-11,34.536074344761715,34.88143358255598,34.30912345076357,34.82223129272461,6242900
2025-09-12,35.08865344384048,35.31560434142492,34.30912399291992,34.30912399291992,7123800
2025-09-15,34.36874394708083,34.378678313983386,33.51424436219734,33.55398941040039,9102200
2025-09-16,33.72289713553312,34.90528757590856,33.673217724912256,34.74631118774414,8053700
2025-09-17,34.497913359371466,35.66042758874399,34.120342983121276,35.18349838256836,7499500
2025-09-18,35.372278850306074,35.372278850306074,34.50784497004996,34.78605270385742,6103000
2025-09-19,34.56746380455012,34.587336327735706,33.70302610231048,33.74277114868164,13572300
2025-09-22,33.60366561392815,33.77258015749936,33.3652029280931,33.50430679321289,6826400
2025-09-23,33.87194046620268,35.262986759101075,33.7725816411226,34.25944519042969,8409100
2025-09-24,34.76618536799763,35.47164288722592,34.64695022846612,34.98477554321289,5455300
2025-09-25,34.84567261484595,35.62068209131794,34.805927567258585,35.53125762939453,6065400
2025-09-26,35.640552733938485,37.021660847183256,35.561066433255526,36.75339126586914,9215500
2025-09-29,36.57454257145234,36.584476937736405,35.113944358443185,35.29279327392578,9375300
2025-09-30,34.96490102940628,35.133815572311484,34.299188594587484,34.83573532104492,9104900
2025-10-01,34.65688631989711,35.31266438705492,34.527716821583844,35.09407043457031,6187700
2025-10-02,34.776118283181695,35.262985606876526,33.96136381519941,34.100467681884766,7237400
2025-10-03,34.269383915282354,34.68669553589293,34.150148774853946,34.33893585205078,6409400
2025-10-06,34.59727063983044,35.1338173941095,34.348869785845274,34.68669509887695,4807200
2025-10-07,34.53765363563072,34.776120127089705,33.772582328295485,34.76618576049805,6927600
2025-10-08,34.7661837100517,34.77611807605744,34.03091554585622,34.74631118774414,11524900
2025-10-09,35.02452031429109,35.52132202087678,34.07066194731766,34.13027572631836,6872700
2025-10-10,33.68315671678328,33.812322429542505,32.28217607686305,32.292110443115234,11041500
2025-10-13,32.73923480565191,33.03731508596221,32.341791905040566,32.9975700378418,4928100
2025-10-14,32.21262085449128,32.90814400217678,32.053644459902834,32.50076675415039,8405000
2025-10-15,32.848531460256645,33.03731475147266,32.07351819094087,32.40140914916992,5688400
2025-10-16,32.441152031477756,32.62993531009269,31.437610490213217,31.825115203857422,6797900
2025-10-17,31.84498857274682,32.033775646675345,31.358123128648373,31.536972045898438,7610700
2025-10-20,31.566781202812496,32.073517280800374,31.397868545100494,31.725757598876953,5770200
2025-10-21,31.695948771986096,32.0437103485974,31.268698997447764,31.85492706298828,7513000
2025-10-22,32.25236572216778,32.56038414323233,31.79530906404325,32.20268630981445,8167400
2025-10-23,33.21616274043206,33.61360562582617,32.98763440793414,33.226097106933594,8202100
2025-10-24,33.38507310245808,33.43475630525841,32.679615590129494,32.75910568237305,4557500
2025-10-27,32.818719175706214,33.176417007097484,32.58025648164283,32.7193603515625,5762700
2025-10-28,32.52063818522542,32.57031759618554,31.795308172378565,31.80524253845215,6428900
2025-10-29,31.974157371155655,32.31198267513223,31.745629046450347,31.844987869262695,7060400
2025-10-30,31.705883716531908,32.2821754964984,31.447546610213564,31.80524253845215,6257100
2025-10-31,31.914540974882346,32.38153579789539,31.735693950165754,32.28217697143555,5408400
2025-11-03,32.24243323896314,32.620003617433916,31.725758981660075,32.61006546020508,7413900
2025-11-04,32.14306781164048,32.44115185773601,31.705883689154366,32.34178924560547,7989600
2025-11-05,32.292109321154925,32.9081423453833,32.08345352444313,32.13313293457031,9305500
2025-11-06,33.1068634463308,33.37513680669993,31.85492488823755,32.222557067871094,13993900
2025-11-07,32.60012959719367,33.51424292488201,32.28217680579805,33.48443603515625,9921100
2025-11-10,33.80238843296041,33.98123734982498,33.126737811537865,33.703025817871094,6808200
2025-11-11,33.891813888515955,35.35241215578313,33.891813888515955,34.935096740722656,9901700
2025-11-12,34.87547769302399,35.30272745664458,34.55752490944068,34.994712829589844,10711300
2025-11-13,35.14375171890624,35.4517701419896,34.448228570512455,34.81586456298828,8334600
2025-11-14,34.96490077797174,35.66042388612287,34.25944330397812,35.61074447631836,8369700
2025-11-17,35.62068208372874,35.66042713130764,34.627078636034256,34.845672607421875,6735700
2025-11-18,34.52771778577396,35.95850530217424,34.36874139506281,35.64055252075195,9686500
2025-11-19,34.77612116205544,35.16362590569949,34.48797524847013,35.05432891845703,7934500
2025-11-20,35.421964093243815,36.64409586757696,34.756247818596215,34.935096740722656,10806100
2025-11-21,34.84567094650104,35.759788045762626,34.567463207302204,35.42196273803711,11410100
2025-11-24,35.292795159572904,35.898893873280734,34.935097309496385,35.700172424316406,9494000
2025-11-25,35.40209043552988,35.66042565349431,35.12387890430334,35.59087371826172,6312500
2025-11-26,35.620678968205596,36.485116621106094,35.55112703617397,36.16716384887695,7695300
2025-11-28,36.24665282985438,37.130959279968764,36.13735584562968,36.82294464111328,4439000
2025-12-01,36.75339067555837,37.876159765383946,36.73351815313278,37.61782455444336,9103200
2025-12-02,37.65756919090881,37.65756919090881,36.79313153110231,37.02165985107422,6963700
2025-12-03,37.33961657235285,37.76686253562093,37.27999900547318,37.448909759521484,9200500
2025-12-04,37.49859501249464,37.756930235851684,37.31974609236427,37.46878433227539,5638500
2025-12-05,37.339616955392536,38.02520192520937,37.200509297912966,37.23031997680664,7670800
2025-12-08,37.41910585879556,37.935780108782794,36.89249724201658,37.329681396484375,8556200
2025-12-09,37.081280321195294,37.568147677724326,36.90243139759657,37.160770416259766,7091700
2025-12-10,37.16076886914264,38.23385857576258,36.83287792609732,38.164306640625,8178700
2025-12-11,37.70725060324595,37.91590641208577,37.08127938643026,37.29987335205078,6407000
2025-12-12,37.8960318054651,38.04507382661202,37.21044684684059,37.279998779296875,7109100
2025-12-15,37.209999084472656,37.2599983215332,36.040000915527344,36.16999816894531,10818900
2025-12-16,35.720001220703125,35.849998474121094,34.90999984741211,35.09000015258789,10308300
2025-12-17,35.70000076293945,37.040000915527344,35.61000061035156,36.95000076293945,10536900
2025-12-18,36.9900016784668,37.0,35.709999084472656,35.720001220703125,8142400
2025-12-19,35.779998779296875,36.400001525878906,35.779998779296875,35.84000015258789,17503200
2025-12-22,36.36000061035156,36.880001068115234,36.2400016784668,36.43000030517578,5965700
2025-12-23,36.58000183105469,36.630001068115234,36.119998931884766,36.34000015258789,4609900
2025-12-24,36.209999084472656,36.36000061035156,36.02000045776367,36.20000076293945,2202900
2025-12-26,36.16999816894531,36.25,35.40999984741211,35.66999816894531,5248200
2025-12-29,36.029998779296875,36.45000076293945,35.95000076293945,36.18000030517578,5923600
2025-12-30,36.4900016784668,36.91999816894531,36.40999984741211,36.81999969482422,4940300
2025-12-31,36.86000061035156,36.939998626708984,36.459999084472656,36.630001068115234,3917600
2026-01-02,36.68000030517578,38.189998626708984,36.4900016784668,37.869998931884766,8717300
2026-01-05,37.790000915527344,38.08000183105469,35.45000076293945,36.54999923706055,11876600
2026-01-06,36.47999954223633,36.93000030517578,35.7599983215332,35.88999938964844,8595600
2026-01-07,35.84000015258789,35.900001525878906,34.22999954223633,34.470001220703125,13022000
2026-01-08,34.83000183105469,36.54999923706055,34.650001525878906,36.09000015258789,9846400
2026-01-09,36.189998626708984,36.400001525878906,35.65999984741211,35.7599983215332,5678200
2026-01-12,35.810001373291016,36.02000045776367,35.43000030517578,35.720001220703125,6689600
2026-01-13,36.18000030517578,37.27000045776367,36.18000030517578,36.84000015258789,9571300
2026-01-14,37.099998474121094,38.720001220703125,37.029998779296875,37.91999816894531,16700100
