2006-10-17,22.50551263494301,22.5179678570392,21.99487354334929,22.380966186523438,1741338
2006-10-18,22.717243002939274,22.717243002939274,21.907692007066547,22.0073299407959,1484487
2006-10-19,22.00732573983519,22.156780687719014,21.434412540706525,21.509140014648438,1481774
2006-10-20,21.671046555378368,22.293778607622077,21.484227901795347,22.231504440307617,1440342
2006-10-23,22.54287670643267,22.54287670643267,21.982418642445914,22.156784057617188,1152306
2006-10-24,22.16922916505732,22.517957912109576,22.069591280653864,22.29377555847168,880349
2006-10-25,22.393417217506965,22.53041886238174,21.93259525218309,22.505508422851562,1214960
2006-10-26,22.704784434112604,24.822071934112714,22.505510520202304,24.049884796142578,4729712
2006-10-27,24.411063045754098,25.033795080366755,24.137061720196577,24.996431350708008,3889418
2006-10-30,25.245525885254168,26.27926101954107,25.058707209988054,25.320255279541016,1939059
2006-10-31,25.95544059227195,26.12980404707234,24.635248878583848,24.909252166748047,1322082
2006-11-01,25.15834307922659,25.44479966276543,24.597885131835938,24.597885131835938,854186
2006-11-02,24.597884866667915,25.407435653989673,24.28651977129197,24.298974990844727,821745
2006-11-03,24.46088692981604,24.871889963186995,24.411067972157028,24.72243309020996,787037
2006-11-06,24.784713569475382,25.245533753481546,24.622803359055702,24.896804809570312,842360
2006-11-07,24.909253084234315,25.096071765608848,24.610341269854594,24.859434127807617,706928
2006-11-08,24.2989787599383,24.435978499547613,23.414700366497453,23.887975692749023,1550948
2006-11-09,24.012523445604128,25.158348083496094,23.788340991727694,25.158348083496094,992372
2006-11-10,24.909260033196748,25.046259796363554,24.298982938216344,24.896804809570312,765653
2006-11-13,24.859434055140266,24.859434055140266,24.560522241634303,24.759796142578125,332870
2006-11-14,24.80961371582098,24.983979090994314,24.53561235782028,24.834524154663086,520020
2006-11-15,24.834526149063688,25.058708571564075,24.722433013632987,24.934162139892578,591746
2006-11-16,24.85942951257877,25.008884429931637,24.72242788888524,25.00888442993164,374018
2006-11-17,24.909251683095288,24.909251683095288,24.460884948836455,24.62279510498047,485960
2006-11-20,24.72243152681656,24.772250481325127,24.07479089074634,24.28652000427246,427032
2006-11-21,24.161977158309924,24.2242513417131,23.663793311987888,23.987613677978516,1593351
2006-11-22,23.589060476249077,24.261611553447302,23.414697021277284,24.074790954589844,1469462
2006-11-24,23.688700110546883,23.912882536484375,23.63888115227837,23.875518798828125,141143
2006-11-27,23.663780536764527,23.788326912152097,22.9787764342227,23.539234161376953,826565
2006-11-28,23.16559503521424,23.589051172188274,22.517954652870717,23.539234161376953,782298
2006-11-29,23.85060751906106,23.900426471558816,23.539242433265628,23.713605880737305,458663
2006-11-30,23.66379427018931,23.750975051794825,23.36488241094792,23.626428604125977,246686
2006-12-01,23.576609276635192,23.60151779407965,23.302607888023886,23.439607620239258,371588
2006-12-04,23.190512324383562,23.414696654666315,23.12824007519302,23.364877700805664,306950
2006-12-05,23.402249696248756,23.75097864801538,23.265249929995928,23.638887405395508,370008
2006-12-06,23.63888083472175,23.80079100378396,23.32751571704227,23.78833770751953,580284
2006-12-07,23.912883523990576,23.975157705443024,23.539246131998365,23.925338745117188,364865
2006-12-08,23.738520638419192,24.224251184247727,23.726065416983385,24.09970474243164,545292
2006-12-11,24.099706098053492,24.286524809195946,23.55170133840101,23.613975524902344,499608
2006-12-12,23.663794168650174,24.685072341299474,23.35242708872372,24.56052589416504,946283
2006-12-13,23.78833234599973,23.78833234599973,22.56777874290446,22.717233657836914,2291693
2006-12-14,22.443236764804794,22.841784566003803,21.982414787316937,22.36850929260254,1634742
2006-12-15,22.704783183330978,23.476970278762174,22.41832658708164,23.290151596069336,3829397
2006-12-18,23.178056929177284,23.227873954344265,22.580233385371567,22.642507553100586,769095
2006-12-19,22.455685677492355,22.59268536332221,22.119410222855592,22.29377555847168,914936
2006-12-20,22.29378015123565,22.63005375096856,22.16923373216336,22.35605239868164,428207
2006-12-21,22.293778607622077,22.455688748787423,22.106958029858877,22.231504440307617,466439
2006-12-22,22.293778607622077,22.343595632457433,22.14432176057548,22.231504440307617,537881
2006-12-26,22.23151240541564,22.343603637725508,21.982419495273128,22.0073299407959,322340
2006-12-27,22.00732789509112,22.069600154747754,21.68350752684295,21.808053970336914,464495
2006-12-28,22.293782817017185,22.293782817017185,21.808052301808058,22.106962203979492,520506
2006-12-29,22.14432883533901,22.29378573013473,22.007329087002265,22.156784057617188,476847
2007-01-03,22.256415025065408,22.667416065684076,22.15677712637106,22.642507553100586,714542
2007-01-04,22.729692287210487,22.8293282707275,22.29378077044028,22.530418395996094,398115
2007-01-05,22.04469649246501,22.517971927502618,21.820512075112752,21.85787582397461,457083
2007-01-08,21.857875170387956,22.007332085547493,21.583873712200393,21.994876861572266,504995
2007-01-09,21.857872822457907,22.082057209025233,21.68350932643982,22.01978302001953,802103
2007-01-10,22.13187194235834,22.38096482403342,21.92014472469711,22.14432716369629,438332
2007-01-11,22.14432163401767,23.041055014451583,22.094502685286855,22.343595504760742,859451
2007-01-12,22.318691334137956,22.8916045455406,22.057143245557405,22.106962203979492,569268
2007-01-16,22.10696595034438,22.144329694447674,21.808055997518064,22.0073299407959,504387
2007-01-17,21.932600763011063,22.517969300525458,21.920147464297337,22.4058780670166,591948
2007-01-18,22.169238480475435,22.169238480475435,21.658597475653444,21.683507919311523,824540
2007-01-19,21.64614558270874,22.019783020019535,21.147959767386553,22.01978302001953,955071
2007-01-22,22.119415851937823,22.58023589308129,22.019777942177914,22.505508422851562,954342
2007-01-23,22.443235877535578,22.904055912624955,22.169234515566167,22.729692459106445,533102
2007-01-24,22.48059893848793,22.928965664720113,22.20659758472946,22.76705551147461,741353
2007-01-25,22.816873103420363,22.904053860277482,22.59268879158435,22.841781616210938,788454
2007-01-26,22.729693840209585,23.140694946046786,22.64251114606274,22.966331481933594,707373
2007-01-29,22.953870867454548,23.128236214772677,22.816871172430343,23.053508758544922,503537
2007-01-30,23.12825159584376,23.464527296683446,22.854250099395024,23.252798080444336,483125
2007-01-31,23.476971833846797,23.564154532938485,22.991241302490767,23.10333251953125,1063814
2007-02-01,23.041057935330084,23.153149141048907,22.256417571117915,22.605146408081055,1678563
2007-02-02,22.617600705346216,23.003695218827886,22.56778367227416,22.966331481933594,768285
2007-02-05,22.91650035565096,23.215412016258888,22.767045487436732,23.115774154663086,507992
2007-02-06,23.153150707320155,23.165605927969402,22.991240535602103,23.041059494018555,357858
2007-02-07,23.04105710081792,23.103329349235057,22.679873057129647,22.754600524902344,495477
2007-02-08,22.729701517714332,23.290159684617453,22.729701517714332,23.26525115966797,589194
2007-02-09,23.35242700993706,23.414701195384545,22.829332703409563,23.01615333557129,311405
2007-02-12,23.01615512613934,23.041063647747677,22.35605909961904,22.4058780670166,686597
2007-02-13,22.605152012425975,22.791970734940737,22.181693675818003,22.4058780670166,553473
2007-02-14,22.542872233228103,22.704782393993206,22.368508776836737,22.605146408081055,416057
2007-02-15,22.79196463142506,22.854238805040687,22.605145958938927,22.630054473876953,313065
2007-02-16,22.642513646581847,22.82933235168457,22.56778616454076,22.82933235168457,187313
2007-02-20,22.829324465681605,23.165599942886555,22.480595695225396,23.053508758544922,267179
2007-02-21,23.003695147679768,23.327515482549074,22.829329759925372,22.8666934967041,294719
2007-02-22,22.555328382154528,23.24033278867188,22.430781951498602,22.8666934967041,357170
2007-02-23,22.941417505095686,22.96632794197259,22.729690336723195,22.742143630981445,155196
2007-02-26,23.078425377844024,23.414700973199576,23.016153117168184,23.028606414794922,565178
2007-02-27,22.70478469859713,22.991241313963936,22.33114730827574,22.480602264404297,415166
2007-02-28,22.306237315289785,22.667421415993633,22.293784018148717,22.4556941986084,555336
2007-03-01,22.293786833507745,22.66742427853727,22.069602442309147,22.4058780670166,363690
2007-03-02,22.293781490588017,22.517963903878254,21.882778475375492,21.969961166381836,584618
2007-03-05,21.85787304020187,22.306239893622216,21.82050929609858,22.0073299407959,436509
2007-03-06,22.13185929300005,22.380952032307366,22.044678566004084,22.318679809570312,253409
2007-03-07,22.30623596404204,22.405873880218664,22.10696205586931,22.219053268432617,165038
2007-03-08,22.331146554788614,22.380963589030156,21.808052301808058,22.106962203979492,517104
2007-03-09,22.04468500874157,22.281322602988908,21.795592196634868,22.169231414794922,265640
2007-03-12,22.169236383052237,22.318691334137956,22.069598466208063,22.106962203979492,579312
2007-03-13,22.00732551565948,22.119416725430543,21.795596392193826,21.83296012878418,258836
2007-03-14,21.795595784369148,21.969961166381836,21.60877518244686,21.969961166381836,227772
2007-03-15,22.10695546296162,22.293776019032588,22.057136519730694,22.26886558532715,280827
2007-03-16,22.268863576592977,22.642502730851326,22.256410285043547,22.592683792114258,511718
2007-03-19,22.43077756159669,22.80441678043996,22.343594884781915,22.692325592041016,271715
2007-03-20,22.679873490577723,22.729692444771757,22.39341690918751,22.418325424194336,288158
2007-03-21,22.430779865288955,22.530417770218914,22.29378015123565,22.35605239868164,492075
2007-03-22,22.380961457090113,22.443235630230813,22.243961739705213,22.4307804107666,424035
2007-03-23,22.418320027706123,22.430775244301532,22.231501399674542,22.29377555847168,410103
2007-03-26,22.393423839433694,22.4058790628819,21.945056961288998,22.044694900512695,311567
2007-03-27,22.05714599961101,22.08205644402264,21.870327287427692,21.957509994506836,283217
2007-03-28,21.9201429105384,22.094506373935737,21.77068796357483,21.93259620666504,455990
2007-03-29,21.982410676687447,22.044684841331257,21.633681896894423,21.758228302001953,412412
2007-03-30,21.73332129255813,21.982414142040703,21.471775147527712,21.5714111328125,427640
2007-04-02,21.68350631263822,21.945052482403337,21.62123213228804,21.770689010620117,415166
2007-04-03,21.820497841068676,22.231500734622987,21.820497841068676,22.119409561157227,541566
2007-04-04,22.144328706690153,22.144328706690153,21.92014625207017,21.957509994506836,316265
2007-04-05,21.857869250364253,21.857869250364253,20.99850136080965,21.07322883605957,1136511
2007-04-09,20.923775133006362,21.23514222598545,20.79923060483172,21.21023178100586,1035828
2007-04-10,21.147953398745656,21.21022564481741,21.02340698242188,21.023406982421875,484745
2007-04-11,21.048318101484263,21.471776354239015,20.67468073044243,21.29741096496582,1062032
2007-04-12,21.857867481007517,22.54287184758923,21.857867481007517,22.418325424194336,2260265
2007-04-13,22.31869051314093,23.128241342043335,22.16923556755294,22.879148483276367,1242014
2007-04-16,23.041068864205226,23.788347771808677,22.87915862664261,23.252798080444336,2369048
2007-04-17,23.265248279105133,23.800795930569343,22.79197097021412,22.804426193237305,1229742
2007-04-18,22.804420125936606,23.377333294042177,22.617599527017607,23.240331649780273,655412
2007-04-19,23.2403310696812,23.427149739756643,22.841783290733353,22.854238510131836,554445
2007-04-20,23.227878182854557,23.227878182854557,22.53042046174645,23.041059494018555,930974
2007-04-23,22.99123592660527,23.29014769300131,22.99123592660527,23.190509796142578,361827
2007-04-24,23.190514749072406,23.452062841051767,23.04105979604452,23.439607620239258,733901
2007-04-25,23.364871997575857,23.389780506335978,22.941413879394535,22.94141387939453,730215
2007-04-26,22.816876463786123,22.92896767412231,22.380962994400136,22.8666934967041,1329818
2007-04-27,22.79196406555118,23.078420639038086,22.72969181766201,23.078420639038086,298080
2007-04-30,23.078414565898704,23.103323073663574,22.779504776000977,22.779504776000977,556106
2007-05-01,22.72969025259643,23.16560173034668,22.542869673431902,23.16560173034668,606812
2007-05-02,23.041048659826664,23.688689042170186,22.916502284439094,23.539234161376953,780071
2007-05-03,23.82570806727634,23.975163057436173,23.452068667695716,23.638887405395508,846288
2007-05-04,23.638882868954347,23.987613677978516,23.514336426328672,23.987613677978516,388476
2007-05-07,23.987615110785743,23.987615110785743,23.16560892519305,23.601520538330078,620946
2007-05-08,23.476980504987658,23.887983710119297,23.252797988105662,23.663801193237305,356967
2007-05-09,23.539243453542433,23.6015157037285,23.140693740466087,23.240331649780273,412128
2007-05-10,23.115787752131272,23.140696270092494,22.368511047307877,22.480602264404297,821016
2007-05-11,22.5428717853233,22.729692381989807,22.505508050826073,22.630054473876953,482558
2007-05-14,22.59269111284638,22.630054847961244,22.41832573285674,22.505508422851562,755001
2007-05-15,22.48059893848793,22.95387417899622,22.468143719259714,22.76705551147461,626333
2007-05-16,22.74214511273165,23.19051183974679,22.66741764559251,23.078420639038086,344777
2007-05-17,23.078422692616467,23.19051390329934,22.791966093639903,22.966331481933594,229635
2007-05-18,22.991245258519356,23.526794842103847,22.91651776763425,23.40224838256836,326349
2007-05-21,23.215424666232114,23.813246389018676,23.090878233462348,23.676244735717773,616329
2007-05-22,23.613976925607265,24.024980038680813,23.60152170273204,23.95025062561035,489240
2007-05-23,23.975152969360355,24.435972969846645,23.875515068391287,23.97515296936035,543308
2007-05-24,23.975152442245797,24.037424685847178,23.103327562565106,23.16560173034668,832275
2007-05-25,23.290161740919327,23.6638011932373,23.090887751186006,23.663801193237305,415976
2007-05-29,23.601515633365914,24.286520004272464,23.402241739512032,24.28652000427246,626900
2007-05-30,24.04988189056344,24.89679640340765,23.800789047224495,24.834524154663086,652941
2007-05-31,24.759797581421445,25.158345406469532,24.597887407234374,25.096073150634766,1107675
2007-06-01,25.033803591925988,25.158348117013862,24.62280050175751,24.846982955932617,715676
2007-06-04,24.846976506286317,24.909250676846234,24.510702912311768,24.572975158691406,469314
2007-06-05,24.4608825455986,24.535610006603175,24.07478809816808,24.336336135864258,503051
2007-06-06,24.411066288326328,24.772250339124454,23.925335814061913,24.398611068725586,387707
2007-06-07,23.638883968634605,23.638883968634605,22.356057666511827,22.380966186523438,1547667
2007-06-08,22.4183226078507,22.717234371283165,22.169231716533805,22.468141555786133,808704
2007-06-11,23.128240548399983,23.190512798864624,22.43078095262183,22.505508422851562,725517
2007-06-12,22.41833165778828,22.50551437082458,22.08205795288086,22.08205795288086,408969
2007-06-13,22.169235338810267,22.667419127023457,22.169235338810267,22.580236434936523,405851
2007-06-14,22.667416065684076,22.84178142630909,22.5055059234409,22.642507553100586,447728
2007-06-15,23.02860372311428,23.02860372311428,22.542873219566374,22.654966354370117,596606
2007-06-18,22.74214574018498,22.754600959778582,22.331144659580257,22.418325424194336,448538
2007-06-19,22.368507737974966,22.854238197711467,22.219050879777356,22.76705551147461,401112
2007-06-20,22.829324750682648,22.966326371597226,22.455687464879382,22.617595672607422,325013
2007-06-21,22.505505605799325,22.71723469440134,22.393414414485374,22.55532455444336,224735
2007-06-22,22.48059734898712,22.48059734898712,22.219049308769417,22.33114242553711,857709
2007-06-25,22.181687315539456,22.331144174877558,21.90768595969011,22.131868362426758,658206
2007-06-26,22.20659609837977,23.01614681042178,21.446864335735775,21.907684326171875,580284
2007-06-27,21.683504326144128,22.729692757721153,21.671049106379037,22.505508422851562,869414
2007-06-28,22.51796114182274,22.904053669857916,22.430778461510233,22.642507553100586,450360
2007-06-29,22.6798738028412,22.866692478415523,22.468144687736697,22.505508422851562,554121
2007-07-02,22.71723469440134,22.928963783003358,22.49305231177344,22.55532455444336,499284
2007-07-03,22.767048543273027,22.767048543273027,22.39340939840743,22.517955780029297,248954
2007-07-05,22.46813818343198,22.617593080625717,22.405865950994535,22.44322967529297,206024
2007-07-06,22.418331365730328,22.542877822133796,22.306240132221472,22.4058780670166,220847
2007-07-09,22.380961457090113,22.580235347615712,22.293780693381702,22.4307804107666,442098
2007-07-10,22.24396676520282,22.430785478471474,21.982418642445914,22.156784057617188,520466
2007-07-11,22.131867582976554,22.281324437051016,21.93259370172421,22.069595336914062,477941
2007-07-12,22.16924066591716,22.33115086893289,22.044694207891144,22.08205795288086,708224
2007-07-13,22.04469054759011,22.443238377426106,21.932597407052008,22.281328201293945,660029
2007-07-16,22.268870485792622,22.617599316790088,22.243961970785794,22.418325424194336,511515
2007-07-17,22.41832927627787,23.00369775923425,22.380965535257324,22.82933235168457,646826
2007-07-18,22.642509770257004,22.87914739760242,22.430780657934122,22.729692459106445,574412
2007-07-19,22.904055539365054,22.92896597816201,22.71723686928961,22.854238510131836,781488
2007-07-20,22.80441879625364,22.916509994560972,22.692327597946306,22.791963577270508,779585
2007-07-23,22.75460705631526,22.928972480621102,22.56778833325963,22.91651725769043,773672
2007-07-24,22.542868870546908,22.630051547827907,21.820500864761684,21.84541130065918,1017806
2007-07-25,21.920143515122344,22.15678116240158,21.8578693360496,22.106962203979492,594297
2007-07-26,21.832963448702703,22.219056093572398,21.04832101263165,21.446870803833008,907524
2007-07-27,21.35968552700113,21.509140478105255,21.11059265904056,21.17286491394043,728352
2007-07-30,21.110591093032102,21.695957557553786,20.687132864075654,21.5714111328125,1404014
2007-07-31,21.745775889646556,21.745775889646556,20.82413391229444,20.873952865600586,1119906
2007-08-01,20.649769748263928,21.0109538135898,20.276132387016787,20.911317825317383,869697
2007-08-02,20.83657940221685,21.08567020407622,20.662214109153787,20.886396408081055,780962
2007-08-03,20.79922633368088,21.172863689839495,20.6622246869691,21.135499954223633,900720
2007-08-06,21.172853787352924,21.434401738519114,20.92376105029356,21.048307418823242,1057658
2007-08-07,21.185321511072903,21.22268525127658,20.674682445502206,21.0981388092041,642249
2007-08-08,21.247597789340706,21.596326707022023,21.07323236840962,21.397052764892578,657720
2007-08-09,21.28495920991854,21.54650538858585,20.74940970707319,20.79922866821289,946080
2007-08-10,20.799227088019773,21.79559661421277,20.587497962397354,21.509140014648438,889016
2007-08-13,21.73332328207419,22.15678154979494,21.197775723259905,21.35968589782715,665577
2007-08-14,21.55894715322175,21.733310522105366,20.886396408081055,20.886396408081055,547965
2007-08-15,20.886410506747296,21.42196003681744,20.77431928162027,20.948684692382812,543753
2007-08-16,20.986046607855705,21.26004799793803,20.064404518934836,20.736953735351562,1222128
2007-08-17,20.97359091960599,21.48423187411466,20.799227452083024,21.07322883605957,1188068
2007-08-20,21.17286849245266,21.372142435665104,20.861503316967127,21.18532371520996,549585
2007-08-21,21.085680653575608,21.73332129255813,20.998499888019065,21.5714111328125,310554
2007-08-22,21.683503556953465,22.144323581750015,21.683503556953465,22.131868362426758,342468
2007-08-23,22.156789593645584,22.26888084961356,21.484240133656467,21.65860366821289,339269
2007-08-24,21.808056347346298,22.41833148554989,21.695963189057448,22.194149017333984,478710
2007-08-27,22.057149977371854,22.119424175450604,21.583874538370313,21.745784759521484,360896
2007-08-28,21.671042943114326,22.33113861604579,21.65858772689151,22.119409561157227,567243
2007-08-29,22.156776813651426,22.60514350308739,21.907683994611425,22.55532455444336,657558
2007-08-30,22.380967686023116,23.041063714454477,22.219057484647944,22.91651725769043,722966
2007-08-31,22.928972650926422,23.041063885592358,22.71724348043683,22.804426193237305,516375
2007-09-04,22.71723501503125,23.165601710795443,22.49305262923925,22.642507553100586,664322
2007-09-05,22.49306107194862,22.617605605793724,22.05714750676711,22.08205795288086,466682
2007-09-06,22.293780286996874,22.34359731558491,21.982413275329872,22.243961334228516,390542
2007-09-07,22.60514749497547,23.601517022906183,22.480601063461567,23.065967559814453,1510205
2007-09-10,23.115788397368945,23.6015189425257,23.115788397368945,23.377336502075195,824621
2007-09-11,23.452065258095626,23.476973778107237,22.34360244441564,22.380966186523438,903150
2007-09-12,22.26887049983669,22.91651113222641,22.169234515566167,22.729692459106445,581216
2007-09-13,22.767057506687653,23.25278800899162,22.654966296351468,22.8666934967041,343764
2007-09-14,22.72969181766201,23.22787557331636,22.66741764559251,23.078420639038086,361503
2007-09-17,22.966323394687056,23.09086978187105,22.66741168060951,22.779504776000977,538083
2007-09-18,22.816872493372728,23.190509796142578,22.667415648084628,23.190509796142578,443718
2007-09-19,23.190515218622938,23.33997209885752,22.941422342412572,23.10333251953125,515606
2007-09-20,23.041061636602375,23.165608082134774,22.928970412877433,23.028606414794922,256689
2007-09-21,22.991240835574022,23.252788927537445,22.816877365112305,22.816877365112305,458582
2007-09-24,22.904055460447744,23.04105710081792,22.69232827648521,22.754600524902344,250938
2007-09-25,22.580237054164385,23.078422780219995,22.45569254683099,23.065967559814453,247496
2007-09-26,23.19051269512318,23.439605544228247,23.065966270570648,23.240331649780273,348179
2007-09-27,23.302601620871396,23.638875174744545,23.16560000132156,23.576602935791016,545495
2007-09-28,23.37733639645287,23.97515815913383,23.30260891664033,23.90043067932129,1109700
2007-10-01,23.90043022704458,24.759798152807285,23.775883788320304,23.925338745117188,1139225
2007-10-02,23.875514974463908,23.92533392475245,23.140691711293627,23.352420806884766,635688
2007-10-03,23.339967604268313,24.037425214330845,23.19051075281471,23.97515296936035,670518
2007-10-04,24.062339411289905,24.448432008464653,23.81324654412789,23.875518798828125,607136
2007-10-05,24.012523651123043,24.44843526462308,23.8257049379604,24.012523651123047,339917
2007-10-08,24.012528074145084,24.049891823659884,23.165613211507743,23.26525115966797,443192
2007-10-09,23.501875303341457,24.323879241943363,23.48942008597202,24.32387924194336,662013
2007-10-10,24.24916267086428,24.70998475440322,24.17443518146465,24.660165786743164,737424
2007-10-11,24.572981714791773,24.946621065297855,24.012523651123043,24.012523651123047,1427747
2007-10-12,24.26161151790978,24.871888419868146,24.199337343655046,24.597885131835938,553109
2007-10-15,24.373705539688462,24.759798152807285,23.912883523990576,23.925338745117188,579717
2007-10-16,24.074790583025944,24.39861089692203,23.97515459946273,24.199337005615234,464859
2007-10-17,24.41106370136369,24.535610111631176,24.211789829771753,24.435972213745117,529254
2007-10-18,24.336336954517133,24.784703659807402,23.863061736114158,24.709976196289062,497178
2007-10-19,24.16197051607401,24.67261136771599,23.77587799699948,23.82569694519043,431204
2007-10-22,23.78834119532787,24.149523399382055,23.663794745159176,24.012523651123047,649539
2007-10-23,24.27407190173653,24.971529717342186,24.12461500623749,24.2117977142334,922023
2007-10-24,24.062341002304883,24.373706144754763,23.85061185879947,24.09970474243164,536342
2007-10-25,24.099705233902878,24.286523938346516,23.75097442003382,23.763429641723633,442989
2007-10-26,24.01252377774881,24.249161457062957,23.850613584093782,24.2117977142334,240449
2007-10-29,24.23671212340558,24.33635007794684,24.00007438659668,24.00007438659668,395402
2007-10-30,23.86305775918801,24.22424172211993,23.60150975628218,23.775875091552734,281678
2007-10-31,23.925333137871693,24.784702786409394,23.81324194654421,24.548065185546875,1156599
2007-11-01,24.41106350846744,24.734883787768034,24.09969844734923,24.236698150634766,804978
2007-11-02,24.386166161768983,25.03380701689997,24.13707322915229,24.971532821655273,1060857
2007-11-05,24.597882354674827,24.94661307309585,24.348791458320036,24.435972213745117,721629
2007-11-06,24.435982701383146,24.921713332642184,24.435982701383146,24.896804809570312,335948
2007-11-07,24.80961221991608,24.846975951746025,24.236699099616583,24.498247146606445,382847
2007-11-08,24.58543440822331,25.44480232455832,24.560523966243366,24.871891021728516,957785
2007-11-09,24.610336749463,24.846974343798973,24.236697531162985,24.58542823791504,519170
2007-11-12,24.51069950431952,24.59788025229326,23.65132992417828,23.81324005126953,470084
2007-11-13,24.074790040780574,24.236700194081855,23.37733239900607,24.124608993530273,442017
2007-11-14,24.286524480141587,25.096075424425024,24.236705516451668,24.56052589416504,853619
2007-11-15,24.498248914827904,24.884341479664613,24.448429960732092,24.610340118408203,311729
2007-11-16,24.709971828800136,24.772244062665386,24.211786261158558,24.42351531982422,557645
2007-11-19,24.21179230233617,24.572976351742774,24.02497362994668,24.298974990844727,664200
2007-11-20,24.24915970293868,24.4733440678799,23.6015189751673,24.09970474243164,394511
2007-11-21,23.98760539557703,24.112149871019515,23.60151097949328,23.81324005126953,233078
2007-11-23,23.96269798527635,24.535611111006418,23.775879324355785,24.48579216003418,106272
2007-11-26,24.348791627689778,24.635246256699368,24.099698805422126,24.112152099609375,481140
2007-11-27,24.186884048148414,24.6726145257777,24.09970135870002,24.597885131835938,344615
2007-11-28,24.8220685275834,25.22061630070813,24.59788420258804,25.17079734802246,571941
2007-11-29,25.158344702317038,25.158344702317038,24.42352325280299,24.510705947875977,442584
2007-11-30,24.80961371582098,25.008887605656067,24.560520872482034,24.834524154663086,493209
2007-12-03,24.834524417268437,25.033798309210688,24.298974990844727,24.298974990844727,417515
2007-12-04,24.124613261122594,24.485797365135042,24.09970474243164,24.09970474243164,358020
2007-12-05,24.41106683692683,24.909252541987932,24.22424815961913,24.784706115722656,294516
2007-12-06,24.784705742358973,24.909252166748047,24.72243156807424,24.909252166748047,250412
2007-12-07,24.90925148523979,24.946615219116214,24.660158643276734,24.94661521911621,259565
2007-12-10,24.90925007373138,24.93415858684408,24.572974563718617,24.709976196289062,401517
2007-12-11,25.370071489987893,25.96789315569332,24.498248468023355,25.469709396362305,1858869
2007-12-12,25.805981375542267,26.316620283976878,25.531978132791913,25.76861572265625,1156113
2007-12-13,25.507073268098406,25.743710891791455,25.158342518083085,25.35761833190918,577368
2007-12-14,25.170796517306812,25.531980545042156,24.797159194946286,24.79715919494629,473121
2007-12-17,24.597883799719348,25.320253791379674,24.597883799719348,24.983978271484375,518805
2007-12-18,25.2455306111456,25.46971498761202,24.90925693271712,25.27044105529785,380336
2007-12-19,25.058704376220707,25.432343608680288,24.734884092925107,25.058704376220703,395037
2007-12-20,25.20816204593751,25.220617265630533,24.32388377970136,24.909252166748047,384588
2007-12-21,25.257984849601343,25.32025903337606,24.846981778902556,25.22062110900879,764316
2007-12-24,25.033806924866447,25.282899856567383,24.95907750601134,25.282899856567383,191241
2007-12-26,25.04625914629018,25.38253478202797,24.909259386679192,25.03380584716797,367497
2007-12-27,24.797158925426253,25.033796535075993,24.42351968294655,24.498247146606445,334854
2007-12-28,24.535614247479927,24.67261589912191,24.498250510519476,24.52315902709961,430637
2007-12-31,24.398608591293463,25.096068107048644,24.074788307997864,25.058704376220703,1664307
2008-01-02,24.9715240559967,25.03379822938153,24.137064756410773,24.199337005615234,1390770
2008-01-03,24.199337221835545,24.67261440157572,24.124609752450358,24.1868839263916,389934
2008-01-04,24.161964114135177,24.510694734892237,23.46450672098034,23.539234161376953,527391
2008-01-07,23.60151400407751,24.000061764272246,23.33996787827858,23.75096893310547,596160
2008-01-08,23.813241841059256,24.186881068009264,23.128237553740988,23.190509796142578,502362
2008-01-09,23.29014692008423,23.962695966930607,23.22787275556914,23.863059997558594,664038
2008-01-10,24.274066277970423,24.797160480575666,24.161973151270445,24.62279510498047,1345046
2008-01-11,24.473341918861433,24.9715257181993,24.037428448692616,24.734888076782227,1052555
2008-01-14,24.946612563895854,24.98397629379543,24.473337369047822,24.672611236572266,648486
2008-01-15,24.386154691222107,24.90924883399628,24.286516795369817,24.672611236572266,551286
2008-01-16,24.647709385688255,24.884347065536748,24.286525254733064,24.31143569946289,1011528
2008-01-17,24.448428992150415,24.660158095534197,23.364876885440896,23.514331817626953,976698
2008-01-18,23.651334342683306,23.701153296675407,22.717237133098006,23.153148651123047,1363595
2008-01-22,22.19414228740224,23.427149337066666,21.58386541007206,22.667417526245117,1319450
2008-01-23,22.169233773213783,22.89160185066249,22.04468735391087,22.667417526245117,1213097
2008-01-24,22.841780493369594,23.27769195294777,22.45568798110381,22.904052734375,605313
2008-01-25,23.26523603835548,23.651328507126777,22.754595253243888,22.94141387939453,608513
2008-01-28,22.85423683469633,23.26523980291218,22.767054153659004,22.841781616210938,589964
2008-01-29,23.016145030431044,23.215418888431742,22.879143411226792,23.053508758544922,486810
2008-01-30,22.854238510131832,23.427149739756643,22.854238510131832,22.854238510131836,422132
2008-01-31,22.841774844042476,23.750961267774155,22.80441112384417,23.539234161376953,701541
2008-02-01,23.713612057634172,24.00006870388681,23.539248564744472,23.688703536987305,728717
2008-02-04,23.576612017989397,23.701158468054373,23.414701825323007,23.601520538330078,489119
2008-02-05,23.277699168111813,23.414700834640946,22.816879054131526,22.82933235168457,722156
2008-02-06,23.041056547837314,23.053511766893955,22.605145046838125,22.679872512817383,411237
2008-02-07,23.128231551863422,23.128231551863422,22.380953291885394,22.567773818969727,808056
2008-02-08,22.468147495749463,23.016152219556414,22.455694198608395,22.4556941986084,794813
2008-02-11,22.505501907730412,22.630048296785144,22.281319561939803,22.44322967529297,692024
2008-02-12,22.605142471637574,22.84178006167399,22.418321903791924,22.717233657836914,453681
2008-02-13,22.904053689188416,23.31505665433415,22.82932622719468,23.16560173034668,488673
2008-02-14,23.140696412123994,23.227879111794294,22.879150237293718,22.991241455078125,469233
2008-02-15,22.866692070893937,23.227876120021012,22.617599225113803,23.153148651123047,472635
2008-02-19,23.128239090716733,23.42714895279652,23.065964919996585,23.3150577545166,546062
2008-02-20,23.103334898736296,23.564156959599455,23.103334898736296,23.489429473876953,468221
2008-02-21,23.613980129866473,23.738526602976183,23.24034071053734,23.26525115966797,462713
2008-02-22,23.20296490325392,23.82569694519043,22.879144626282965,23.82569694519043,685949
2008-02-25,23.713602161899527,23.813240051269528,23.452056069618287,23.81324005126953,392405
2008-02-26,23.613972318012376,24.124611341908384,23.51433440281386,23.78833770751953,514796
2008-02-27,23.526782305217633,24.000057444746375,23.526782305217633,23.775875091552734,440600
2008-02-28,23.688703939675065,23.763431427066784,23.427155809623198,23.564157485961914,281394
2008-02-29,23.414691792602202,23.98760483258331,23.227871235463162,23.73851203918457,683559
2008-03-03,23.713610055609294,24.1121578973966,23.514336134715638,23.90043067932129,762008
2008-03-04,23.663793158165674,24.124613261122594,23.576610456476345,24.09970474243164,592151
2008-03-05,24.03742698700361,24.199337144883454,23.887972048708487,24.08724594116211,446675
2008-03-06,23.912874668337036,24.024967768603886,23.42714431444704,23.464509963989258,407997
2008-03-07,23.402252999360325,23.863075182970626,23.24034276244067,23.663801193237305,476523
2008-03-10,23.701159689564903,23.775887178619037,23.20297386362949,23.227882385253906,330035
2008-03-11,22.742149719807916,23.663793799043635,22.742149719807916,23.651338577270508,537921
2008-03-12,23.514329803928867,23.77587783703656,23.389783396379507,23.41469383239746,302900
2008-03-13,23.551701074976858,23.63888378059513,22.953879281826833,23.21542739868164,534884
2008-03-14,23.364880771873423,23.364880771873423,22.74214857721459,22.991241455078125,612198
2008-03-17,22.72969822570066,22.854244680771913,21.96996619669261,22.0073299407959,974673
2008-03-18,22.468144587226725,23.352422854623434,22.331144867145216,23.240331649780273,429908
2008-03-19,23.32751121199128,23.48942134978511,22.25641441345215,22.25641441345215,464009
2008-03-20,22.405876452484495,23.32751862411338,22.405876452484495,23.21542739868164,1437629
2008-03-24,23.26524968333274,23.41470467190802,23.02861005251385,23.140701293945312,722439
2008-03-25,23.252784830487908,23.40223975717331,23.227874393253522,23.352420806884766,568823
2008-03-26,22.5304196355109,23.016150132852342,22.044689138169456,22.879148483276367,963860
2008-03-27,22.866692100419513,23.190512415515727,22.5428717853233,22.630054473876953,599319
2008-03-28,22.617601380576726,23.078423381604452,22.455693131988152,22.92896842956543,516213
2008-03-31,22.816875041082206,23.29015029355623,22.605145929751057,23.153148651123047,702797
2008-04-01,23.078427456977835,23.452066827236177,23.016155190691894,23.3275203704834,930852
2008-04-02,23.290159684617453,23.352431959081734,23.078430487912833,23.26525115966797,625847
2008-04-03,23.103335978656034,23.402247859698885,23.003699967762344,23.3275203704834,1551920
2008-04-04,23.315056205125913,23.42714739595687,23.041054875034636,23.190509796142578,664241
2008-04-07,23.302599525225112,23.663783481541767,23.041051527109666,23.589054107666016,1867172
2008-04-08,23.35242351004718,24.224248506384104,23.22787708199905,24.03742790222168,1062477
2008-04-09,24.12461205385781,24.224249971996777,23.439607620239254,23.439607620239258,630221
2008-04-10,23.47696425679517,23.97514984842944,23.302600839067164,23.726057052612305,538124
2008-04-11,23.47695833602072,23.6015047025193,23.327503465894225,23.526777267456055,516740
2008-04-14,23.315056205125913,23.45205783226163,23.05351009318702,23.190509796142578,492237
2008-04-15,23.30261696658432,23.70116494605097,23.290161740919327,23.663801193237305,490739
2008-04-16,23.65133465059503,24.14951842446067,23.464515975917966,24.074790954589844,776385
2008-04-17,23.92533804450916,24.63525099268653,23.80079160943199,24.27406883239746,999135
2008-04-18,24.560521914648216,24.62279609021558,24.274067249251804,24.361248016357422,628722
2008-04-21,24.199342546540294,24.411071705839767,23.937796346142786,24.31143569946289,766341
2008-04-22,24.149521779813544,24.348797626063813,24.012522040742315,24.09970474243164,808623
2008-04-23,24.236700194081855,24.286519146831555,23.987609278694002,24.124608993530273,356927
2008-04-24,24.099696438153313,24.23669613001716,23.825695130245617,24.137060165405273,733779
2008-04-25,24.19934177472941,24.647708599577218,24.099705771530314,24.56052589416504,558698
2008-04-28,24.473337441447825,24.535609683404623,24.124606729113292,24.24915313720703,1192604
2008-04-29,24.16197763210653,24.174432853867536,23.66379377601552,23.962703704833984,933323
2008-04-30,23.975166441411623,24.062349172703946,23.60152698909365,23.663801193237305,1377648
2008-05-01,23.61396943397711,24.26161003112793,23.61396943397711,24.26161003112793,945068
2008-05-02,24.137061318556743,24.274062941145864,23.788332539484564,23.863059997558594,453519
2008-05-05,23.83815360583173,23.90042778091061,23.302606090727632,23.850608825683594,1237964
2008-05-06,23.800787033864907,24.186881485633823,23.626421673441513,24.112152099609375,506453
2008-05-07,24.112151350726382,24.28651670573428,23.788333000851917,23.838150024414062,892823
2008-05-08,23.97515708544434,24.161975776609307,23.887974388173834,24.062339782714844,440195
2008-05-09,23.92533401887582,24.06233565166323,23.800787604754603,23.97515296936035,599805
2008-05-12,24.074789443992717,24.386156447824646,23.97515346514351,24.26161003112793,645692
2008-05-13,24.249161511819135,24.448435448753695,24.199342546540294,24.31143569946289,517509
2008-05-14,24.311425508701078,24.386152963204996,24.01251376650541,24.137060165405273,481464
2008-05-15,24.112153176583703,24.386156447824646,24.00006197881074,24.26161003112793,539582
2008-05-16,24.174425995627626,24.560518518877977,24.16197077740014,24.336336135864258,904568
2008-05-19,24.274063573333866,24.473337441447825,24.074787781039767,24.24915313720703,733536
2008-05-20,24.074790659796964,24.336338725322626,24.049882144871823,24.298974990844727,756459
2008-05-21,24.31143119843584,24.348794934432235,23.950245210169943,24.03742790222168,784040
2008-05-22,24.024979054335557,24.373707962925835,23.925341123777873,24.31143569946289,848718
2008-05-23,24.137070283077346,24.361252740560925,23.91288590141296,24.31143569946289,750465
2008-05-27,24.28652003310344,24.660159306090673,24.161973608774364,24.597885131835938,595229
2008-05-28,24.622802042043347,24.672621009703406,24.311436861484577,24.660165786743164,670397
2008-05-29,24.635248878583848,24.909252166748047,24.473340643476487,24.909252166748047,1119825
2008-05-30,24.809615854944493,24.946617507847517,24.585433431118297,24.822071075439453,1179563
2008-06-02,24.722428260318274,24.846974668043565,24.348790961322532,24.672611236572266,608756
2008-06-03,24.647705615811695,24.822071005527985,24.572978141413437,24.72243309020996,742163
2008-06-04,25.29534485640208,26.565717621573995,24.996434975783092,26.466079711914062,3167586
2008-06-05,26.490992280289028,27.27563270414957,25.66898619416793,26.76499366760254,2173352
2008-06-06,26.77744340125155,26.77744340125155,25.507072627202074,25.70634651184082,1137443
2008-06-09,25.706352554543106,26.466084538577135,25.706352554543106,26.204538345336914,897845
2008-06-10,26.067530672191698,26.37889575763923,25.619163948573487,26.11734962463379,420552
2008-06-11,26.10489943700352,26.665357468505327,26.09244421544727,26.15471839904785,778086
2008-06-12,26.466077198781225,26.690261512138054,25.88071078869993,26.079984664916992,690120
2008-06-13,26.26681140995898,26.403813083869053,25.768625603937778,25.955446243286133,517347
2008-06-16,25.76862015459777,26.03016822470307,25.108526217809917,25.94298553466797,831506
2008-06-17,25.930528308547643,25.96789204078879,25.482163521653906,25.843347549438477,1131003
2008-06-18,25.78107094028492,26.14225493389576,25.55688856804926,25.76861572265625,441288
2008-06-19,25.743704289690747,25.83088695483615,25.494611510469554,25.50706672668457,560723
2008-06-20,25.357622677789728,25.50707763959308,24.983983349100672,25.432350158691406,850055
2008-06-23,25.531978132791913,25.893162126402753,25.370068000339465,25.76861572265625,535815
2008-06-24,25.0960724740955,25.668985678725257,24.921707083769785,25.444801330566406,1468530
2008-06-25,25.531990569542497,25.868266215877487,25.19571684738852,25.606718063354492,831465
2008-06-26,25.345165252685543,25.644075150304413,25.03380013460572,25.345165252685547,1262264
2008-06-27,25.33270960912329,26.7525373716408,24.996435979918434,26.304170608520508,6207395
2008-06-30,26.26680824389307,26.304171982422947,25.693895020860865,25.918079376220703,1140156
2008-07-01,25.706348653577052,26.14226019228121,25.5319832684232,26.005260467529297,891122
2008-07-02,26.14226187172403,26.777447352475406,26.1298066507899,26.329082489013672,1235493
2008-07-03,26.291721320397066,26.316629840519543,25.81844404462382,25.880718231201172,411845
2008-07-07,25.85580660425683,26.005263490697875,25.37007605272998,25.531986236572266,963131
2008-07-08,25.419895014876996,25.606713717702444,25.145893609339446,25.531986236572266,1059278
2008-07-09,25.544430451149765,25.855795463086324,25.282884379893414,25.50706672668457,642816
2008-07-10,25.619162743813668,26.266803322564165,25.55689049932468,26.079984664916992,844466
2008-07-11,26.067530411836223,26.11734936378074,25.61916369269618,25.818437576293945,467411
2008-07-14,25.818440628044144,26.017714535196166,25.407437593236686,25.444801330566406,929151
2008-07-15,25.257973947463377,25.80597844658597,25.008881168242187,25.50706672668457,1104192
2008-07-16,24.74734556740109,24.834528269432838,23.71361028868553,23.887975692749023,1781393
2008-07-17,23.925330904430016,24.03742208529373,23.526783200794593,23.726057052612305,1009665
2008-07-18,23.77588909582938,23.950252609622172,23.51434093886863,23.638887405395508,739530
2008-07-21,23.551702838129867,23.750976784098135,23.240337658338362,23.3275203704834,758525
2008-07-22,23.36488192301634,24.0374311870386,23.327518181914034,23.962703704833984,639617
2008-07-23,23.813248604302167,24.024977752125423,23.61397467816872,23.763429641723633,523017
2008-07-24,23.72605571489504,23.875510614286792,23.539237090655348,23.589054107666016,458055
2008-07-25,23.551693568418578,23.975151739545307,23.52678505654412,23.937788009643555,451373
2008-07-28,23.863064045535452,24.149518708684873,23.676243444479233,23.850608825683594,452183
2008-07-29,23.950241213699083,23.950241213699083,23.651331375605693,23.838150024414062,327524
2008-07-30,24.024975045870292,24.161974772303275,23.041058823543842,23.389787673950195,716202
2008-07-31,23.402230900957473,23.6015047025193,23.1406829540566,23.526777267456055,495113
2008-08-01,23.389787585445358,23.56415297207899,23.016150220059682,23.290151596069336,403340
2008-08-04,23.22787895763643,23.290153138779324,22.92896904552848,23.10333251953125,322178
2008-08-05,23.277697917714626,23.31506165672812,22.779514089474503,23.10333251953125,408078
2008-08-06,23.12823841685666,23.352420806884766,22.95387305293687,23.352420806884766,185126
2008-08-07,23.227878487329377,23.53924553837822,23.115787272558464,23.439607620239258,378311
2008-08-08,23.3275192800846,23.83815838197556,23.2278813496674,23.489429473876953,359762
2008-08-11,23.364877762454196,23.613970608234325,23.016148932870237,23.153148651123047,703728
2008-08-12,23.16559503521424,23.564142666782615,23.016140154421006,23.539234161376953,652739
2008-08-13,23.526793742266054,23.676248717049496,23.252792313769465,23.564157485961914,355145
2008-08-14,23.252792947756507,23.613977096118067,23.227882501826187,23.427156448364258,279167
2008-08-15,23.339966529733996,23.887969187294004,23.339966529733996,23.82569694519043,621473
2008-08-18,23.83815939227599,24.161979793584738,23.77588712626164,23.95025062561035,371466
2008-08-19,23.788339459602483,24.161976858665174,23.427153433540795,23.90043067932129,554972
2008-08-20,23.763425625402427,24.311430272785174,23.6139706871073,24.08724594116211,501957
2008-08-21,24.037433337375152,24.161979793584738,23.925342104040787,23.95025062561035,280301
2008-08-22,23.8132394923682,24.08724079543483,23.663784586000943,23.73851203918457,493817
2008-08-25,24.67261362541632,24.69752213970101,24.049881526495884,24.124608993530273,2299469
2008-08-26,24.560516826882395,25.270431505879536,23.875512582624125,24.32387924194336,12173733
2008-08-27,24.3238792174589,24.597880530050393,24.01251417697675,24.535608291625977,911817
2008-08-28,24.473337891919186,24.983976827576562,24.386155212230815,24.95906639099121,576194
2008-08-29,24.822077831757678,25.008896569129675,24.510712628077332,24.971532821655273,715878
2008-09-02,24.98398280103341,25.33271167898481,24.585434962180194,24.635251998901367,907443
2008-09-03,24.523162934581556,24.759800614430045,23.850613637950012,24.31143569946289,1097753
2008-09-04,25.17080327963169,25.980354235871854,24.921710381683827,25.880718231201172,2711759
2008-09-05,25.905617111858803,25.942980840229882,25.083611239334918,25.781070709228516,1445081
2008-09-08,26.117348670116446,26.1298019646366,25.195706742432613,25.332706451416016,1638590
2008-09-09,25.46971469179914,25.59426113857157,25.18325805664062,25.183258056640625,971231
2008-09-10,25.233077020185743,25.245530317936467,24.78471019664114,25.183258056640625,1076126
2008-09-11,25.170790494992566,25.270428373236378,24.685060167958515,25.02133560180664,736493
2008-09-12,24.90924598339223,25.606703477820954,24.759789156717574,25.569339752197266,753381
2008-09-15,25.083626358121435,25.083626358121435,23.688708501748092,24.747352600097656,1294947
2008-09-16,24.498247864413507,25.33270713197257,24.18688278198077,25.29534339904785,1108931
2008-09-17,25.08361351388076,25.208159927804736,24.3487921731636,24.709976196289062,1759280
2008-09-18,24.859430050562985,24.98397645911239,24.124606817375533,24.348791122436523,2051244
2008-09-19,24.946620385027227,25.18325805664062,24.822073938254796,25.183258056640625,1310945
2008-09-22,25.793527622803825,25.793527622803825,24.946613183736886,25.058704376220703,988686
2008-09-23,25.170796805493104,25.53198083736373,24.323882324812296,24.572975158691406,1484042
2008-09-24,24.572976273383112,24.585431492896152,23.96269937994969,24.199337005615234,1777910
2008-09-25,24.79716241198029,25.158344562392966,24.560522844878093,24.934162139892578,728757
2008-09-26,24.647711242398476,25.158350383475792,24.622802719973098,25.03380584716797,812349
2008-09-29,24.772247190149123,25.145886413052068,23.88796904287157,24.14951515197754,1103787
2008-09-30,24.37370319678618,25.29534521540925,24.049882872066153,25.195709228515625,1213704
2008-10-01,25.02134286038136,25.320254657645922,24.622795080148848,25.145889282226562,1115451
2008-10-02,25.046248374132922,25.407432376954226,24.909248673444225,24.996431350708008,1516158
2008-10-03,25.021341316405934,25.145887730565832,24.47333863344656,24.498247146606445,1402596
2008-10-06,24.19934236428569,24.41107152199055,23.63888430061696,24.012523651123047,2084940
2008-10-07,24.22424693298571,24.22424693298571,23.078420639038086,23.078420639038086,1981058
2008-10-08,23.00369135789072,23.414694318925722,22.493052423253996,23.178056716918945,1438641
2008-10-09,23.140696117548796,23.414699434219063,22.268872980305137,22.281328201293945,902421
2008-10-10,21.633687287668504,22.032235113652398,20.238769896724868,21.35968589782715,1087790
2008-10-13,21.80804771131715,22.468141555786133,21.795592493288257,22.468141555786133,1109498
2008-10-14,21.795597816574265,23.05351549513791,21.795597816574265,22.480602264404297,1223586
2008-10-15,22.243963217252837,22.39341816402944,21.197774741455635,21.309865951538086,1065515
2008-10-16,21.372143621205158,22.268877377494558,21.02341468228416,22.044694900512695,1075235
2008-10-17,21.671048582876477,23.128239989696382,21.3721367849979,22.4307804107666,590855
2008-10-20,22.791958745336828,23.601509324008617,22.206592439932543,23.589054107666016,511475
2008-10-21,23.32752354587478,23.66379921729993,22.81688435060573,22.95388412475586,890474
2008-10-22,22.592690801783263,23.041057541168794,22.18168779699816,22.418325424194336,966290
2008-10-23,23.041057685107436,23.041057685107436,22.007324481070473,22.30623435974121,1099980
2008-10-24,21.48423445175557,22.742150309685975,20.923774471777097,22.380966186523438,808988
2008-10-27,22.219049157610637,22.879144938657777,21.421953672393077,21.92013931274414,596484
2008-10-28,22.144322008638728,22.879145261263822,21.60877263012787,22.742143630981445,772619
2008-10-29,22.67987284154593,22.96632941473859,22.144323428691795,22.243961334228516,852039
2008-10-30,22.542869654406235,22.742143527614743,22.293778756030743,22.642507553100586,685746
2008-10-31,22.443238434262895,23.128242879312122,22.23150929781989,23.00369644165039,810284
2008-11-03,22.916513359064634,23.202969968471,22.53042075570594,22.816877365112305,549383
2008-11-04,23.0410574477761,23.165603870666164,22.45569099195513,23.153148651123047,1076855
2008-11-05,22.804420227950885,23.227876533979487,22.405872437272055,22.505508422851562,1102896
2008-11-06,22.35605253482208,22.64250910801474,22.11941491439778,22.243961334228516,939519
2008-11-07,22.542865632028846,22.542865632028846,22.069590508128776,22.44322967529297,812106
2008-11-10,23.041056865233077,23.0784205987374,21.795594592001603,22.76705551147461,738599
2008-11-11,22.60514209699834,23.15314472545525,22.380957804135022,23.053508758544922,526986
2008-11-12,22.841782978483256,23.43960463873272,22.418324766527178,22.76705551147461,1060574
2008-11-13,22.854236299324995,24.02497100830078,22.617596774546985,24.02497100830078,1434348
2008-11-14,23.67624518546201,24.062339711636536,23.26524406611315,23.3399715423584,1187339
2008-11-17,23.165600781401093,23.389783158198988,22.642506644692556,22.692325592041016,780881
2008-11-18,22.928972429037373,23.47697529822161,22.293786847896342,23.227882385253906,1140480
2008-11-19,22.953872466402213,23.912878095095362,22.181685491292086,22.231504440307617,1158138
2008-11-20,21.994870608363932,22.96633162189685,21.608776092529297,21.608776092529297,1347921
2008-11-21,22.06959644021136,22.530418395996097,21.272500875353792,22.530418395996094,1250964
2008-11-24,21.58385802058589,22.567773818969727,21.010945072772,22.567773818969727,1927355
2008-11-25,22.79196441167249,23.103329504207426,21.210226585939246,21.284955978393555,3605108
2008-11-26,21.01094727018286,22.119409561157227,21.01094727018286,22.119409561157227,852687
2008-11-28,22.356050061784895,22.40586900904226,21.87031965543086,22.169231414794922,393458
2008-12-01,21.683502877516133,22.36850720776554,21.58386497441282,21.64613914489746,902340
2008-12-02,21.969961779069127,22.318690628639256,21.098136768873086,21.83296012878418,1334192
2008-12-03,21.4842249633683,22.318684067482586,21.30985962775221,22.29377555847168,769298
2008-12-04,22.11942169787057,22.41833165778828,21.6710548338131,22.08205795288086,1118529
2008-12-05,21.9699523654951,22.6300460452114,21.39703941768121,22.567773818969727,684086
2008-12-08,22.879141645404285,23.0285965463248,22.29377533401233,22.94141387939453,1110672
2008-12-09,22.85423683469633,23.16560190338946,22.59268879158435,22.841781616210938,911088
2008-12-10,23.053517077167484,23.638883644961727,22.679877737024775,23.01615333557129,1001039
2008-12-11,22.82933051208571,23.539245382632178,21.932596951490464,22.92896842956543,851918
2008-12-12,22.480598663039558,23.539242255778163,22.480598663039558,23.514331817626953,877230
2008-12-15,23.47697575943296,23.514339504694046,22.866698687927293,23.202974319458008,604706
2008-12-16,23.32751940461325,23.688703536987305,23.04106275836061,23.688703536987305,735480
2008-12-17,23.452065856209213,23.887977474704687,23.29015566155254,23.688703536987305,1141776
2008-12-18,23.763421576831654,23.912876489664168,23.302601620871396,23.576602935791016,836406
2008-12-19,23.80079452933641,24.211797623095276,23.70115852355957,23.70115852355957,1839429
2008-12-22,23.863075182970626,23.937802688597955,23.30261696658432,23.663801193237305,997110
2008-12-23,23.750975673905707,23.850613604322913,23.302610759570705,23.489429473876953,668088
2008-12-24,23.46452211725974,23.66379606379781,23.24033772479135,23.427156448364258,223479
2008-12-26,23.47696830002351,23.601514719381594,23.315058147276034,23.50187873840332,250695
2008-12-29,23.464517531771644,23.726063693661786,23.414698573827632,23.676244735717773,487053
2008-12-30,23.76342585540127,24.099701394000384,23.6637898703003,24.074790954589844,541161
2008-12-31,24.012517197734496,24.373701228900895,23.88797078103778,24.26161003112793,930852
2009-01-02,24.249154318286642,24.59788312342622,24.06233565913691,24.498247146606445,582552
2009-01-05,24.43597581302186,24.846978835024885,24.336339824640177,24.759796142578125,1054013
2009-01-06,24.834527842508614,24.834527842508614,24.31143356349119,24.635251998901367,700529
2009-01-07,24.386155188982265,24.67261174017946,24.124607150166497,24.435972213745117,553149
2009-01-08,24.435972977436375,24.585429828936398,24.22424580512676,24.498247146606445,411359
2009-01-09,24.411066334547172,24.448430069239766,23.788336140217,24.1868839263916,541080
2009-01-12,24.137066562353326,24.137066562353326,23.57660858085806,23.78833770751953,567891
2009-01-13,23.75097668051119,24.024980038680813,23.439611502077668,23.95025062561035,586035
2009-01-14,23.576605808016698,23.82569864253671,23.215421775216765,23.3150577545166,705065
2009-01-15,23.19051638252221,23.76342964172363,22.879151233722578,23.763429641723633,791046
2009-01-16,23.788336064571865,24.261611318626674,23.676242936670143,24.08724594116211,1006020
2009-01-20,24.11214817971703,24.28651351179399,23.539237090655348,23.589054107666016,788171
2009-01-21,23.87551215046156,24.13706016540527,23.626419352661838,24.137060165405273,723573
2009-01-22,23.738525306638,25.220625754271968,23.676251111393302,24.971532821655273,1830195
2009-01-23,24.361248016357422,24.909252679792427,24.03742769111233,24.361248016357422,1071306
2009-01-26,24.34879571821865,24.846979522267233,24.261613023360507,24.72243309020996,741758
2009-01-27,24.846974668043565,24.846974668043565,24.473337369047822,24.672611236572266,460971
2009-01-28,24.946614409510072,24.946614409510072,24.2989738110965,24.572975158691406,466358
2009-01-29,24.423517107954005,24.622790964764185,24.16196908853938,24.535608291625977,486203
2009-01-30,24.47333704967907,24.747338373427038,24.37369915512702,24.58542823791504,600575
2009-02-02,24.348792483933398,24.884339954043572,24.062335920670158,24.79715919494629,843170
2009-02-03,24.896795172849007,24.896795172849007,24.323882046322527,24.79715919494629,578786
2009-02-04,24.784706369955433,25.145890432575506,24.610340986559386,25.083616256713867,877433
2009-02-05,24.996435703868094,25.108526912365157,24.660160154196443,24.759796142578125,589599
2009-02-06,24.871889666187528,25.35762016815655,24.6601605418004,25.25798225402832,732362
2009-02-09,25.220617744193923,25.432346862090967,25.058707581833907,25.195709228515625,438494
2009-02-10,25.13344533403722,25.29535556262759,24.672625098314594,24.747352600097656,529821
2009-02-11,24.759805900940687,24.88435237863953,24.56053192145878,24.747352600097656,407633
2009-02-12,24.548065438785407,25.058704376220707,24.448427540457445,25.058704376220703,463563
2009-02-13,25.096071765608848,25.158344018006872,24.647705006129502,24.859434127807617,468504
2009-02-17,24.87188829466302,24.87188829466302,24.149518267518626,24.1868839263916,749048
2009-02-18,24.124607317976814,24.361244921877027,23.838150764787034,24.112152099609375,581945
2009-02-19,24.211791557354253,24.47333961483224,23.576606166593866,23.713605880737305,539379
2009-02-20,23.476977191328672,24.759803679956335,22.43078841184776,23.638887405395508,755649
2009-02-23,23.70115796639993,23.750975006026867,23.028606765447993,23.21542739868164,793314
2009-02-24,23.302612369448536,23.452067351218744,22.91651776763425,23.40224838256836,623255
2009-02-25,23.414694553112593,23.51433052771084,22.953872638577636,23.16560173034668,838796
2009-02-26,23.439610418105016,23.48942938312113,22.86669713087166,22.978790283203125,651605
2009-02-27,22.767060105927417,23.900431407363243,22.430784512346897,23.551700592041016,1164578
2009-03-02,23.38978096902383,23.4894188543951,22.380956519494365,22.49304962158203,1049639
2009-03-03,22.72969799927174,22.72969799927174,21.895236566188988,22.01978302001953,1302683
2009-03-04,22.318686085731038,22.71723381102515,21.895227924993485,22.393413543701172,649661
2009-03-05,22.28132767826146,22.667420278045494,21.770688644054708,21.895233154296875,981842
2009-03-06,21.982411001374928,22.293777980832793,21.434408350151696,21.84541130065918,850379
2009-03-09,21.683505870513766,21.79559708384186,21.010954742184115,21.17286491394043,698544
2009-03-10,21.45932724499131,21.994876861572266,21.17287056282852,21.994876861572266,718875
2009-03-11,22.206600123558747,22.206600123558747,21.147956396816593,21.17286491394043,974835
2009-03-12,21.297415465901658,21.75823755314944,21.222687975900595,21.67105484008789,1030887
2009-03-13,21.907684326171875,22.281323560386696,21.471772848344685,21.907684326171875,1018737
2009-03-16,22.131875003154757,22.131875003154757,21.596327350086828,21.67105484008789,789264
2009-03-17,21.608776697052072,22.09450721740723,21.54650444150013,22.094507217407227,1001687
2009-03-18,22.106959847960574,22.40587164245644,21.84541371143449,22.131868362426758,962523
2009-03-19,22.33114703209712,22.33114703209712,21.247594765204607,21.459321975708008,1293125
2009-03-20,21.48423435716352,21.832963256694466,21.147958755493164,21.147958755493164,1069808
2009-03-23,21.44686554683837,21.608773774209524,20.47540463752965,21.421955108642578,1346585
2009-03-24,21.260051720901124,22.331150875398816,21.197779453960543,21.67105484008789,1206131
2009-03-25,22.14433307068895,22.293789994069968,21.63369387396868,22.032241821289062,1329372
2009-03-26,22.530424588648508,23.1282464266074,22.032238761592318,22.91651725769043,2105757
2009-03-27,22.630055015180005,22.891603087097103,22.43078111836811,22.704782485961914,818789
2009-03-30,22.468143479513163,23.427149169524874,22.00732346315027,23.30260467529297,1033641
2009-03-31,23.476980598216578,23.5890718571027,23.003705111243185,23.252798080444336,990711
2009-04-01,23.178065392052417,23.427156381377085,22.829334543472275,23.3275203704834,684248
2009-04-02,23.57660991047549,23.6264269467037,22.978788158111378,22.991241455078125,1072359
2009-04-03,23.00369644165039,23.153151397172227,22.80442252622774,23.00369644165039,910805
2009-04-06,22.941419846018114,23.265242089199017,22.854239080593697,23.240331649780273,966776
2009-04-07,22.953872335217707,23.078418744954647,21.82050135353765,22.343595504760742,1832099
2009-04-08,22.36851432251365,22.443241811519556,21.7457820404963,22.4058780670166,922631
2009-04-09,22.530421403507273,22.704784878982338,21.96996338939184,22.057144165039062,929516
2009-04-13,21.845409139208556,22.66741303471186,21.845409139208556,22.49304962158203,966290
2009-04-14,22.468142964734078,22.654963550162197,22.181686401367188,22.181686401367188,714582
2009-04-15,22.18169225388827,22.393421408619623,21.969965023337682,22.380966186523438,714704
2009-04-16,22.43078970486183,23.028611624143412,22.380970730543076,22.95388412475586,636174
2009-04-17,23.041058884458494,23.041058884458494,22.592692118933257,22.8666934967041,569592
2009-04-20,22.77950890093012,22.77950890093012,22.306231774257675,22.343595504760742,764235
2009-04-21,22.293780286996874,22.33114402052806,22.00732371380421,22.243961334228516,1055714
2009-04-22,22.15678238503424,22.505511264870957,21.94505324319236,22.14432716369629,721184
2009-04-23,22.007323090851575,22.119414288272218,21.608773404166612,22.069595336914062,855644
2009-04-24,22.181689530911516,22.35605492213035,21.92014336826379,22.219053268432617,559872
2009-04-27,22.04468735391087,22.80441916473242,22.019776915542096,22.667417526245117,752531
2009-04-28,22.63006059955121,22.99124474691268,22.505514142787163,22.91651725769043,685625
2009-04-29,22.978781302317163,23.352418583455947,22.8915986286581,23.053508758544922,869090
2009-04-30,23.153146403535793,23.153146403535793,22.393414644583473,22.542869567871094,1484609
2009-05-01,22.505508965445983,22.891603469848636,22.26887132928651,22.891603469848633,876461
2009-05-04,22.70478625669533,23.028606633316194,22.567786512236186,23.01615333557129,619569
2009-05-05,23.016149513127093,23.016149513127093,22.61759979532288,22.704782485961914,653144
2009-05-06,22.854239259132047,23.003694200090475,22.468144762748885,22.605146408081055,736128
2009-05-07,22.829331276884886,23.11578789400989,22.617602138282823,22.991241455078125,748602
2009-05-08,23.065962051796184,23.115780997341368,22.879143411226792,23.053508758544922,617220
2009-05-11,22.704791177343242,23.103339123530965,22.555336178568137,22.95388412475586,349677
2009-05-12,23.00369467789568,23.041058413911365,22.630055393558408,22.891603469848633,387626
2009-05-13,22.779509031118117,22.866689786670076,22.06959429914227,22.231504440307617,623862
2009-05-14,22.34359654917542,22.45568967010439,22.119414155677987,22.181686401367188,446877
2009-05-15,22.044686230090015,22.331142787465353,21.907684598586954,22.20659637451172,545778
2009-05-18,22.306230945131002,22.306230945131002,21.49668027402211,21.758228302001953,1182074
2009-05-19,21.571412268206533,21.820505130799905,21.21022819470029,21.509140014648438,1419728
2009-05-20,20.9611370285647,21.658594727232337,19.85267437932072,21.521595001220703,2708397
2009-05-21,21.247593085251648,21.509139234562678,21.035863967308146,21.135499954223633,1234035
2009-05-22,21.14795997111893,21.322325392997644,20.948686027906486,21.18532371520996,752693
2009-05-26,21.147956763966775,21.695959543649487,21.073229287117364,21.35968589782715,654116
2009-05-27,21.37213638855112,21.658592961651802,21.272500407226715,21.409500122070312,794610
2009-05-28,21.47178089202475,21.77069277620992,21.197779453960543,21.67105484008789,543429
2009-05-29,21.68350084377345,21.75822830200195,21.421952815793613,21.758228302001953,820085
2009-06-01,21.795601291839112,22.194149187849998,21.795601291839112,22.08205795288086,819842
2009-06-02,22.082048738139566,22.343594843925526,21.77068368509624,22.169231414794922,1704483
2009-06-03,22.206595863527983,22.36850600422406,21.69595500491409,21.92013931274414,1519074
2009-06-04,23.041058736358565,23.60151670861756,22.72969362381034,23.290151596069336,2065500
2009-06-05,23.4769629331222,23.65132826519916,23.21541685918663,23.589054107666016,879498
2009-06-08,23.377332710523426,23.439604959155123,22.368508043755334,22.854238510131836,1828494
2009-06-09,22.96633055787901,23.028602808803797,22.654965454894256,22.704782485961914,1029146
2009-06-10,22.8293288195187,22.854239259132047,22.368508776836737,22.605146408081055,1088924
2009-06-11,22.617593080625717,22.816868842457165,22.3685022266961,22.44322967529297,1655195
2009-06-12,22.405872512076343,22.667418658753597,22.33114504159713,22.605146408081055,596889
2009-06-15,22.53042107598659,22.630057071355292,22.18169028174465,22.281328201293945,717174
2009-06-16,22.356057993164015,22.4183302561933,22.119420314963456,22.156784057617188,714096
2009-06-17,22.15676972143851,22.418315750785506,22.106950788741138,22.318679809570312,582755
2009-06-18,22.293774008051404,22.692321669588395,22.21904463785591,22.592683792114258,533061
2009-06-19,22.692321669588395,22.804412838611967,22.505501130369332,22.592683792114258,558293
2009-06-22,22.430778461510233,22.82932620792725,22.430778461510233,22.642507553100586,718673
2009-06-23,22.717238317495887,22.953875956070362,22.505509195125917,22.879148483276367,1022868
2009-06-24,22.866692647382855,22.991239073412842,22.654965454894256,22.704782485961914,576275
2009-06-25,22.580236667919912,22.891603703468856,22.5304196355109,22.879148483276367,466520
2009-06-26,22.879153513079306,22.9787914481629,22.60515207787076,22.91651725769043,1413369
2009-06-29,22.8915986286581,23.053508758544922,22.59268687956703,23.053508758544922,480330
2009-06-30,23.00369652355547,23.10333251953125,22.829331125372093,23.10333251953125,717944
2009-07-01,23.14069288692726,23.290149745385857,23.016148391148917,23.078420639038086,766220
2009-07-02,22.928966822488057,22.97878577773614,22.206598706022383,22.704782485961914,1901516
2009-07-06,22.555326832867646,22.66741803550448,22.231506520241002,22.4307804107666,710856
2009-07-07,22.41832670847713,22.41832670847713,21.895232469924146,21.93259620666504,872573
2009-07-08,22.044684841331257,22.044684841331257,21.55895443866592,21.758228302001953,871722
2009-07-09,21.882777049281447,21.882777049281447,21.397046594627085,21.421955108642578,520101
2009-07-10,21.484231498061302,21.720869140270857,21.272502372438883,21.509140014648438,942476
2009-07-13,21.509142121115264,21.882781451597154,21.334776715387576,21.808053970336914,661932
2009-07-14,21.783148873168532,22.069605571089024,21.708421373568605,22.032241821289062,612158
2009-07-15,22.156773948461908,22.29377555847168,21.957500103834917,22.29377555847168,784364
2009-07-16,22.19414224630569,22.542871065199922,22.05714060807208,22.35605239868164,1108445
2009-07-17,22.455690440358797,22.530417907421175,22.106959695160608,22.243961334228516,552623
2009-07-20,22.306234359741214,22.318689579412624,22.08205195073816,22.30623435974121,742811
2009-07-21,22.25641439437578,22.480596773815027,22.10695755056948,22.468141555786133,707616
2009-07-22,22.343597299518535,22.89160193121579,22.281325051738108,22.76705551147461,657639
2009-07-23,22.605150893642747,22.879152314497038,22.044692829655993,22.156784057617188,1314630
2009-07-24,22.231506520241002,22.542871613403435,22.032232629715402,22.4307804107666,815508
2009-07-27,22.34359795499348,22.46814437838837,22.281325705386223,22.418325424194336,439628
2009-07-28,22.41832536227242,22.704781942871406,22.293780863401913,22.630054473876953,506858
2009-07-29,22.5428717853233,22.67987342793338,22.45569102095002,22.630054473876953,447404
2009-07-30,22.468146952123,23.09087914043166,22.468146952123,23.00369644165039,904082
2009-07-31,23.00369364710773,23.103329630624746,22.48059944214741,22.530418395996094,733050
2009-08-03,22.667420434879553,22.692330876444778,22.09450721740723,22.094507217407227,945068
2009-08-04,22.194144751478728,22.430782397172557,21.994870843306,22.219053268432617,793922
2009-08-05,22.281324117944568,22.293779336650793,21.89522965567374,21.982412338256836,456314
2009-08-06,22.0073231763315,22.08205064156885,21.5963201933458,21.64613914489746,791573
2009-08-07,21.857875170387956,21.994876861572266,21.758239151129324,21.994876861572266,523544
2009-08-10,21.84541611987223,22.09450706453711,21.83296089917579,21.895233154296875,411966
2009-08-11,21.895229236922273,22.04468608599786,21.79559326171875,21.79559326171875,501674
2009-08-12,21.795604097828907,22.293789994069968,21.795604097828907,22.032241821289062,571536
2009-08-13,22.156784696487392,22.156784696487392,21.832964301364136,22.01978302001953,621675
2009-08-14,21.932590254264564,22.019772924392516,21.795590564789187,21.945045471191406,359397
2009-08-17,21.857875170387956,22.019785385341663,21.745783927154097,21.994876861572266,809960
2009-08-18,22.069596731066746,22.43078078391415,21.94505030689381,22.30623435974121,886140
2009-08-19,22.094502332540586,22.542869015599216,22.057138602634044,22.468141555786133,689877
2009-08-20,22.505507879191157,22.56778205233186,22.380961457090113,22.4307804107666,779463
2009-08-21,22.48059893848793,22.79196402575072,22.368507737974966,22.76705551147461,634190
2009-08-24,22.754603658700187,22.767058879771103,22.418328083230325,22.480602264404297,649418
2009-08-25,22.605146332611472,22.717237537956066,22.43078095262183,22.505508422851562,686111
2009-08-26,22.517956785660648,22.779504776000977,22.418318906241527,22.779504776000977,537881
2009-08-27,22.779514240656678,23.041060415486953,22.580238399021354,22.991241455078125,556875
2009-08-28,23.04106018053085,23.07842391941131,22.866694782968306,23.00369644165039,544887
2009-08-31,22.879151449828328,23.041061636602375,22.74214978248847,23.028606414794922,800240
2009-09-01,22.916510364850947,22.916510364850947,22.293780192516696,22.667417526245117,895212
2009-09-02,22.70477439037223,22.904048216131265,22.443228335892126,22.517955780029297,1322852
2009-09-03,22.74214290265351,22.81687228671078,21.583863426197677,22.25641441345215,1854293
2009-09-04,22.206605108615477,22.24396885477912,21.808057200082626,22.044694900512695,1296608
2009-09-08,22.181689914524394,22.268872611641562,21.945052264738123,22.094507217407227,811944
2009-09-09,22.09450790436805,22.35605600385158,21.96996338939184,22.057144165039062,602397
2009-09-10,22.01978359260102,22.194149017333988,21.845420092048947,22.194149017333984,569106
2009-09-11,22.38095857332352,22.38095857332352,22.04468500874157,22.169231414794922,611348
2009-09-14,22.057131856043767,22.368498742267683,22.032223351784854,22.318679809570312,748359
2009-09-15,22.231512932839713,22.29378712394318,22.044694207891144,22.08205795288086,903798
2009-09-16,22.181686401367188,22.356051767985363,22.05713998580853,22.181686401367188,587696
2009-09-17,22.119415067283832,22.281325221764856,21.98241342726899,22.131868362426758,627021
2009-09-18,22.156782086036777,22.23150956469475,22.044690868049816,22.057144165039062,700853
2009-09-21,21.96995876715388,22.268868618898427,21.907684598586954,22.20659637451172,934578
2009-09-22,22.16923249813741,22.2439599605851,21.695955362335027,21.79559326171875,1365782
2009-09-23,21.85787148006518,22.04469211142791,21.74578025575598,21.783143997192383,983259
2009-09-24,21.820506970609607,21.8703259321649,21.608777827135114,21.720870971679688,848313
2009-09-25,21.63369109508736,21.795601298149972,21.509144637025283,21.67105484008789,933485
2009-09-28,21.770690229706794,21.94505371125379,21.695960824265864,21.808053970336914,1037448
2009-09-29,21.75823685892754,22.094510553203122,21.658598925984574,21.708417892456055,1244727
2009-09-30,21.79559235304431,21.857864594427806,21.608771780533562,21.84541130065918,885695
2009-10-01,21.845422706775036,21.895239756220683,21.683512485623865,21.745784759521484,1265787
2009-10-02,21.583874538370313,21.783148508696286,21.484238515297896,21.745784759521484,1174946
2009-10-05,21.7333229819654,21.907688374993313,21.62123176823912,21.895233154296875,1336136
2009-10-06,21.945049408161108,22.41832464612763,21.78313925578516,22.35605239868164,1266597
2009-10-07,22.380959426249444,22.717234927826777,22.24395972129585,22.542869567871094,1026756
2009-10-08,22.555336070524508,23.27770446005214,22.443244821980112,23.26525115966797,2168127
2009-10-09,23.21542276340407,23.36487770080566,23.153148590033165,23.364877700805664,1015821
2009-10-12,23.36487462969943,23.402238359138696,22.791961546057202,22.904052734375,1595538
2009-10-13,22.85423843138617,22.92896589915887,22.605145589356948,22.754600524902344,760955
2009-10-14,22.85424027125072,22.991239998469624,22.64251114606274,22.966331481933594,859370
2009-10-15,22.928977605319105,23.439616845254537,22.866703400928156,23.252798080444336,1722182
2009-10-16,23.128237287451945,23.539240239946817,23.09087355760515,23.41469383239746,956610
2009-10-19,23.364873859824925,23.62641995728182,23.065962109979854,23.576602935791016,796595
2009-10-20,23.539242075256723,23.539242075256723,23.17805804245679,23.3150577545166,879579
2009-10-21,23.24033247807651,23.4146978635006,23.053513796679606,23.090877532958984,1014606
2009-10-22,23.02860843971592,23.377339287543062,23.02860843971592,23.227882385253906,731876
2009-10-23,23.227874147456006,23.25278458442679,22.70477998541225,22.841781616210938,725882
2009-10-26,22.81687652221942,23.103331196863113,22.617600693315207,22.654966354370117,763466
2009-10-27,22.654965363127335,22.991238980283804,22.53041893760184,22.605146408081055,739166
2009-10-28,22.63005205473769,22.81687263143319,22.34359550476074,22.343595504760742,719969
2009-10-29,22.393418214719876,22.87914871702384,22.356054477941147,22.8666934967041,986580
2009-10-30,22.742148618311322,22.841786539309037,22.044690868049816,22.057144165039062,1240434
2009-11-02,22.08205864667634,22.19414988516727,21.795601976634423,22.044694900512695,1288751
2009-11-03,21.907688147696582,22.35605492213035,21.870324410175478,22.219053268432617,1343912
2009-11-04,22.16924049559252,22.60515213324404,22.106966304967504,22.194149017333984,1273644
2009-11-05,22.405871471479287,22.76705551147461,22.256416537461998,22.76705551147461,798134
2009-11-06,22.642513780570987,23.02860641479492,22.54287585447278,23.028606414794922,945918
2009-11-09,22.991240085742213,23.2652433895811,22.966331569111635,23.065967559814453,788495
2009-11-10,22.953874693259042,22.966329912766305,22.517963176488834,22.530418395996094,1378944
2009-11-11,22.692327731874023,22.754599978796637,22.505507142745586,22.679872512817383,846815
2009-11-12,22.58023491977268,22.816874464207146,22.542871186268357,22.76705551147461,672017
2009-11-13,22.89160757547012,23.028607324038443,22.692333639586447,22.978790283203125,777195
2009-11-16,23.0535177686369,23.153153774488338,22.90406087358855,22.978790283203125,567567
2009-11-17,22.866691726561395,22.99123814757601,22.72969201037156,22.754600524902344,523665
2009-11-18,22.86669149275936,22.86669149275936,22.64250909173343,22.76705551147461,497300
2009-11-19,22.630053792872275,22.767055431359577,22.43077990682368,22.667417526245117,839444
2009-11-20,22.667414864318363,22.70477859330343,22.331141303452757,22.393413543701172,531279
2009-11-23,22.468141555786133,22.742142883160813,22.356050366066512,22.468141555786133,1044900
2009-11-24,22.40587135114662,22.46814359859261,22.23150597960935,22.35605239868164,1067742
2009-11-25,22.418325807702605,22.642510143320663,22.34359833722339,22.605146408081055,595350
2009-11-27,22.2564171903794,22.493054817575576,22.194143016591763,22.418325424194336,383495
2009-11-30,22.368514442066957,22.41833148554989,22.044694038523385,22.194149017333984,825026
2009-12-01,22.21905402053049,22.418327935448485,21.95750784902963,22.281328201293945,1057860
2009-12-02,22.206593349423464,22.405867198167197,22.15677440619254,22.26886558532715,515970
2009-12-03,22.231507315220444,22.343598521865562,21.969961166381836,21.969961166381836,784850
2009-12-04,22.181689530911516,22.41832717660535,21.92014336826379,22.219053268432617,690404
2009-12-07,22.15677649850491,22.517960503721568,22.094502332540586,22.468141555786133,664322
2009-12-08,22.43077782587959,22.517960503721568,22.10695755056948,22.468141555786133,1013634
2009-12-09,22.106952032898644,22.605137539550665,21.73331290290963,22.567773818969727,1933592
2009-12-10,22.592697022747714,22.829334715102764,22.55533327785907,22.804426193237305,1310337
2009-12-11,22.76706227924593,22.953881002301554,22.679879567093007,22.91651725769043,1643126
2009-12-14,23.202965971480904,24.074788946149187,23.19051075281471,23.97515296936035,3110805
2009-12-15,23.788339599981757,24.199340741376112,23.788339599981757,24.09970474243164,2531817
2009-12-16,24.06233871952587,24.34879531610884,23.9876112463617,24.2242488861084,2240582
2009-12-17,24.112156817571794,24.249158473879813,23.875519167369312,24.062339782714844,2622456
2009-12-18,24.149521827753485,24.249159751076416,23.128243696687143,23.476972579956055,22337168
2009-12-21,23.327517664465706,24.099704837086026,23.327517664465706,23.887975692749023,1967004
2009-12-22,24.00006870388681,24.00006870388681,23.626429349098913,23.688703536987305,1226016
2009-12-23,23.763421106584527,23.813240051269528,23.60151097949328,23.81324005126953,916920
2009-12-24,23.863068716605135,23.863068716605135,23.626429114000945,23.70115852355957,464738
2009-12-28,23.763415532287837,23.912870407104492,23.626413947586194,23.912870407104492,985689
2009-12-29,23.912885757403156,23.950249500092074,23.65133955858075,23.70115852355957,817371
2009-12-30,23.63887841408083,23.763424833235064,23.56415094742435,23.713605880737305,984879
2009-12-31,23.676236773704495,23.763419439742975,23.564145599160682,23.589054107666016,631112
2010-01-04,23.68869577957065,23.87551443369606,23.526785637935234,23.8007869720459,1417703
2010-01-05,23.763430786647497,23.887977237004147,23.476974143245283,23.70115852355957,1595174
2010-01-06,23.950248346167267,24.024977752125423,23.663793640747258,23.763429641723633,1120149
2010-01-07,23.726056149449732,23.788330308123463,23.60150975628218,23.775875091552734,820652
2010-01-08,23.676237878744903,23.775875765776387,23.6139656424852,23.73851203918457,886019
2010-01-11,23.6388809983049,23.75097221054353,23.613972481423154,23.676244735717773,720860
2010-01-12,23.613975815891838,23.763430786647497,23.564156850913015,23.70115852355957,923441
2010-01-13,23.726066988395054,23.726066988395054,23.352427638200123,23.601520538330078,1891796
2010-01-14,23.613982214758643,23.738528698864634,23.514344257801323,23.663801193237305,1793988
2010-01-15,23.663780536764527,23.775871697359452,23.51432373179166,23.539234161376953,2319233
2010-01-19,23.53924085627032,23.800786972045895,23.45205817628507,23.8007869720459,873788
2010-01-20,23.701142565389965,23.72605106901788,23.47695833602072,23.526777267456055,975200
2010-01-21,23.501880719241537,23.75097165477183,23.240332639291086,23.290151596069336,1136957
2010-01-22,23.290152513113437,23.476971203162215,22.87914947082557,22.92896842956543,1122336
2010-01-25,23.128237553740988,23.252783962724322,22.941416978175905,23.190509796142578,842481
2010-01-26,23.140693162854063,23.2403310696812,22.71723686928961,22.854238510131836,1029591
2010-01-27,22.76705574425791,22.84178321203061,22.65496454259886,22.754600524902344,1303371
2010-01-28,22.76704956002863,22.95386817871471,22.61759274089995,22.779504776000977,1115127
2010-01-29,22.82933235168457,23.041061500254795,22.704785906889185,22.82933235168457,1397655
2010-02-01,22.72969025259643,23.190510242951195,22.555324891824256,23.16560173034668,1422239
2010-02-02,23.15315321287684,23.21542739868164,22.904060318019145,23.21542739868164,1729310
2010-02-03,23.12823959185762,23.277694526135893,23.04105690546852,23.078420639038086,1419120
2010-02-04,22.89160688885705,23.190516821626627,22.89160688885705,23.01615333557129,2172785
2010-02-05,23.003702988883234,23.265251159667972,22.879156515773523,23.26525115966797,2509016
2010-02-08,23.22787585028272,23.25278628907968,22.841783290733353,22.854238510131836,1053284
2010-02-09,23.128236214772677,23.128236214772677,22.742141792022544,23.053508758544922,1025501
2010-02-10,22.966319286448858,23.12822936840743,22.891591852341747,23.115774154663086,1292234
2010-02-11,23.15314896017546,23.252786869489643,22.86669237612267,23.240331649780273,953249
2010-02-12,23.11578319823947,23.37733124411915,22.966328271554065,23.352420806884766,1064867
2010-02-16,23.41470822502532,23.788347677343292,23.315070268068,23.663801193237305,1296891
2010-02-17,23.72606384820313,23.887974019440385,23.62642593166611,23.875518798828125,1054823
2010-02-18,23.850603218960014,23.962694398735458,23.713601605336716,23.73851203918457,1012500
2010-02-19,23.65133204874557,23.83815070287098,23.43960295794998,23.8007869720459,1393241
2010-02-22,23.800791168487542,23.912882380726174,23.613972481423154,23.676244735717773,597497
2010-02-23,23.60151400407751,23.76342415191789,23.56415027182052,23.75096893310547,1216134
2010-02-24,23.863062267370545,24.26161003112793,23.750969145417308,24.26161003112793,1678320
2010-02-25,24.000060232488416,24.199334099867293,23.738514123382448,24.14951515197754,1235331
2010-02-26,24.22424325114383,24.597880530050393,24.21178803378693,24.535608291625977,6597977
2010-03-01,24.535612617264874,24.610340086220674,24.24915603681407,24.298974990844727,1078799
2010-03-02,24.498245393934777,24.535609123091618,24.01251499071572,24.17442512512207,1696059
2010-03-03,24.274063502939477,24.274063502939477,23.912877573588958,23.937788009643555,1399437
2010-03-04,24.124599429214467,24.224237295211942,23.85059818399074,23.912870407104492,1373517
2010-03-05,24.037429575216752,24.186886453784915,23.900429841755,24.049884796142578,1393119
2010-03-08,24.074790954589844,24.124609909230525,23.962699749783603,24.074790954589844,1261211
2010-03-09,24.012520741481236,24.298977349740674,24.00006552071935,24.27406883239746,1242459
2010-03-10,24.26160835527045,24.28651686721714,24.087242999103182,24.24915313720703,974673
2010-03-11,24.161970369995014,24.199334099867293,23.98760693865108,24.14951515197754,1033196
2010-03-12,24.16197433026981,24.199338066266204,23.97515565028784,24.03742790222168,613656
2010-03-15,24.03743055943327,24.09970474243164,23.92533933905299,24.09970474243164,682587
2010-03-16,24.037429341105806,24.0747930793388,23.937793347211347,24.062339782714844,687326
2010-03-17,24.037438138504335,24.149529394227297,23.95025540932605,24.00007438659668,884561
2010-03-18,23.925332701918013,24.087242838945308,23.738514053109643,23.838150024414062,1143680
2010-03-19,23.838150024414062,23.887968972156337,23.389783343093846,23.838150024414062,2133459
2010-03-22,23.750970269129855,24.261611179000063,23.6388790660536,24.199337005615234,1179117
2010-03-23,24.16197763210653,24.26161555783316,23.838157259766053,23.962703704833984,1128087
2010-03-24,23.93778612147487,24.012513575384013,23.713601835567452,23.726057052612305,758646
2010-03-25,23.813246224228905,23.937792656136796,23.763427266629645,23.78833770751953,638523
2010-03-26,23.87552053268893,24.049885937201015,23.750974090063256,23.987613677978516,1003793
2010-03-29,24.099705334327073,24.099705334327073,23.539247294480013,23.551700592041016,1361772
2010-03-30,23.626432181488504,23.738525348289425,23.439613443788716,23.638887405395508,1472094
2010-03-31,22.24396885477912,22.54287882408827,21.795601976634423,22.044694900512695,6368585
2010-04-01,22.044689874785185,22.169236308330344,21.571412657641364,21.695959091186523,3264341
2010-04-05,21.783141787086187,21.857869262377175,21.621231615895535,21.695959091186523,1792409
2010-04-06,21.683498955915066,21.758226407637473,21.372132008165135,21.546497344970703,1597563
2010-04-07,21.59632047929193,21.59632047929193,21.160408976848853,21.421955108642578,2424573
2010-04-08,21.359682861513697,21.459318841755966,21.235136443075632,21.421955108642578,1398465
2010-04-09,21.53405064014178,21.882781451597154,21.446869861458627,21.808053970336914,1886733
2010-04-12,21.994875246213113,21.994875246213113,21.596327350086828,21.67105484008789,1965587
2010-04-13,21.683502068047215,21.895229236922273,21.558955655907663,21.79559326171875,1531143
2010-04-14,21.80804920959923,22.094503850503006,21.77068547712568,22.069595336914062,1857735
2010-04-15,22.318689439986652,22.592690801783263,22.06959659319687,22.418325424194336,2798834
2010-04-16,22.34360244441564,22.43078515072742,21.99487354334929,22.380966186523438,2771537
2010-04-19,22.430782008943126,22.6798748708929,22.30623557796824,22.654966354370117,2185664
2010-04-20,22.38095518250431,22.7919580677935,22.206591779790575,22.779504776000977,2438870
2010-04-21,22.679871387149582,22.854236748567118,22.592688706440818,22.742143630981445,1936548
2010-04-22,22.667419592490717,22.904057233482828,22.468145688277332,22.8666934967041,1879808
2010-04-23,22.866695016146355,22.99124145507812,22.64251258057755,22.991241455078125,1599912
2010-04-26,22.86668902149045,22.941416480423083,22.654961862574698,22.692325592041016,2039783
2010-04-27,22.60514578654414,22.679873254968694,22.405871896018535,22.4307804107666,2081579
2010-04-28,22.555333338871172,22.555333338871172,21.895237303751376,22.08205795288086,1792854
2010-04-29,22.09451125175682,22.219057709782838,22.007330462901432,22.08205795288086,1013189
2010-04-30,22.131872814988313,22.169238480475435,21.596325214869687,21.683507919311523,2562233
2010-05-03,21.783143230488307,21.882781153598888,21.63368827000309,21.720870971679688,1297701
2010-05-04,21.558966013647492,21.795603733148262,21.43441954167112,21.745784759521484,1379916
2010-05-05,21.68350937131074,22.231512229954486,21.59632666103086,21.708417892456055,945837
2010-05-06,21.621234603086435,22.03223769815162,21.260050473158415,21.5340518951416,2143503
2010-05-07,21.52159102743269,21.945047271708802,21.446863568100444,21.84541130065918,3275762
2010-05-10,22.256422675280653,22.256422675280653,21.558962917222463,21.708417892456055,1925492
2010-05-11,21.558959810819097,21.67105102609321,21.147956763966775,21.35968589782715,3164994
2010-05-12,21.44687582722367,21.496692879134052,21.33478264997225,21.48423957824707,1669491
2010-05-13,21.47177764926982,21.59632408852239,21.384594949374957,21.43441390991211,981315
2010-05-14,21.43441558168212,21.69596177758529,21.247596870322717,21.446870803833008,1598738
2010-05-17,21.421957857998883,21.957507333598507,21.421957857998883,21.895233154296875,1846800
2010-05-18,21.907687601964884,22.044689252249835,21.78314117193688,21.83296012878418,2069915
2010-05-19,21.708412308549775,21.90768619899699,21.54650215230014,21.59632110595703,1710639
2010-05-20,21.347219088130384,21.509129174801018,21.048307418823242,21.048307418823242,1776654
2010-05-21,20.849042859581616,21.38459228933228,20.736951655451584,21.37213706970215,2103368
2010-05-24,21.197779979044657,21.471781423896076,21.172869532306642,21.334779739379883,976941
2010-05-25,21.085681376067278,21.34722945423993,20.81168000192007,21.32232093811035,1545561
2010-05-26,21.42196094242824,21.583871138072265,21.135504294428742,21.21023178100586,1537178
2010-05-27,21.459329128110653,21.53405663015745,21.185327645878655,21.48423957824707,821219
2010-05-28,21.471774294055844,21.558956980327398,21.297408921512737,21.409500122070312,878688
2010-06-01,21.322322092564004,21.496685563272525,21.11059295936733,21.260047912597656,889785
2010-06-02,21.30986790616469,21.720870971679688,21.222685204488094,21.720870971679688,893309
2010-06-03,21.558952988259012,22.156774538047866,21.558952988259012,21.945045471191406,1269837
2010-06-04,21.783141940570594,22.35605515407898,21.633686988935555,21.895233154296875,2336648
2010-06-07,21.982417926246757,22.106964372428333,21.671052772883183,21.783143997192383,1429610
2010-06-08,21.83296912695059,21.83296912695059,21.521603885645792,21.65860366821289,1800711
2010-06-09,21.683510063148375,21.907692533151568,21.596327350086828,21.67105484008789,1444392
2010-06-10,21.795604097828907,22.231515794949253,21.795604097828907,22.032241821289062,1829871
2010-06-11,21.8329622710396,21.907689751552585,21.59632460802159,21.820507049560547,1867698
2010-06-14,22.044689252249835,22.131870021507005,21.808051612450768,21.83296012878418,2218833
2010-06-15,21.83295772318817,22.14432280186116,21.83295772318817,22.069595336914062,1490238
2010-06-16,22.05714060807208,22.443235084450276,21.982413141464765,22.35605239868164,1724004
2010-06-17,22.418325268791452,22.530418395996097,22.281325550933015,22.530418395996094,1167494
2010-06-18,22.555333045028412,22.66742427853727,22.35605909961904,22.4058780670166,1919417
2010-06-21,22.49305432935858,22.64250926451634,22.094504628637313,22.131868362426758,1319490
2010-06-22,22.03223518038524,22.14432639599886,21.758233789713966,21.770689010620117,1150686
2010-06-23,21.733322436474175,21.770688097625634,21.459321057293664,21.509140014648438,1634256
2010-06-24,21.43441124367242,21.708412606272624,21.334773334992136,21.37213706970215,1432242
2010-06-25,21.397045367309257,21.546500291190195,21.185316275691132,21.38459014892578,3821945
2010-06-28,21.459319429639333,21.509138383215422,21.210226585939246,21.284955978393555,1458365
2010-06-29,21.185322364600125,21.260049848018145,20.86150198700154,20.948684692382812,2260103
2010-06-30,21.048311009213585,21.23513155596545,20.824128662127176,20.849037170410156,1646609
2010-07-01,20.79922830428607,20.811681601217614,20.450497506590583,20.612407684326172,1530171
2010-07-02,20.662225566651628,20.674680787114,20.400677482024907,20.46295166015625,745889
2010-07-06,20.749408568254616,20.749408568254616,20.388224487131268,20.550134658813477,1247117
2010-07-07,20.475405010026098,20.78677009969558,20.46294979070161,20.774314880371094,811094
2010-07-08,20.82413611655782,21.19777541963362,20.786772378668296,20.961137771606445,777722
2010-07-09,20.936224977073625,21.023407663743694,20.7992252616038,20.98604393005371,594540
2010-07-12,20.94867928611229,21.110589433127085,20.849041384481534,21.03586196899414,486000
2010-07-13,21.16041153191132,21.16041153191132,20.936227181981028,21.07322883605957,742041
2010-07-14,20.89886614784443,21.359688203738493,20.824138662927723,21.23514175415039,988646
2010-07-15,21.160400497425627,21.222672719600702,20.873944042225315,21.048307418823242,757796
2010-07-16,20.92377102811332,20.998500424210608,20.500314712524414,20.500314712524414,1045953
2010-07-19,20.4380330882102,20.72448762446936,20.400667445206416,20.59994125366211,1096578
2010-07-20,20.500309532821998,20.811674561864724,20.400671645987547,20.786766052246094,539217
2010-07-21,20.873949876838516,20.873949876838516,20.475402155814685,20.512765884399414,661041
2010-07-22,20.637317427110197,21.035865247385495,20.637317427110197,20.961137771606445,789993
2010-07-23,20.898865859750735,21.185322497436452,20.849046895766097,21.147958755493164,569754
2010-07-26,21.135500187721064,21.172863923749706,20.99850046367619,21.123044967651367,560682
2010-07-27,21.12304732794633,21.185321511072903,20.911320108185716,21.0981388092041,649539
2010-07-28,21.01095176353542,21.172861912338302,20.898860566098097,21.023406982421875,713651
2010-07-29,21.098130398268676,21.147949340073087,20.699582712193173,20.824129104614258,638523
2010-07-30,20.71204376220703,20.811679749698293,20.637316290543477,20.71204376220703,655979
2010-08-02,20.836590299491924,21.135500187721064,20.724497167225543,21.123044967651367,1089693
2010-08-03,21.110592192806166,21.284957581363756,20.99850098195364,21.19777488708496,1177457
2010-08-04,21.26004714060953,21.29741087756037,21.123045489002777,21.19777488708496,744471
2010-08-05,21.160409881072216,21.421956024042288,21.0483167527618,21.37213706970215,631679
2010-08-06,21.260047828415633,21.347230525514966,20.998501661298192,21.160411834716797,568661
2010-08-09,21.18531553305141,21.24758969860561,20.948677937141728,21.11058807373047,605192
2010-08-10,20.936217443042317,21.06076381858356,20.55012502579021,20.662216186523438,1307988
2010-08-11,20.52522983157663,20.52522983157663,19.777952947822495,19.840225219726562,1529766
2010-08-12,19.47903301234114,19.79040001608775,19.441669279760394,19.76548957824707,1163039
2010-08-13,19.765493548750406,19.852676250345556,19.628493809827166,19.65340232849121,915665
2010-08-16,19.566215564773934,19.690761980598527,19.342033170797826,19.3544864654541,632853
2010-08-17,19.366944055875393,19.715672908379787,19.366944055875393,19.640945434570312,753786
2010-08-18,19.616032348807746,19.616032348807746,19.35448432721722,19.366939544677734,1146636
2010-08-19,19.42921246993689,19.441665762423938,18.993299128392017,19.329574584960938,1132461
2010-08-20,19.21748463187175,19.391848055418716,19.142757175468756,19.366939544677734,712881
2010-08-23,19.35448835307773,19.454126265127094,19.01821472931714,19.043123245239258,862124
2010-08-24,18.731758279357678,19.055578609701477,18.532484377929222,18.931032180786133,1020722
2010-08-25,18.818939538455773,19.043121938917682,18.769120585848572,18.90612030029297,960336
2010-08-26,18.868753202823534,19.142756431221663,18.657026059306762,18.881208419799805,1081391
2010-08-27,18.931027803137418,19.08048271360339,18.582297113143454,19.06802749633789,813483
2010-08-30,19.005759344671606,19.167669507214303,18.843849182128906,18.843849182128906,742649
2010-08-31,18.794028269530983,18.893666170342257,18.520026928570328,18.532482147216797,1421874
2010-09-01,18.806481933556633,19.180121144442015,18.74420969383244,19.142757415771484,1076409
2010-09-02,19.528852397432143,19.54130761662902,18.6196656522073,18.90612030029297,1613642
2010-09-03,19.03067059715269,19.317127227783203,18.980853558575763,19.317127227783203,809433
2010-09-07,19.27976551132063,19.27976551132063,19.055583041641025,19.10540008544922,863987
2010-09-08,19.03066321077398,19.10539066381608,18.893663521590113,18.99329948425293,602559
2010-09-09,19.117849624091733,19.1552133579288,18.831393048554,18.893667221069336,604827
2010-09-10,18.96839109027376,19.01821003399887,18.731753512804442,18.881208419799805,994397
2010-09-13,18.993302155383212,19.24239498334146,18.9559384236075,19.05557632446289,718430
2010-09-14,19.043123245239254,19.155214453159452,18.80648560934758,19.043123245239258,624186
2010-09-15,19.043123389555806,19.043123389555806,18.80648575187079,18.931032180786133,613292
2010-09-16,19.14276715404768,19.603587350138593,19.11785670614154,19.54131507873535,1319288
2010-09-17,19.566213729810855,19.665851622798368,19.342031356859067,19.45412254333496,1353551
2010-09-20,19.516395760188626,19.753035286833683,19.39184934981024,19.715669631958008,790439
2010-09-21,19.653402858388567,19.79040452518632,19.4043099683094,19.728130340576172,828671
2010-09-22,19.715678515895224,19.87758872992628,19.528859778236715,19.852680206298828,1067094
2010-09-23,19.765488476066107,19.914943398055065,19.60357833585135,19.61603355407715,1096659
2010-09-24,19.81531090459761,20.089312284422046,19.765491947125756,20.05194854736328,707373
2010-09-27,20.027042115599286,20.0394954131283,19.59112859756615,19.628494262695312,726975
2010-09-28,19.690762870257323,19.852673025726617,19.503944200169812,19.8277645111084,530307
2010-09-29,19.690769477525283,19.84022446374514,19.6035867608367,19.777952194213867,724910
2010-09-30,19.840220250055587,19.964766686847813,19.678310074643747,19.902494430541992,870831
2010-10-01,19.91494468940396,19.964763641357422,19.690762291883818,19.964763641357422,743418
2010-10-04,19.927406541116362,19.98968073283073,19.441675927304185,19.503950119018555,782420
2010-10-05,19.591132791483496,19.952318904939638,19.516405293589507,19.914953231811523,959283
2010-10-06,19.964771448893934,19.964771448893934,19.715678515895224,19.852680206298828,888975
2010-10-07,19.927399042999753,19.927399042999753,19.678306218230716,19.802852630615234,667197
2010-10-08,19.80286071719018,19.827771164347485,19.516404044148118,19.777952194213867,1092285
2010-10-11,19.753040004907305,20.051949921866832,19.67831060148679,19.977222442626953,756945
2010-10-12,19.91494468940396,20.03949110719747,19.777944976757304,19.964763641357422,826605
2010-10-13,20.01458534289437,20.01458534289437,19.678309776236667,19.815311431884766,1075275
2010-10-14,19.80285621114024,19.815311431884766,19.6658564796727,19.815311431884766,999540
2010-10-15,19.927398768662123,20.027036666870117,19.790399063851353,20.027036666870117,1300293
2010-10-18,19.989676977497332,20.051949233332078,19.840220099968917,20.014585494995117,463725
2010-10-19,19.890038296722235,20.00212950743645,19.54130944421784,19.640945434570312,917852
2010-10-20,19.653402781934044,19.753040707250392,19.59112859756615,19.628494262695312,861597
2010-10-21,19.703217332005913,19.98967389791184,19.64094316158448,19.76548957824707,738194
2010-10-22,19.777949226489124,19.8277681891473,19.528856337378965,19.628494262695312,610902
2010-10-25,19.690770069447968,19.815316536435496,19.49149610710413,19.54131507873535,717053
2010-10-26,19.516403418016683,19.703224068978866,19.441675927304185,19.503950119018555,610335
2010-10-27,19.366937071309426,19.441664518168913,18.955934189402445,19.080480575561523,1585413
2010-10-28,19.142762384784504,19.47903603010805,19.1178519430846,19.39185333251953,867024
2010-10-29,19.342033170797826,19.40430541661999,19.205031536136694,19.3544864654541,693765
2010-11-01,19.60357833585135,19.802852206563347,19.441668195636588,19.61603355407715,1066041
2010-11-02,19.753037043073395,19.890036759744117,19.6284906216216,19.8277645111084,930083
2010-11-03,19.815311431884766,19.852675169937783,19.528854824024602,19.815311431884766,586602
2010-11-04,19.95231392427387,19.97722244262695,19.777948523260388,19.977222442626953,684815
2010-11-05,19.927405454580438,20.164043136994394,19.87758648876149,20.076860427856445,667035
2010-11-08,20.03949737548828,20.10177156595435,19.90249761998854,20.03949737548828,427640
2010-11-09,19.84021933945575,19.90249351708398,19.591126477303828,19.640945434570312,1064421
2010-11-10,19.653405686064975,19.728133179004164,19.59113149249499,19.678314208984375,979331
2010-11-11,19.479030729282226,19.541304892404753,19.229939849332265,19.366939544677734,1141776
2010-11-12,19.27976491915746,19.366947629415417,19.180128910420407,19.342039108276367,556227
2010-11-15,19.35448309411496,19.441665762423938,19.242391916651965,19.329574584960938,605799
2010-11-16,19.242396597216995,19.26730703661022,18.893667763335415,18.968395233154297,691092
2010-11-17,18.943482465011503,19.229938984459537,18.893663521590113,18.99329948425293,857223
2010-11-18,19.180127936283284,19.466584573647392,19.167672714255918,19.292219161987305,630869
2010-11-19,19.292220141817413,19.354492406755465,19.155218465100504,19.342039108276367,544847
2010-11-22,19.242391804800423,19.45412086600864,19.20502807919661,19.441665649414062,441207
2010-11-23,19.267304375581947,19.292212887354633,19.08048380265634,19.217485427856445,682911
2010-11-24,19.342034562884727,19.603580708014213,19.32957934315176,19.59112548828125,653346
2010-11-26,19.466578566180253,19.491487078367356,19.29221320833004,19.304668426513672,221819
2010-11-29,19.205032486715847,19.205032486715847,18.955939642737473,19.092941284179688,811499
2010-11-30,18.9434808977124,19.317118132009835,18.918570465972703,19.080480575561523,878000
2010-12-01,19.267310899606723,19.728131030608687,19.267310899606723,19.690767288208008,1151213
2010-12-02,19.678311279723985,19.977223131166514,19.55376483530466,19.93985939025879,862691
2010-12-03,19.852679687323796,19.927407180433725,19.690769477525283,19.777952194213867,1287050
2010-12-06,19.70321961219854,19.753038569465026,19.566217960760834,19.640945434570312,851027
2010-12-07,19.71567062674598,19.927399727490407,19.628489866844415,19.76548957824707,772619
2010-12-08,19.753034317422447,20.238764716806116,19.71566866438055,20.188945770263672,1730808
2010-12-09,19.217487530444135,19.404306199629467,18.74421228572107,18.893667221069336,3613086
2010-12-10,18.90612143348513,18.931031873371964,18.744213195122864,18.843849182128906,1654709
2010-12-13,18.968402950341876,19.18013215042313,18.83140125048196,19.16767692565918,1755756
2010-12-14,19.14276840031246,19.20504067576985,19.005766700452547,19.16767692565918,1186610
2010-12-15,18.91857885296443,19.466583579842005,18.794032411591374,19.242399215698242,1682006
2010-12-16,19.205038590655583,19.304676529587013,19.08049212908178,19.279766082763672,994842
2010-12-17,19.36695319992661,19.55377197265625,19.32958944538068,19.55377197265625,2395616
2010-12-20,19.67830917147505,19.690764391836794,19.41676301314188,19.640945434570312,1513890
2010-12-21,19.66585464859727,19.728126898160646,19.566216740279412,19.603580474853516,1396197
2010-12-22,19.57867318112258,19.715672908379787,19.491490486951356,19.640945434570312,734103
2010-12-23,19.603578439871512,19.802852311640894,19.591123221579622,19.715669631958008,677768
2010-12-27,19.64094832361351,19.765494773009365,19.628495025600472,19.690767288208008,510300
2010-12-28,19.678303537953575,19.80284993337429,19.678303537953575,19.740577697753906,626292
2010-12-29,19.703219090503612,19.914946285964263,19.703219090503612,19.877582550048828,876096
2010-12-30,19.852680958293575,19.952318904939638,19.840225733917535,19.914953231811523,585023
2010-12-31,19.890043894230008,19.952318089383603,19.69076993326437,19.75304412841797,844628
2011-01-03,19.827767484147188,20.002130960980033,19.790403744527246,19.977222442626953,985446
2011-01-04,19.865129254197313,19.98967568197558,19.665855354588178,19.877582550048828,1429893
2011-01-05,19.802854705218536,20.01458382087158,19.740582454592563,20.00212860107422,1051299
2011-01-06,19.989675305457272,20.07685607149755,19.902492615236582,20.00212860107422,1035261
2011-01-07,19.989675305457272,20.00212860107422,19.802854705218536,20.00212860107422,1234238
2011-01-10,19.90249564935106,20.051950612981972,19.827768167535602,19.93985939025879,1032102
2011-01-11,19.927402416703128,20.16404006304233,19.877583458478945,20.139131546020508,871277
2011-01-12,20.16403876171824,20.16403876171824,19.902492615236582,20.00212860107422,1332410
2011-01-13,19.96476314615191,20.26367492627819,19.914944195434156,20.201400756835938,1493600
2011-01-14,20.139130648806063,20.512769932570706,20.089311692801353,20.500314712524414,1115532
2011-01-18,20.350860749372337,20.612406913684847,20.350860749372337,20.550134658813477,840983
2011-01-19,20.5874968600376,20.62486059500791,20.325948791065024,20.425586700439453,1378458
2011-01-20,20.425587240607577,20.612405920399674,20.201402900676612,20.500314712524414,978480
2011-01-21,20.624866437967754,20.624866437967754,20.32595454934407,20.52522850036621,787401
2011-01-24,20.525222096790085,20.575041050048053,20.42558611445449,20.562585830688477,900558
2011-01-25,20.575040817260742,20.637314989173717,20.462949616833775,20.575040817260742,732402
2011-01-26,20.612400712375784,20.86149350528195,20.56258176895856,20.786766052246094,778329
2011-01-27,20.811681212266688,20.861500171603634,20.674681479315815,20.736953735351562,500135
2011-01-28,20.72449658020194,20.836589709293268,20.38822296546914,20.425586700439453,794651
2011-01-31,20.438038078314865,20.74940311926539,20.375763915616737,20.637311935424805,746091
2011-02-01,20.66221698395202,20.786763364299954,20.63730847755432,20.724489212036133,1263438
2011-02-02,20.637311721581884,20.712039176701285,20.53767383196934,20.649765014648438,999581
2011-02-03,20.612398713877397,20.712036591051344,20.53767126808682,20.68712615966797,809757
2011-02-04,20.7369544857431,20.861500926502035,20.66222700612387,20.79922866821289,988727
2011-02-07,20.83658936418746,20.91131683289041,20.799225629835984,20.86149787902832,683114
2011-02-08,20.824125109977533,21.11058156517785,20.774306177729756,21.048307418823242,1077543
2011-02-09,20.973590077465087,21.023409033691525,20.82413513296623,20.911317825317383,932027
2011-02-10,20.86149584401276,20.998497472724054,20.79922360089501,20.973587036132812,694535
2011-02-11,20.86149318757522,20.911312130233735,20.313490590871343,20.48785400390625,1602626
2011-02-14,20.438041920156355,20.599950155574103,20.37576774575224,20.425586700439453,809433
2011-02-15,20.41312655200844,20.599945181752958,20.32594388340102,20.48785400390625,1036112
2011-02-16,20.56258933189751,20.599953072157856,20.38822585207612,20.47540855407715,692996
2011-02-17,20.425587240607577,20.575042184441255,20.36331306455658,20.500314712524414,611469
2011-02-18,20.52522186456643,20.69958723690637,20.462949616833775,20.575040817260742,670032
2011-02-22,20.363311036854007,20.4754041577479,20.07685447357677,20.089309692382812,922347
2011-02-23,20.064393740197904,20.139121176968914,19.802845787319825,19.86511993408203,1002740
2011-02-24,19.865134910902448,19.952317627591032,19.678314253946628,19.777952194213867,1138374
2011-02-25,19.82776665262929,19.91494742529929,19.628492741619684,19.815311431884766,1544913
2011-02-28,20.027042131783013,20.487862245246557,19.77794924247156,20.350862503051758,3466112
2011-03-01,20.350862111815772,20.73695473589957,20.33840689033543,20.47540855407715,1447997
2011-03-02,20.41313576432276,20.58750118022757,20.363316799181273,20.400680541992188,1176566
2011-03-03,20.52522186456643,20.662223503430713,20.475404836052437,20.575040817260742,915381
2011-03-04,20.55012904921591,20.64976501464844,20.47540159409651,20.649765014648438,815751
2011-03-07,20.624855715265976,20.786765836556963,20.53767304623545,20.587491989135742,837176
2011-03-08,20.67467817122346,21.07322593378744,20.55013175489968,21.023406982421875,1130679
2011-03-09,20.96113708730487,21.09813681370042,20.886407689784903,20.99850082397461,713894
2011-03-10,20.89885927617926,20.91131449429696,20.59994751061556,20.6746768951416,589518
2011-03-11,20.57504876680186,20.811686478303702,20.5625935427709,20.761869430541992,475713
2011-03-14,20.649765228620403,20.761858336641023,20.537674044779816,20.637311935424805,555417
2011-03-15,20.388223504649158,20.637316360492253,20.313496032732317,20.500314712524414,821138
2011-03-16,20.41312802062789,20.51276591311336,20.15158192016867,20.301036834716797,1267407
2011-03-17,20.51276052585864,20.662215401155517,20.388214155051386,20.59994125366211,722237
2011-03-18,20.72448632857377,20.948670551680483,20.72448632857377,20.886396408081055,842522
2011-03-21,20.93622330542613,21.048314497546183,20.749404651892707,20.973587036132812,1128492
2011-03-22,20.91131813035172,21.04831785674727,20.86149917339857,20.99850082397461,693198
2011-03-23,20.92377106743845,21.172863923749706,20.873954035520565,21.123044967651367,1352417
2011-03-24,21.185317312733,21.45931866132075,21.11058984713455,21.222681045532227,1383966
2011-03-25,21.085679970040577,21.110590408689553,20.712042632109334,20.774314880371094,1104152
2011-03-28,20.79922768320626,21.14795654630784,20.79922768320626,21.060773849487305,1063166
2011-03-29,21.035864199704832,21.222682879848048,20.973590023536794,21.123044967651367,761117
2011-03-30,21.172864978253568,21.172864978253568,20.936227330226394,20.961137771606445,1371290
2011-03-31,20.923771961379195,21.14795631130949,20.923771961379195,21.07322883605957,1393524
2011-04-01,21.110600143831856,21.58387560624906,21.06078116774025,21.48423957824707,1460349
2011-04-04,21.471769893248297,21.55895256165108,21.34722349898431,21.546497344970703,1112940
2011-04-05,21.459320143123904,21.65859403987341,21.384592672365393,21.558958053588867,874557
2011-04-06,21.58386787825004,21.795597007694866,21.571412657641364,21.695959091186523,851027
2011-04-07,21.64613523005386,21.745771190957093,21.509133619109498,21.546497344970703,808907
2011-04-08,21.596330831317267,21.633694582340667,21.397056851132064,21.48423957824707,729648
2011-04-11,21.48423330951788,21.795598451922295,21.48423330951788,21.720870971679688,973377
2011-04-12,21.58386635254075,21.783140247290724,21.534047397808155,21.5714111328125,924777
2011-04-13,21.60877647078116,21.646142132737733,21.147956396816593,21.17286491394043,1131408
2011-04-14,21.135501090707656,21.135501090707656,20.89886344435607,21.07322883605957,934416
2011-04-15,21.048318479960145,21.235139093020845,20.91131874950821,21.17286491394043,806882
2011-04-18,21.060776049565238,21.24759668346244,21.010957085580603,21.147958755493164,777155
2011-04-19,21.13550474836163,21.235142682058285,21.060777260179574,21.18532371520996,714542
2011-04-20,21.309867021427824,21.5340494528481,21.284958503774654,21.459321975708008,470975
2011-04-21,21.48423957824707,21.54651185522566,21.347237875040456,21.48423957824707,470853
2011-04-25,21.39705183941024,21.50914306622588,21.272505390443712,21.446870803833008,596727
2011-04-26,21.50914040295905,21.733322828832016,21.496685182350376,21.695959091186523,850500
2011-04-27,21.720876052874836,21.85787582397461,21.64614855515112,21.85787582397461,743904
2011-04-28,21.820504908527234,21.982415075145592,21.75823265560347,21.83296012878418,625239
2011-04-29,21.8329650431505,21.8329650431505,21.646146318147842,21.67105484008789,1115654
2011-05-02,21.745784759521488,21.83296748232306,21.60878306309314,21.745784759521484,741717
2011-05-03,21.695960311156853,21.770689714830432,21.583869091917446,21.73332405090332,536018
2011-05-04,21.80805582539902,21.85787286768965,21.608779959513093,21.708417892456055,662702
2011-05-05,21.671049259726637,21.733321510631924,21.446866847451098,21.558958053588867,613130
2011-05-06,21.695962785541646,21.77069219773798,21.484235544224767,21.496688842773438,684653
2011-05-09,21.48423542960567,21.745781636264454,21.471780206942583,21.708417892456055,445581
2011-05-10,21.758239983973464,21.920150205124635,21.683512485623865,21.745784759521484,585144
2011-05-11,21.745777420610914,21.75823264085942,21.397048571277093,21.521595001220703,607662
2011-05-12,21.5091367062158,21.82050177447458,21.43440924376811,21.79559326171875,597942
2011-05-13,21.77069277620992,21.895237310091083,21.671054840087894,21.67105484008789,391149
2011-05-16,21.633685307273343,21.820503982295072,21.509138882532056,21.5714111328125,437481
2011-05-17,21.484230582830357,21.596321788968122,21.397047892218616,21.558958053588867,365756
2011-05-18,21.558959876118443,21.820506045883562,21.484232399042696,21.770689010620117,384062
2011-05-19,21.845415349041122,21.87032386537453,21.73332221508958,21.83296012878418,325256
2011-05-20,21.820507267759826,21.90768997062367,21.695960824265864,21.808053970336914,315131
2011-05-23,21.621230304494155,21.671049259726637,21.546502833735644,21.558958053588867,549140
2011-05-24,21.521594839688362,21.646141268697175,21.29741049780031,21.32232093811035,593163
2011-05-25,21.260055147925453,21.57142038118085,21.260055147925453,21.48423957824707,460161
2011-05-26,21.459324698061657,21.671053859605838,21.32232494731841,21.621234893798828,502524
2011-05-27,21.59632270897417,21.658594962532263,21.47177627767748,21.509140014648438,771161
2011-05-31,21.658592175427348,21.87032127380371,21.658592175427348,21.87032127380371,1392147
2011-06-01,21.832960351183726,21.870324088154682,21.49668479426462,21.509140014648438,743378
2011-06-02,21.496686167448086,21.546505127985238,21.284958952481276,21.43441390991211,668169
2011-06-03,21.272500643689046,21.832958576887222,20.836589131666063,20.873952865600586,1386072
2011-06-06,20.79922645387466,21.023408868865328,20.674680026375253,20.71204376220703,1180170
2011-06-07,20.811685165744464,20.861504134545235,20.52522850036621,20.52522850036621,763992
2011-06-08,20.438044813816802,20.56258933189751,20.36331540911544,20.47540855407715,758808
2011-06-09,20.512771687970755,20.687135162637883,20.5003164668586,20.612407684326172,863177
2011-06-10,20.512772088893144,20.56258912595422,20.16404128438171,20.176496505737305,1237599
2011-06-13,20.32594730461613,20.45049372013581,20.01458222790706,20.089309692382812,1618421
2011-06-14,20.21386123006419,20.400679938593157,20.08931478298463,20.226316452026367,1195479
2011-06-15,20.114221104818146,20.25122275888952,20.076857367195142,20.139131546020508,873707
2011-06-16,20.15157923857719,20.313489349185474,20.07684986706737,20.23876190185547,688662
2011-06-17,20.363311941836944,20.562585830688477,20.28858447404016,20.562585830688477,2326563
2011-06-20,20.462949616833775,20.637314989173717,20.251220511018182,20.575040817260742,941828
2011-06-21,20.599949951990595,20.811679064183497,20.57504143698335,20.749406814575195,868725
2011-06-22,20.712050458599222,20.898869198158287,20.637322962775595,20.761869430541992,915786
2011-06-23,20.537678610477702,20.72449729174337,20.226313500308105,20.699588775634766,938264
2011-06-24,20.699590383750042,20.749409344018055,20.562588724058156,20.612407684326172,1595660
2011-06-27,20.612407829145017,20.87395592925422,20.562588868526984,20.811681747436523,990306
2011-06-28,20.82413491730048,20.973589860251504,20.67467997434946,20.923770904541016,1065434
2011-06-29,20.986043481981554,21.098134680658244,20.849041845256515,21.01095199584961,1191105
2011-06-30,21.060775917509844,21.160413844854368,20.9113209506738,20.948684692382812,1212084
2011-07-01,20.92377204597986,21.210228651716463,20.86149979107999,21.17286491394043,846693
2011-07-05,20.56258912595422,20.56258912595422,19.802857182695334,20.176496505737305,2976831
2011-07-06,20.176499567122697,20.612411214722325,20.076861629521158,20.52522850036621,1473309
2011-07-07,20.699588935793084,20.948681795528245,20.637316682949532,20.898862838745117,1093136
2011-07-08,20.712045750381083,20.824136968636186,20.550135571507948,20.811681747436523,1085036
2011-07-11,20.599948101558514,20.687130782523074,20.450493176579382,20.537675857543945,1099292
2011-07-12,20.46295196264913,20.67468109273676,20.45049674200264,20.550134658813477,970583
2011-07-13,20.67467872264937,20.67467872264937,20.52522186456643,20.575040817260742,923238
2011-07-14,20.550134658813477,20.736953347608125,20.525224217520496,20.550134658813477,882333
2011-07-15,20.599950700353386,20.612405920399674,20.36331306455658,20.500314712524414,1097388
2011-07-18,20.400673250992444,20.51276636354502,20.07685297957415,20.2761287689209,1006020
2011-07-19,20.301036806299233,20.562582906392343,20.28858158871097,20.512765884399414,714299
2011-07-20,20.55012424468286,20.67467061549011,20.462941592699824,20.59994125366211,573116
2011-07-21,20.59994482858435,20.87394804641867,20.500308869155425,20.824129104614258,613737
2011-07-22,20.786766847212252,20.836585792534745,20.525218827404185,20.637311935424805,779018
2011-07-25,20.500313582251273,20.77431493889959,20.42558611445449,20.562585830688477,785781
2011-07-26,20.599951693038356,20.67468109273676,20.388224487131268,20.550134658813477,800037
2011-07-27,20.43804005697326,20.43804005697326,20.176492011844065,20.213855743408203,788211
2011-07-28,20.164044576934614,20.26368251568778,19.989681070388027,20.10177230834961,644922
2011-07-29,19.952310346504277,20.151584230137832,19.777944976757304,19.964763641357422,1151091
2011-08-01,20.126670310475227,20.13912552735411,19.16766479112026,19.416757583618164,1720157
2011-08-02,19.254846811985733,19.603575555221965,19.00575402788275,19.030662536621094,1752273
2011-08-03,19.0804901688391,19.267310804097185,18.89367145776178,19.18012809753418,1564880
2011-08-04,18.893670761272777,19.01821720546001,18.4577591687078,18.4951229095459,1764342
2011-08-05,18.644575803341098,18.91857718046645,18.17130052247181,18.60721206665039,2215755
2011-08-08,18.283393617400865,18.495122763262607,17.57347869873047,17.57347869873047,1894064
2011-08-09,17.78520644676399,17.97202705897441,17.050383066878876,17.959571838378906,2536313
2011-08-10,17.685569670004703,17.822569393755764,17.224747694399127,17.274566650390625,1433538
2011-08-11,17.374198431726793,18.059202657177096,17.32438141197694,17.82256507873535,1711409
2011-08-12,17.984480740981784,18.02184447938885,17.698024130407223,17.835025787353516,982409
2011-08-15,17.89729751264862,18.084118123325283,17.85993377534939,18.07166290283203,670275
2011-08-16,17.884844363166952,18.12148200939832,17.822570184369965,17.959571838378906,923400
2011-08-17,18.059207830601334,18.183754264014773,17.722934192147537,17.959571838378906,801819
2011-08-18,17.523660592080336,17.561024330344218,16.93829215231191,17.11265754699707,1459215
2011-08-19,16.92583253565247,17.38665244356591,16.888466887160178,16.93828582763672,1242135
2011-08-22,17.187377820860448,17.299468988678374,16.82619388621618,17.087739944458008,1261940
2011-08-23,17.10019766816945,17.685565948486328,17.037925429419165,17.685565948486328,2231469
2011-08-24,17.635751496340077,17.959571838378906,17.598387758734102,17.959571838378906,1236830
2011-08-25,18.046748898273005,18.121476350147933,17.673109714718425,17.847475051879883,1239341
2011-08-26,17.81012210768446,18.071668347579376,17.311936228024106,17.984485626220703,884480
2011-08-29,18.171297584038236,18.47020742922796,18.13393385338952,18.457754135131836,565056
2011-08-30,18.4452967974964,18.58229648607374,18.183748788827007,18.470205307006836,646704
2011-08-31,18.470207177131762,18.906118644870556,18.457753883205616,18.681936264038086,1888799
2011-09-01,16.739020700123348,16.988113607942655,16.02910764460109,16.153654098510742,6835145
2011-09-02,15.829832491732232,16.31556403916457,15.755105005399754,16.116289138793945,2937263
2011-09-06,15.742650993026974,16.35292803993002,15.630558799672116,16.153654098510742,2847758
2011-09-07,16.265745518559633,16.62692966183537,16.22838177437117,16.452564239501953,1496070
2011-09-08,16.440105720096177,16.48992274707342,16.116284461752663,16.21592140197754,1569294
2011-09-09,16.078918019032415,16.215918668486378,15.755097777364885,15.892098426818848,1321353
2011-09-12,15.655471626580303,15.817381858825684,15.418833890864938,15.817381858825684,1499877
2011-09-13,15.892107032764702,16.004199233629368,15.767560570510849,15.941926002502441,981315
2011-09-14,16.07891671652989,16.191008847613787,15.705277562370089,16.016643524169922,1423170
2011-09-15,16.203470933406095,16.203470933406095,15.91701335742395,16.166105270385742,1172921
2011-09-16,16.315559755429064,16.415195736318815,16.11628490737909,16.19101333618164,1380402
2011-09-19,16.004191002946193,16.203465817323004,15.842280877701903,16.07891845703125,983097
2011-09-20,16.091377986551162,16.240833896865052,16.054013287405,16.103832244873047,951588
2011-09-21,16.09137364732436,16.166100139195052,15.593188055346458,15.605643272399902,977670
2011-09-22,15.28182475333667,15.319189448991446,14.771185778500069,14.933095932006836,1489428
2011-09-23,14.82100407735949,15.05764266500549,14.808549819942408,15.020278930664062,1280529
2011-09-26,15.232010814821265,15.256920297854457,14.833462934651882,15.182191848754883,1123227
2011-09-27,15.41882959427485,15.555830299823597,15.182190962410257,15.281827926635742,1276074
2011-09-28,15.306731246384437,15.381459661038884,14.870819823638385,14.88327407836914,1556051
2011-09-29,15.132373844778918,15.256920297854457,14.883280938627845,15.182191848754883,1615140
2011-09-30,15.095001480247808,15.107455733606347,14.671544358889204,14.708908081054688,1217714
2011-10-03,14.547006336028906,14.64664330642079,14.086185227705139,14.098639488220215,1443663
2011-10-04,13.886908514122235,14.49718543722504,13.774816343506295,14.459821701049805,1174500
2011-10-05,14.534544333791441,14.858364555607118,14.497180610057312,14.833455085754395,941382
2011-10-06,14.870820847095565,15.219550586547081,14.79609242729807,15.19464111328125,733860
2011-10-07,15.306739671426703,15.393922388798483,14.970464987706347,15.057647705078125,867956
2011-10-10,15.306739418902097,15.518468597000393,15.26937567267075,15.481104850769043,650268
2011-10-11,15.356558388604222,15.543378081851456,15.26937567267075,15.481104850769043,1047776
2011-10-12,15.468650324668292,15.96683520271148,15.468650324668292,15.854743003845215,861557
2011-10-13,15.730195272734028,15.755104755145995,15.568286042282224,15.717741012573242,534033
2011-10-14,15.904561972694772,15.929471457119549,15.692832798219872,15.854743003845215,405486
2011-10-17,15.904558522051316,15.904558522051316,15.369009052518217,15.418828010559082,520101
2011-10-18,15.468649110245256,15.904560724048894,15.294283695051481,15.767559051513672,1040121
2011-10-19,15.755106297859262,15.804924305470898,15.443741104537695,15.481104850769043,494667
2011-10-20,15.54337080151097,15.618098258972166,15.219550536392408,15.618098258972168,706280
2011-10-21,15.780012858237402,15.954377295699306,15.605648420775498,15.79246711730957,666630
2011-10-24,15.829832133281544,15.941924322332456,15.705285684154036,15.92947006225586,572427
2011-10-25,15.8298263758089,15.8298263758089,15.593188785788422,15.618098258972168,749210
2011-10-26,15.780004923883762,15.7924591766938,15.319184100654793,15.543367385864258,917163
2011-10-27,15.979281095603172,15.991736312338057,15.643006599290725,15.892098426818848,1504778
2011-10-28,15.892102316837343,16.004194484439036,15.817374846496351,15.991740226745605,589275
2011-10-31,15.717742551627913,15.780015782710324,15.481104850769045,15.481104850769043,606002
2011-11-01,15.082556067068511,15.344102275524216,15.007827616847877,15.169737815856934,945999
2011-11-02,15.057647735484444,15.182193237864977,14.808554806542361,15.107465744018555,1299443
2011-11-03,15.232008885551101,15.817376371191761,15.219554626657159,15.80492115020752,1012541
2011-11-04,15.630549668945843,15.892096684534902,15.506004249880943,15.82982349395752,819477
2011-11-07,15.792462893977728,15.87964557043883,15.580734773830837,15.867191314697266,655857
2011-11-08,15.879646848979846,16.240831839646425,15.854737373401095,16.21592140197754,858195
2011-11-09,15.87965093975913,15.87965093975913,15.294283404356822,15.319192886352539,1202850
2011-11-10,15.49355132421559,15.58073399632613,15.207094797643823,15.33164119720459,675783
2011-11-11,15.518466554714221,15.69283100154369,15.431283850254307,15.643013000488281,307962
2011-11-14,15.493551906201102,15.55582510832066,15.182185895603313,15.19464111328125,678740
2011-11-15,15.157277949434116,15.56828090632584,15.107459001045388,15.530916213989258,708143
2011-11-16,15.331646889793666,15.618103522725821,15.244464185312479,15.281827926635742,675216
2011-11-17,15.194643029049294,15.232006762613906,14.833458988471145,14.933095932006836,726651
2011-11-18,14.970459811686737,15.045187279545322,14.808549656599688,14.821003913879395,1039473
2011-11-21,14.634187555746154,14.67155129557716,14.160911273009326,14.434913635253906,1016388
2011-11-22,14.36017821407026,14.44736087269638,14.173358643624223,14.347723960876465,807935
2011-11-23,14.185819737854706,14.223183475010378,13.97409157327581,14.023909568786621,1058103
2011-11-25,13.94918246978206,14.285457075320934,13.94918246978206,14.210729598999023,592880
2011-11-28,14.55945885099048,14.621731104075424,14.273001291512413,14.397547721862793,948105
2011-11-29,14.447369160322594,14.447369160322594,14.148458253394825,14.16091251373291,938507
2011-11-30,14.559460938494013,15.007826805114748,14.559460938494013,15.007826805114746,1689539
2011-12-01,14.933097046843248,15.182188943233449,14.80855061760303,15.132370948791504,944541
2011-12-02,15.244460971233583,15.319189400215036,15.10746029456949,15.144824028015137,556835
2011-12-05,15.369010631116927,15.468648557432774,15.119918701598396,15.281827926635742,706158
2011-12-06,15.25691737803172,15.356554329005847,15.095007212437483,15.132370948791504,1291545
2011-12-07,15.19463952397183,16.215918200148106,15.144820582651064,16.12873649597168,2418498
2011-12-08,16.029102498451262,16.029102498451262,15.381461915718676,15.443735122680664,1351445
2011-12-09,15.506012689404825,15.680377140669663,15.344101536107665,15.51846694946289,930245
2011-12-12,15.41882747928625,15.481100693646505,15.194644100007379,15.344099044799805,876987
2011-12-13,15.431281995353624,15.543374167912503,15.02027992821172,15.070097923278809,973904
2011-12-14,15.007823351351044,15.169733504342288,14.945550141578247,15.144824028015137,1566662
2011-12-15,15.294281114385738,15.294281114385738,15.107461470525411,15.132370948791504,822515
2011-12-16,15.23200839708389,15.381464309469868,15.020280230134878,15.157280921936035,869292
2011-12-19,15.169730595986247,15.256913265371448,14.845910352086904,14.88327407836914,675135
2011-12-20,15.057639565297995,15.294277142140515,15.020275838648123,15.244458198547363,773996
2011-12-21,15.144825895525715,15.406373023986816,15.107462157472739,15.406373023986816,771080
2011-12-22,15.406372790003733,15.468646968599945,15.11991714858469,15.418828010559082,607379
2011-12-23,15.443741104537695,15.506014335620106,15.393922134835572,15.481104850769043,351297
2011-12-27,15.418829889404469,15.44373937146022,15.244464477104595,15.369010925292969,392364
2011-12-28,15.319190592651829,15.319190592651829,15.045188255905304,15.132370948791504,431163
2011-12-29,15.132367342743363,15.344095452324666,15.082549360173058,15.33164119720459,588992
2011-12-30,15.319188349763278,15.381461555265943,15.281823656789605,15.306733131408691,582228
2012-01-03,15.40636972454507,15.792463205223486,15.369005994493945,15.692826271057129,1169964
2012-01-04,15.518464439198551,15.692828862258228,15.331644796005179,15.655465126037598,674042
2012-01-05,15.555828631933114,15.742648280609048,15.36900898325718,15.630556106567383,639617
2012-01-06,15.630559102911928,15.630559102911928,15.418830896830237,15.468649864196777,947012
2012-01-09,15.456191678390669,15.667919843884519,15.393918462165358,15.630556106567383,846086
2012-01-10,15.842286323410463,16.16610572312038,15.804921621434005,16.141197204589844,1040162
2012-01-11,16.10383352692045,16.29065222707288,16.016650825455763,16.240835189819336,761157
2012-01-12,16.22838028052396,16.377835243520263,16.078924355437316,16.32801628112793,745403
2012-01-13,16.265740353135044,16.290648866623666,15.92946580013735,16.21592140197754,1152185
2012-01-17,16.315562669880308,16.502381370032737,16.166105785577706,16.240835189819336,772214
2012-01-18,16.215923681159293,16.40274429321289,16.128741947515284,16.40274429321289,652860
2012-01-19,16.377833705002082,16.514835357666016,16.30310623052376,16.514835357666016,892215
2012-01-20,16.45255946967501,16.47746990803268,16.078921174022895,16.19101333618164,1562288
2012-01-23,16.19101333618164,16.290649317071388,15.991739450221823,16.19101333618164,786429
2012-01-24,16.078930604024244,16.20347805840665,16.0166573578784,16.041566848754883,635972
2012-01-25,16.004192050617974,16.265739119127154,15.9045551179521,16.178556442260742,874314
2012-01-26,16.253285956218864,16.290649690431387,15.966830339892796,16.06646728515625,666306
2012-01-27,15.941915621832752,16.10382572491597,15.82982349395752,15.82982349395752,701339
2012-01-30,15.66792325815814,15.78001545662636,15.593195767239637,15.755105972290039,501552
2012-01-31,15.804914477728058,16.066462462893853,15.468640970746039,16.016643524169922,1674270
2012-02-01,16.054010667723613,16.40274138891382,16.00419268047508,16.352922439575195,1212570
2012-02-02,16.340466840750025,16.340466840750025,15.954373359680176,15.954373359680176,1034168
2012-02-03,16.19101370725811,16.21592222200634,16.029103550943727,16.06646728515625,473445
2012-02-06,15.941922808492377,15.941922808492377,15.692829933891144,15.80492115020752,771849
2012-02-07,15.804923978872216,15.817379202085613,15.655468997035213,15.755105972290039,760266
2012-02-08,15.692829775869365,15.966832127589665,15.65546603747348,15.917013168334961,1033479
2012-02-09,15.966828577769894,16.041556037947906,15.80491747723408,15.954373359680176,1095809
2012-02-10,15.829828172729135,15.89210138171241,15.705281754762586,15.730191230773926,590288
2012-02-13,15.879651241579728,15.941924466707446,15.767559051513674,15.767559051513672,784607
2012-02-14,15.705284118652344,15.755103078173551,15.568284385194753,15.705284118652344,836082
2012-02-15,15.780015512661357,15.929471457119549,15.618105307036013,15.854743003845215,902705
2012-02-16,15.929467817915386,16.12874172360707,15.829829902979291,16.103832244873047,1035261
2012-02-17,16.178562619620333,16.240836808665588,16.05401616571068,16.153654098510742,741677
2012-02-21,16.12873649597168,16.24082863289843,16.02909957542009,16.12873649597168,740948
2012-02-22,16.103830706178687,16.25328564012215,15.929466295881257,15.979284286499023,1137483
2012-02-23,15.941917369578452,15.991736312338057,15.829825229414324,15.892098426818848,1037124
2012-02-24,15.892100139389845,15.892100139389845,15.66791679699302,15.692826271057129,694454
2012-02-27,15.506012689404825,15.580740173933986,15.48110320719831,15.51846694946289,811944
2012-02-28,15.530921078090204,15.530921078090204,15.31919288635254,15.319192886352539,530834
2012-02-29,15.306728966035685,15.468640025954327,15.182182588922778,15.219547271728516,1408995
2012-03-01,15.21955245699659,15.281824704679229,15.10746029456949,15.144824028015137,1204632
2012-03-02,15.095007705282734,15.319191092816565,15.07009822620336,15.157280921936035,768528
2012-03-05,15.082552891413057,15.431281737322209,15.082552891413057,15.344099044799805,1030523
2012-03-06,15.207105823936885,15.269379068870046,15.032741315378455,15.045195579528809,825917
2012-03-07,15.045190963572894,15.344101870289965,14.995372960165252,15.294283866882324,861638
2012-03-08,15.356556367626014,15.667921519970804,15.256919403424838,15.643013000488281,1315238
2012-03-09,15.555830820031042,15.780014237557964,15.555830820031042,15.717741012573242,665739
2012-03-12,15.68037201507011,15.742645219185343,15.630553066941895,15.692826271057129,518441
2012-03-13,15.755105566928723,15.904561507010861,15.680378077932877,15.87965202331543,1147284
2012-03-14,15.755101633848788,16.004194484439036,15.630555208553664,15.991740226745605,1199489
2012-03-15,16.10383457237183,16.415199734233074,16.041561347581506,16.390291213989258,1604529
2012-03-16,16.328017027108537,16.427654956445377,16.240836244164786,16.390291213989258,1132542
2012-03-19,16.078918266668367,16.639377051940855,15.8173712183772,16.564647674560547,1397210
2012-03-20,16.377830505371094,16.589559591149204,16.21592036757256,16.377830505371094,1673987
2012-03-21,16.81374110273189,17.685565912733715,16.726560353493742,16.950742721557617,4034853
2012-03-22,16.81374838277769,16.975658582321326,16.452564239501953,16.452564239501953,1997460
2012-03-23,16.452561712647327,16.602018590627832,16.37783423574736,16.589563369750977,1299483
2012-03-26,16.988119537234315,17.12512126160632,16.61448004509554,16.76393699645996,1956191
2012-03-27,16.813742491526046,16.88846995371973,16.602015323370665,16.664287567138672,942233
2012-03-28,16.66428861675625,16.701652350206487,16.328013091523797,16.502378463745117,1058387
2012-03-29,16.390291973914803,16.577110694857126,16.32801778414678,16.452564239501953,822839
2012-03-30,16.55219855363305,16.564651849518526,16.377833169431867,16.440107345581055,744309
2012-04-02,16.390291973914803,16.55220217345844,16.315564485537877,16.452564239501953,922428
2012-04-03,16.477473168304925,16.489926465767486,16.166106096488374,16.32801628112793,831789
2012-04-04,16.191018927010145,16.215927449788524,15.892107032764702,15.941926002502441,1080986
2012-04-05,15.867190814340418,16.04155519967415,15.829826124113882,15.842281341552734,829278
2012-04-09,15.655464084799716,15.667918342014856,15.481099673336939,15.555827140808105,1056321
2012-04-10,15.5558255369792,15.605644484883681,15.356551669541412,15.381461143493652,1131327
2012-04-11,15.468644015546314,15.792463332631892,15.418825067016174,15.580735206604004,957906
2012-04-12,15.492708860941503,15.731639339370998,15.480133981617094,15.706488609313965,875772
2012-04-13,15.643609461467335,15.706485789617982,15.379529271797832,15.392104148864746,841793
2012-04-16,15.442409484977992,15.51786070917771,15.291506065170275,15.304081916809082,1101357
2012-04-17,15.392110299623706,15.55558862386048,15.37953541753181,15.505288124084473,646380
2012-04-18,15.316656872949475,15.329231753242322,15.17832930409501,15.216054916381836,977751
2012-04-19,15.178330856942562,15.253782089235397,15.027427420948502,15.153180122375488,942354
2012-04-20,15.19089855266556,15.417253113878385,15.090296633394075,15.354376792907715,1245578
2012-04-23,15.241208084088097,15.429836175667075,15.153180993745611,15.379535675048828,1124037
2012-04-24,15.36695645849587,15.417256944926862,15.014849167846242,15.128026962280273,958716
2012-04-25,15.278931924666939,15.291506805506275,15.002276774934902,15.065153121948242,888044
2012-04-26,15.052577372649404,15.190904948461483,14.989701025206035,15.115453720092773,981072
2012-04-27,15.216055167683452,15.316657125912586,15.090302477044958,15.228631019592285,678821
2012-04-30,15.241204371558519,15.304080710571924,15.128027544179314,15.291504859924316,763628
2012-05-01,15.26634920865656,15.467553027271787,15.190897048119977,15.417251586914062,796595
2012-05-02,15.3166511946069,15.429827989509347,15.25377487363623,15.354376792907715,903029
2012-05-03,15.304082970802098,15.366959319101586,14.662744606710643,14.713046073913574,2104583
2012-05-04,14.6124374383703,14.67531375795828,14.474108952431996,14.486684799194336,1775520
2012-05-07,14.373514329579153,14.448966534219622,14.197461128234865,14.197461128234863,850500
2012-05-08,14.096855593017903,14.210033385635601,13.920801464814405,14.071704864501953,1261980
2012-05-09,13.908225894589942,14.159731224425515,13.895651016661406,14.084280014038086,835718
2012-05-10,14.184883438756307,14.197458318003125,14.033980030753455,14.109432220458984,1433174
2012-05-11,14.033978559507728,14.14715634649698,13.895651016661406,14.084280014038086,1106420
2012-05-14,13.933375631083312,14.096853889570234,13.870499303095418,13.945950508117676,684410
2012-05-15,13.958524897777435,13.996250496345924,13.795046656375359,13.832772254943848,1063004
2012-05-16,13.857925951938965,13.983678621761216,13.64414621895951,13.656722068786621,831587
2012-05-17,13.64414710689233,13.64414710689233,13.342341262522915,13.380066871643066,795744
2012-05-18,13.3926405931449,13.405216442703296,12.990232835438746,13.053109169006348,1189445
2012-05-21,13.065685433645937,13.317189804498215,12.990233248122914,13.254313468933105,928746
2012-05-22,13.292042112700168,13.317192846953796,13.153714531417771,13.216590881347656,644841
2012-05-23,13.141139383158372,13.241741346721742,12.965086189774558,13.204015731811523,740786
2012-05-24,13.266890958361307,13.279465838465022,13.103412659971651,13.241740226745605,705875
2012-05-25,13.292042129908149,13.417794829930719,13.22916675130524,13.354918479919434,924939
2012-05-29,13.669300788355926,13.983682551254596,13.656725906403347,13.933381080627441,2489252
2012-05-30,13.857929846095129,13.996257433207177,13.694451523669503,13.933381080627441,2041646
2012-05-31,13.908225430503407,14.021403213716166,13.71959741082893,13.971101760864258,2249168
2012-06-01,14.222608656808433,14.813645450504147,13.55612064689017,13.681873321533203,3945510
2012-06-04,13.694444858563115,13.895648700328692,13.656719259658063,13.883072853088379,1939748
2012-06-05,13.78247901750296,13.983683948710521,13.732178513257454,13.908231735229492,1807070
2012-06-06,14.008834782424477,14.448969328000013,13.983685014089888,14.423818588256836,1581768
2012-06-07,14.562146199731428,14.851377278256491,14.386092964346366,14.423818588256836,3470040
2012-06-08,14.373507035372807,14.511835521311111,14.247755367604752,14.486684799194336,1440707
2012-06-11,14.524420575820956,14.687898927038724,14.360942224603189,14.423818588256836,1532075
2012-06-12,14.511839706894351,14.574716044617466,14.373511181058587,14.549565315246582,1309446
2012-06-13,14.587291286604803,14.889097132341304,14.461538608029207,14.612442016601562,1657625
2012-06-14,14.625013879377775,14.738191655315337,14.499261226739602,14.650164604187012,1277411
2012-06-15,14.926820097676389,15.429829751473527,14.914245220609477,15.392104148864746,2064933
2012-06-18,14.687893830167988,15.027425298949431,14.587291877513922,14.9142484664917,2270106
2012-06-19,15.002273842447018,15.027423599209678,14.738193625173961,14.788494110107422,1434591
2012-06-20,14.801069825716711,15.065151029335759,14.713043729251892,14.964548110961914,1514984
2012-06-21,14.964550853265747,14.964550853265747,14.574718844465966,14.775922775268555,1956150
2012-06-22,14.813646513837634,14.977124808326524,14.77592090301839,14.9142484664917,1638063
2012-06-25,14.801068874794707,14.813644724487578,14.599865965198259,14.73819351196289,952277
2012-06-26,14.713046073913574,14.813648036911088,14.625018992012619,14.713046073913574,938547
2012-06-27,14.675318120565798,15.02742444924147,14.675318120565798,14.964548110961914,853133
2012-06-28,14.901670980422896,14.964547315359578,14.71304294702099,14.9268217086792,790682
2012-06-29,15.14060136698515,15.241203308105469,15.00227381937073,15.241203308105469,966573
2012-07-02,15.24120564837582,15.304081992656629,15.040001735240544,15.216054916381836,1216580
2012-07-03,15.165753153305717,15.291504859924318,15.140602423418713,15.291504859924316,811539
2012-07-05,15.304076306453315,15.304076306453315,14.964543979207939,15.039996147155762,3073626
2012-07-06,14.939394974453853,15.00227227401132,14.625014305114748,14.625014305114746,3104244
2012-07-09,14.687893031355955,14.80106985765848,14.386087189807691,14.511839866638184,3104730
2012-07-10,14.587286992099822,14.687888911061396,14.41123290536112,14.499259948730469,1436211
2012-07-11,14.486690016160475,14.675319042853756,14.41123782263821,14.599867820739746,1596105
2012-07-12,14.637991154324117,14.765057218465516,14.409272435180357,14.574458122253418,2074046
2012-07-13,14.599866347633975,14.828584985569995,14.510919938005124,14.587159156799316,1024893
2012-07-16,14.58716138774153,14.612574791744102,14.256791061922456,14.345736503601074,1471770
2012-07-17,14.371151424333933,14.52362990133475,14.167846133963714,14.472804069519043,1024893
2012-07-18,14.447388166750036,14.612573809330824,14.383855151791769,14.549040794372559,1448159
2012-07-19,14.57445153574352,14.61257114144811,14.35844010956641,14.396559715270996,1444190
2012-07-20,14.333031698774397,14.383857530213126,14.117019215887163,14.12972640991211,1065231
2012-07-23,13.913707755312979,13.96453356420687,13.684989161407332,13.824762344360352,1429245
2012-07-24,13.85017395019531,13.989946143442626,13.77393475052463,13.850173950195312,4041576
2012-07-25,13.87559038876975,14.00265640380614,13.710404765533124,13.786643981933594,1127075
2012-07-26,13.977239937348577,14.04077293092521,13.79934814426592,13.850173950195312,1457757
2012-07-27,13.913711356552788,14.193256813259403,13.875591744627682,14.180549621582031,1720319
2012-07-30,14.421979083516172,14.777763877521348,14.333033621180242,14.561751365661621,2145731
2012-07-31,14.523628076907116,14.752347726784448,14.396563022552645,14.701520919799805,2823863
2012-08-01,14.71422230840608,14.904821299802217,14.549036712173413,14.790462493896484,1712057
2012-08-02,14.62528138915666,14.803174240318425,14.396563691754876,14.536335945129395,1702458
2012-08-03,14.688816291812264,14.892122573692724,14.61257704957818,14.854002952575684,910926
2012-08-06,14.853995302362563,15.00647370830019,14.803168512681196,14.942940711975098,617949
2012-08-07,14.955650372822346,15.0700101852417,14.904824552955326,15.0700101852417,1521909
2012-08-08,14.99376897134248,15.222488580747356,14.955649363626133,15.158955574035645,685746
2012-08-09,15.158960279438466,15.247905731201174,15.095426271452144,15.247905731201172,595674
2012-08-10,15.209786560605238,15.374972237895157,15.133547319257191,15.34955883026123,487539
2012-08-13,15.273317089740754,15.324143896691817,15.057304632529096,15.222491264343262,846329
2012-08-14,15.298733156947149,15.336852778020837,15.120840283198278,15.171667098999023,994397
2012-08-15,15.197072130900095,15.324138118814687,15.133539136942797,15.311430931091309,922590
2012-08-16,15.3368428540851,15.400375841949183,15.15895107699753,15.209776878356934,1340834
2012-08-17,15.286017052725697,15.311429462628846,15.15895107699753,15.209776878356934,1048707
2012-08-20,15.171662140910284,15.247901358142737,14.777757882620234,15.031889915466309,1722263
2012-08-21,15.019182724891953,15.197075540505574,14.955649716680435,15.031889915466309,1024083
2012-08-22,14.99376527999467,15.044592065472242,14.752341484412256,14.981059074401855,1269756
2012-08-23,14.981058128574048,15.006471519708361,14.76504675781512,14.892112731933594,856818
2012-08-24,14.841288114165602,14.993766520103229,14.803168512681196,14.942940711975098,650673
2012-08-27,14.955650075754424,15.120835704759672,14.80317163762862,14.904824256896973,931055
2012-08-28,14.866709639704053,15.044601537772571,14.752350772707244,14.955655097961426,795461
2012-08-29,14.942943826967685,15.095422264690828,14.815877807829438,14.993769645690918,523422
2012-08-30,14.930235287968838,15.133540494245015,14.87940849562315,15.006474494934082,1450224
2012-08-31,15.76887493735896,16.099246256669637,15.387677789760131,15.514742851257324,6215333
2012-09-04,15.540151274425908,15.552857482036273,15.247899665407715,15.37496566772461,2249370
2012-09-05,15.387675837884727,15.400382047956617,15.082716980624326,15.197076797485352,1598778
2012-09-06,15.29873012962912,15.552861213684082,15.222490902567987,15.552861213684082,1469259
2012-09-07,15.552861213684082,15.603688019427201,15.476621986622948,15.552861213684082,739449
2012-09-10,15.451209342199833,15.730754824401858,15.451209342199833,15.616394996643066,980748
2012-09-11,15.552859939067236,15.806991983848642,15.527447519831867,15.794285774230957,1258457
2012-09-12,15.70533615798433,16.01029396057129,15.70533615798433,16.01029396057129,1333625
2012-09-13,16.010297298598168,16.277135554189687,15.972177688021302,16.111949920654297,1853159
2012-09-14,16.111949811619866,16.493146896362305,16.035710590982074,16.493146896362305,1760373
2012-09-17,16.15007007901047,16.23901649440902,15.959472019661428,16.124656677246094,1471973
2012-09-18,16.124658148368255,16.226311764700046,16.01029930232538,16.137365341186523,755771
2012-09-19,16.124656677246094,16.17548348077484,15.946764828002488,16.124656677246094,878931
2012-09-20,16.08653527651191,16.16277547332692,15.972176453619483,16.150068283081055,733415
2012-09-21,16.20090205666075,16.226315466541465,15.921357492634325,15.997596740722656,1402394
2012-09-24,15.972177024264852,15.972177024264852,15.857818197286674,15.870524406433105,767030
2012-09-25,15.908645654203871,15.946765267123366,15.463915528071716,15.502035140991211,1158827
2012-09-26,15.502035140991211,15.603687769294377,15.374969110223873,15.502035140991211,842562
2012-09-27,15.52745170214498,15.565571322819002,15.311439209587208,15.34955883026123,1597401
2012-09-28,15.336842817141202,15.463908792563288,15.184363450324078,15.298723220825195,1820718
2012-10-01,15.362256245541355,15.362256245541355,15.108124294085021,15.209776878356934,1724652
2012-10-02,15.209779701210259,15.247899304692881,14.917528099105771,15.006474494934082,1069484
2012-10-03,14.981063544186245,15.044596554212484,14.765052095339788,14.815877914428711,1089653
2012-10-04,14.650693644546314,14.752347255266528,14.510921402136328,14.599867820739746,1831208
2012-10-05,14.663401517705589,14.726934536579748,14.409269442208954,14.434682846069336,1651550
2012-10-08,14.409263876995718,14.58715567220501,14.39655767074977,14.460089683532715,1277087
2012-10-09,14.485508753284833,14.523628368511895,14.282203484371438,14.345736503601074,1018980
2012-10-10,14.218670019429668,14.294910229047485,14.015364756889277,14.040778160095215,1499229
2012-10-11,14.169233877924773,14.284849212640752,13.98938901454726,14.105003356933594,1195884
2012-10-12,14.130701952739642,14.182085796639816,13.91231887958626,13.989395141601562,1007316
2012-10-15,14.040774590912513,14.117850828803903,13.899467824001707,14.053621292114258,1546290
2012-10-16,14.079310927372273,14.25915678278948,14.015081398814292,14.194926261901855,701784
2012-10-17,14.336237529658273,14.336237529658273,14.105007780045886,14.27200698852539,1142343
2012-10-18,14.220620400014989,14.336235756687945,14.169236568861324,14.233467102050781,801819
2012-10-19,14.182085796639816,14.19493250186242,13.925164592478783,13.989395141601562,839768
2012-10-22,13.950852644149148,14.079312709858208,13.873776406257758,14.053621292114258,946445
2012-10-23,13.925162597358582,14.015085551712824,13.822393931952279,13.938008308410645,1047816
2012-10-24,13.989394639422041,14.053625186239126,13.732472452153706,13.873780250549316,1068471
2012-10-25,13.963701248168945,14.143546171313385,13.938008832768318,13.963701248168945,779625
2012-10-26,13.976548926990644,14.040778481477682,13.835241128595031,13.873780250549316,502686
2012-10-31,13.86093106209703,14.117852210998535,13.84808535196741,14.117852210998535,974066
2012-11-01,14.092162532777772,14.40046854496953,14.079315828730206,14.387622833251953,1177295
2012-11-02,14.426160731206739,14.439006442719934,14.194930977659412,14.2848539352417,736331
2012-11-05,14.207776346950478,14.554621465082011,14.194930635746697,14.451852798461914,1137848
2012-11-06,14.47754063888863,14.77300085444344,14.464694930863088,14.73446273803711,837905
2012-11-07,14.606003599151729,14.606003599151729,14.194928980603073,14.233467102050781,809028
2012-11-08,14.233466608172792,14.361927670094317,14.027929306030272,14.027929306030273,632448
2012-11-09,14.027927128676039,14.272002513044729,14.027927128676039,14.105003356933594,610821
2012-11-12,14.11785349134048,14.297699403444534,14.02793152761841,14.27200698852539,562505
2012-11-13,14.194929405875989,14.284852353501241,14.117852168341544,14.207775115966797,530469
2012-11-14,14.25915887610724,14.29769699583148,14.02792916543201,14.06646728515625,825228
2012-11-15,14.092161973614536,14.246314477428799,14.053623847660969,14.220622062683105,1074627
2012-11-16,14.246312852010059,14.246312852010059,13.989391710856129,14.14354419708252,952074
2012-11-19,14.259161746756224,14.40046854496953,14.079315828730206,14.387622833251953,1202364
2012-11-20,14.207774407709689,14.374773592214616,14.156390577578073,14.310543060302734,953451
2012-11-21,14.387623706575921,14.580314355685784,14.323393159429283,14.567468643188477,494748
2012-11-23,14.670236186971989,14.92715835571289,14.606005644786764,14.92715835571289,398480
2012-11-26,14.82438883368728,14.952849910666082,14.670235342846736,14.74731159210205,739490
2012-11-27,14.760159344251962,14.965696685094306,14.721620224555284,14.798697471618652,732929
2012-11-28,14.708771913495584,14.965694040309414,14.631695672383358,14.901463508605957,900518
2012-11-29,14.927160629974583,15.081313160841406,14.798699526032147,14.9913911819458,502119
2012-11-30,14.965696005785894,14.991388420307478,14.747311970847338,14.811542510986328,1165388
2012-12-03,14.901463298014647,14.901463298014647,14.503234404013007,14.708771705627441,1465574
2012-12-04,14.708781861057886,14.978549879724836,14.631705567818896,14.785858154296875,1289804
2012-12-05,14.824391945286658,15.081313160841406,14.747314687523122,14.9913911819458,1247967
2012-12-06,14.927155343975716,14.991385873201642,14.349081573272153,14.464695930480957,2508935
2012-12-07,14.451852506389,14.721619382526042,14.400467677952467,14.528928756713867,1682127
2012-12-10,14.464699966219866,14.695929737481753,14.272008324779954,14.567468643188477,2069550
2012-12-11,14.606007121145108,14.850082610721849,14.528930859664047,14.7216215133667,1166117
2012-12-12,14.747309825638924,14.862925178003167,14.631695465604478,14.708771705627441,697491
2012-12-13,14.721619178240307,14.837234544453194,14.69592775670848,14.74731159210205,1107756
2012-12-14,14.683084135551905,15.017083601200312,14.683084135551905,14.9913911819458,1481936
2012-12-17,14.991391701559069,15.029929835611537,14.850083886926477,15.017084121704102,925871
2012-12-18,15.01708110087719,15.171233606077836,14.927158144623506,15.145541191101074,1347759
2012-12-19,15.184076767495608,15.209769178157767,14.901463227201221,14.97853946685791,973296
2012-12-20,14.927160629974583,14.9913911819458,14.798699526032147,14.9913911819458,755325
2012-12-21,14.90146744659594,15.094159092628663,14.683083382626169,14.7216215133667,1366065
2012-12-24,14.657396921752023,14.683088356061159,14.554628207524242,14.59316635131836,298688
2012-12-26,14.580312938704724,14.593159642283581,14.361929893493652,14.361929893493652,634068
2012-12-27,14.349080111004636,14.361925818608848,14.053619905140707,14.259157180786133,1024650
2012-12-28,14.130695890645635,14.310540755637593,14.079311076459557,14.246310234069824,912789
2012-12-31,14.194931555163233,14.554622407795998,14.194931555163233,14.541775703430176,1049112
2013-01-02,14.798698767177834,14.798698767177834,14.580314703208064,14.7216215133667,1782081
2013-01-03,14.721624375241333,14.901470343432518,14.657394806407643,14.862932205200195,702675
2013-01-04,14.940003711138464,15.209771584954783,14.875773170484107,15.18407917022705,1472054
2013-01-07,15.299688353283223,15.299688353283223,14.939997669540427,15.209765434265137,1381374
2013-01-08,15.222614533848716,15.26115265278219,14.965693410182302,15.235461235046387,1390973
2013-01-09,15.248311570694604,15.518079477414101,15.23546585792894,15.505233764648438,1286402
2013-01-10,15.505232678599745,15.64653947844463,15.415309718548453,15.453848838806152,982652
2013-01-11,15.453851493940867,15.5187292098999,15.350047348872108,15.518729209899902,812147
2013-01-14,15.635508233412313,15.830141378005386,15.62253309137083,15.674434661865234,902097
2013-01-15,15.557655334472656,15.635508191168155,15.518728906124908,15.557655334472656,805788
2013-01-16,15.518717966121715,15.55764436702809,15.337060092121622,15.363011360168457,566069
2013-01-17,15.363015489106962,15.622526234665482,15.363015489106962,15.531697273254395,640710
2013-01-18,15.51872213690768,15.609551098318768,15.375990625453676,15.531697273254395,991197
2013-01-22,15.492776370703316,15.622531789620133,15.440873802205234,15.596580505371094,788454
2013-01-23,15.583600332317392,15.661453157596707,15.518722643808609,15.544673919677734,1605987
2013-01-24,15.492775038339676,15.76526099370011,15.479799898495198,15.726334571838379,1986687
2013-01-25,15.765266323750065,15.817167903003586,15.635510872123305,15.739315032958984,1251936
2013-01-28,15.765253228870717,15.817154765013967,15.648474020802553,15.7003755569458,1623564
2013-01-29,15.661450329881605,15.8690584946943,15.466817299496746,15.843107223510742,3027132
2013-01-30,15.856093761905953,15.985848198287231,15.80419118549061,15.817166328430176,1952222
2013-01-31,15.77822836232458,15.830130900795634,15.661449154256413,15.7003755569458,1823229
2013-02-01,15.804195404052734,15.856097994322264,15.674439930707713,15.804195404052734,1296405
2013-02-04,15.700385948276672,15.778238805182513,15.674434661865234,15.674434661865234,842279
2013-02-05,15.70038273737317,15.817161998849269,15.635505035777026,15.713358879089355,918864
2013-02-06,15.635510872123305,15.843119193794667,15.609560583660864,15.739315032958984,2246292
2013-02-07,15.739309815078403,15.778236237195856,15.466823857927938,15.752285957336426,1101438
2013-02-08,15.752287208536952,15.765262349497279,15.583605364410765,15.596580505371094,895536
2013-02-11,15.596581762820405,15.687410763850798,15.531704048131335,15.557655334472656,862448
2013-02-12,15.557648548275852,15.596574959644023,15.45384445051805,15.531697273254395,725477
2013-02-13,15.557654481278751,15.622532192409878,15.44087420031136,15.466825485229492,1221642
2013-02-14,15.427898464830768,15.661458015441893,15.388972040116977,15.661458015441895,1457190
2013-02-15,15.674431775400453,15.959893868701146,15.661456635748356,15.882040023803711,1312727
2013-02-19,15.869065387770984,15.998820797722997,15.830138965251043,15.89501667022705,1210019
2013-02-20,15.544676885790645,15.544676885790645,15.129459399640284,15.24623966217041,2173068
2013-02-21,15.16838958244417,15.233266292810693,14.701270451971837,14.779123306274414,1915934
2013-02-22,14.792098547748802,14.908878832319528,14.753172120334707,14.805074691772461,875327
2013-02-25,14.805074188932059,15.207315595763358,14.792098045349121,14.792098045349121,1483394
2013-02-26,14.831026904583688,14.882929482773632,14.53259058814151,14.6882963180542,913518
2013-02-27,14.636390531340284,15.051607028088815,14.623414389361715,15.025655746459961,1029956
2013-02-28,14.999700230415169,15.363015063670485,14.999700230415169,15.337063789367676,1563057
2013-03-01,15.311112939064046,15.544673411929137,15.116480882223186,15.531697273254395,1740974
2013-03-04,15.44086881620123,15.570624193218798,15.350040854151382,15.544673919677734,1163322
2013-03-05,15.674428294367239,15.739305982876022,15.401942403561572,15.544673919677734,1134689
2013-03-06,15.47980470880898,15.661461734722673,15.440877272522334,15.635510444641113,1008936
2013-03-07,15.622522751567026,15.73930195963519,15.583596348877636,15.7003755569458,1093136
2013-03-08,15.739305430593888,15.869060803058423,15.596574921814112,15.830134391784668,1239179
2013-03-11,15.80418718123456,15.895016165784092,15.700383057032932,15.882040023803711,726287
2013-03-12,15.84311397220478,16.089649649973598,15.84311397220478,16.07667350769043,1032588
2013-03-13,16.089641687148323,16.15451935947103,16.02476401482561,16.11559295654297,958757
2013-03-14,16.128571642624717,16.154522917735502,15.907987307675084,15.946913719177246,1270607
2013-03-15,15.895018223278436,16.284283488840025,15.830140511963435,16.258333206176758,1768716
2013-03-18,16.141549317112855,16.42701038123329,16.050720341107173,16.401060104370117,1425398
2013-03-19,16.478916014011066,16.478916014011066,16.25833260555172,16.336185455322266,1172192
2013-03-20,16.40106312430941,16.725450665782507,16.40106312430941,16.660573959350586,1516239
2013-03-21,16.582716464260923,16.647594158767756,16.465936213217365,16.478912353515625,881928
2013-03-22,16.60867224385185,16.60867224385185,16.33618625400461,16.51784324645996,952034
2013-03-25,16.790326309178177,16.84222786840502,16.64759576839405,16.725448608398438,1609511
2013-03-26,16.894130467877055,16.971983308056174,16.375109862802507,16.634620666503906,2640600
2013-03-27,17.46505564860527,17.711590325005034,17.140666122860175,17.283397674560547,4585815
2013-03-28,17.2444692612701,17.581832885742188,17.140664143898817,17.581832885742188,2760885
2013-04-01,17.581830268535352,17.854315152924563,17.465051032368546,17.841341018676758,1958337
2013-04-02,17.94514514825669,17.95812128790706,17.67266024819244,17.750513076782227,1979357
2013-04-03,17.698613705045883,17.828369110910938,17.46505517728273,17.59480857849121,2920617
2013-04-04,17.56885674490668,17.659685721442454,17.400174932670634,17.581832885742188,2477993
2013-04-05,17.45208112871797,17.89324795785291,17.413154702754795,17.880273818969727,2132487
2013-04-08,17.789451332855446,17.97110939025879,17.620769423740214,17.97110939025879,3271023
2013-04-09,17.95812567403011,18.13978365487887,17.88027282642541,18.087881088256836,1576544
2013-04-10,18.178706191005098,18.37333826839306,18.113827495438265,18.269533157348633,1841697
2013-04-11,18.243371752241128,18.45276469776896,18.204110701322755,18.413503646850586,1226057
2013-04-12,18.32188301222268,18.361144039908595,17.955444057969693,17.994707107543945,1763897
2013-04-15,17.942362680605225,18.217189940024696,17.942362680605225,18.04705810546875,1376069
2013-04-16,18.19101754477272,18.518193544753434,18.047059053398964,18.505107879638672,1366430
2013-04-17,18.413493944134874,18.557450381016704,18.23027445513422,18.452754974365234,1828535
2013-04-18,18.439666913216495,18.688320773553045,18.36114485436163,18.400405883789062,1813023
2013-04-19,18.4527544317016,18.55744983527416,18.321883660819594,18.439666748046875,1150241
2013-04-22,18.46584636637525,18.59671718171449,18.29571653051224,18.58363151550293,1000877
2013-04-23,18.6752386554823,18.6752386554823,18.439670412327853,18.60980224609375,1343061
2013-04-24,18.635971914720873,19.172540602413928,18.570535525360338,19.041669845581055,1747818
2013-04-25,19.054763299082957,19.525895740110727,19.041675612869252,19.303417205810547,1788683
2013-04-26,19.27723989287438,19.42119836106741,19.09402241376977,19.172544479370117,1122741
2013-04-29,19.27723996388591,19.53898153144364,19.22489326788525,19.43428611755371,1531103
2013-04-30,19.447367482988145,19.565152577682138,19.31649672813006,19.552064895629883,1449941
2013-05-01,19.55207073918017,19.617505125221587,19.211807079231775,19.251068115234375,1237923
2013-05-02,19.251060174738296,19.381930914729562,19.146364795878043,19.32958221435547,1011204
2013-05-03,19.499725879559143,19.53898692333825,19.316506327330533,19.512813568115234,1143801
2013-05-06,19.486631227940276,19.565155309329025,19.342674792819185,19.52589225769043,641399
2013-05-07,19.52588953152537,19.735284356808837,19.499716189309012,19.552064895629883,1636524
2013-05-08,19.578247432752615,19.774554668179345,19.473551992828924,19.76146697998047,1361732
2013-05-09,19.709113045100075,19.774549446927594,19.56515660047897,19.643678665161133,935024
2013-05-10,19.643677747035692,19.74837315442236,19.447370572616908,19.5782413482666,1022139
2013-05-13,19.499724803312258,19.63059561598253,19.44737607386634,19.486637115478516,947295
2013-05-14,19.49971819285313,19.839981786067707,19.49971819285313,19.81380844116211,575586
2013-05-15,19.696030696981122,19.957770282674833,19.5782455582467,19.892335891723633,621756
2013-05-16,19.826893129324205,20.180244388588957,19.826893129324205,20.049373626708984,1098563
2013-05-17,20.036290691260948,20.284946613070073,19.95776861990596,20.245685577392578,916313
2013-05-20,20.25876916527334,20.415815313778225,20.206422470993584,20.284944534301758,742203
2013-05-21,20.27186012268066,20.389643236659015,20.20642573332231,20.271860122680664,852525
2013-05-22,20.258766770248403,20.376549851286153,19.905417527135153,19.97085189819336,844061
2013-05-23,19.839982986450195,20.010114793351,19.774548609283034,19.839982986450195,1094391
2013-05-24,19.748371558455183,20.0101130886019,19.72219821419584,19.931591033935547,713043
2013-05-28,20.062460588504628,20.350375445538834,19.656760634689352,19.90541648864746,1581404
2013-05-29,19.787641344814237,19.95777321252987,19.565162765408573,19.826902389526367,864554
2013-05-30,19.8792416199876,20.010112380429344,19.800719568100202,19.957763671875,890150
2013-05-31,19.91850712924629,20.11481432503842,18.976238250732422,18.976238250732422,4064904
2013-06-03,19.08093988906742,19.70911860564161,19.08093988906742,19.42120361328125,2776883
2013-06-04,18.83227461552142,19.43427961510365,18.43966239554763,19.32958221435547,2718765
2013-06-05,19.25106688482763,19.421198703928074,19.080935065727186,19.094022750854492,1267367
2013-06-06,19.08093988906742,19.4342913017169,19.028591157213953,19.42120361328125,1428759
2013-06-07,19.499716189309012,19.774545381077445,19.381933116503184,19.552064895629883,3204603
2013-06-10,19.63059103774823,19.69602743976685,18.845368366744815,19.21180534362793,3803882
2013-06-11,19.08094345370317,19.48664165210811,18.871550509060377,19.460468292236328,3616569
2013-06-12,19.783164767250764,19.783164767250764,18.871174786792594,19.067604064941406,1524420
2013-06-13,19.081632323135462,19.460459580377783,18.95535729327563,19.446428298950195,1997865
2013-06-14,19.44642356828778,19.488515234668235,19.095658959229898,19.13775062561035,943245
2013-06-17,19.26403873673967,19.34822212679965,19.081640669055115,19.179855346679688,955274
2013-06-18,19.17984663458469,19.193877915775822,19.025509044470574,19.165815353393555,912303
2013-06-19,19.095665826096024,19.264032552163084,18.702809409385186,18.758930206298828,814293
2013-06-20,18.646688841633768,18.660717958833928,18.16964791673954,18.281892776489258,968355
2013-06-21,18.380100551778906,18.436221334888774,18.127549440965616,18.338008880615234,1136349
2013-06-24,18.11352075085606,18.295919825026424,17.90306128111927,18.127552032470703,1090544
2013-06-25,18.25382089499369,18.422187536820307,18.127544829792736,18.39412498474121,1016753
2013-06-26,18.562498588655036,19.06760081225747,18.506375637663087,19.0255069732666,1510205
2013-06-27,19.067605659889487,19.16581813951616,18.969391012599722,19.109697341918945,1204794
2013-06-28,19.08163278051911,19.62882675735736,19.08163278051911,19.54464340209961,2952207
2013-07-01,19.586729642312662,19.62882130825659,19.33417964664909,19.502546310424805,1113791
2013-07-02,19.460460046841856,19.7691330720079,19.306122450427402,19.54464340209961,1618380
2013-07-03,19.37627380715269,19.4464258702034,19.179844562350617,19.418365478515625,708305
2013-07-05,19.460458103809856,19.62882479751476,19.34821219623148,19.614795684814453,834057
2013-07-08,19.64285538861902,19.825253356286627,19.544640764849913,19.811222076416016,996584
2013-07-09,19.895400497293526,19.993615096759907,19.713002574759408,19.79718589782715,1059156
2013-07-10,19.76912846649463,19.937495137786605,19.698976409343764,19.88137435913086,563558
2013-07-11,20.178537740323122,20.235140041265836,19.937979600949113,20.037033081054688,791897
2013-07-12,20.051180920556053,20.1219321455203,19.895525164987838,19.95212745666504,687690
2013-07-15,19.952128104517314,20.093632745216848,19.909676930925094,20.065330505371094,710613
2013-07-16,20.022879870412904,20.136084460488405,19.782323942311294,19.98042869567871,835839
2013-07-17,19.99457426934979,20.32003464281132,19.966272036593914,20.107776641845703,598631
2013-07-18,20.150230407714844,20.26343278255194,20.079477010537737,20.150230407714844,682385
2013-07-19,20.107779296538787,20.19268381983992,19.937974622288834,20.00872802734375,662580
2013-07-22,20.489838527741487,20.928503443456272,20.164378166461415,20.659643173217773,1572129
2013-07-23,20.772851975140753,20.871905433980945,20.659647397558757,20.70210075378418,1504656
2013-07-24,20.730405562688226,21.169068482594426,20.687954382896553,20.999263763427734,1080864
2013-07-25,20.914356201878864,21.013409658814407,20.81530274494332,20.985107421875,853011
2013-07-26,20.8577566712101,21.09831478611172,20.829456616706107,21.084163665771484,757512
2013-07-29,21.084169051752795,21.18322254708485,20.928515432954175,21.154922485351562,689675
2013-07-30,21.21151730164588,21.536977767944336,21.183217246993337,21.536977767944336,1333301
2013-07-31,21.50867857419358,21.73508557900552,21.452076276446455,21.636032104492188,1167048
2013-08-01,21.720928730337956,22.117142523911934,21.636026399193817,22.032238006591797,759780
2013-08-02,21.975643975535597,22.159599805847648,21.890741620957208,22.145448684692383,650268
2013-08-05,22.06054371173254,22.27279957298572,21.961490247755606,22.17374610900879,694697
2013-08-06,22.145446056233812,22.343552984187674,21.975641367231265,22.17374610900879,744755
2013-08-07,22.060544613360147,22.27280048328835,21.904888851295173,22.202049255371094,641115
2013-08-08,22.244501295674887,22.38600594319677,22.173747878825687,22.301103591918945,613656
2013-08-09,22.286953831033767,22.428458487188806,22.21620040986792,22.38600730895996,465386
2013-08-12,22.301109029899504,22.64071851782238,22.24450671985334,22.56996726989746,580973
2013-08-13,22.64071851782238,22.725620889803096,22.527516083907102,22.56996726989746,748683
2013-08-14,22.640713322239694,22.640713322239694,22.216199373576355,22.230350494384766,1254650
2013-08-15,22.04639876870088,22.04639876870088,21.678487048671574,21.706787109375,1069808
2013-08-16,21.63603536256437,21.777540035152448,21.452079506817558,21.720937728881836,992615
2013-08-19,21.66433129314552,21.73508470904161,21.536977767944336,21.536977767944336,913235
2013-08-20,21.56528087194071,21.73508557900552,21.522829695174508,21.636032104492188,527918
2013-08-21,21.593581797318734,21.678484154270233,21.39547484031413,21.480377197265625,711747
2013-08-22,21.49453346458448,21.791693971231293,21.49453346458448,21.749242782592773,457610
2013-08-23,21.81997820798781,21.947331681528556,21.749227006968148,21.90488052368164,666590
2013-08-26,21.890744382760783,22.1596026015712,21.890744382760783,21.989795684814453,594054
2013-08-27,21.819986195330202,21.890739608425193,21.650181501784466,21.6926326751709,586724
2013-08-28,21.621878775771684,21.692632187275336,21.239818223886818,21.381322860717773,896994
2013-08-29,21.296417764443586,21.706778316207178,21.225664362080984,21.60772705078125,745200
2013-08-30,21.565280410686693,21.565280410686693,21.23981993832261,21.324722290039062,692712
2013-09-03,21.551137604889323,21.749244626112574,21.338881643705395,21.43793296813965,966047
2013-09-04,20.24929198111446,20.617203712561537,19.57007082756071,20.390796661376953,3224732
2013-09-05,20.376641354464905,20.376641354464905,20.13608325459319,20.277587890625,2476130
2013-09-06,20.30588650322635,20.390788841588723,20.15023294495406,20.334186553955078,1097429
2013-09-09,20.376644590739158,20.518147063068437,20.34834234733195,20.433244705200195,913964
2013-09-10,20.433245383377628,20.631352349096474,20.32004296452169,20.475696563720703,1022382
2013-09-11,20.390796825760834,20.90021324157715,20.390796825760834,20.90021324157715,1141290
2013-09-12,20.645500270348364,21.38132353044706,20.33418874786321,21.169065475463867,4008893
2013-09-13,21.11246546974539,21.84829099576416,21.098316534409193,21.805837631225586,1910466
2013-09-16,21.9331867443743,22.10299140666258,21.650177516443176,22.032238006591797,1896777
2013-09-17,22.074694023137468,22.15959636453079,21.848287050696527,21.933189392089844,1769567
2013-09-18,22.032243448556986,22.04639456930167,21.621880622550012,21.777536392211914,2200811
2013-09-19,21.77753171856978,21.890736287879516,21.381320098337852,21.60772705078125,1970204
2013-09-20,21.59358042463575,21.62188047976169,21.183217601338765,21.39547348022461,13277318
2013-09-23,21.324716443267413,21.53697226436263,21.197362950610284,21.522823333740234,2141154
2013-09-24,21.551128888358853,21.66433129314552,21.52282883370631,21.536977767944336,1990859
2013-09-25,21.636036699185812,22.35770904364433,21.565285451609384,22.258655548095703,2309229
2013-09-26,22.315254518086316,22.64071501781784,22.27280333865844,22.499210357666016,2479896
2013-09-27,22.442608658833926,22.768066949422046,22.34355518509991,22.683164596557617,2599857
2013-09-30,25.130129803212196,26.34508866429892,25.07282137169037,26.087196350097656,1687900
2013-10-01,25.81783949764378,27.319342562082294,25.789185284562866,27.095836639404297,2222600
2013-10-02,26.94682876955002,27.044253514448126,26.110113649389096,26.89525032043457,1597700
2013-10-03,26.21900588635074,26.729058328668575,26.21900588635074,26.3450870513916,1056800
2013-10-04,26.350815926442742,26.56859187897528,26.121580037724133,26.413856506347656,984300
2013-10-07,26.087194138143545,26.385202766377,25.96111297607422,25.96111297607422,1015800
2013-10-08,25.92673766681689,26.26486274665766,25.829310684738825,26.047086715698242,1008400
2013-10-09,26.041346987322534,26.26485510962614,25.79491680488069,25.966846466064453,915600
2013-10-10,26.24965832164425,26.549786608380902,26.18039862523612,26.544015884399414,812200
2013-10-11,26.61904470262963,26.792195034091336,26.492068967144867,26.728708267211914,385600
2013-10-14,26.486294894076885,26.763335852756022,26.382404259356477,26.70561981201172,559400
2013-10-15,26.69407119635326,26.849907119436317,26.35354133518482,26.359312057495117,825500
2013-10-16,26.636366520546567,26.757571556257265,26.39395424739882,26.751798629760742,587900
2013-10-17,26.492072658440996,26.69985176411058,26.191944347949967,26.445898056030273,693100
2013-10-18,26.49783673144213,27.023060592529173,26.445891417632396,26.99997329711914,591100
2013-10-21,26.878773566293788,27.311650532298167,26.653677896247686,27.265478134155273,686100
2013-10-22,27.23085386777237,27.36937329792525,27.05193055195437,27.144277572631836,425800
2013-10-23,27.132725005825172,27.271246592195734,27.028836568204657,27.150041580200195,294400
2013-10-24,27.16158979916298,27.484803218865277,27.126958846312178,27.421314239501953,407400
2013-10-25,27.5656055543806,27.5656055543806,27.190446820139087,27.317424774169922,241700
2013-10-28,27.392458628893586,27.392458628893586,27.196220948884267,27.27125358581543,307200
2013-10-29,27.265480892233715,27.56560701483746,27.248164314668102,27.340511322021484,410400
2013-10-30,27.49057856976149,27.49057856976149,27.098103209742852,27.27125358581543,630300
2013-10-31,27.357830702744593,27.427090414924585,27.080787450571513,27.17890739440918,631400
2013-11-01,27.357825238381437,27.40977056257268,26.982664319030675,27.363595962524414,391900
2013-11-04,27.54828827368788,27.54828827368788,27.150042280406286,27.19621467590332,499600
2013-11-05,27.196213025420327,27.294332937701547,26.9768903070992,27.086551666259766,390200
2013-11-06,27.357824373279783,27.490573041631635,27.0288380643804,27.10386848449707,303400
2013-11-07,27.155809238548354,27.294330809282876,26.99420257412947,26.99997329711914,369200
2013-11-08,26.965347085834747,27.432852752261837,26.838369150891154,27.36936378479004,283300
2013-11-11,27.259710502186092,27.5482952022326,27.19045079065836,27.51366424560547,470300
2013-11-12,27.41553951883931,27.69258049608573,27.375137847265414,27.51943016052246,402900
2013-11-13,27.46748589381437,28.10237121582031,27.242390228770923,28.102371215820312,348300
2013-11-14,27.98693267576752,28.246657028393138,27.934987364897285,27.99847412109375,273000
2013-11-15,27.871507668060776,28.339013419509147,27.842649641705215,28.223581314086914,524400
2013-11-18,28.137003947526402,28.29283992590446,27.900364617780355,27.946537017822266,377100
2013-11-19,27.95230462240564,28.183173183841504,27.86572836143575,28.11968421936035,448600
2013-11-20,28.09082764416565,28.315925511560636,27.85996125448837,27.9061336517334,254300
2013-11-21,27.444393933279944,28.31014769900944,27.444393933279944,28.29283332824707,179000
2013-11-22,28.223580754638878,28.38518746040766,28.11391717424472,28.148548126220703,173800
2013-11-25,28.090827888380904,28.102371538224034,27.894592446225918,27.923450469970703,203800
2013-11-26,27.894591169555124,28.28706423762859,27.813785624351485,28.16585922241211,531300
2013-11-27,28.090822299846906,28.13122616712275,27.779152622991873,27.952302932739258,449000
2013-11-29,27.929221702478337,28.14854665003846,27.929221702478337,28.0677433013916,176400
2013-12-02,27.83111200747378,28.333248820138806,27.70413402198711,28.21204376220703,350300
2013-12-03,26.74601429271787,27.323183351946373,23.20796734316408,24.073720932006836,3762100
2013-12-04,23.825544555914302,24.027555102753176,23.311864305433286,23.912120819091797,1511100
2013-12-05,23.340728648657585,23.923670948283434,23.340728648657585,23.889039993286133,945600
2013-12-06,23.992919921875,24.166070215939435,23.85440056731363,23.992919921875,733300
2013-12-09,23.992919921875,24.096810538658747,23.860171289701416,23.992919921875,800800
2013-12-10,23.958294669482083,25.28001278429894,23.923665923484446,24.483518600463867,1446800
2013-12-11,24.327686611419598,24.36808828584262,23.658170318761577,23.90635108947754,1075400
2013-12-12,23.190664878705398,23.802465188119356,23.190664878705398,23.433074951171875,892300
2013-12-13,23.94675236624378,25.268468232103935,23.94675236624378,24.899080276489258,1996100
2013-12-16,24.893319379631286,25.222305795076597,24.512387624814256,24.73171043395996,974200
2013-12-17,24.951027245658214,25.199210207575664,24.685529910215465,25.193439483642578,835000
2013-12-18,25.36081797156944,25.69557721873095,25.216525648150053,25.649402618408203,949000
2013-12-19,25.689801270023445,25.695574195247577,25.447391252030727,25.557052612304688,597000
2013-12-20,25.724435688219625,26.803741669590213,25.63785941197938,26.047651290893555,2321900
2013-12-23,26.036112157168507,26.440131180165658,26.036112157168507,26.151546478271484,617300
2013-12-24,25.93221765665254,26.653679304786152,25.914903281649725,26.51515769958496,384400
2013-12-26,26.34777874949076,26.9076314589487,26.26697320011462,26.688308715820312,482000
2013-12-27,26.642126969486977,26.930711534668475,26.29582637195938,26.844135284423828,480700
2013-12-30,26.699847378528307,26.96534689532791,26.636360613230917,26.792194366455078,495700
2013-12-31,26.792195766445367,27.028837274706838,26.763337744033915,26.832599639892578,483400
2014-01-02,26.595960727436594,26.907630456514767,26.53824248003248,26.69407844543457,819900
2014-01-03,26.896079993169707,27.19620819845846,26.74024626897261,27.092317581176758,895900
2014-01-06,27.069237613231248,27.10963928296264,26.688306011673905,26.78065299987793,853100
2014-01-07,26.688311118833507,27.588693875691384,26.61327848851992,27.421314239501953,1359900
2014-01-08,27.328956244485372,27.652171735947032,27.109633569800174,27.467477798461914,1635200
2014-01-09,27.634866311604565,27.859961983160826,27.46171596438637,27.58869171142578,870300
2014-01-10,27.346275458031894,27.81378106922413,27.294330145485468,27.57137107849121,650700
2014-01-13,27.32733126172349,27.646916972556234,26.961263983709706,27.025178909301758,577400
2014-01-14,27.06003779610351,27.344758947625,27.054228155554682,27.205303192138672,662100
2014-01-15,27.414488151902553,27.652723333896144,27.18206261097378,27.565563201904297,672300
2014-01-16,27.455171197796126,27.51327649359534,26.99032218167753,27.158830642700195,722700
2014-01-17,26.996122170967737,27.18787356837086,26.577759314352658,27.0135555267334,868900
2014-01-21,27.019368964535076,27.304090171927246,26.711406973813023,26.949642181396484,630700
2014-01-22,26.885732564715635,26.908975571125232,26.64168543056503,26.728845596313477,802600
2014-01-23,26.5022260868072,26.815999955670964,26.38601329649752,26.68816566467285,880200
2014-01-24,26.63006017624689,26.67073432006123,26.019943585882572,26.426687240600586,1028300
2014-01-27,26.368572136419637,26.560321283497334,25.985071625690473,26.25235939025879,842700
2014-01-28,26.298854947333943,26.653302984548926,26.229128155011658,26.5196590423584,432800
2014-01-29,26.403439921478878,26.560326829066604,25.93278141528993,26.141963958740234,1015400
2014-01-30,26.583581684700736,26.583581684700736,26.130354116101714,26.304672241210938,544700
2014-01-31,26.04318457155818,26.577762474934875,26.031563071857118,26.3453369140625,566900
2014-02-03,26.211698004174238,26.542903050972118,25.467939613691257,25.56671905517578,923000
2014-02-04,25.62481325111859,25.833995761996924,25.467928584533723,25.781700134277344,1208200
2014-02-05,25.770086329936404,26.04899790541382,25.52022961364486,25.8223819732666,533900
2014-02-06,25.758461451286703,26.066423385910035,25.741028096246882,26.002506256103516,585900
2014-02-07,26.03156476299706,26.14777755098301,25.84562518884937,26.00832176208496,891300
2014-02-10,25.88630121570873,26.089674163625695,25.863058213105408,26.0838623046875,381800
2014-02-11,26.01994338500582,26.29304310557198,25.909542455015572,26.16520881652832,288300
2014-02-12,26.16519901729126,26.293033258459193,25.874668263054144,25.96763801574707,399900
2014-02-13,25.746842269419282,26.333713555154976,25.746842269419282,26.322092056274414,421500
2014-02-14,26.35695648193359,26.415061759605656,26.101287940398286,26.356956481933594,215500
2014-02-18,26.229130228058544,26.804382405763644,26.229130228058544,26.76951789855957,368900
2014-02-19,26.57195468053321,26.79275877547282,26.368583946098546,26.45574188232422,769200
2014-02-20,26.415071573975972,26.69398100026276,26.29885875887937,26.571958541870117,292000
2014-02-21,26.72302237238377,26.72302237238377,26.4150582354014,26.444110870361328,572400
2014-02-24,26.386007099818734,26.525462858754487,26.136150435132155,26.17682456970215,601500
2014-02-25,26.14777572329642,26.298850785516056,26.0083199441461,26.112911224365234,906900
2014-02-26,26.112909199402623,26.333713242362066,26.00831792729416,26.171016693115234,633500
2014-02-27,26.15940064686063,26.345340232348487,25.92697505671345,25.944408416748047,553900
2014-02-28,25.950214385986328,26.188449584708177,25.7758963263367,25.950214385986328,556500
2014-03-03,25.68293234955694,26.02575890484172,25.438885237647916,25.956029891967773,481700
2014-03-04,26.025762797721136,26.345346396517247,25.775906005653667,26.304672241210938,370900
2014-03-05,26.281423356064447,26.281423356064447,25.857248533747,26.031566619873047,465400
2014-03-06,26.10127961825646,26.130334464402896,25.775886620522517,25.816560745239258,403400
2014-03-07,25.834001471361276,25.926971250456607,25.514417994256977,25.79332733154297,689600
2014-03-10,25.64225022730415,25.950212180396317,25.52603745855689,25.636438369750977,475600
2014-03-11,25.74684069441885,25.804945968692948,25.02051368312196,25.10186195373535,916200
2014-03-12,24.915927989160178,25.159972855586307,24.759041053639965,24.869441986083984,771200
2014-03-13,24.8578142915609,25.07861831800642,24.602147988069397,24.637012481689453,863600
2014-03-14,24.526613210995368,24.86363005251386,24.503370211599382,24.53823471069336,834000
2014-03-17,24.619582983038615,24.869439685018385,24.613773341478947,24.689311981201172,594500
2014-03-18,24.683498667959277,24.974029493453017,24.625393389490245,24.921733856201172,827700
2014-03-19,24.99146224607807,25.09605352732978,24.683500260489385,24.770660400390625,533800
2014-03-20,24.695117785351602,24.83457354343206,24.43363962430953,24.462692260742188,708400
2014-03-21,24.5324192615526,24.72998027650084,24.456880639685185,24.584714889526367,1256000
2014-03-24,24.456886590741288,24.71255293606065,24.422022091417286,24.607961654663086,1013600
2014-03-25,24.79390152449123,25.049570089546428,24.683500600128415,24.974031448364258,804000
2014-03-26,25.125101195543934,25.19482795756817,24.921728332827037,25.066993713378906,854200
2014-03-27,23.997846317264873,23.997846317264873,20.34877977096477,20.453371047973633,4861700
2014-03-28,20.203508356472934,20.62768297993055,19.756090741341936,20.12796974182129,2475000
2014-03-31,20.12216633014596,20.621879722920134,20.005953552384042,20.55215072631836,1695500
2014-04-01,20.836871099218,21.545767020690505,20.72065832603942,21.52833366394043,2182500
2014-04-02,21.487657388251765,21.61549164768886,21.13902131997213,21.33077049255371,1865200
2014-04-03,21.330774443213652,21.476039867997034,21.17969937673171,21.41212272644043,1239200
2014-04-04,21.458610483261175,21.760762857538417,21.394693336471324,21.481853485107422,2358000
2014-04-07,21.423740296482666,21.598058330931266,21.365635023857823,21.470226287841797,1216400
2014-04-08,21.499283039882194,21.807245033582074,21.412122897685308,21.621305465698242,904100
2014-04-09,21.661983165829252,21.720090675696735,21.42374791680972,21.534151077270508,1412700
2014-04-10,21.48184793607846,21.714271244779123,21.301718043161824,21.55157470703125,1321200
2014-04-11,21.188185442409416,21.885665677946125,21.129572248752094,21.586746215820312,1772100
2014-04-14,21.36987890097529,21.780162277558727,21.36987890097529,21.63363265991211,1235500
2014-04-15,21.604329342057827,21.932554287426115,21.528133307226724,21.873943328857422,808900
2014-04-16,21.815329499619164,21.985302151447648,21.768438950242714,21.90324592590332,952100
2014-04-17,21.81532272145984,21.997017954178578,21.72154388770908,21.89737892150879,517800
2014-04-21,21.72741474058079,22.03219665868533,21.721554538788236,21.832916259765625,629300
2014-04-22,21.744992396453725,22.079079715583386,21.744992396453725,22.03805160522461,532900
2014-04-23,21.967720819143892,22.114250442192503,21.82119119609528,22.020471572875977,443500
2014-04-24,22.026324231109815,22.12010305879244,21.744985512198323,21.7567081451416,513100
2014-04-25,21.67466099381141,21.72741174613378,21.498825898025032,21.598464965820312,567700
2014-04-28,21.633636054548997,21.832916455253013,21.49296661575474,21.7508602142334,523300
2014-04-29,21.885667019358042,22.0908076200703,21.786025701965762,21.832916259765625,581900
2014-04-30,21.868086917396052,21.89152996336769,21.575027602031746,21.827058792114258,1281500
2014-05-01,21.979451503015238,22.14942646457959,21.809476541450884,21.856367111206055,937600
2014-05-02,21.89152870592055,21.98530759201587,21.633637328124664,21.674665451049805,853500
2014-05-05,20.99476774871417,22.067365843355315,20.92443414384319,21.7098331451416,801900
2014-05-06,21.668802187460955,21.768441261669146,21.405048408873547,21.680524826049805,995300
2014-05-07,21.686387199715995,21.979446486198643,21.463661515947003,21.967723846435547,630300
2014-05-08,21.873947763807042,22.342842235019344,21.832919637317538,21.950143814086914,503300
2014-05-09,21.914970369395505,22.254920172798755,21.850496976621464,22.20216941833496,370000
2014-05-12,22.219757291536784,22.57729001546863,22.219757291536784,22.460065841674805,430100
2014-05-13,22.43661315528571,22.559699726874427,22.36041936795032,22.424890518188477,437600
2014-05-14,22.37214792728566,22.413178290020078,22.125979166070515,22.190452575683594,371000
2014-05-15,22.079083509410093,22.184585021564978,21.580883663240147,21.657079696655273,1312800
2014-05-16,21.592600500767396,21.809463668216033,21.475376381437503,21.727407455444336,807300
2014-05-19,21.59260636995217,22.020472621322067,21.586746168531633,21.97944450378418,452400
2014-05-20,21.926689082634265,21.926689082634265,21.498822922292955,21.592601776123047,908700
2014-05-21,21.645354215325252,21.780161188515834,21.40504574383519,21.627771377563477,602700
2014-05-22,21.569162580736986,21.967723380774075,21.434355580116332,21.762582778930664,580700
2014-05-23,21.69810546256875,22.249056005107818,21.69810546256875,22.1201114654541,445000
2014-05-27,22.108388828055677,22.536255031708006,22.043915440296587,22.1201114654541,649000
2014-05-28,22.032189744793758,22.565557375135114,22.032189744793758,22.290081024169922,840900
2014-05-29,22.36042202017296,22.536257125758826,22.04977768991111,22.430755615234375,673800
2014-05-30,22.31353538690687,22.45420483761123,22.190451014956228,22.36042594909668,3418300
2014-06-02,22.366285524439757,22.694512742971956,22.301812121168698,22.55970573425293,610200
2014-06-03,22.342832881721076,22.495224918485505,22.161137607862912,22.23733139038086,914600
2014-06-04,21.944277757157423,23.485770173216693,21.768442638929198,23.46818733215332,1202400
2014-06-05,23.233738416750022,23.74366091719136,23.087208782703048,23.66746711730957,757400
2014-06-06,23.831580890815165,23.896054291048078,23.59713256921638,23.866748809814453,630000
2014-06-09,23.843302847270824,23.855025486601352,23.35682337644574,23.46818733215332,645800
2014-06-10,23.491629377191952,23.491629377191952,23.192707705072184,23.268903732299805,408900
2014-06-11,23.23373564930205,23.263041125447817,23.00514980515476,23.06376075744629,433800
2014-06-12,22.97584867245418,23.03445963582576,22.735540145246805,22.87620735168457,462500
2014-06-13,22.94654431980092,23.321659869911585,22.876208477256387,23.098934173583984,857100
2014-06-16,23.0579060546946,23.23960362750715,22.800014672907636,22.823457717895508,524700
2014-06-17,22.823453755809886,23.163403561567762,22.77070300098072,22.846899032592773,595300
2014-06-18,22.829318443686066,22.87034656416876,22.630038043113743,22.74139976501465,326100
2014-06-19,22.706230492025767,22.817592196318632,22.489365048490072,22.60072898864746,372800
2014-06-20,22.659341064672436,22.659341064672436,22.430755207974624,22.5479793548584,1413400
2014-06-23,22.547973678821467,22.75311420732925,22.512805772849816,22.59486198425293,389300
2014-06-24,22.58900772336875,22.706231871562753,22.178724322622053,22.22561264038086,640400
2014-06-25,22.14942418789184,22.44248351114249,22.14942418789184,22.331119537353516,602000
2014-06-26,22.266640215196905,22.266640215196905,22.108387970255052,22.184581756591797,300800
2014-06-27,22.10838664880047,22.366277938551654,22.06735853988242,22.272499084472656,661900
2014-06-30,22.254917583134567,22.54797679919538,22.155276287024414,22.47178077697754,649700
2014-07-01,22.45419359554746,22.934810438038873,22.45419359554746,22.671056747436523,576900
2014-07-02,22.59486305018088,22.6945043372025,22.41902798375563,22.495223999023438,349200
2014-07-03,22.47763786687817,22.700363466303813,22.454194832094473,22.59486198425293,160500
2014-07-07,22.51281101966576,22.60658988824878,22.389726673875163,22.436614990234375,282800
2014-07-08,22.366281088572975,22.477642794768165,22.1201124003948,22.149417877197266,623800
2014-07-09,22.190452960072296,22.342842828816853,22.032200652607603,22.131839752197266,398600
2014-07-10,21.873939546456256,22.08494253820091,21.803605961162827,21.81532859802246,462600
2014-07-11,21.371932429990583,21.95722057818529,21.371932429990583,21.868541717529297,413500
2014-07-14,22.022255409634575,22.170055781511316,21.921752239280643,22.051815032958984,683900
2014-07-15,22.004518827577787,22.181878812630284,21.98678125039434,22.039989471435547,793500
2014-07-16,22.105014636744905,22.223255339186874,22.028157841869554,22.146398544311523,1153300
2014-07-17,22.140488975399183,22.17595960977926,22.016337244560987,22.08136749267578,991000
2014-07-18,22.08728025143324,22.25872916443593,22.02224774958712,22.240991592407227,425000
2014-07-21,22.15231353994693,22.294200589691744,22.057721421699057,22.223257064819336,293600
2014-07-22,22.240991592407227,22.418351525916876,22.140488457011525,22.240991592407227,357800
2014-07-23,22.175962844379853,22.583893241283455,22.175962844379853,22.311941146850586,299400
2014-07-24,22.359239547817705,22.47748029357111,22.31194460266913,22.394712448120117,264900
2014-07-25,22.300120286157146,22.394712431639327,22.128671317703613,22.175966262817383,182000
2014-07-28,22.199620049522807,22.199620049522807,21.86263531155901,22.03408432006836,277400
2014-07-29,22.051811118344457,22.353325086391198,21.89218647442341,21.904010772705078,567200
2014-07-30,22.045901871561643,22.170053630632108,21.797596098166235,22.164142608642578,454100
2014-07-31,22.02225297381686,22.099109790163173,21.643884424503405,21.838979721069336,679300
2014-08-01,21.838976585975093,21.838976585975093,21.507905280479985,21.67344093322754,540400
2014-08-04,21.643884424503405,21.838979721069332,21.53746798810219,21.838979721069336,535700
2014-08-05,21.75029893719113,21.933569918474735,21.578849998680322,21.87445068359375,445700
2014-08-06,21.685267262034994,21.84489190867522,21.655707643454434,21.785770416259766,396100
2014-08-07,21.809413443378048,21.904005551830814,21.58475634008257,21.626142501831055,343800
2014-08-08,21.726654911631385,21.73256593426125,21.519735290765357,21.63797378540039,376800
2014-08-11,21.679355741567935,21.821245079606175,21.62023649961714,21.70891761779785,266300
2014-08-12,21.649795680786667,21.750301096366723,21.549292520461087,21.643884658813477,303900
2014-08-13,21.649788809654112,21.838973026316282,21.649788809654112,21.815326690673828,183400
2014-08-14,21.75621104135969,21.92765998840332,21.626148267097594,21.92765998840332,260600
2014-08-15,21.945399858356073,22.016345664757527,21.62615275056885,21.762128829956055,152700
2014-08-18,21.88627794566764,22.099110828469833,21.79168580389495,21.963134765625,171700
2014-08-19,21.94539253259136,22.258730768129464,21.94539253259136,22.1700496673584,195100
2014-08-20,22.11093599519278,22.252823085788734,21.992695249526392,22.175966262817383,203900
2014-08-21,22.20552486639408,22.45382836595111,22.170051971348368,22.388795852661133,180400
2014-08-22,22.406533501177446,22.63118840477293,22.32376341246644,22.57206916809082,454400
2014-08-25,22.631188656279694,22.631188656279694,22.2291715276615,22.341501235961914,194000
2014-08-26,22.329672773512577,22.625273415594684,22.317848477198822,22.45973777770996,212500
2014-08-27,22.548419824787814,22.548419824787814,22.317851652005128,22.436092376708984,183700
2014-08-28,22.28237912569092,22.40061985234582,22.128667759717544,22.317852020263672,217900
2014-08-29,22.3237563576928,22.430172754294254,22.19960464674231,22.258726119995117,376600
2014-09-02,22.25873404388215,22.35923720130964,22.140493310537614,22.32967758178711,418400
2014-09-03,22.418361166276373,22.524777623194225,22.28829836190835,22.424274444580078,251800
2014-09-04,22.477488063046877,22.6962320523853,22.442015150483044,22.471574783325195,326600
2014-09-05,22.471561220556104,22.64892342107244,22.235082045291094,22.583890914916992,247800
2014-09-08,22.536604030076465,22.583901239905412,22.223267908352522,22.382892608642578,345600
2014-09-09,20.721613327323492,21.02903839580728,18.776560865733927,19.63380241394043,3173600
2014-09-10,19.450527076011255,20.887146666844984,19.444613799034183,20.8398494720459,1516800
2014-09-11,20.68022122295172,20.78072661677896,20.3373256413591,20.762989044189453,783500
2014-09-12,20.69204455021604,20.946261277967572,20.68613352979911,20.857580184936523,787500
2014-09-15,20.768909587971994,20.893061363274047,20.7216123848542,20.84576416015625,699100
2014-09-16,21.07041895734982,21.25369221561179,20.85167505605648,21.153186798095703,700200
2014-09-17,21.212297922197177,21.34827391625091,21.046760066400683,21.241857528686523,377400
2014-09-18,21.295073028023154,21.43696008994961,21.20048090165412,21.32463264465332,368300
2014-09-19,21.371927302828947,21.632055055704342,21.176829796731962,21.182743072509766,1695300
2014-09-22,21.200476372891853,21.342363404508962,20.9639949798584,20.9639949798584,417400
2014-09-23,20.893052025851624,20.969908818942184,20.426002502441406,20.426002502441406,414100
2014-09-24,20.360970004845836,20.47329968442137,20.26637789613967,20.426002502441406,373100
2014-09-25,20.396449132278573,20.42600875243388,20.230913455205272,20.301856994628906,456500
2014-09-26,20.33732621831145,20.355061536150107,20.130404404092932,20.295942306518555,330900
2014-09-29,20.14223783074875,20.38463039051153,20.10085390019816,20.343246459960938,406300
2014-09-30,20.30185332738009,20.426005062758772,20.230909800771425,20.295942306518555,332800
2014-10-01,20.295948990426606,20.390541142140815,20.018083558092144,20.319595336914062,547500
2014-10-02,20.26638281116535,20.37279924117474,20.17770395632707,20.325504302978516,391300
2014-10-03,20.42009540226078,20.632928251519516,20.40235782798642,20.573806762695312,324100
2014-10-06,20.656577098760533,20.798466433904686,20.455568522871427,20.632930755615234,545900
2014-10-07,20.80437901730918,21.029036208459264,20.60337042633377,20.715700149536133,638000
2014-10-08,20.73934331716755,21.38966386484102,20.721605744055474,21.34827995300293,718300
2014-10-09,21.342367721477117,21.342367721477117,20.567895400383044,20.656574249267578,554600
2014-10-10,20.567080229891012,21.08617907521529,20.49547866245975,20.57901382446289,591100
2014-10-13,20.519345575233793,20.69237928004482,20.328412616856248,20.41791343688965,517900
2014-10-14,20.50742371598217,20.716258323530063,20.46565724969293,20.70432472229004,484100
2014-10-15,20.531275631733223,20.811709361820338,20.411941984285512,20.668508529663086,521000
2014-10-16,20.382117888042547,20.69835025479901,20.292617045024194,20.626750946044922,619300
2014-10-17,20.740108489990234,20.90717651235316,20.549175558232676,20.740108489990234,339900
2014-10-20,20.596913605863886,20.68641215329484,20.358246260513706,20.584980010986328,809000
2014-10-21,20.728175961362464,20.78187598753568,20.567075882842815,20.66254234313965,645700
2014-10-22,20.763982540169117,20.907183424380307,20.5551502882995,20.573049545288086,552500
2014-10-23,20.787843304053393,21.175677110258547,20.704310429141547,20.996675491333008,356900
2014-10-24,20.97281346249737,21.139879235271145,20.937012678574227,21.11004638671875,264100
2014-10-27,21.121968885579292,21.133900197852142,20.996667345721846,21.05036735534668,286100
2014-10-28,21.181644439697266,21.19954369256181,20.990711488807737,21.181644439697266,650000
2014-10-29,21.25920814489232,21.63510604945647,21.205508119083163,21.342741012573242,488900
2014-10-30,21.40241405015217,21.64704707931608,21.28904830164719,21.55754852294922,561900
2014-10-31,21.77830574240769,21.909572971124827,21.688804945355127,21.820072174072266,502400
2014-11-03,21.82007476515798,21.987140511654975,21.730573957477393,21.861841201782227,478800
2014-11-04,22.6017120525559,22.977610049233608,22.27354615934975,22.82844352722168,718200
2014-11-05,22.977608296276223,23.037276266189235,22.637508834123185,22.804576873779297,629800
2014-11-06,22.80457374428606,22.86423942991077,22.61960647708944,22.84634017944336,559900
2014-11-07,22.84037216027274,23.275938036793196,22.727006447567415,23.246105194091797,1028700
2014-11-10,23.24610594706137,23.6578069284162,23.24610594706137,23.633939743041992,464900
2014-11-11,23.61007255397428,23.860673448164114,23.4847732449294,23.663772583007812,301500
2014-11-12,23.66974286276874,23.842776576339045,23.65184360829613,23.801010131835938,383000
2014-11-13,23.8069659339024,24.15303090856653,23.789064412452984,24.06949806213379,414200
2014-11-14,24.06950065719198,24.123200675131187,23.950167031093784,24.05160140991211,315600
2014-11-17,24.135132701184578,24.36186634846688,23.98596624725402,24.24253273010254,463600
2014-11-18,24.44539973452885,24.44539973452885,23.872598809039577,23.87856674194336,545300
2014-11-19,23.783106768910404,23.866639643486586,23.55040739656243,23.63990592956543,554000
2014-11-20,23.66378019910352,23.759246695210866,23.520579316892103,23.693613052368164,387000
2014-11-21,23.866640086020713,24.045639431445835,23.82487364795819,23.896472930908203,296000
2014-11-24,23.90243720865312,24.087402184317426,23.759236388561565,24.02176856994629,319400
2014-11-25,23.985973891210776,24.141106051253004,23.920340266389,23.962106704711914,395300
2014-11-26,23.878572457199333,24.087404636824868,23.830838086942038,23.9382381439209,370800
2014-11-28,24.0635426193454,24.38574055289823,24.0277418373505,24.11127471923828,231500
2014-12-01,24.111276239860107,24.16497627818899,23.7950439453125,23.7950439453125,641100
2014-12-02,23.795034061005282,24.11126622419204,23.68763402896081,23.97403335571289,933900
2014-12-03,24.642303916638415,26.163801673240176,24.48120383284293,25.555204391479492,1508700
2014-12-04,25.8714381578714,25.925138188985343,25.400071470993446,25.70437240600586,719700
2014-12-05,25.805805500465098,26.080271324841824,25.77597265452854,25.93707275390625,602000
2014-12-08,25.925142269111753,26.175740936349545,25.907240738522965,25.98480796813965,665700
2014-12-09,25.555207916994412,26.0325402999619,25.459739164300576,25.889339447021484,607100
2014-12-10,25.883371998254837,25.91320484335862,25.471670997081993,25.489572525024414,413800
2014-12-11,25.602936475900606,25.90723511667112,25.519403604947918,25.644702911376953,577500
2014-12-12,25.775978119101985,25.775978119101985,25.41797706366541,25.42991065979004,590600
2014-12-15,25.573104178114473,25.775970701653552,25.286704781841664,25.50150489807129,441300
2014-12-16,25.519406452385496,25.740172246836217,25.340407098071392,25.382173538208008,744900
2014-12-17,25.35234351024483,25.69244300408038,25.244943430496704,25.674541473388672,465600
2014-12-18,25.95497200028014,26.05043847291532,25.692439769558455,25.96690559387207,499500
2014-12-19,25.925131898238924,26.1995976457331,25.847564699651574,25.877397537231445,814200
2014-12-22,25.931102371315376,26.205568169784147,25.901269528194863,26.05043601989746,587200
2014-12-23,26.104127382216383,26.694827494749074,26.032528127275814,26.438261032104492,556900
2014-12-24,26.48003890367805,26.778371917044094,26.432304529011358,26.49793815612793,180600
2014-12-26,26.5158379500817,26.64710520699557,26.402472222083553,26.444238662719727,195500
2014-12-29,26.468102421770038,26.515834515127867,26.116069413368496,26.235403060913086,472100
2014-12-30,26.139940384532746,26.426339814465432,26.1101052612499,26.295072555541992,250200
2014-12-31,26.318938638483097,26.39053792393442,25.931104813096283,25.96690559387207,416100
2015-01-02,25.966899382257772,26.09816660426794,25.519399972059144,25.74016571044922,528400
2015-01-05,25.602932701912817,25.734199923260537,25.209133313969357,25.33443260192871,404800
2015-01-06,25.31057374489035,25.46570819861383,25.10174152960925,25.28670883178711,604900
2015-01-07,25.42393661276353,25.74613677353673,25.191237255349545,25.698402404785156,486700
2015-01-08,25.382165215241514,25.865463085803253,25.340398788800364,25.769996643066406,818800
2015-01-09,25.770010621544653,25.877410712393292,25.227044507187983,25.280744552612305,510200
2015-01-12,25.28671349591864,25.41201284819875,24.99434606449752,25.048046112060547,613800
2015-01-13,25.441880966046657,26.023547588060445,25.441880966046657,25.64788818359375,623300
2015-01-14,25.472172642589616,25.56305674135282,25.10257129814195,25.308578491210938,405000
2015-01-15,25.344933815795553,25.393404873438886,24.963214124752966,25.20557403564453,414600
2015-01-16,25.12680229062608,25.72058705112382,25.108623625921332,25.690292358398438,390800
2015-01-20,25.702414993321103,25.847832791654792,25.21769285110462,25.453994750976562,519000
2015-01-21,25.37522601929858,25.72664866448613,25.26010293496388,25.387344360351562,285400
2015-01-22,25.55699198823953,26.01141929626465,25.18739074123188,26.01141929626465,357100
2015-01-23,25.993245680956576,26.096248105514597,25.720588805160265,25.8720645904541,315700
2015-01-26,25.823589457172513,26.02353858947754,25.514579893371987,26.02353858947754,516300
2015-01-27,25.859952565906475,25.938720640670745,25.405525099042613,25.714534759521484,261000
2015-01-28,26.096249348993943,26.5203820302939,25.775121408497213,25.829652786254883,506900
2015-01-29,25.9326556128365,25.94477395378346,25.30251575161772,25.902360916137695,384700
2015-01-30,25.672119011857955,25.94477592554305,24.999566061880508,25.084394454956055,633500
2015-02-02,25.2055727829275,25.40552195302958,24.696613990611784,25.344932556152344,446900
2015-02-03,25.393402153051326,25.94477395378346,25.387344138246448,25.902360916137695,381200
2015-02-04,25.853882092814953,26.01141818052153,25.30251040851535,25.490341186523438,557900
2015-02-05,25.63576554656913,25.63576554656913,25.260103893680615,25.326753616333008,453900
2015-02-06,25.344926965810306,25.690291536775465,25.308571948900408,25.399456024169922,481200
2015-02-09,25.375222610444638,25.575169432615326,25.28433622042538,25.411575317382812,338300
2015-02-10,25.47216837061193,25.61152581441359,25.26010088638911,25.520639419555664,204500
2015-02-11,25.5085250848419,25.902363109284103,25.50246706952409,25.84783172607422,409700
2015-02-12,26.01142690993856,26.62944850711113,25.96901386701532,26.54462242126465,468300
2015-02-13,26.4537309464343,26.950571335322294,26.429494266162433,26.94451332092285,355600
2015-02-17,26.938455470483472,26.938455470483472,26.641564199552306,26.811216354370117,279900
2015-02-18,26.78092159416649,27.17475728283324,26.623385469629984,27.14446258544922,367100
2015-02-19,27.26564333837965,27.7927784624139,27.005104783794824,27.580713272094727,503500
2015-02-20,27.520121790409032,27.841252052935637,27.283819916036688,27.83519172668457,317400
2015-02-23,27.810952044019743,27.810952044019743,27.368640765659393,27.574647903442383,174700
2015-02-24,27.55648164936655,27.55648164936655,27.19294059597645,27.514068603515625,215200
2015-02-25,27.483770554896278,27.483770554896278,27.180818943508687,27.27776336669922,158100
2015-02-26,27.223233324802827,27.392885495906434,26.999049768510563,27.338354110717773,304900
2015-02-27,27.22323198419596,27.514065253767562,27.1687006016927,27.27776336669922,525800
2015-03-02,27.277760577772035,27.77460098474284,27.24746588199813,27.750364303588867,326000
2015-03-03,27.64735876013145,27.701890130914226,27.241402486229234,27.45952796936035,195300
2015-03-04,27.338353159495988,27.54436035066996,27.162642978968474,27.326234817504883,327900
2015-03-05,27.314121830248215,27.36259289227598,27.05358322675321,27.205059051513672,192300
2015-03-06,27.108107603759272,27.12022363262878,26.605206886203494,26.738506317138672,255800
2015-03-09,26.72638498397172,27.07174955150345,26.635498598268928,26.956628799438477,287200
2015-03-10,26.714269794854832,26.732446149603746,26.411318221908573,26.532499313354492,266200
2015-03-11,26.64156258173621,26.768801690122935,26.393142379550977,26.756683349609375,345800
2015-03-12,26.793044275652438,27.077817250797928,26.677921171071965,27.035404205322266,295600
2015-03-13,26.932400538074287,26.932400538074287,26.27196588808132,26.568857192993164,373100
2015-03-16,26.67791937085048,27.011168007582576,26.562798585375962,26.750629425048828,533400
2015-03-17,26.653684231938243,26.70821561535208,26.514324454396004,26.556739807128906,578900
2015-03-18,26.556738021433894,26.750626858015334,26.477969959279793,26.61126708984375,777200
2015-03-19,26.677915358106215,27.338349894042103,26.447673821788843,27.314115524291992,449800
2015-03-20,27.459533161988617,28.095731067202188,27.22928929610675,28.029081344604492,719500
2015-03-23,27.962439787197283,28.586519481557097,27.877611378917898,28.33203887939453,589900
2015-03-24,28.39262961218412,28.39262961218412,27.671603190580132,27.707958221435547,622700
2015-03-25,27.629174582670085,27.67158760577862,24.926847883835283,25.023792266845703,1157800
2015-03-26,24.842024823337397,25.332807121440634,24.751138442131975,25.187389373779297,701400
2015-03-27,25.24798810002537,25.550939734408228,25.07833592439898,25.441879272460938,575200
2015-03-30,25.49641074794619,25.672120939883982,25.4661137353323,25.593355178833008,379800
2015-03-31,25.46611337609769,25.52064476216088,25.308579544880423,25.4237003326416,373800
2015-04-01,25.36917560174568,25.47218038525881,25.048047528096408,25.43582534790039,282200
2015-04-02,25.405518654836953,25.587289133208206,25.314632259982808,25.544876098632812,323700
2015-04-06,25.357052561249162,25.660004215798555,25.23587374849956,25.64788818359375,354900
2015-04-07,25.581234087076457,25.98113011042865,25.581234087076457,25.708473205566406,413800
2015-04-08,25.635764515588956,25.90841909898381,25.563054469435592,25.720590591430664,276000
2015-04-09,25.70848441011915,25.890254988802788,25.62365829415601,25.866018295288086,294200
2015-04-10,25.962950872231353,25.962950872231353,25.726648996987233,25.817535400390625,274000
2015-04-13,25.664904544490195,25.8419465438417,25.561120420143297,25.609960556030273,210700
2015-04-14,25.555022227952925,25.70153801041507,25.304722298155916,25.591650009155273,474400
2015-04-15,25.671021565957922,25.85416751183382,25.463455539611356,25.54892349243164,415700
2015-04-16,25.487871071490478,25.756484922249555,25.487871071490478,25.646596908569336,287800
2015-04-17,25.439030104709875,25.49397410979068,24.816334485562788,24.98727035522461,275200
2015-04-20,25.13378264223297,25.524496806521928,25.13378264223297,25.42681884765625,305500
2015-04-21,25.548917119817887,25.6160711599486,25.377981256813502,25.487869262695312,255000
2015-04-22,25.481762589694082,25.579440547580845,25.261986602242313,25.542810440063477,279300
2015-04-23,25.52450582791272,25.793119727525777,25.420721649971657,25.677127838134766,281600
2015-04-24,25.64659874299527,25.811430775305553,25.298620784393602,25.73206901550293,422500
2015-04-27,25.750378232785977,25.835846160944435,25.585546230411932,25.7015380859375,290200
2015-04-28,25.646602116226873,26.031210242204054,25.481772391063764,26.006790161132812,347400
2015-04-29,25.945742037137286,25.945742037137286,25.506189897401114,25.652708053588867,341700
2015-04-30,25.567229613429276,25.70764152740644,25.2680895679467,25.420711517333984,379800
2015-05-01,25.457347591929555,25.57944564582997,25.292515568487993,25.573339462280273,198900
2015-05-04,25.54891634983418,25.945734395651172,25.500078531373273,25.762588500976562,213000
2015-05-05,25.658803231224937,25.872475373030763,25.268091385304487,25.31082534790039,238300
2015-05-06,25.316933416143172,25.316933416143172,25.011689472679,25.219255447387695,184900
2015-05-07,25.12158116698589,25.829747126642733,25.091054905096424,25.756486892700195,372500
2015-05-08,26.006782423848996,26.24487465021807,25.854160455800994,26.073936462402344,231200
2015-05-11,26.006788517735657,26.238774615598786,25.970160727270454,26.17772674560547,437100
2015-05-12,25.98237180501892,25.98237180501892,23.418321572808654,24.193641662597656,1554700
2015-05-13,24.52940255639278,24.810226414852245,24.21805244167897,24.71865463256836,659800
2015-05-14,24.852962783694366,25.042214878181255,24.749180954632486,25.023900985717773,355600
2015-05-15,25.084947546114424,25.292513522304887,24.791913637756096,25.26198959350586,451800
2015-05-18,25.237568456790434,25.896894140641745,25.182624455733958,25.829742431640625,434400
2015-05-19,25.805325714580132,25.94573766247077,25.71375159129956,25.903003692626953,356400
2015-05-20,26.171624508839987,26.305932637675657,25.939640704813137,26.110576629638672,413300
2015-05-21,26.043418195952544,26.06173209087498,25.829748325767724,25.872482299804688,302800
2015-05-22,25.805328664104298,25.970160707553458,25.652706660409923,25.780908584594727,285300
2015-05-26,25.68322642119882,25.68322642119882,25.31693460339494,25.408506393432617,359000
2015-05-27,25.414618167443393,25.964056015014652,25.2681000107948,25.96405601501465,359800
2015-05-28,25.890795038997,25.945739050138602,25.64049506131344,25.774803161621094,482700
2015-05-29,25.77480195820852,25.970157915629404,25.616073787287355,25.945737838745117,625900
2015-06-01,26.098366588032945,26.23877857325782,25.964058459197275,26.110576629638672,383700
2015-06-02,25.933524819229472,26.23876875871498,25.701538773149082,26.049516677856445,232000
2015-06-03,26.13499126763794,26.428025218639945,26.000683166785297,26.37308120727539,456400
2015-06-04,26.20824453950904,26.421914363245676,26.0006785698107,26.073936462402344,402800
2015-06-05,25.854159002988176,26.08004117976133,25.701537043516403,26.00067710876465,511900
2015-06-08,25.988473151206563,25.988473151206563,25.664915266671184,25.79922103881836,393200
2015-06-09,25.75039017867771,25.76870407782872,25.451249962522265,25.628292083740234,362200
2015-06-10,25.7137514765457,26.049519379031537,25.48787158997547,25.970157623291016,352800
2015-06-11,25.976261714030546,26.214351641068575,25.970157859236082,26.122779846191406,298400
2015-06-12,26.04341691298829,26.04341691298829,25.719859031554293,25.841957092285156,350200
2015-06-15,25.597761614636056,25.701543455130096,25.384091749603115,25.524503707885742,429500
2015-06-16,25.408505503265438,25.86026756963457,25.408505503265438,25.75037956237793,277400
2015-06-17,25.823631529099504,25.866365485574526,25.56112160856667,25.707639694213867,323400
2015-06-18,25.78701233383772,26.025102264505982,25.76869611152165,25.939634323120117,396600
2015-06-19,25.97625832329254,26.11056639950624,25.750378464154732,25.762588500976562,465400
2015-06-22,25.94573465181969,26.159404476245285,25.793112683279578,25.915210723876953,206400
2015-06-23,25.8541674286961,26.018999478102483,25.597763571059755,25.72596549987793,506700
2015-06-24,25.707643165204882,25.762587163637754,25.408503100664504,25.445133209228516,412600
2015-06-25,25.445132737185364,25.59775469346463,25.359664814281174,25.42681884765625,360700
2015-06-26,25.426828810367983,25.487876685268905,25.255890568756534,25.335254669189453,605600
2015-06-29,25.04832352376028,25.261995734952315,24.66371773550332,24.682031631469727,451000
2015-06-30,24.93232725981754,25.030005235877656,24.553825393687926,24.645397186279297,477900
2015-07-01,24.859066662109647,25.09105037455937,24.743072477058394,24.920114517211914,393000
2015-07-02,24.932328892682662,25.08495088582376,24.450042835438364,24.669818878173828,561100
2015-07-06,24.419516036771714,24.657605945517993,24.382885924339007,24.614871978759766,417300
2015-07-07,24.633191766124135,24.69424196812337,24.181431915465204,24.657611846923828,414500
2015-07-08,24.376787907220642,24.645401809569222,23.95555199309574,24.169221878051758,306100
2015-07-09,24.529403634595614,24.541613671868774,24.14479561138377,24.150901794433594,266900
2015-07-10,24.486669250821446,24.59045107263311,24.291313315436536,24.511089324951172,248800
2015-07-13,24.708011627197266,24.886473681166173,24.60954891387308,24.708011627197266,159400
2015-07-14,24.68339761624193,24.855706793411663,24.597243027657065,24.79416847229004,197200
2015-07-15,24.751096858499324,24.954175242837383,24.65263411358514,24.818790435791016,197900
2015-07-16,24.966481797532474,25.021867234758577,24.60955525015959,24.904943466186523,365000
2015-07-17,24.911094165840243,24.923402300532562,24.652630379911574,24.769554138183594,307200
2015-07-20,24.757242012616725,24.78801117061919,24.677240323781295,24.726472854614258,175100
2015-07-21,24.689550748106367,24.88647619464376,24.511088676113197,24.775705337524414,336200
2015-07-22,24.61570378355466,24.843398386242335,24.535702088947904,24.634164810180664,256100
2015-07-23,24.646468966854037,24.732623540588857,24.468004579811307,24.56646728515625,277900
2015-07-24,24.554164467037477,24.554164467037477,23.704922063645302,23.80338478088379,232500
2015-07-27,23.624924984151146,23.624924984151146,23.354153045771483,23.415691375732422,183300
2015-07-28,23.501846527755678,23.76646557835867,23.255690854603337,23.686466217041016,262800
2015-07-29,23.668002657932917,27.538823300963173,23.56953991992033,24.861865997314453,1297900
2015-07-30,24.855709005430555,24.978788006163622,24.006466482662738,24.91724967956543,694700
2015-07-31,24.923405341978732,25.163408128925212,24.658786282643657,25.108022689819336,413300
2015-08-03,25.181869444411774,25.354181005544934,24.86186728988655,25.231101989746094,329700
2015-08-04,25.181872179025127,25.372644791607037,24.831098471805365,24.89263916015625,323400
2015-08-05,25.581873925969,27.434207236799704,25.341871152564277,27.083431243896484,954900
2015-08-06,27.083429589758417,27.083429589758417,26.27111147667677,26.603424072265625,653800
2015-08-07,26.572660777329453,27.409595344731514,26.39419630537577,27.354209899902344,522900
2015-08-10,27.508057015793888,27.944985314753296,27.304976276889406,27.557287216186523,457400
2015-08-11,27.329590328610433,27.75421045606038,27.175742150145492,27.47113037109375,424700
2015-08-12,27.237274447260717,27.49574055052989,26.71419169539976,27.39727783203125,458000
2015-08-13,27.40343997364941,27.514210862787998,27.144976130684146,27.286516189575195,312600
2015-08-14,27.23727853439891,27.563438245741448,27.16958731264688,27.520360946655273,241100
2015-08-17,27.409589059813168,27.71113014221191,27.089584601680162,27.711130142211914,269700
2015-08-18,27.631134395774765,27.79113547196224,27.483439108301216,27.692672729492188,209400
2015-08-19,27.60035894924286,27.938826779079104,27.23112430446811,27.612667083740234,306600
2015-08-20,27.249583283773593,27.581895847608987,26.984964280816122,27.071121215820312,288500
2015-08-21,26.732657188282097,26.960354170229483,26.443424224853516,26.443424224853516,303000
2015-08-24,24.800322335567273,26.13572555348261,24.794169442229002,25.114173889160156,443200
2015-08-25,25.821880327852632,25.895729151228835,24.554172711210654,24.572633743286133,426800
2015-08-26,25.181870037502343,25.55110709359523,24.609556943501858,25.45264434814453,341000
2015-08-27,25.748033782592994,25.901881976239572,25.3726438144894,25.883420944213867,270000
2015-08-28,25.680337441706826,26.135729078872377,25.544950294637115,26.117265701293945,414700
2015-08-31,26.08649740111827,26.129574704336086,25.754184764120556,25.895727157592773,260500
2015-09-01,25.31725531080709,25.483411621566727,24.695709716516763,24.837249755859375,322800
2015-09-02,25.25571488830298,25.421871185302734,24.91109415961423,25.421871185302734,367900
2015-09-03,25.421873487610476,25.74803087003517,25.348024672786988,25.45879554748535,327000
2015-09-04,25.2126385881763,25.31110132204916,24.97263582108225,25.064943313598633,305400
2015-09-08,25.464950725503765,26.14803700192394,25.360332745200427,26.111112594604492,431400
2015-09-09,26.30188805337988,26.41265659237487,25.809571958776232,25.840343475341797,361200
2015-09-10,25.784956981166225,26.209577130541785,25.544951838437054,26.031112670898438,386100
2015-09-11,25.871104471069604,26.240339077835177,25.75417837914928,26.221878051757812,239000
2015-09-14,26.178805581092764,26.203421852087573,25.803415664800763,25.864953994750977,209100
2015-09-15,25.889565184514154,26.129567910767232,25.649562458261077,26.098798751831055,338400
2015-09-16,26.098802076186367,26.640348263081094,26.018800374732944,26.597270965576172,344300
2015-09-17,26.597273208394103,26.991124160243015,26.44342503360707,26.683427810668945,531500
2015-09-18,26.381888620376856,26.87420238978123,26.240348558394174,26.800355911254883,1059800
2015-09-21,26.843427981883114,27.255742297243675,26.78188965304089,26.941890716552734,327600
2015-09-22,26.511115376282138,26.683424559839477,26.228032985033792,26.301881790161133,340800
2015-09-23,26.25880597041206,26.437270420818727,25.994189263218217,26.28957748413086,359400
2015-09-24,25.901885608058425,25.981887337282444,25.27418460826317,25.71111297607422,1204700
2015-09-25,25.9203416563999,26.295731604925177,25.828034153548494,25.96341896057129,305900
2015-09-28,25.8403365289305,25.864950449014263,25.28648224515732,25.335712432861328,270900
2015-09-29,25.37264424603917,25.428029690595444,25.064947853512567,25.341875076293945,400800
2015-09-30,25.64956580821203,25.64956580821203,25.163405051902007,25.421871185302734,641700
2015-10-01,25.39110405601164,25.57572376066946,25.126487330912024,25.489566802978516,394100
2015-10-02,25.114176438168275,25.926494598388672,25.01571370200631,25.926494598388672,310200
2015-10-05,26.11726942171862,26.831124971302646,26.092655494002578,26.720354080200195,627300
2015-10-06,26.714197778587362,26.991124971030015,26.498811266430256,26.923431396484375,479100
2015-10-07,27.01574138922229,27.64959514060076,27.01574138922229,27.56959342956543,386600
2015-10-08,27.464980912641607,28.00037198336476,27.440364637598954,27.96344757080078,350300
2015-10-09,28.00036268395551,28.1849799903864,27.957285390706186,28.14805793762207,205500
2015-10-12,28.08036614812569,28.20959803602244,27.96959528777517,28.068058013916016,244600
2015-10-13,27.931716868246802,28.241587259386993,27.844953536987305,27.844953536987305,289300
2015-10-14,27.882136541423836,28.11763631714927,27.460712655009633,27.49169921875,231700
2015-10-15,27.5908594392377,27.665227669885684,27.231408656879506,27.634241104125977,215000
2015-10-16,27.696221366544858,27.832565127939876,27.510299559994213,27.73960304260254,235500
2015-10-19,27.584653547431177,27.88213112105336,27.57226081564283,27.69620704650879,328100
2015-10-20,27.62184507848336,28.09284937307644,27.504095186896766,27.993688583374023,321700
2015-10-21,28.02468349604937,28.266382062248123,27.745799625772403,27.77058982849121,157000
2015-10-22,27.99369395187351,28.167223003007976,27.863548936615512,28.105247497558594,344500
2015-10-23,28.328354230122343,28.805554977481258,28.179617747175325,28.768369674682617,337900
2015-10-26,28.669206175424428,28.966683817104744,28.576246481007264,28.92329978942871,388300
2015-10-27,28.848936352848536,29.11542510986328,28.68160603815623,29.11542510986328,455800
2015-10-28,29.12782254427196,30.15039598349704,28.941900745537566,30.113210678100586,694200
2015-10-29,30.677169709463545,32.462023881786926,30.627589310507332,32.36286544799805,1325800
2015-10-30,32.54259527164001,33.311075066886005,32.17694802750365,32.57978057861328,1056800
2015-11-02,32.635547828481606,33.91841099295421,32.62315272977615,33.738685607910156,696500
2015-11-03,33.83785005702542,34.31505080357851,33.57136129772793,34.1539192199707,512800
2015-11-04,34.20349834405544,34.70548930835009,34.129130100349364,34.45759201049805,639100
2015-11-05,34.445196212439,34.63731435528463,34.00517842964641,34.06715393066406,505300
2015-11-06,34.153925697518474,34.593941224787955,34.04237213227773,34.16632080078125,677100
2015-11-09,34.0733492174484,34.19729785142678,33.79446538202794,34.10433578491211,392900
2015-11-10,34.09815163658751,34.581548881799,34.091952902399235,34.52577209472656,498200
2015-11-11,34.55674373489374,34.705482557497305,34.284058651597825,34.41420364379883,457200
2015-11-12,34.06714732191327,34.06714732191327,33.4226164211053,33.44120788574219,420100
2015-11-13,33.37303744822564,33.58374939151699,32.82766730663191,32.852455139160156,473800
2015-11-16,32.852460218560104,33.79446655985421,32.709920111960315,33.775875091552734,398700
2015-11-17,33.87504178441662,34.730284996554246,33.6209480778403,34.16632080078125,560400
2015-11-18,34.25307833298712,34.618725542606946,34.01137977078694,34.54435729980469,347100
2015-11-19,34.44518706632907,34.68068681529381,34.395606678679854,34.50716018676758,264800
2015-11-20,34.730268503907055,35.25085077310929,34.68688684515046,35.10831069946289,336300
2015-11-23,35.02775523821132,35.319034211797884,35.015360136768926,35.2818489074707,196800
2015-11-24,34.996760702623455,35.88299015902671,34.996760702623455,35.68467330932617,377100
2015-11-25,35.79623846978187,35.9449773472957,35.61031664598278,35.69088363647461,194700
2015-11-27,35.659880993269994,35.87059292907231,35.49874708488536,35.59170913696289,143900
2015-11-30,35.628891953701434,35.96974884741741,35.48015315354232,35.90157699584961,455600
2015-12-01,36.05651261837839,36.595686343042125,35.80861540301966,36.57089614868164,401100
2015-12-02,36.570904592582664,36.886973733348796,36.11229771164067,36.205257415771484,322800
2015-12-03,36.21145334944072,36.2796252123425,35.37480425630145,35.554527282714844,384500
2015-12-04,35.566918398662416,36.63287315929938,35.566918398662416,36.59568786621094,280400
2015-12-07,36.384980034559376,36.53371885955426,35.8891878914488,36.01933288574219,330600
2015-12-08,35.56071723166472,36.106087271938684,35.40578207756177,35.858192443847656,297800
2015-12-09,35.67227495372865,35.86439305451578,34.916190555700815,34.99675750732422,339400
2015-12-10,35.058733748889786,35.635092830760655,34.742667009213825,35.3871955871582,519100
2015-12-11,35.09427499120588,35.28124454307573,34.583223773286434,34.701637268066406,447300
2015-12-14,34.60816445279929,35.013267283642044,33.93507333483713,34.651790618896484,449000
2015-12-15,34.92600474502294,35.71751154890212,34.92600474502294,35.55546951293945,454000
2015-12-16,35.916948750973404,36.041595931600064,35.38719882767191,35.904483795166016,268600
2015-12-17,35.99796789649687,36.48409166993399,35.63649368286133,35.63649368286133,236500
2015-12-18,35.72374621614256,35.72374621614256,34.77019966356739,34.87614822387695,791800
2015-12-21,35.268778960311835,35.268778960311835,34.23421158913907,34.533363342285156,423800
2015-12-22,34.776424203474384,34.87614145512623,34.37132390877175,34.85121154785156,265500
2015-12-23,35.094271151258965,35.71127084266325,35.0381800540907,35.592857360839844,205300
2015-12-24,35.536779612198636,35.85462769724629,35.44952728992859,35.59910202026367,119100
2015-12-28,35.5803951590515,35.75489975153368,35.15036496581466,35.69257736206055,203900
2015-12-29,35.86085320960693,36.37813573576737,35.82345834680318,35.997962951660156,212200
2015-12-30,35.941873553887895,36.20986413976386,35.65518672444521,35.673885345458984,337300
2015-12-31,35.60534449461235,35.60534449461235,34.95718082964211,35.06312942504883,416700
2016-01-04,34.4274273869381,34.52091100665214,33.43648580230418,33.73563766479492,486200
2016-01-05,33.735632406978176,34.926008381081644,33.735632406978176,34.42118835449219,625400
2016-01-06,33.822877903786775,34.227978199301745,33.511261194569045,33.82910919189453,696900
2016-01-07,33.24327860050322,33.48633931154598,32.83194454086606,32.99398422241211,604300
2016-01-08,33.311843568579974,33.59853051572531,32.7010747943559,32.763397216796875,858400
2016-01-11,32.900497887723255,33.16848848986008,32.44553770623326,32.894264221191406,556600
2016-01-12,33.28066012571471,34.54582300022613,33.2370339836589,34.52089309692383,711400
2016-01-13,34.664244271235724,34.820052635749036,33.40531240067456,33.49879837036133,558400
2016-01-14,33.64214488942863,35.137906277964625,33.50503275520279,34.78889465332031,636100
2016-01-15,33.941291565495455,34.39625167791283,33.52372631425026,34.26537322998047,529800
2016-01-19,34.55207169383772,37.051239888923625,33.83535444367973,35.01949691772461,1824100
2016-01-20,34.489745155002176,34.55830122669461,32.94412621824016,34.07841110229492,762300
2016-01-21,34.27783128851592,34.3900134720195,33.442698576570585,33.467628479003906,646700
2016-01-22,33.91636775005189,34.34016674300463,33.71693320953851,34.25291442871094,560600
2016-01-25,34.047244273205834,34.234213834001565,33.34922109264624,33.44270706176758,376600
2016-01-26,31.990576973337955,32.21493903822622,30.276684833488957,30.432493209838867,2421000
2016-01-27,30.432497638724325,30.818901802620854,28.41321974128432,28.780927658081055,2078500
2016-01-28,28.97412674365635,28.97412674365635,27.378648112214957,28.41321563720703,2476600
2016-01-29,28.45683774990912,29.061374925708673,28.076664984816485,28.7435245513916,1245200
2016-02-01,28.612658490903094,29.036457588493402,28.463081359863285,28.46308135986328,832900
2016-02-02,28.101595627334607,28.319726378202894,27.50952338968899,27.64040184020996,699200
2016-02-03,28.107831699716773,28.263640084698455,27.104427697490447,27.48459815979004,936700
2016-02-04,27.40358088283463,28.138996686949472,27.24777249005517,27.74635887145996,811500
2016-02-05,27.528217729698575,27.81490689631813,26.450024248938064,26.48118782043457,548200
2016-02-08,26.076087958670456,26.225665034557288,25.334441000075948,25.945209503173828,705200
2016-02-09,25.63982116237853,26.30044940852031,25.633589874584693,25.9265079498291,1337800
2016-02-10,26.206963653113043,26.450024295555217,25.79562970956935,25.851720809936523,687100
2016-02-11,25.49025942640583,25.702158980712674,25.022834148739083,25.421703338623047,868700
2016-02-12,25.88288303524198,26.175803501879326,25.552570085167915,26.132177352905273,861800
2016-02-16,26.294226857267017,27.18545116762879,26.188278277862743,26.936159133911133,929300
2016-02-17,27.10443037992783,27.808682637980557,26.761649997086444,27.584318161010742,1034700
2016-02-18,27.447202427880384,28.388283915966113,25.9452098691164,26.312917709350586,1129900
2016-02-19,26.225664180919118,26.250591711549735,25.508944777095632,26.107248306274414,1054100
2016-02-22,26.437560992868015,26.892523489496764,26.381472266446053,26.68685531616211,611100
2016-02-23,26.605841760226046,26.855136153379874,26.1945076757355,26.499893188476562,729200
2016-02-24,26.269287540730836,26.537278080478014,25.89534609163293,26.512348175048828,462800
2016-02-25,26.65569847489425,26.979780197143555,26.300455551504054,26.979780197143555,467200
2016-02-26,27.11065442685376,27.391109948138176,26.59960320026744,26.73671531677246,462900
2016-02-29,26.686864722745767,27.210381084234868,26.61830864080291,26.936159133911133,370600
2016-03-01,27.20414134790843,27.65910148620606,26.74294754367076,27.659101486206055,501100
2016-03-02,27.65910597117556,28.35089560098341,27.528225117128713,28.269874572753906,563200
2016-03-03,28.369590324531863,28.544094950633347,28.045508606452525,28.5191650390625,412900
2016-03-04,28.56901470218896,29.27326900020407,28.544084799483947,28.980348587036133,607000
2016-03-07,29.142393318560927,29.566192229200503,28.805849082715095,29.198484420776367,456800
2016-03-08,29.111237362910387,29.179793431006605,28.43191272601176,28.5191650390625,434400
2016-03-09,28.737300132662433,28.737300132662433,28.0891366528935,28.382057189941406,380000
2016-03-10,28.73729322662877,29.192253335560984,28.712363319371626,28.99281883239746,632300
2016-03-11,29.193648738590102,30.053392229478497,29.036761117935974,29.865127563476562,633800
2016-03-14,29.708228963447453,29.840013941553057,29.181086657110818,29.4509334564209,649700
2016-03-15,29.34424993661736,29.450934728678853,29.04302609054296,29.325424194335938,650700
2016-03-16,29.53879120453251,30.04083094493037,29.112056826715754,29.927871704101562,563600
2016-03-17,29.89648205749689,30.461278023384434,29.7897997050033,30.35459327697754,437100
2016-03-18,30.291845953504772,30.787611145328654,30.185161183431127,30.71858024597168,986200
2016-03-21,30.630725777056927,30.957052164632465,30.492663968567353,30.90684700012207,674000
2016-03-22,30.643278285871666,30.89429693665647,30.50521647189586,30.756235122680664,655000
2016-03-23,30.768783742894875,30.931948125957106,30.49893698114217,30.724855422973633,537400
2016-03-24,30.624445797603407,30.86291551677276,30.392252920311904,30.70602798461914,442400
2016-03-28,30.844096775267623,31.06373841253803,30.69348365691484,30.93195343017578,302900
2016-03-29,30.82526136202985,31.779137835967557,30.82526136202985,31.772863388061523,390500
2016-03-30,31.772872152423595,31.772872152423595,31.082565390569517,31.339860916137695,574700
2016-03-31,31.33985552984818,31.873274626046566,31.28965275963875,31.578325271606445,715300
2016-04-01,31.41516490195879,32.36276468164949,31.258277346824205,32.24980545043945,696800
2016-04-04,32.27491876486506,32.49456045751636,31.936040958561733,32.47573471069336,464400
2016-04-05,32.12430018780714,32.450626643191754,31.772873538865632,32.08037185668945,828300
2016-04-06,32.08665692533685,32.318849934179376,31.797981883248298,32.20589065551758,407900
2016-04-07,31.904661367247698,32.168231377374504,30.975887093506312,31.860733032226562,736700
2016-04-08,32.04899804284188,32.28746785997676,31.68502006355525,31.97996711730957,279200
2016-04-11,32.04270996044866,32.20587193818119,31.678729742094493,31.816791534423828,275000
2016-04-12,31.797968880298672,32.04898992887974,31.496745058349873,31.81052017211914,334700
2016-04-13,31.942312400301915,32.72675030410192,31.867004637918672,32.66399383544922,495900
2016-04-14,32.582406809600144,32.720468626325044,32.092918395996094,32.092918395996094,485900
2016-04-15,32.199597711039345,32.65770901410176,31.942302256061453,32.582401275634766,444000
2016-04-18,32.31256949804733,32.858537647850476,32.31256949804733,32.83343505859375,281700
2016-04-19,32.845985127337,32.9275673424192,32.32511719231586,32.40042495727539,347400
2016-04-20,32.40042495727539,32.78950550057464,32.20588348866847,32.40042495727539,339200
2016-04-21,32.36903860121945,32.632608520963956,32.0113328054158,32.05526351928711,220200
2016-04-22,31.97996286141652,32.55103354130202,31.97996286141652,32.39414596557617,353800
2016-04-25,32.19333935856459,32.70793056406161,31.81681002563534,32.20589065551758,350500
2016-04-26,32.394145657634745,32.56358452507769,32.08664735272727,32.53220748901367,351400
2016-04-27,31.91720227693606,32.19960033441054,30.58679657650666,31.77914047241211,730600
2016-04-28,31.99251519186266,32.055271660536064,31.19552599406922,31.28965950012207,457400
2016-04-29,31.25828490627108,31.30848769121976,30.63073453396709,31.132774353027344,393400
2016-05-02,31.22690410166262,31.22690410166262,30.70603856035195,31.18297576904297,300000
2016-05-03,30.982154233314905,31.063736433638606,30.411083618877306,30.881746292114258,323900
2016-05-04,30.78761142246929,30.900570641722286,30.423631184006556,30.58051872253418,356300
2016-05-05,30.643280786985432,30.731137441626707,30.304403067156844,30.674657821655273,332400
2016-05-06,30.45501194353296,30.894297584003606,30.436186202656007,30.881746292114258,375500
2016-05-09,30.90057958336079,30.938231071397688,30.58680441550906,30.806446075439453,418600
2016-05-10,30.94451480323321,31.27084133770522,30.850381274358853,31.23946189880371,425400
2016-05-11,31.05746963654908,31.289662608924072,30.637009633363004,30.649560928344727,197700
2016-05-12,30.743688468710936,31.252002650148665,30.687208849227382,31.01980972290039,358300
2016-05-13,30.89429254442073,31.11393652578405,30.66209966712923,30.70602798461914,239800
2016-05-16,30.75622926349323,31.27709699414608,30.718577789701023,31.126483917236328,605000
2016-05-17,31.019812365045325,31.019812365045325,30.266751505759927,30.44246482849121,320500
2016-05-18,30.273029025318653,31.107669720838715,30.16634422419704,30.618181228637695,373500
2016-05-19,30.367156621993743,30.699757492904617,30.160066281550037,30.455013275146484,406400
2016-05-20,30.63073559729084,31.038641917099795,30.3420605966347,31.026090621948242,629100
2016-05-23,30.988435617573803,30.994710067480923,30.64328341873413,30.68093490600586,160800
2016-05-24,30.869201631470027,31.30221291597148,30.63700866642331,31.270835876464844,274900
2016-05-25,31.42144637879353,31.42144637879353,31.057468414306637,31.05746841430664,387100
2016-05-26,31.057463635978213,31.39006451003087,30.831545157786113,31.226900100708008,491700
2016-05-27,31.16414856168528,31.36496447106583,31.14532281827913,31.352413177490234,315300
2016-05-31,31.39007048155832,31.622263453243136,30.818999728118534,31.00098991394043,617900
2016-06-01,30.931948603947248,31.27082627193111,30.825263829694286,31.22062110900879,452400
2016-06-02,31.195520002887555,31.440264198923803,31.03863245220647,31.427715301513672,713900
2016-06-03,31.39007048155832,31.408896227017575,30.931958988703524,31.00098991394043,438700
2016-06-06,31.16415139285961,31.283385101788078,31.013538250184187,31.132774353027344,332000
2016-06-07,31.151597720581634,31.333587889199404,30.906853477088873,30.938230514526367,500300
2016-06-08,31.000980611156372,31.226896670618654,30.888021384468225,31.164142608642578,546200
2016-06-09,31.088837718487753,31.23944842703895,30.812714096287134,30.982152938842773,394900
2016-06-10,30.611897181268812,30.812713048450707,30.27302190159559,30.411081314086914,471000
2016-06-13,30.360547451667117,30.701675357098793,30.29737383227075,30.322643280029297,451600
2016-06-14,30.322649533277378,30.430041093657117,30.14576818214478,30.34160041809082,347300
2016-06-15,30.385814851200262,30.385814851200262,29.90570738721031,29.912023544311523,443400
2016-06-16,29.690920746275566,29.981512158199756,29.50772086969536,29.8425350189209,235200
2016-06-17,29.842532454428408,29.842532454428408,29.488767455207856,29.596158981323242,554400
2016-06-20,30.01941663008218,30.27842244067079,29.96256157849799,30.126808166503906,670300
2016-06-21,30.221565816935215,30.480571614050124,30.221565816935215,30.259469985961914,670600
2016-06-22,30.253153445067653,30.34791266906526,29.91834169730988,29.94361114501953,344500
2016-06-23,30.208946984377782,30.392146949632792,29.981526670244424,30.120506286621094,361500
2016-06-24,29.059199989210285,29.52035656942501,28.926539002400677,28.94548988342285,969900
2016-06-27,28.585409923904674,29.059201248610275,28.515920144042152,28.876001358032227,963700
2016-06-28,29.18554723689694,29.32452439228542,28.9265413988848,29.141326904296875,766200
2016-06-29,29.482456405386348,29.659340155005186,29.394015735490687,29.5645809173584,573500
2016-06-30,29.65933386380258,30.259469952003236,29.65933386380258,30.240516662597656,686300
2016-07-01,30.177350580327115,30.884878319351564,30.177350580327115,30.758533477783203,678600
2016-07-05,30.56900943007062,30.69535423861437,30.259467179456546,30.613229751586914,633300
2016-07-06,30.41108273846139,30.960679951493546,30.02573210973034,30.948047637939453,649200
2016-07-07,30.80275251677064,31.023856582683088,30.638505916511296,31.004905700683594,672600
2016-07-08,31.25758792333839,31.977750241126433,31.124926951077843,31.958799362182617,824000
2016-07-11,31.826137629146018,31.826137629146018,29.400326379420772,29.956239700317383,6447000
2016-07-12,29.735138055775437,30.64481636983812,29.735138055775437,30.638500213623047,5256300
2016-07-13,30.948044820406686,31.409201337613673,30.790114407260724,31.301807403564453,3919000
2016-07-14,31.61766805898922,31.996702494387282,31.396566445710487,31.586082458496094,2721400
2016-07-15,31.61136638245995,31.636635838359904,30.865934302206895,31.45343589782715,2045500
2016-07-18,31.447101593196727,31.70610736199811,30.865918857282107,30.94172477722168,1755800
2016-07-19,31.4218509286313,31.573462847490983,30.411094360312077,30.695369720458984,3208500
2016-07-20,30.954364776611328,31.074391037799188,30.695358963649095,30.954364776611328,2168600
2016-07-21,30.967000306259997,31.099661294682104,30.455304823996876,30.897510528564453,1821300
2016-07-22,30.998580876870076,31.952481908769286,30.81538102176005,31.83877182006836,3367700
2016-07-25,31.9714280153207,32.0156483310128,31.605028359784512,32.003013610839844,2336400
2016-07-26,32.021977979179354,32.84321826767919,32.01566182134469,32.81163024902344,2249300
2016-07-27,33.241203795638825,33.2538385220931,32.855853073180455,33.058006286621094,2275100
2016-07-28,32.72950700810821,32.72950700810821,31.447110127862988,31.9967098236084,3845200
2016-07-29,31.889315328478656,32.16095588805551,31.068077492239784,31.592405319213867,2560300
2016-08-01,31.762966583229236,32.11041544913595,31.510279346910885,31.927215576171875,2493300
2016-08-02,32.00302312189865,32.10409850349464,30.28473922493963,30.543745040893555,4323800
2016-08-03,30.929101964425758,31.13757133681132,30.240525034461673,30.55006980895996,5842900
2016-08-04,30.543745865368514,30.600600919665162,29.86780378085686,29.949928283691406,3214100
2016-08-05,30.22788524009819,30.43635457753272,29.74777776301232,30.41108512878418,4350900
2016-08-08,30.651139475334585,30.6700903566133,30.057321900271685,30.183664321899414,9095800
2016-08-09,30.158395430687765,30.322642014609656,29.70987118608642,30.025732040405273,11691700
2016-08-10,30.02573353359748,30.442669785639698,29.829901336470307,30.057321548461914,7114100
2016-08-11,30.06363260730202,30.92277441365254,30.057316451296554,30.79011344909668,13485600
2016-08-12,30.828016776578075,31.56713237789495,30.66377020396705,31.52922821044922,8827900
2016-08-15,32.04093334007078,32.49577143817085,31.712437685437177,31.737707138061523,7445800
2016-08-16,31.5418650093283,33.02009389944677,31.409204029275546,32.65369415283203,8002800
2016-08-17,32.78242968353435,33.42606376132485,32.43057651862323,33.03988265991211,10455800
2016-08-18,32.79958897132338,34.06969297741125,32.765261039720315,33.85514831542969,7973100
2016-08-19,33.68352004000747,34.1040291191482,33.254430612746226,33.88948440551758,20905200
2016-08-22,33.812235455319914,34.7476501857338,33.692087710992375,34.62750244140625,6575700
2016-08-23,34.54168651108642,34.91928389317562,34.22416136538206,34.39579772949219,8249700
2016-08-24,33.7950656745026,34.438699462425454,33.734993449525064,34.34429931640625,11213000
2016-08-25,34.438703904214044,34.464448211470334,33.932378461462946,34.06968688964844,5994900
2016-08-26,34.1040312770487,34.30141203323485,33.82083066576461,33.940975189208984,3612500
2016-08-29,33.983870786702965,34.498779903890295,33.92379854741817,34.335723876953125,4896700
2016-08-30,34.41297595488838,34.46446787246679,33.906650223292885,34.29283142089844,3211100
2016-08-31,34.18126905567709,34.84206396450635,34.09544919669786,34.764827728271484,3550100
2016-09-01,34.7562385512276,35.18532791605757,34.66183836717427,34.97078323364258,1839800
2016-09-02,34.6875787374944,35.365540642527364,34.6875787374944,35.35696029663086,2627200
2016-09-06,35.40846070221585,35.68308096766432,35.10809939051205,35.65733337402344,2940300
2016-09-07,35.786055203642796,36.30954477479162,35.786055203642796,36.180816650390625,3134400
2016-09-08,36.103578830445954,36.421104043219515,36.04350658137237,36.12074279785156,2842900
2016-09-09,35.91478807998281,36.12075247031141,35.59726278218194,35.6058464050293,1289100
2016-09-12,35.45137869889344,36.40395472041691,35.33981450272293,36.318138122558594,2639900
2016-09-13,36.06067414544539,36.06067414544539,35.40845641374887,35.58867645263672,2444800
2016-09-14,35.588673246866485,35.683073431663274,35.27972837796501,35.468528747558594,1620300
2016-09-15,35.674492154105614,36.352454186090554,35.5457640257112,36.12932586669922,2324200
2016-09-16,36.120685052740484,36.18121741814206,35.645072196542415,35.913143157958984,1863600
2016-09-19,36.21579790209543,36.84706617372833,36.06878841485733,36.44063186645508,1342300
2016-09-20,36.57034282687505,36.665466022539135,36.215794833159535,36.380096435546875,1416100
2016-09-21,36.36279567569745,36.78652531275136,36.250377070150115,36.769229888916016,1587600
2016-09-22,37.020024951374765,37.469696273580034,36.78654157453166,37.40916061401367,1309200
2016-09-23,37.123783302139955,37.43509437952931,37.0546015966022,37.314029693603516,1189900
2016-09-26,37.35727761833716,37.806948940542426,37.20162203377509,37.40916061401367,1828000
2016-09-27,37.65130618718033,37.87614027552112,37.33999491196433,37.746429443359375,1594100
2016-09-28,37.92800026856632,38.04906494741478,37.59939378400261,37.97123718261719,1824500
2016-09-29,37.850174484845,38.10095321773688,37.521567983082036,37.599395751953125,1788100
2016-09-30,37.729117711919024,37.80694549711155,37.08055393490324,37.42645263671875,1879700
2016-10-03,37.17567386078221,37.383212403755785,36.88165817593159,36.96813201904297,1654000
2016-10-04,36.89030513657229,37.13243454217649,36.5184616643854,36.6395263671875,2325400
2016-10-05,36.717350552694455,37.22755410652908,36.345507116911655,36.46657180786133,2881400
2016-10-06,36.284983801999196,37.037320223739144,35.99096806561911,37.011375427246094,1565400
2016-10-07,37.07189699660576,37.08054635917447,36.215794833159535,36.380096435546875,1569200
2016-10-10,36.380107814038524,36.63953269322945,36.23310159204465,36.28498458862305,1064500
2016-10-11,36.18120267586944,36.18120267586944,35.54993448049132,35.75747299194336,1075800
2016-10-12,35.852609491194016,36.40605012550077,35.67965846828156,36.319576263427734,1148100
2016-10-13,36.0514866597263,36.276323883390965,35.818003373042984,36.01689910888672,1043000
2016-10-14,36.10338259709283,36.3541613756986,35.9996133192706,36.21580123901367,986800
2016-10-17,36.23307959009681,36.319553397728534,35.93041466585715,35.939064025878906,1197700
2016-10-18,36.20713721549639,36.3973835634491,36.05148171240136,36.06013107299805,1198700
2016-10-19,36.14662285347422,36.27633693678413,36.034204201190036,36.10338592529297,761500
2016-10-20,35.9996037880739,36.30226547607563,35.93042208866494,36.22443771362305,816900
2016-10-21,36.04283772904988,36.36279481552303,35.930419126161844,36.25902557373047,1071700
2016-10-24,36.656826762678854,36.656826762678854,36.181213952043684,36.59629440307617,684500
2016-10-25,36.466581951294806,36.56170517743314,36.00826455128247,36.11203384399414,619600
2016-10-26,35.939083063369395,36.24174484916939,35.89584283788421,36.05149841308594,916000
2016-10-27,36.267683443142154,36.31956973031257,35.420227211953424,35.6104736328125,1314400
2016-10-28,35.610469998702385,36.198501331561,35.610469998702385,35.800716400146484,1498800
2016-10-31,35.79207163650639,36.16391512414897,35.68830235818652,35.94772720336914,1128400
2016-11-01,36.06014121199223,36.18985196853238,35.714239263687595,35.800716400146484,1583900
2016-11-02,35.636417388916016,36.120679536946106,35.59318046291258,35.636417388916016,1026600
2016-11-03,36.88165245783099,39.251069698893204,36.56169203064083,38.38631820678711,4214800
2016-11-04,38.360390537026404,38.44686439788331,37.67723582045127,37.84153747558594,2051100
2016-11-07,38.429557307433306,38.46414816078864,37.79828907814244,38.2047233581543,2071500
2016-11-08,38.10094392369537,38.10094392369537,37.582091158197834,37.625328063964844,1314000
2016-11-09,37.78098937882208,39.32024919140665,37.659924704534916,38.93111038208008,2266400
2016-11-10,39.034897509350884,39.891003281959705,38.83600498210704,39.64022445678711,3794600
2016-11-11,39.59698475248306,40.24554858673911,39.398092239163155,40.167720794677734,1838200
2016-11-14,40.29741962330997,41.19676199828678,40.280127495775844,40.98922348022461,2074800
2016-11-15,41.13623064390441,41.54266492479141,40.582790184088715,41.43889236450195,1719500
2016-11-16,41.41296346175721,41.655092911833265,41.20542487562526,41.395668029785156,1357000
2016-11-17,41.404311902273136,41.62914589054965,41.07570533593123,41.11894226074219,1337300
2016-11-18,41.18812104938479,42.147995886226994,40.90275142815465,41.81938934326172,2065300
2016-11-21,42.398765540545824,42.80519980643401,42.2690547931188,42.761962890625,2184300
2016-11-22,42.78790479176619,43.073274376626905,42.62360319060609,42.779258728027344,1590000
2016-11-23,42.744673705480395,43.01274790066076,42.666845926154856,42.97815704345703,740700
2016-11-25,42.98678880392713,43.30674917844186,42.79654575014402,43.220272064208984,346600
2016-11-28,43.19434864486426,43.71319835220605,43.15975778470388,43.453773498535156,1473100
2016-11-29,43.574830759651945,44.68171170539533,43.401879787188186,44.32716369628906,1669300
2016-11-30,44.65577718800296,44.98438375712617,44.16286898370111,44.27528762817383,1859900
2016-12-01,44.500121618353326,44.53471247800123,44.18881047905407,44.27528762817383,1395700
2016-12-02,44.12827864684702,44.716310072764124,44.12827864684702,44.595245361328125,1034600
2016-12-05,44.69900686029376,45.11408721241962,44.69900686029376,44.863311767578125,1207600
2016-12-06,45.165974572801424,45.76265197472261,44.69036186413103,45.29568862915039,1561700
2016-12-07,45.37352307812661,45.7453665756792,44.95844265501893,45.070858001708984,3129300
2016-12-08,45.2264953791872,45.52916033384998,45.06219380866602,45.20055389404297,1835200
2016-12-09,45.226510237796575,45.442698148396715,44.92384848246267,45.18327331542969,1439900
2016-12-12,44.9584417423053,45.02762016203585,43.159756646588285,43.49700927734375,3313700
2016-12-13,43.5666163377421,44.50652560528899,43.5666163377421,44.40209197998047,1741700
2016-12-14,44.167121120527675,44.71540355366083,43.93214293489918,44.38469314575195,1452400
2016-12-15,44.3237826644265,44.80244055767208,44.193238093593,44.532649993896484,1909700
2016-12-16,44.81984672177563,44.845954307987796,44.35859499263361,44.532649993896484,3188100
2016-12-19,44.41080486636259,44.76762288819732,44.41080486636259,44.68059539794922,983300
2016-12-20,44.698010486756125,45.19407458398992,44.32378622815708,44.785037994384766,868000
2016-12-21,44.828531620310784,45.019996034990726,44.445606110836025,44.69799041748047,741100
2016-12-22,44.6283739692639,44.68929387239796,44.219340808204585,44.45431900024414,623600
2016-12-23,44.5587714678423,44.62839282088203,44.14103338994252,44.43693161010742,362100
2016-12-27,44.54135593233301,44.74152184507111,44.40210993565057,44.60227584838867,351800
2016-12-28,44.61096940440706,44.71540637341817,44.167123905710284,44.29766845703125,530600
2016-12-29,44.5413423279176,44.87205271398579,44.38469021451084,44.72410202026367,693100
2016-12-30,44.70670044855666,44.7937312537607,44.09749809167145,44.506534576416016,762700
2017-01-03,44.62837223769111,44.64577839789487,43.879923948357174,44.34117889404297,1175000
2017-01-04,44.48042562144555,44.924271094682055,44.28896117579397,44.689292907714844,1164700
2017-01-05,44.44562947239713,44.67190632138842,44.071405185123496,44.18454360961914,984100
2017-01-06,44.280255320027685,44.40209511146129,43.80159757373052,44.08879089355469,1074500
2017-01-09,44.03658323723684,44.11490931095851,43.42738413038619,43.497005462646484,1060900
2017-01-10,43.46219672912048,44.02788545496815,43.44479056464509,43.749393463134766,852700
2017-01-11,43.81030723953859,43.97566079905349,43.436083055475336,43.601436614990234,737400
2017-01-12,43.584040497809426,43.61884950736685,42.98353943450497,43.505714416503906,663300
2017-01-13,43.679772557249215,43.697178723219764,43.34906536346891,43.47960662841797,1298700
2017-01-17,43.314242591224435,43.34035017394403,42.83558476201172,43.009639739990234,663100
2017-01-18,43.02705469620511,43.48830977780612,42.835593517318195,43.357765197753906,682600
2017-01-19,43.72327860592208,43.940850645856266,43.061857745386106,43.2446174621582,649700
2017-01-20,43.28814578259323,43.46220080389271,43.11408744140703,43.21852111816406,491900
2017-01-23,43.17500650867639,43.314252514893205,42.644130072510215,42.88780975341797,488200
2017-01-24,42.905214690984614,43.21851902597552,42.76596868875384,43.053165435791016,618300
2017-01-25,43.444787066086086,43.51441171838085,42.97483394264105,43.20981216430664,681000
2017-01-26,43.18371131443922,43.41868959081602,42.93133019082289,43.11408996582031,445000
2017-01-27,43.00963384072036,43.13147695643338,42.7659542490652,43.122772216796875,535700
2017-01-30,42.95742257409102,43.0705609604171,41.96529463831738,42.31340789794922,1174500
2017-01-31,42.23508209914272,42.52227877703359,41.85215651517399,42.05232238769531,934100
2017-02-01,42.05232629933315,42.44395666021053,41.608480770262844,42.04362487792969,1185600
2017-02-02,41.98271032164136,42.91391856519542,41.82605815731577,42.72245407104492,1236700
2017-02-03,42.974830257366776,43.42738049881617,42.913910351776074,43.2446174621582,682700
2017-02-06,43.15759140106586,43.65365540292636,43.12277907675277,43.61884307861328,697600
2017-02-07,43.60144520339949,43.92345428466797,43.50571627317312,43.92345428466797,788700
2017-02-08,43.836411083781094,43.836411083781094,42.53097892138237,43.59273147583008,1239100
2017-02-09,43.37516437270312,44.384698560098144,43.20981080852055,44.22804641723633,793200
2017-02-10,44.38470268884384,44.60227476084797,44.001777037275644,44.24545669555664,670800
2017-02-13,44.35858566084727,44.66318516886455,44.19322879659305,44.37599182128906,545700
2017-02-14,44.23676565527339,44.52395913137887,44.02789495637994,44.43693161010742,609500
2017-02-15,44.30637816457698,45.0809342369045,44.2889719998196,44.92428207397461,730900
2017-02-16,45.06352124921549,45.307204199036946,44.70670322543025,45.26368713378906,836900
2017-02-17,44.941681027000534,45.26368672362394,44.81984121313686,45.21147155761719,629300
2017-02-21,45.063517928504986,45.84677856684517,44.38469425520064,45.82937240600586,698300
2017-02-22,45.785864484705805,46.2819285120917,45.58569858943484,46.2384147644043,1093700
2017-02-23,46.29063378948726,47.16962683746541,45.32461655877171,45.681434631347656,1855000
2017-02-24,45.724944682352074,47.108703109362814,45.4464527126292,47.065189361572266,1299800
2017-02-27,46.995575544204954,47.25666141102871,46.69097591955839,47.03038787841797,875800
2017-02-28,46.79540053114927,47.108704838559355,46.36025639749888,46.3863639831543,1021200
2017-03-01,46.86501195443277,47.648272557301546,46.61263093340667,47.59605407714844,1323300
2017-03-02,47.13481556403515,47.82234413777424,46.56042540214988,46.595237731933594,1132700
2017-03-03,46.5256145642156,46.952057318023776,46.46469464508395,46.72578048706055,772800
2017-03-06,46.33413946827948,46.59522523184291,46.21229634672331,46.273216247558594,715700
2017-03-07,46.04695650146451,46.39507316968949,46.00344274790803,46.1426887512207,853000
2017-03-08,46.09917109828155,46.19490333994007,45.7597592014096,45.872894287109375,769300
2017-03-09,45.916403224935124,46.29062741044345,45.72494208156958,46.064353942871094,624000
2017-03-10,46.24711618114303,46.32544225492661,45.61180616929231,45.959922790527344,711300
2017-03-13,46.213834874007865,47.27330579997621,46.170055856600065,47.23828125,838500
2017-03-14,47.21202514225847,47.27331979292257,46.75671921829646,47.00188446044922,517600
2017-03-15,47.30834321485968,48.1314037206077,47.22078515005188,48.04384231567383,958400
2017-03-16,48.03507308003613,48.03507308003613,46.94058090573755,47.05440902709961,840500
2017-03-17,47.308327009827494,47.54473771197952,46.94933372288365,47.23828125,1213200
2017-03-20,47.24704391040166,47.36087204750048,46.984366420279805,47.176998138427734,542700
2017-03-21,47.1419718818665,47.28206676088634,45.98618829492154,46.222599029541016,674800
2017-03-22,46.23136843890045,46.318929854163684,45.92491183579528,46.292659759521484,710800
2017-03-23,46.16130629197743,46.494029531715306,46.0036991404699,46.12628173828125,530100
2017-03-24,46.196335977224656,46.34518868766801,45.889879426497004,46.073753356933594,662400
2017-03-27,45.618444126171156,45.618444126171156,44.70782894334802,45.28572082519531,684600
2017-03-28,45.128120258467625,45.48711370222585,44.7691268147094,45.26821517944336,795100
2017-03-29,45.37327213467837,45.81106905094514,45.189398231476424,45.73226547241211,984200
2017-03-30,45.60968977913998,45.635956529254685,44.79538712432485,44.935482025146484,822100
2017-03-31,44.83914620251245,45.02302005174902,44.63776008094987,44.777854919433594,763000
2017-04-03,44.602749684085204,44.83040595641055,44.06864023928445,44.261268615722656,772800
2017-04-04,44.19122651572252,44.55897436139599,44.00734925276003,44.4013671875,687800
2017-04-05,44.550218734971295,44.91796657109559,43.72715832819197,43.73591613769531,822400
2017-04-06,43.797215760181366,44.02486874861126,43.63960856045055,43.823482513427734,630100
2017-04-07,43.84098791190003,44.55022019932792,43.700893016372696,44.331321716308594,931500
2017-04-10,44.39261228805145,44.71658110231151,44.14744371985063,44.32256317138672,602500
2017-04-11,44.191228775300694,44.672804791217516,44.11242518432332,44.65529251098633,705900
2017-04-12,44.62025234694225,44.63776462104944,44.15618877353839,44.436378479003906,763300
2017-04-13,44.27878132871347,44.58523784432578,44.21749002559101,44.34007263183594,686400
2017-04-17,44.383847383081815,44.93547239819223,44.25251032051994,44.900447845458984,693600
2017-04-18,44.91794887131479,45.11058052297436,44.75158729768793,44.97048568725586,556600
2017-04-19,45.031783596098734,45.52211726333422,45.031783596098734,45.303218841552734,621600
2017-04-20,45.53088128067078,46.1788222147048,45.42581095141208,46.056236267089844,575600
2017-04-21,46.047482624063896,46.17006523375227,45.57466112372967,45.71475601196289,641900
2017-04-24,46.24887227174085,46.362700420722085,45.92490344477594,46.34518814086914,676800
2017-04-25,46.686660620351944,46.89680459962848,46.459007704583826,46.537811279296875,799900
2017-04-26,46.56408214746999,46.89680875240237,46.34518368056391,46.7567138671875,1813800
2017-04-27,46.87930139134596,47.4309231809178,46.6604029014799,46.71293640136719,803200
2017-04-28,46.65164725200106,46.65164725200106,46.06500087525098,46.10877990722656,1206100
2017-05-01,46.21385122115108,46.96686261137635,46.03873508957637,46.83552551269531,886300
2017-05-02,46.93181457019756,47.03688820472801,46.730428447534194,46.896793365478516,538000
2017-05-03,46.66914627312146,47.07191859706231,46.310152968717645,46.93182373046875,1262200
2017-05-04,46.40646802653834,47.64105506118653,45.39953389368608,47.62354278564453,1711300
2017-05-05,47.93876108412195,48.37655798899978,47.17699540486962,47.69359588623047,1170200
2017-05-08,47.632299506118784,47.676078523911876,46.502782810382385,46.67790222167969,1577100
2017-05-09,46.739207216862134,46.826765278117165,45.83734315333079,46.0124626159668,1292500
2017-05-10,45.968674263562626,46.082502392212234,45.618435409313946,45.90738296508789,820100
2017-05-11,45.67098865111276,46.36270879975091,45.583430576149695,46.1438102722168,1099000
2017-05-12,45.98618993311737,46.380207838186195,45.79355821505584,46.11752700805664,782100
2017-05-15,46.231361389160156,46.72169521948474,46.18758235826756,46.231361389160156,2041900
2017-05-16,46.441491026530215,47.43966731821102,46.41522094403209,47.02813720703125,1879500
2017-05-17,47.028138154500404,47.028138154500404,45.592164980336264,45.76728439331055,1219700
2017-05-18,45.50461771581529,45.85485328454702,45.07557521947113,45.119354248046875,1058200
2017-05-19,45.3470074934187,45.74102540437305,45.09308446856751,45.627197265625,986700
2017-05-22,45.95116781933234,46.86178628386177,45.854851955182504,46.730445861816406,1846900
2017-05-23,46.95809832856942,47.96502923522202,46.87053694095262,47.86871337890625,1486200
2017-05-24,47.86870177492204,48.105112453990316,47.64980336913193,48.070091247558594,834000
2017-05-25,48.15767147506722,48.560443925773875,48.15767147506722,48.27149963378906,679300
2017-05-26,48.271491701937165,48.3327830065332,47.606038480429405,48.05259323120117,793300
2017-05-30,47.89498814176911,48.22771476694989,47.562261516588336,48.02632522583008,1003400
2017-05-31,48.33278825798315,48.7618274367713,47.62355593329385,48.64800262451172,6187100
2017-06-01,48.691777429508214,49.4010063525187,48.350296342114184,49.35722732543945,1057500
2017-06-02,49.287169609038344,49.61989280633028,48.89315178053489,48.98946762084961,899200
2017-06-05,49.077037684495345,49.182108017811494,48.81436018114214,48.92818832397461,779200
2017-06-06,48.901901439437424,49.07702082823399,48.84936796088562,48.97195053100586,1397900
2017-06-07,49.01574377010532,49.25215451258076,48.66550823098004,48.74430847167969,993200
2017-06-08,48.744300028202495,49.00698081220181,48.63922971867772,48.796836853027344,1012000
2017-06-09,48.91067085535136,49.02449898610598,47.851203144838095,48.48162841796875,1028800
2017-06-12,48.3502992427854,48.80560850000129,48.21020434365173,48.70053482055664,1266200
2017-06-13,48.81501699787215,49.079214504201445,48.52439738929244,49.04398727416992,1676000
2017-06-14,49.13205829723027,49.47551541201154,48.31304362685013,48.559627532958984,905200
2017-06-15,48.19854728341795,48.67410474509941,48.15451493165924,48.586036682128906,481600
2017-06-16,48.207367046651015,48.34827262091295,46.93040839020941,47.538063049316406,1703600
2017-06-19,47.705390509054745,47.784650109760086,47.141768174907455,47.49403381347656,727100
2017-06-20,47.57328872142112,47.89032709296896,46.86876087323359,47.009666442871094,1980400
2017-06-21,47.256239235568735,47.564469046828194,46.9568145505797,47.33549880981445,736000
2017-06-22,47.317893755205745,47.50283167540723,46.859949838906665,47.212215423583984,477600
2017-06-23,47.08011429844338,47.28266583085111,46.82472192127354,47.168182373046875,2310000
2017-06-26,47.256241542855726,47.7846364906574,47.256241542855726,47.30027389526367,1045400
2017-06-27,47.29147592463728,47.33550828370814,45.8912254056806,45.92645263671875,1051000
2017-06-28,46.09377636224663,46.11138997754303,45.41566729087645,46.04093551635742,2149700
2017-06-29,46.10258553769225,46.243491112980486,45.098632893831805,45.31879806518555,1200100
2017-06-30,45.477307063993386,45.68866705927829,45.29236916777732,45.521339416503906,1258400
2017-07-03,45.89122970694351,45.89122970694351,45.59180493396227,45.80316162109375,540100
2017-07-05,45.803136991124575,46.14659730206691,45.39803409241578,46.11137008666992,1147800
2017-07-06,45.8912221855885,46.190646909495435,44.86084758647067,45.08101272583008,1390600
2017-07-07,45.17788614259018,45.88241392004813,45.098626557660324,45.855995178222656,514500
2017-07-10,45.89122240695891,46.0761603186441,45.732703237099194,45.855995178222656,762000
2017-07-11,45.90003006782977,46.093776477119405,45.62702742868922,45.98809814453125,1388500
2017-07-12,46.42842518399796,47.03607975295573,46.12900046318108,46.754268646240234,957700
2017-07-13,46.80711194012714,47.009663473721965,46.22587608215179,46.3315544128418,650100
2017-07-14,46.36679681618632,46.965646485156086,46.25230996079234,46.88638687133789,725900
2017-07-17,46.88637753313049,46.97444226007574,46.44604717949628,46.7454719543457,1560200
2017-07-18,46.675016518386236,46.83353571116726,46.19945894004317,46.31394577026367,611300
2017-07-19,46.366787537392455,47.0801205595513,46.366787537392455,47.01847457885742,620400
2017-07-20,47.02727290107209,47.511635513011214,46.95681844725019,47.22101593017578,672500
2017-07-21,46.95682547759559,47.38835067322922,46.82472503662817,47.062503814697266,565800
2017-07-24,47.08010759405955,47.10652969240476,46.719036938236876,46.98323440551758,729700
2017-07-25,47.14176290217015,47.705385173277115,47.088925413912456,47.45880126953125,1104200
2017-07-26,47.55567649854727,47.79345528417447,47.018472948736246,47.09773254394531,759200
2017-07-27,47.24744788980191,47.30909387003388,46.780695434461926,47.02728271484375,663500
2017-07-28,46.895181208089035,47.52044948459462,46.83353522924786,47.20341110229492,556400
2017-07-31,47.115344662974984,47.19460425566468,46.6397871068368,47.062503814697266,715100
2017-08-01,47.28266491272229,47.4764113136343,46.912789084930424,46.95682144165039,784200
2017-08-02,46.9480307216004,46.9480307216004,45.829591048526076,46.032142639160156,1397800
2017-08-03,47.08891917797285,50.8317263958058,46.58694294927857,49.880611419677734,3108500
2017-08-04,50.171235330233486,50.171235330233486,49.44909390881475,49.484317779541016,2902000
2017-08-07,49.316987608969356,49.713285502717774,48.94711181443961,49.62521743774414,1096700
2017-08-08,49.607615243354665,50.44424016007495,49.484319932361274,49.898231506347656,1157000
2017-08-09,49.77494587632196,50.0391434288111,49.40506661527383,49.475521087646484,1159200
2017-08-10,50.27691995318578,50.34737106290843,49.36103201061344,49.73091125488281,1235600
2017-08-11,49.56357837358283,50.206460219870635,49.49312727124697,49.91584396362305,965300
2017-08-14,50.197651258201816,50.866951796818356,49.95106737967784,50.523494720458984,2034700
2017-08-15,50.50588538660418,50.78769651721534,50.46185302734375,50.46185302734375,977100
2017-08-16,50.54111042157076,50.66440236592388,50.268107790346996,50.382591247558594,598900
2017-08-17,50.232885087758675,50.37379065963996,49.220123980237425,49.264156341552734,1054600
2017-08-18,49.167296470369,49.22894246061404,48.73577117919922,48.73577117919922,878600
2017-08-21,48.71815190048628,48.8502523553559,48.480373097393446,48.709346771240234,653000
2017-08-22,48.832621314335825,49.25533791586105,48.65648855717041,49.23772430419922,612800
2017-08-23,49.18489154275152,49.66925754432671,48.89427530125988,49.510738372802734,900300
2017-08-24,49.60762155592665,49.6604590507651,48.903090269841925,48.92070388793945,488300
2017-08-25,49.202504010401185,49.537155960201495,49.09682568499971,49.19369888305664,820800
2017-08-28,49.369840821519034,49.49313278392962,49.00877006326488,49.22893524169922,436600
2017-08-29,48.94712204088889,49.88942869653589,48.94712204088889,49.863006591796875,684000
2017-08-30,49.722103200846306,50.6467962804162,49.58119762071617,50.49708557128906,578000
2017-08-31,50.76127324171565,51.53625546143478,50.611562561705234,51.36012268066406,1103800
2017-09-01,51.57148038257891,51.90612895567504,51.37773399645247,51.72999954223633,579700
2017-09-05,51.659552208911876,51.8621037498442,50.576340041602286,50.902183532714844,933700
2017-09-06,51.00785596367113,51.24563470840733,50.39139628411799,51.04308319091797,1735300
2017-09-07,51.05190002997669,51.10473752003831,50.69082929025566,50.81412124633789,431700
2017-09-08,50.67320561282734,50.76127031841444,50.197648139969395,50.29452133178711,702800
2017-09-11,50.77008346575509,51.00785886456062,50.453045121409744,50.55872344970703,917200
2017-09-12,50.664412146762935,50.91980457191458,50.45305544691301,50.796512603759766,510000
2017-09-13,50.655601545754465,50.655601545754465,50.30333593811606,50.32094955444336,477500
2017-09-14,50.19765745225094,50.382595383964,49.59000280828495,49.60761642456055,1102000
2017-09-15,49.58989226451998,50.08587757915766,49.38618014898345,49.953025817871094,1472800
2017-09-18,50.050466475528296,50.89187477051154,49.97961285396165,50.776737213134766,947700
2017-09-19,50.83872737933799,51.476423387434075,50.794440071866326,51.387855529785156,661900
2017-09-20,51.396706021816584,51.759839609093994,51.29042392712846,51.52070236206055,1528300
2017-09-21,51.591565384938434,51.77755991708175,51.56499570281718,51.60927963256836,597800
2017-09-22,51.449837879859025,52.45952601252358,51.308127324022706,52.10525131225586,769000
2017-09-25,52.096418161480834,52.220414536579746,51.38786503331006,51.883853912353516,643700
2017-09-26,52.078698926244215,52.33555046644908,51.9547025630136,52.016700744628906,685200
2017-09-27,52.47725575828004,52.83153394186231,52.14955063458709,52.636680603027344,612600
2017-09-28,52.300117109767235,52.68982379074019,51.98126741757016,52.17612075805664,567000
2017-09-29,52.167269999930205,52.610116083533526,51.99898632582655,52.45069122314453,599100
2017-10-02,52.43296741461281,53.54008242176829,52.43296741461281,53.50465393066406,740500
2017-10-03,53.43380425941778,53.77922362648698,53.03524215178133,53.0706672668457,550700
2017-10-04,53.265518891389384,53.717223725072984,53.07952437335355,53.362945556640625,584800
2017-10-05,53.88550908632421,54.868627886865184,53.637516372186795,54.49663543701172,1117300
2017-10-06,54.52320988142725,54.70920442174865,54.14236198725633,54.691490173339844,499500
2017-10-09,54.7446263749305,55.01918874583005,54.51434455178899,54.912906646728516,346600
2017-10-10,55.444319819650175,55.49746255785233,54.85090778030419,55.04576110839844,509400
2017-10-11,55.17861014951478,55.28489224200137,54.78890689129942,55.03689956665039,727500
2017-10-12,55.03690237328941,55.47089295593202,54.80662393138415,55.196327209472656,599200
2017-10-13,55.515186878345695,55.86946510669084,55.46204413049965,55.58604049682617,1066600
2017-10-16,55.47089845368689,55.763175096559245,54.966054215286846,54.983768463134766,457700
2017-10-17,54.91289618210632,55.444309954990736,54.673758970714424,54.75347137451172,463600
2017-10-18,54.89519994258197,55.03691055373622,54.381500244140625,54.381500244140625,623900
2017-10-19,54.2309110064661,54.51433212522894,54.05377196257777,54.487762451171875,495600
2017-10-20,54.744629163086856,55.21404488845252,54.5852043169915,55.07233428955078,938900
2017-10-23,55.16974904023318,55.3557435276108,54.700330037639446,54.71804428100586,479700
2017-10-24,54.718047697497724,55.01918309623611,54.21320355529611,54.239776611328125,631300
2017-10-25,56.15287785139818,56.40087054657154,55.23175729982987,55.568321228027344,1594800
2017-10-26,55.780883115559014,55.79859736142885,55.3203228588842,55.32918167114258,534100
2017-10-27,55.338044042269274,55.4797546483467,54.664919508063335,55.23176193237305,540800
2017-10-30,54.974901188389644,55.488604160970375,54.79776211582226,54.85976028442383,416500
2017-10-31,54.85091183405345,55.5063220937498,54.85091183405345,55.373470306396484,1071700
2017-11-01,55.65689239129245,55.77203331174556,55.24061601794854,55.64803695678711,818600
2017-11-02,54.691481423298654,56.79057391217085,54.07149634277075,55.6391716003418,1620000
2017-11-03,55.9757382902325,56.861426962447844,55.46203527898173,56.383155822753906,897100
2017-11-06,56.480585487274894,56.61343727476863,55.62146307116373,55.75431823730469,890300
2017-11-07,55.931449378313,56.08201539178924,55.160894930115475,55.426605224609375,856300
2017-11-08,55.515178922211376,55.70117344504544,54.71805471199811,55.10776138305664,1023500
2017-11-09,54.84204676853394,55.60374242564916,54.49662743069025,54.60291290283203,738200
2017-11-10,54.815478070136656,54.89519048634514,54.36377663071985,54.79776382446289,865900
2017-11-13,54.48776317497086,54.7003273275435,54.33719380313947,54.58518981933594,555700
2017-11-14,54.49663658456132,54.61177750939853,54.09807782234714,54.36378479003906,519300
2017-11-15,54.02720837877653,54.73576125555575,53.53121967570776,54.726905822753906,832800
2017-11-16,54.97490704533402,55.32032641538515,54.753484025696416,54.77119827270508,948900
2017-11-17,54.59405205353243,54.983758679549176,54.06263822724177,54.1069221496582,482300
2017-11-20,54.381483384877896,54.60290635732667,54.13348735825569,54.59404754638672,479000
2017-11-21,54.656063544587575,54.92177052250641,54.337213819625966,54.425785064697266,599300
2017-11-22,54.42577410405845,54.620624046680014,54.098069009909,54.115779876708984,384400
2017-11-24,54.32835038096706,54.42577704686914,53.90321860319646,54.301780700683594,177600
2017-11-27,54.15121995616358,55.063481830698834,53.982939656376246,54.52321243286133,1139200
2017-11-28,54.620624748007685,55.683455837937,54.567485389631706,55.61260223388672,630100
2017-11-29,55.479746670755986,55.896022994409094,55.17861125381165,55.258323669433594,611900
2017-11-30,55.34689449217682,56.43629524527422,55.27603751052162,56.30344009399414,791300
2017-12-01,56.09087805457276,56.39201010220003,54.70033845483067,55.196327209472656,811900
2017-12-04,55.648029206231946,56.2768697065931,55.25832256932897,56.20601272583008,990400
2017-12-05,56.206005895499956,56.70199118598017,55.84287235983564,56.09972381591797,1161900
2017-12-06,55.896028264859844,56.445156413895695,55.400039478817895,55.453182220458984,893500
2017-12-07,55.391176933116526,56.07316015937482,55.152039694404124,55.9580192565918,1140200
2017-12-08,56.321159690145045,56.89685751687637,55.82517090737822,56.79943084716797,747600
2017-12-11,56.675436095075796,57.10942668869958,56.604579108913924,56.94114303588867,658800
2017-12-12,56.861431754111656,57.171429403872,56.48944268315284,56.808292388916016,384400
2017-12-13,56.781729330961305,57.162577259650604,56.48944927369605,56.73744201660156,1134100
2017-12-14,56.82600389558916,57.17142324674995,56.276872404292924,56.569149017333984,564700
2017-12-15,56.89850354962742,57.726345026176574,56.72937592375278,57.503807067871094,1309800
2017-12-18,57.85986070240518,58.09130204678399,57.34357108468265,58.02899169921875,778700
2017-12-19,57.87766701539381,58.100204965269135,57.32577724614735,57.62842559814453,1121000
2017-12-20,58.17142977914571,58.18923662165398,57.619539905159435,57.88658142089844,1509900
2017-12-21,58.24263862592087,58.48297664883059,57.895479930984614,57.94888687133789,550100
2017-12-22,57.89547841598293,58.14471985286941,57.63733355883056,58.05570602416992,467100
2017-12-26,58.046793769573,58.26933170311283,57.58391785599039,57.67293167114258,518200
2017-12-27,57.61952682791398,57.81535451181625,57.42369235269269,57.53940963745117,709200
2017-12-28,57.61953939417592,57.75305675520108,57.16555999272889,57.699649810791016,476000
2017-12-29,57.80645897698907,57.939976311420125,57.45039690542824,57.47710037231445,506900
2018-01-02,57.583933600224555,57.74416122783441,56.854005854635034,56.9697265625,578100
2018-01-03,56.96971612492633,57.21895754636178,56.586950573059205,56.898502349853516,839000
2018-01-04,57.10325407040787,57.77086809276341,57.05874375238909,57.681854248046875,692700
2018-01-05,57.79756502279112,58.06461331802462,57.44150289291987,57.619537353515625,535700
2018-01-08,57.87767261634073,59.141693455357235,57.5483207650975,59.088279724121094,751800
2018-01-09,59.2663048748626,59.33751864445464,58.901339399192544,58.96364974975586,537200
2018-01-10,58.79454360586504,59.293026563573875,58.67881949688195,59.26632308959961,1397800
2018-01-11,59.34641302709566,60.049633694746845,59.097171634271156,60.03183364868164,1004600
2018-01-12,60.04074373431807,60.0941574671237,59.55116425762067,59.6668815612793,669400
2018-01-16,60.22767561134034,60.245475659621945,59.03486863688911,59.14168930053711,862000
2018-01-17,59.50664411589305,59.77369236184843,59.06156823351342,59.56895446777344,443000
2018-01-18,59.568971526991305,59.640185318482644,58.96366788195685,59.043785095214844,1335400
2018-01-19,59.10607916990708,59.782596419922946,58.92804474026129,59.76478958129883,547300
2018-01-22,59.666887494901985,60.022949653294525,59.319728758082476,59.75590133666992,407300
2018-01-23,59.72917075444269,59.827087973342714,59.239591451260324,59.58675003051758,622900
2018-01-24,59.69356820516557,59.835995730738574,58.58087862906977,58.607582092285156,777000
2018-01-25,58.705521222202286,58.91025916877474,58.3583624882357,58.67881774902344,702700
2018-01-26,58.83903243745598,59.23070140145146,58.22483231547672,59.00816345214844,1314300
2018-01-29,59.034871823852356,60.34339616107258,58.972561464523764,60.26327896118164,881800
2018-01-30,59.80040738932409,60.1297660508344,59.337531370342354,59.35533142089844,685700
2018-01-31,59.631269696290396,60.34339388286282,59.16839372894201,59.28411102294922,746200
2018-02-01,59.114981593249894,60.752857570481794,59.017064356424186,60.485809326171875,718700
2018-02-02,59.9873380272733,60.23657948109479,58.945861898953375,58.95476531982422,419100
2018-02-05,58.411769305906304,58.58979696688832,56.04396202518972,56.195289611816406,1468700
2018-02-06,55.465363866746,55.95494671280051,54.21914989891646,55.16271209716797,1707300
2018-02-07,55.15380427359844,57.45930094871519,54.92236630153268,57.23676300048828,1061800
2018-02-08,57.325776143932536,57.69963826261813,55.63448639913501,55.687896728515625,1450000
2018-02-09,56.15077872494363,56.346609817304426,54.21024747568846,55.74130630493164,844500
2018-02-12,56.239804214937756,57.61063912411372,56.230900793275595,57.272377014160156,777800
2018-02-13,57.040942616871604,57.56612904465154,56.58696318872018,57.52162551879883,386700
2018-02-14,57.30797132013063,58.60759215315162,57.29017127203747,58.509681701660156,585100
2018-02-15,58.883561289304154,58.92806481838966,58.25155412919034,58.821250915527344,796000
2018-02-16,58.75000878724327,59.506636330027476,58.536374293222366,59.123870849609375,718000
2018-02-20,58.874648114627156,59.59566900479937,58.6343100816765,58.95476531982422,1333000
2018-02-21,58.89246248129894,58.936966008699024,58.04681396484375,58.04681396484375,1736800
2018-02-22,58.63430938371386,59.00817155999578,56.19529163013629,58.527488708496094,1392800
2018-02-23,59.03486247921734,59.542248693813015,58.509676218196695,58.598690032958984,845000
2018-02-26,58.9458553150823,59.65797270484476,58.42956562336384,59.106082916259766,960400
2018-02-27,59.0793820325135,59.248506269646576,58.05570602416992,58.05570602416992,1260800
2018-02-28,58.31385321165088,58.38506020266414,56.35551834106445,56.35551834106445,1981700
2018-03-01,57.45930480161058,58.10911185086677,56.12407362705649,56.756080627441406,1156200
2018-03-02,56.275401686164194,57.95778815856812,56.06176374563455,57.85987091064453,670700
2018-03-05,57.672926029881324,58.936939738831946,57.53049850651433,58.68769836425781,1024900
2018-03-06,58.9636731525906,59.38204572584842,58.25155554798546,58.92806625366211,638000
2018-03-07,58.55418252466168,59.3909273642656,58.36725146734317,59.3197135925293,939600
2018-03-08,59.6223578578027,60.62822673276516,59.52444063734501,60.450199127197266,1563600
2018-03-09,60.832965112138616,61.87444778298192,60.80626164722547,61.79433059692383,1253700
2018-03-12,62.114794441423534,62.27502204461897,61.144532193581995,61.72312545776367,1101200
2018-03-13,62.114807316511296,62.40855911514474,61.473896770882334,61.687538146972656,2388000
2018-03-14,62.01840559378143,62.098894457097316,61.14201375747345,61.28509521484375,892900
2018-03-15,61.26722043624895,61.54444548609344,60.569682038043084,60.829017639160156,639300
2018-03-16,60.86478159811975,61.05257984776308,60.18513273926522,60.55178451538086,2622700
2018-03-19,60.44449323159823,60.54286475857136,59.29981381535906,60.0510139465332,770200
2018-03-20,60.16725209382887,60.67699222394385,59.98839854119494,60.43553924560547,628100
2018-03-21,60.45341663791388,60.9184467510227,60.18513633218966,60.40870666503906,730600
2018-03-22,59.827417756615404,60.09569804136036,58.97784646452832,59.00468063354492,595400
2018-03-23,58.78112505816432,59.35346466319653,58.09252449338019,58.14617919921875,824500
2018-03-26,58.906305681359406,59.165648050656856,57.645365901963984,58.691673278808594,913900
2018-03-27,59.040453213275605,59.308740354168805,57.341324063703375,57.681148529052734,792100
2018-03-28,57.69009255723574,58.15511586330543,57.162463005930846,57.466522216796875,1201300
2018-03-29,57.85999149166244,58.87053362441357,57.40391298751772,58.485992431640625,1008200
2018-04-02,58.29820507158513,58.60225746440029,57.41286159711065,58.020973205566406,788300
2018-04-03,58.26243064089331,58.59331036994509,57.877889391943135,58.4412841796875,1022700
2018-04-04,57.57383252056231,58.95102665809976,57.43969577244619,58.8168830871582,979100
2018-04-05,59.12988996052517,59.78271157649629,59.11200051133853,59.45183181762695,809500
2018-04-06,58.888426546126546,59.147768960827634,57.76163011534864,58.003089904785156,704200
2018-04-09,58.26242414314849,58.70956476309158,57.85105559153979,57.93153762817383,1635400
2018-04-10,58.655904390018435,59.04939032652535,58.25348055337239,58.87053680419922,608300
2018-04-11,58.58437268408627,58.95996921062825,58.03886051908831,58.181941986083984,555900
2018-04-12,58.566489502620406,59.031519671467755,58.31609179146841,58.7453498840332,366300
2018-04-13,58.83476828187012,58.83476828187012,58.05674108491862,58.3339729309082,1115700
2018-04-16,58.62907748623409,59.076218118247034,58.450223962558745,58.951019287109375,917800
2018-04-17,59.43393356618663,59.872129486801015,58.93313822834162,59.76482009887695,827400
2018-04-18,59.84530930660915,60.32822207857308,59.41605805785828,60.086769104003906,704600
2018-04-19,60.086774340423744,60.086774340423744,59.41606323582724,59.720115661621094,821400
2018-04-20,59.612783938448494,59.89895362971673,58.951010983846494,59.13880920410156,590300
2018-04-23,59.496528805866134,59.79164324758537,59.04044347073861,59.237186431884766,623700
2018-04-24,59.9257889165588,60.158297130846584,58.0925096113561,58.67379379272461,799700
2018-04-25,58.61119694181397,58.64696901238272,57.412856457647834,58.59330749511719,687400
2018-04-26,58.7900478998685,58.95996352193032,58.4412787556123,58.67379379272461,753000
2018-04-27,58.9689130251633,59.058339793509816,58.34291200108758,58.82582473754883,544800
2018-04-30,58.951024275498405,59.04939576869134,57.439693450927734,57.439693450927734,962500
2018-05-01,57.28766721272178,57.555954375489506,56.26818691072597,56.768985748291016,1755300
2018-05-02,56.47386928676147,57.144580307215115,55.35601758600541,55.48121643066406,1434300
2018-05-03,53.522730794130325,54.07718761857419,51.421171246866734,53.89833068847656,2643100
2018-05-04,53.48696639255759,54.05930588527444,52.35122871920464,53.773136138916016,1362500
2018-05-07,53.37965199566488,54.64058854953373,53.37965199566488,54.39913558959961,1392400
2018-05-08,54.02353330801743,55.47226806181131,54.02353330801743,55.02512741088867,2752100
2018-05-09,55.26659328164975,56.080389269904856,54.93571009822638,55.91941833496094,1732100
2018-05-10,55.946235855931114,56.545402651967336,55.946235855931114,56.41126251220703,1011300
2018-05-11,56.455981731219616,57.037262553125686,56.38443758681806,56.581180572509766,979500
2018-05-14,56.813691667605504,57.11774745553607,55.686898695517236,55.71372604370117,857500
2018-05-15,55.47226806181131,55.64218369246588,54.78367105002095,55.02512741088867,686800
2018-05-16,55.26658892931884,55.508045312719645,54.81944823666834,54.98041915893555,523600
2018-05-17,54.87309959002329,55.07878387394203,54.1755612870456,54.33652877807617,698200
2018-05-18,54.44384697881077,54.90887366827685,54.41701621981396,54.82838821411133,805600
2018-05-21,55.186095704158376,55.32023925764622,54.56009814023553,54.908870697021484,615000
2018-05-22,54.8373284262319,54.855214461400195,53.45119310910677,53.48696517944336,864100
2018-05-23,53.40647824129999,54.23816009072291,53.34387882565847,54.193443298339844,695200
2018-05-24,54.29181297244743,54.381243142818356,53.90727176838291,53.96092987060547,519100
2018-05-25,53.94305478058927,54.005654206843104,53.70159838871897,53.88939666748047,652300
2018-05-29,53.62111571933543,54.00565702145748,53.075603480910516,53.46908950805664,498700
2018-05-30,53.68369913509567,54.43489547662408,53.68369913509567,54.18449783325195,697800
2018-05-31,54.22027703294748,54.30970379979887,53.66582016194893,53.71053695678711,823300
2018-06-01,54.02353977594213,54.48856651794613,53.969881663298764,54.4080810546875,579100
2018-06-04,54.65847164349163,55.07878494262695,54.47067339080187,55.07878494262695,873900
2018-06-05,55.025135630832175,55.53487577611865,54.98042224134288,55.36496353149414,1482700
2018-06-06,55.37389481843175,55.686895311008605,54.89992683512193,55.391780853271484,647300
2018-06-07,55.454391455912315,55.51699429618596,54.399142478798964,54.58694076538086,429500
2018-06-08,54.56904094300135,54.846269351795165,54.37229798118559,54.81049728393555,834700
2018-06-11,54.90887272515704,55.23975584819315,54.72107106105488,55.07878494262695,828700
2018-06-12,55.266586805375034,55.651128059189226,54.7926187810326,55.338130950927734,1323100
2018-06-13,55.35602196813109,55.57064760127548,55.15033423686606,55.23081970214844,795100
2018-06-14,55.17688251579843,55.42858436462515,54.59257073338726,54.61054992675781,1127300
2018-06-15,54.48469622545941,54.48469622545941,53.67564971092122,54.09815216064453,1730400
2018-06-18,52.75873552240478,53.83746314823565,51.796870941910576,53.48687744140625,1974400
2018-06-19,53.127300423069094,53.60374048674291,52.97448241924319,53.48687744140625,1333900
2018-06-20,53.477891813833565,53.630709824102645,52.30926816955618,52.45309829711914,1158000
2018-06-21,52.336228013873985,52.52500437487065,51.79686257350918,52.06654357910156,1625300
2018-06-22,52.12948275891777,52.78570792618064,51.967673437764645,52.58794021606445,1138900
2018-06-25,52.6149047629319,53.18123735973273,52.20139359728456,52.902565002441406,1269500
2018-06-26,53.03740002008072,53.747562639962986,53.00144163774185,53.62171173095703,1600100
2018-06-27,53.792513372472925,54.01724813699209,52.62389328280938,52.63288116455078,984300
2018-06-28,52.51602311433727,52.87560014338952,52.30926752284548,52.722782135009766,1321500
2018-06-29,52.72277202379645,53.56777342207931,52.72277202379645,53.03739929199219,1307900
2018-07-02,52.66884271062697,53.46889797165903,52.66884271062697,53.379005432128906,1090200
2018-07-03,53.576774324133055,53.783533355403414,53.181242315246315,53.23517990112305,453900
2018-07-05,53.45092313290555,53.62172377278181,52.92054887643145,53.59475326538086,698200
2018-07-06,53.63070344437584,54.37682449991443,53.56777798537624,54.09815216064453,1143800
2018-07-09,54.313900578464285,55.194863943378955,54.06219871944903,55.140926361083984,686700
2018-07-10,55.14092075865343,55.51847350881618,54.91618599902885,55.07799530029297,814400
2018-07-11,54.66449051116356,55.45555448786073,54.628532122446224,55.23081970214844,671100
2018-07-12,55.293746518004305,56.219656189591156,55.28475863519584,56.14773941040039,695100
2018-07-13,55.93198930678861,56.24661660553285,55.878051728783724,56.120765686035156,428100
2018-07-16,56.246618849733196,56.5432703968257,56.00390488279765,56.174705505371094,348500
2018-07-17,55.77018163172871,57.3613042229764,55.734223245341305,57.15454864501953,1373500
2018-07-18,57.073653261387065,57.34333434473915,56.6421594130065,57.09162902832031,754600
2018-07-19,56.902837764452364,57.89167271762106,56.902837764452364,57.57704544067383,843300
2018-07-20,57.60403020845062,58.0714756123141,57.30737860261833,57.83774948120117,520500
2018-07-23,57.75682785304838,58.23326440181375,57.18150747057396,58.00852966308594,978400
2018-07-24,58.305188320832606,58.42204793030532,56.32752169144487,56.830928802490234,1217900
2018-07-25,56.77699123174363,57.46018341258716,56.56124434721492,57.30736541748047,1072500
2018-07-26,57.08264700286486,62.28750650534221,56.70509413326242,61.316650390625,2926100
2018-07-27,61.67621638186297,61.721166083255376,60.8851523892318,61.55036544799805,1165800
2018-07-30,61.82004586204633,62.02680489604569,60.192968102202656,60.7413215637207,1157600
2018-07-31,60.9750536110835,61.66723384584554,60.543559734739155,61.50542449951172,1047500
2018-08-01,61.61327534744186,61.73013493982973,61.13683880985161,61.6851921081543,966900
2018-08-02,61.07392656686571,62.34142717132721,60.87615886131652,62.20658493041992,800300
2018-08-03,61.89195028269735,62.647062627398746,61.66721552723486,62.55716323852539,672500
2018-08-06,62.575158941271155,63.07856270407068,62.20659057324873,62.638084411621094,750100
2018-08-07,62.92573782522235,62.92573782522235,62.431318570394005,62.727970123291016,676600
2018-08-08,62.880785950824475,63.90557595414063,62.44929903277605,63.761749267578125,784900
2018-08-09,63.725810584285256,63.986503821290185,63.411183180438975,63.501075744628906,955100
2018-08-10,63.23135611679874,63.62689140985125,62.93471150536859,63.42013931274414,433400
2018-08-13,63.581948169191215,63.94151822414964,63.078537747202894,63.17742156982422,790300
2018-08-14,63.375193660580614,64.27413257775197,63.35721789991543,63.878597259521484,546800
2018-08-15,63.71681636096531,63.86964125730935,63.21341253779733,63.483097076416016,561800
2018-08-16,63.9055569786933,64.13928299061324,63.56396269847098,63.64487075805664,651700
2018-08-17,63.74377769022529,64.56180874103114,63.501060281815995,64.47191619873047,892100
2018-08-20,64.53483162847724,64.87642597944358,64.17525465683039,64.2921142578125,766400
2018-08-21,64.50787795470504,64.99330593850215,64.2921276118874,64.71463012695312,770000
2018-08-22,64.40898193377082,64.75956760169959,64.06738071799171,64.13929748535156,887300
2018-08-23,64.121327995366,64.121327995366,62.26052432264908,62.50323486328125,2128500
2018-08-24,62.53019411987054,63.30328220204295,62.125674316613924,63.10551452636719,1037800
2018-08-27,63.32128345296962,63.82468724217564,63.20441696021661,63.72580337524414,558900
2018-08-28,63.91456726572991,63.91456726572991,63.18642880504259,63.28531265258789,525600
2018-08-29,63.32126507672021,64.2471711453182,63.105514779647855,63.9415283203125,564600
2018-08-30,63.75276347920567,64.07638212495688,63.57297839083788,63.83367156982422,641600
2018-08-31,63.73479404283926,64.10335556810135,63.28532441892413,63.61792755126953,967000
2018-09-04,63.64488144690183,64.13929376249254,63.186420654543866,64.03142547607422,925100
2018-09-05,63.950516359235806,64.00445050156476,63.50104688420133,63.58195495605469,877700
2018-09-06,63.501051406703674,63.9685035347127,63.159457050358924,63.779720306396484,478900
2018-09-07,63.66285101049147,63.66285101049147,62.53917741396461,62.77290344238281,963000
2018-09-10,63.177444978101576,63.41117108711124,62.45829774336973,62.925743103027344,825500
2018-09-11,62.71899695243725,63.53703507278474,62.60213730311467,63.114532470703125,818100
2018-09-12,63.06059830307164,63.447142507277896,62.84485477418259,63.114532470703125,763800
2018-09-13,63.24935916391653,63.81568835959666,63.1504753087144,63.71680450439453,849500
2018-09-14,63.83418781364103,64.42114256018098,63.725823439629025,64.26763153076172,1216900
2018-09-17,64.3308578879091,64.52049042110534,63.572327755124135,63.73487091064453,1219000
2018-09-18,63.680669241705786,64.02381964449293,63.22916135548152,63.427825927734375,686900
2018-09-19,63.4910376041106,63.5632805203425,61.44119480464206,61.80240249633789,834300
2018-09-20,61.992024795972235,62.27195743853438,61.17027726018166,62.08232498168945,1558700
2018-09-21,62.25390830795782,63.07564906187474,62.10942248032298,62.994380950927734,3340100
2018-09-24,62.750582294079805,63.003425681367794,61.251579259672916,61.40509033203125,1264100
2018-09-25,61.78435491722829,62.181684173758875,61.34187899302458,62.16361999511719,1194100
2018-09-26,62.23585815253471,62.732519685066265,61.26963135335378,61.35090637207031,793100
2018-09-27,61.25158389768675,62.00108891637605,61.18837304607838,61.793392181396484,856600
2018-09-28,61.71211119574497,62.57901263340258,61.576664304984824,62.45259094238281,1153600
2018-10-01,62.79573072458556,62.79573072458556,61.14320986327581,61.278663635253906,772400
2018-10-02,61.278640550604806,61.97395954693916,61.034822475001405,61.88365936279297,563400
2018-10-03,61.91979133898246,62.17263465335309,61.08901848048937,61.15222930908203,359700
2018-10-04,60.98063665987756,61.20639053875432,60.58330762842673,61.13414764404297,476900
2018-10-05,61.19739518131581,61.91077869342898,60.727829862812165,60.962615966796875,477700
2018-10-08,60.85424163106987,60.953573932339005,60.18601178663951,60.673641204833984,347400
2018-10-09,60.3937133507185,61.03485394503458,60.25826644939298,60.68267822265625,514400
2018-10-10,60.38468914583302,60.80007572550038,59.5990626578625,59.62615203857422,1314100
2018-10-11,59.35523443708635,59.67128860448491,58.370943584943255,58.47027587890625,994400
2018-10-12,59.508756699887996,59.508756699887996,57.756903428116864,58.76828384399414,866100
2018-10-15,58.19938379237166,59.86093696757994,58.19938379237166,59.49972915649414,688600
2018-10-16,59.942176180749485,61.12513136341253,59.40036817032364,61.070945739746094,557400
2018-10-17,61.01675810723324,61.31475488082136,60.547193070532686,61.13414764404297,1129000
2018-10-18,61.04387604720749,61.35993024769892,60.05055989303522,60.24019241333008,1056900
2018-10-19,60.4569236635187,61.495393531063876,60.4569236635187,61.01679611206055,765000
2018-10-22,61.061941136193056,61.4231420053131,60.36661499526054,60.62849044799805,1223600
2018-10-23,59.7796449558265,60.47497100030007,58.73215017965488,60.01443099975586,1050700
2018-10-24,59.86995744247132,59.906072016054175,56.53782653808594,56.53782653808594,1592000
2018-10-25,56.41139682972871,57.51307373795051,53.82877115002343,55.28262710571289,1876000
2018-10-26,54.37963081937344,55.62579056117728,53.65721518126141,55.29167556762695,1420900
2018-10-29,55.96892351997914,57.657562241729686,55.30972234458703,55.833473205566406,1903600
2018-10-30,55.86056122101122,57.052541871462516,55.72510746516044,56.99835968017578,899700
2018-10-31,57.54919811683717,59.003050701586936,57.48598728466248,58.49736404418945,1102600
2018-11-01,58.69603732671606,58.90373402862135,57.07963793359838,57.215091705322266,1442300
2018-11-02,57.53113886417357,57.78398564409656,56.08631488489399,56.34819030761719,1157700
2018-11-05,56.44752678605493,56.93515623673792,55.93280795857818,56.501708984375,985900
2018-11-06,56.66424957046363,57.99168408901038,56.18565223019082,57.35054016113281,999900
2018-11-07,58.00071243313729,59.355236239811106,57.63047261903689,59.28299331665039,900400
2018-11-08,59.129498561858966,59.66227476565114,58.85859097010503,59.445552825927734,1000300
2018-11-09,59.246872036977855,59.752558721726786,58.84954284783834,58.90372848510742,739300
2018-11-12,58.78634979113549,59.40040104666714,57.92848720728187,58.13617706298828,1058900
2018-11-13,58.38900420303546,58.62378334767856,57.928464221758475,58.208396911621094,817600
2018-11-14,58.59669853872808,58.89469542566632,57.07963162004568,57.15187454223633,879700
2018-11-15,56.889996043622354,58.32578787492349,56.889996043622354,58.109066009521484,982800
2018-11-16,57.802044699063714,58.72311780620002,57.72076969255711,58.41609573364258,957800
2018-11-19,58.1813110529549,58.244521886400335,57.32344531296848,57.71174240112305,1027200
2018-11-20,56.84485171505667,57.4859921786869,56.35722230128201,56.38431167602539,1018900
2018-11-21,56.5378198732036,57.57628597790819,56.36624466632013,56.926116943359375,667200
2018-11-23,56.456554682923716,57.4679315300094,56.384311757194304,56.79970169067383,182800
2018-11-26,57.242186502704776,57.765937461922555,56.772617746254205,57.612422943115234,1403200
2018-11-27,57.44084366855575,57.567265347180616,56.664249420166016,56.664249420166016,938500
2018-11-28,56.998365162412014,57.29636207605293,56.33916393964771,57.08866882324219,1211900
2018-11-29,56.862914434091024,57.160907900881405,56.00504860833038,56.05923080444336,1210900
2018-11-30,56.06826637059775,56.91710021277513,56.00505552302777,56.890010833740234,1831400
2018-12-03,57.63950049991861,57.76592216149067,56.104372942118076,56.5107307434082,1138700
2018-12-04,56.39334374139922,56.4114044727983,53.08830567947711,53.2327880859375,1450700
2018-12-06,52.61874111124483,54.44283378837988,52.085961549879976,54.415740966796875,1267700
2018-12-07,54.13580417974119,54.48797983144324,52.88061262327193,53.160545349121094,638100
2018-12-10,53.575941115354375,54.235142384224346,52.871586290544975,53.71139144897461,694200
2018-12-11,54.39767637116254,54.5873088731063,52.49231237470222,52.8986701965332,716900
2018-12-12,53.69333071554538,54.424774918132286,53.458548070430695,53.71139144897461,935000
2018-12-13,53.873923907043206,53.91907400928423,52.636793193032794,52.77224349975586,710700
2018-12-14,52.44537548341107,52.645133914191405,51.51014912784621,51.80070495605469,1033200
2018-12-17,51.52830346024183,51.982297323327664,50.175400224218805,50.40239715576172,1203300
2018-12-18,50.7837493037289,50.9835076941766,50.16631742752505,50.34791564941406,1389900
2018-12-19,50.33884685454425,50.83824295984339,49.14938494770163,49.476261138916016,860700
2018-12-20,49.28557881130077,49.87577229235497,48.232313056207715,48.69538879394531,1182500
2018-12-21,48.64090669853182,49.0131815620374,46.17117874725658,46.67965316772461,3625600
2018-12-24,46.189343679677854,46.67965797883935,45.744431546649025,45.88970947265625,656700
2018-12-26,46.216577290164764,47.61487577549893,45.69902455614726,47.56947708129883,762800
2018-12-27,46.93388319474351,47.7329133444721,46.28013440287304,47.72383499145508,1510100
2018-12-28,47.80556831354048,48.186921600818316,47.07917516190779,47.57857131958008,868200
2018-12-31,47.85096900499397,48.096126184287016,47.01561823143625,47.8691291809082,776900
2019-01-02,47.18812785161046,47.850958540883994,46.57069586034496,47.260765075683594,583900
2019-01-03,46.761373787404914,47.01560927437031,45.99866386280997,46.607017517089844,1005800
2019-01-04,47.36971978163281,48.92238148380776,47.36971978163281,48.468387603759766,1456100
2019-01-07,48.59551078933873,48.840667927719835,48.07795798510044,48.57735061645508,1376800
2019-01-08,49.067662494032916,49.367296672715426,48.39574998498642,48.949623107910156,577600
2019-01-09,49.249262599616905,49.8939331430281,48.486552665650535,49.54889678955078,935800
2019-01-10,49.394540331273916,49.86669096431851,49.103984496923964,49.85761260986328,406400
2019-01-11,49.55797233717504,50.42963973321642,49.30373341555588,50.3206787109375,510000
2019-01-14,49.930244314711516,50.62031343118115,49.73956426847944,50.23896026611328,820200
2019-01-15,50.2389647233027,50.53859888476834,50.002885964622195,50.29344177246094,453000
2019-01-16,50.48411735594655,51.02891208245434,50.030123482372574,50.19356155395508,613500
2019-01-17,50.18448110122269,51.39210295328976,49.93024565103977,50.919952392578125,739600
2019-01-18,51.47383475100029,52.00954777081091,51.12880182981311,51.64635467529297,1011200
2019-01-22,51.310390638686414,51.57370794010659,50.59308288694339,50.956275939941406,546100
2019-01-23,51.21959966337312,51.437518293453934,50.493210002602275,50.983524322509766,547900
2019-01-24,51.074311938432665,51.55554434698017,50.919955680482886,51.18326950073242,405500
2019-01-25,51.41935173041807,52.14574130093926,51.319472515027904,51.80070495605469,497200
2019-01-28,51.43751129557381,52.13665886765621,51.410269305707935,51.8370246887207,406300
2019-01-29,51.909660173224765,52.45445492420023,51.891503465520934,52.21837615966797,599800
2019-01-30,52.5270956081994,53.28980553887683,52.054944975412255,52.835811614990234,604900
2019-01-31,52.69052282318569,53.14451665337326,52.43628738666403,52.66328430175781,1161800
2019-02-01,52.84488754058705,53.82551250571261,52.545249921658055,53.698394775390625,972200
2019-02-04,53.71655632575549,55.142096847323515,53.71655632575549,55.133018493652344,1165100
2019-02-05,55.16933308518787,55.741366326317106,55.06945734415111,55.64148712158203,872800
2019-02-06,55.523450036959595,56.07731963239833,55.28737129190207,55.80492401123047,1316000
2019-02-07,55.57794511058473,57.05796653272005,55.26922904947122,56.94900894165039,1020400
2019-02-08,56.45868680706107,57.23047512165341,56.095490268606504,56.367889404296875,1077500
2019-02-11,56.54040226266191,56.70384034821233,56.09548670450829,56.24076461791992,1179700
2019-02-12,56.56763572835591,56.56763572835591,56.06824316216135,56.31340026855469,1073300
2019-02-13,56.54949125363846,56.849128954741225,56.30433407919965,56.49501419067383,1230500
2019-02-14,56.495007557810666,56.867282453725345,56.022853439921505,56.594886779785156,844800
2019-02-15,56.97622556256552,57.78433402432098,56.84002602833117,57.53917694091797,1653600
2019-02-19,56.204446331121986,57.03071509242113,54.23411099959413,56.57672119140625,2484200
2019-02-20,56.38603763897244,56.54947571034208,55.114856872839894,56.00468444824219,1579200
2019-02-21,56.13179841596888,57.82065606445208,56.00468069424617,57.1578254699707,1962500
2019-02-22,57.575508214095485,58.65601248584627,57.10335412642239,58.55613327026367,1255100
2019-02-25,58.9284139582396,59.20080616192162,58.61061959024508,58.71049880981445,1009800
2019-02-26,58.701410074261354,58.892086672589265,57.684461289115646,57.70262145996094,896800
2019-02-27,57.666306967302695,58.27466062938011,57.421153295271665,58.03858184814453,970400
2019-02-28,58.04766232820894,58.75589172819183,57.929622940312235,58.64693069458008,1076000
2019-03-01,58.95563544646591,59.23710938713815,58.32004689417516,59.00103759765625,1047900
2019-03-04,59.019205305107356,59.264358956012366,57.7026223401768,58.2020149230957,1192200
2019-03-05,58.09305523117596,58.27465347204573,57.58458084948026,57.729862213134766,857600
2019-03-06,57.620896091632225,57.74801380988316,57.12150357120439,57.23046112060547,1088500
2019-03-07,57.02163491598952,57.09427560481805,56.140889077985086,56.6856803894043,966800
2019-03-08,56.149956717346015,56.74922843102976,56.05915933733557,56.69474792480469,922900
2019-03-11,56.867279892190325,57.52102878745948,56.78556084731934,57.36667251586914,717400
2019-03-12,57.36666065513035,57.61181773905632,57.1578239089041,57.23046112060547,488100
2019-03-13,57.711710511955324,57.72078886666682,57.00347761499884,57.52103042602539,1149400
2019-03-14,57.63053539235463,57.79480322620126,57.21986580773805,57.256370544433594,653100
2019-03-15,57.26550674696858,57.66704848922293,57.155995995678126,57.33851623535156,1465500
2019-03-18,57.521028850618684,58.022960343888535,57.38414129168635,57.940826416015625,833800
2019-03-19,58.09596505600481,58.223728167352164,57.65791861083515,57.76742935180664,454900
2019-03-20,57.69442144071551,58.196349424934716,57.26549945429807,57.73092269897461,753500
2019-03-21,57.28374778845521,58.48837277694587,57.20161387091229,58.17809295654297,418600
2019-03-22,57.94993547596295,58.14158009635983,56.708802442622115,57.48451232910156,1012200
2019-03-25,57.24724897116655,57.648790675518406,56.891336452105,57.15599060058594,714000
2019-03-26,57.23811635615541,58.10508119676721,57.17423480961103,57.831302642822266,848800
2019-03-27,57.90431911802477,58.278483999308094,57.38413875822316,57.74005126953125,1564800
2019-03-28,57.94082577513881,58.296738298223445,57.657919253087165,58.159847259521484,415200
2019-03-29,58.45187884063084,58.83516816014328,58.205473590539185,58.48837661743164,779800
2019-04-01,58.86254376996264,59.28233782025589,58.55226393553297,59.21845626831055,929100
2019-04-02,59.181955317025974,59.28234161401671,58.03208382714054,58.07771301269531,993800
2019-04-03,58.479248608565214,58.707397980200476,57.92256358476988,58.11420822143555,1055300
2019-04-04,58.23285294101519,58.597889884921806,58.06858509780799,58.38799285888672,789500
2019-04-05,58.625268320607816,59.05419030988257,58.38799447456698,58.95380401611328,740400
2019-04-08,58.75302956189178,59.172823612240705,58.28760632890205,59.13632583618164,477300
2019-04-09,58.871669064014895,59.11806733548656,58.18721742995103,58.40624237060547,551100
2019-04-10,58.406248122020244,59.09982426798809,58.06858797482424,58.97206115722656,675400
2019-04-11,59.17282489849026,59.75689376663582,59.017684977882546,59.546993255615234,658900
2019-04-12,59.674760170269536,59.77514646943735,59.163707710918864,59.629127502441406,791700
2019-04-15,59.62912559508941,59.82077722378314,59.08156841150443,59.28234100341797,641400
2019-04-16,59.41009267289999,59.53785575904614,59.03593133849085,59.437469482421875,413000
2019-04-17,59.51048149576317,59.702126133182176,59.099815410231926,59.41009521484375,883600
2019-04-18,59.610874808957654,59.90290576174687,59.20020867498026,59.546993255615234,1267500
2019-04-22,59.31883944779517,59.89377338514983,59.18194842578694,59.68387985229492,879600
2019-04-23,59.90290647049153,61.326556511862094,59.76601543669039,60.696868896484375,815500
2019-04-24,60.779003781667846,61.10753950177695,60.67861748038075,60.71512222290039,565400
2019-04-25,60.861146307397895,61.089295745392256,60.377470612860776,60.587364196777344,904500
2019-04-26,60.605608630423255,60.943265278983674,60.58735277978556,60.73337173461914,718000
2019-04-29,60.99800685445365,61.372175130365434,60.77898542804209,61.025390625,1537000
2019-04-30,61.737232265062644,67.24932289318268,61.69159959764647,67.05767822265625,3289300
2019-05-01,67.63260186012897,67.86075123707919,66.48272705078125,66.48272705078125,1378700
2019-05-02,66.3184687428091,67.20368956648565,65.97168414657773,66.74739074707031,1365500
2019-05-03,66.74738576296194,68.10715419376521,66.4736037067294,67.94288635253906,903900
2019-05-06,66.81126730038928,67.81512323541978,66.68350419752541,67.63260650634766,1532000
2019-05-07,67.1762962073061,67.70560437848727,66.75650223233798,67.10328674316406,1473400
2019-05-08,67.02119298140569,68.0341772221838,66.79304350307854,67.68738555908203,1113400
2019-05-09,67.23105329164515,68.57257267354106,67.00290392635854,68.46305847167969,984100
2019-05-10,68.09803145839709,69.17489684227647,67.76036785950917,68.88286590576172,638700
2019-05-13,67.72388721043892,68.00679032258984,66.91167566178628,67.32234191894531,773700
2019-05-14,67.4409517603773,68.26229084343281,66.66524533404495,67.80599212646484,925400
2019-05-15,67.85163310227016,68.87374496500368,67.58697895131503,68.4904556274414,992300
2019-05-16,68.92851686136824,69.66771891720754,68.50872267147373,69.6220932006836,942300
2019-05-17,69.09276327643752,70.0418656134173,68.99237698369957,69.3482894897461,739600
2019-05-20,68.84636239242386,69.74070410527817,68.55433145071697,68.69121551513672,1009700
2019-05-21,69.2113947521606,70.07836660097549,68.97412440254398,70.02361297607422,1271600
2019-05-22,69.54907662430487,70.58943754616288,69.36655985163695,70.2426528930664,1342200
2019-05-23,69.76808993942848,69.89585305778505,69.04714389837405,69.47605895996094,1290000
2019-05-24,70.0327504934727,70.15139265889344,69.53994686516783,69.60382843017578,893400
2019-05-28,69.43042298594384,70.10574322061346,68.25317131583729,68.42656707763672,1552500
2019-05-29,68.30791664882142,68.71858967230084,67.76948750395407,68.26229095458984,1798500
2019-05-30,68.38094648857074,68.65472858579625,67.76037976908516,68.28968811035156,1571100
2019-05-31,67.66000094800977,68.90113452426021,67.48660513641678,68.7459945678711,1403600
2019-06-03,68.74599446409248,69.61295959561114,68.44483551680206,69.284423828125,1721700
2019-06-04,69.88671520564,71.26473235813543,69.62206110655097,71.18260192871094,1873800
2019-06-05,71.61153729528019,72.05870818543026,71.01834744198138,71.29212951660156,1057100
2019-06-06,71.10963161199034,71.91272227554337,70.96361955843427,71.82145690917969,1114700
2019-06-07,72.09521863086276,72.7066574216525,71.83969238770095,72.47850799560547,772100
2019-06-10,72.82529190121397,73.00780863778155,72.07696214117941,72.25035095214844,1232800
2019-06-11,72.5880222948234,72.77053905080533,71.36513774952716,71.48377990722656,1234900
2019-06-12,71.54766519007873,72.32337188720703,71.21912944216608,72.32337188720703,861200
2019-06-13,72.70819782244037,72.79066822425528,71.34291664389944,71.85604095458984,887300
2019-06-14,71.69112098034711,72.40583197699694,71.26962493080478,72.24089813232422,1068600
2019-06-17,72.2042379731598,72.65322174209084,71.45287438420007,71.70027160644531,1304200
2019-06-18,71.97517105683252,72.67155211993351,71.6544613408205,72.04846954345703,1134500
2019-06-19,72.01181680474723,72.26838597571586,71.47120463806657,72.04846954345703,1316500
2019-06-20,72.65322360092375,73.0655546454801,72.22256269303917,72.99225616455078,980800
2019-06-21,72.50663830200551,72.9922819808453,71.90188542337772,72.31421661376953,1802100
2019-06-24,72.36916756931107,72.90977964866391,72.14009323247465,72.35083770751953,1159700
2019-06-25,72.60743852380027,72.85484285421904,72.30506555110732,72.50664520263672,1065300
2019-06-26,72.72653107521647,72.8731350319065,71.79190376198787,71.93851470947266,1192300
2019-06-27,72.21340356159297,73.02890777533781,72.14010507477627,72.74485778808594,810600
2019-06-28,72.89145867209335,73.42290583436257,72.63488953590146,73.16634368896484,1897300
2019-07-01,73.881044846848,74.09179629057097,72.80897874074486,73.45954895019531,968800
2019-07-02,73.395438015556,73.6703300980681,73.05641237002659,73.43209075927734,587100
2019-07-03,73.70696423189149,74.65991435565293,73.45040208141616,74.58660888671875,428200
2019-07-05,74.23841147217723,75.15470886230469,73.8260804429376,75.15470886230469,598000
2019-07-08,74.98061500479874,74.98061500479874,74.25673924804525,74.59577178955078,542000
2019-07-09,73.65199272823156,74.81569450275656,73.35877779912522,74.69657135009766,808900
2019-07-10,75.0997492240119,75.59455075878307,74.2750799993933,74.67825317382812,849300
2019-07-11,74.80653644804728,75.13640414747059,74.16513091627752,75.08142852783203,756700
2019-07-12,75.25551109113437,75.55789094365527,74.69656905736971,75.53040313720703,686700
2019-07-15,75.82360702853138,75.82360702853138,75.18220166871643,75.44792175292969,438200
2019-07-16,75.3471639880073,75.74117228408309,74.90733800997977,75.17306518554688,634600
2019-07-17,75.23718829366773,75.42960992979636,73.97270026019592,74.00934600830078,615400
2019-07-18,73.91771406110566,74.4583331950911,73.45040739214944,74.18344116210938,768000
2019-07-19,74.54997415977442,74.74239581911031,72.89147772159653,72.9281234741211,959700
2019-07-22,73.16634252282068,73.4870451994564,72.85480477717286,72.9189453125,737100
2019-07-23,73.41375308466678,74.09181122984421,72.91895163036067,74.06432342529297,690600
2019-07-24,73.89937966326619,74.97144584127453,73.79858639961135,74.76985931396484,752100
2019-07-25,74.87067599321448,74.87067599321448,74.27508115556354,74.35755157470703,940100
2019-07-26,74.44000687612596,75.58537875010352,74.44000687612596,75.53040313720703,951700
2019-07-29,75.65867085692736,77.26219119711118,75.34713311784414,76.34589385986328,1157800
2019-07-30,73.90855615487227,77.85779595308874,73.30379647834442,77.31717681884766,1467500
2019-07-31,77.32634172679113,77.6653743020842,74.36670485974314,75.22801971435547,1715900
2019-08-01,75.57622586267571,78.3159536110278,75.50292038004798,76.42838287353516,1446000
2019-08-02,74.76987835639547,75.3837960344324,73.34045642167177,75.00811767578125,3358200
2019-08-05,73.8719216706103,74.23843515092732,71.78275708250216,72.36919403076172,2005800
2019-08-06,72.8364952478491,73.5420483242002,71.91103969275417,73.34046173095703,1938100
2019-08-07,72.84564239606358,74.3850222885933,71.98432061369746,73.82608032226562,2046600
2019-08-08,74.47665564629499,77.0148034986223,74.40335017247588,76.87735748291016,34119300
2019-08-09,76.10768127441406,76.69411121656307,75.16389580473039,76.10768127441406,1565500
2019-08-12,76.23594977558243,77.33551097830811,75.67700773712579,76.0985107421875,1438600
2019-08-13,75.90606422327542,77.42712108176435,75.81443589234328,77.21636962890625,1737000
2019-08-14,76.43753343267008,77.01480531411029,75.43877254382102,75.88775634765625,1726000
2019-08-15,76.05271643609473,76.4650476445498,75.51210409652931,75.97025299072266,1013500
2019-08-16,76.56583017021393,77.0972844903724,76.501689613698,76.80406951904297,1361300
2019-08-19,77.88528217370664,78.4533891015421,75.51207516658337,77.95858764648438,1507800
2019-08-20,78.00441097463352,78.39841921622079,77.33551765174083,77.399658203125,1339200
2019-08-21,78.31595588408489,78.38009643554688,77.77533667250886,78.38009643554688,815600
2019-08-22,78.67329901162712,78.67329901162712,77.52792720792978,78.39840698242188,1094400
2019-08-23,78.04106154657161,78.66414416731611,76.11683806776512,76.42838287353516,1340400
2019-08-26,76.82238581592736,77.27137666387615,76.25428578996107,77.24388885498047,1498400
2019-08-27,77.7661767866674,78.03190391916831,77.09727648888291,77.91278076171875,1310100
2019-08-28,77.49127755760043,78.73744268891836,77.09726936180438,78.5450210571289,1241400
2019-08-29,79.08563409909321,80.20351815505641,79.08563409909321,79.90113830566406,1000700
2019-08-30,80.47841333584799,80.89990935864793,79.6170914248942,80.0477523803711,1119900
2019-09-03,79.54379526652954,79.92864558531166,78.79243148726334,79.12229919433594,1553000
2019-09-04,79.8278315273489,80.50588964187199,79.73619619526136,80.28598022460938,687200
2019-09-05,81.165619162693,81.53213949282242,80.66165283491581,81.38552856445312,775500
2019-09-06,81.54130318099467,81.5504681123623,80.13936928590475,80.28598022460938,962300
2019-09-09,80.43260835547018,80.66168277297416,77.11561526412227,77.81199645996094,1695800
2019-09-10,77.54626112554608,77.54626112554608,76.32759066584408,76.95983123779297,1719100
2019-09-11,76.87737386111027,78.10520935058594,76.35508448276975,78.10520935058594,1283300
2019-09-12,78.70080312214233,79.76371173177537,78.42591103598312,79.12229919433594,1120500
2019-09-13,79.36147849995297,79.83984072893897,78.77273038614798,78.94751739501953,1021100
2019-09-16,78.68070385871889,79.70181493731752,78.48752163012291,79.38904571533203,844000
2019-09-17,79.54545670341554,80.04221417814078,79.159092118106,79.75703430175781,1001000
2019-09-18,79.63744480917687,80.63095972794346,79.48106015115714,80.5849609375,723500
2019-09-19,80.76894829968535,81.18290933595279,80.20779675016641,80.37338256835938,937300
2019-09-20,80.71376267301613,81.06333669481562,79.33388294931811,79.41667938232422,3708700
2019-09-23,79.09467358802111,79.37984635788328,78.19314948235152,78.82789611816406,1122000
2019-09-24,79.39827090664404,79.99622014429092,78.49675348730132,79.12229919433594,1126300
2019-09-25,79.2694838731522,80.21700010107136,78.6163416870956,80.06981658935547,1047900
2019-09-26,80.1342002153715,80.43777538028813,79.32467346069032,80.15259552001953,758100
2019-09-27,80.51136216347025,80.51136216347025,77.57682334422302,78.21156311035156,874500
2019-09-30,78.21156930723369,79.40746771698107,78.17477869568694,79.00270080566406,848500
2019-10-01,79.22347962279241,79.44425836482066,77.73320732263502,77.99078369140625,680200
2019-10-02,77.27323781078678,77.34683305502949,75.53459052151838,76.31652069091797,971600
2019-10-03,76.37173545603285,76.76730123392716,75.54381328603009,76.35334014892578,690800
2019-10-04,76.76729077179401,77.10766356354908,76.1233498343437,76.93287658691406,2912900
2019-10-07,76.93288748062466,77.7148248962323,76.78570396769331,77.08927917480469,1039800
2019-10-08,76.48213052502817,76.48213052502817,75.27703785002979,75.2862319946289,1110700
2019-10-09,75.85658328122987,76.21535142953157,75.17584461758447,76.07736206054688,1007900
2019-10-10,76.14176194767623,76.97889236959283,76.12336663901527,76.39934539794922,1384600
2019-10-11,77.00648573735727,77.53083974344781,76.46373642334737,76.50053405761719,1066200
2019-10-14,76.78569584242885,76.93287933978563,75.68178802931766,75.85657501220703,710500
2019-10-15,75.98538541624976,76.86850771383376,75.62661720218226,75.64501953125,1301400
2019-10-16,75.21263502747236,75.70019133508892,74.58708936412297,74.82626342773438,1298100
2019-10-17,75.10226237990123,75.34144352640416,74.42152359816586,75.16665649414062,1206100
2019-10-18,75.00105062485267,75.24943286955977,74.43070491324266,75.08384704589844,1254600
2019-10-21,75.2034250405347,75.2034250405347,74.14551612863336,74.36629486083984,1238600
2019-10-22,74.40310634046484,74.6146909696158,72.74725501293793,72.94043731689453,1008700
2019-10-23,72.76565149255205,73.72236888358913,72.66445975764414,72.89443969726562,803300
2019-10-24,73.06001837276293,73.66716872269402,72.48967267020593,73.63037109375,716300
2019-10-25,73.39117668362249,73.87873289631544,72.99561101736484,73.57516479492188,769900
2019-10-28,73.9799464496651,74.53189690970007,73.79596530246376,74.33871459960938,1148600
2019-10-29,76.9052564405314,79.80300380365811,76.08652877854445,79.47183227539062,3096400
2019-10-30,79.95022433789669,80.32738776456779,79.39826690424287,79.74784088134766,1195800
2019-10-31,79.86742575205123,80.90693245620481,79.22348478813842,79.32467651367188,1186900
2019-11-01,79.3338731573989,80.09740819469468,78.3955581492071,78.49674987792969,936100
2019-11-04,78.64391282149269,79.11307371215499,78.16555778948123,78.91069030761719,1225800
2019-11-05,78.97507331494273,79.32464715319038,76.132525945517,76.51889038085938,1368700
2019-11-06,76.45453219254371,78.46915872278812,76.05896641305351,78.3127670288086,1302600
2019-11-07,78.80950774373433,79.39825570606085,78.45073967351752,79.11308288574219,940500
2019-11-08,78.90150978413206,80.21699523925781,78.84631684788759,80.21699523925781,962100
2019-11-11,79.48106569336744,80.95293585060136,79.48106569336744,80.64936065673828,1131500
2019-11-12,80.4837752690387,81.94645129034939,80.4837752690387,81.8820571899414,954400
2019-11-13,81.80845563479645,82.96755637141884,81.50488046260939,82.3236083984375,779800
2019-11-14,82.44321396681241,83.23434554634706,82.13043758915799,83.19754791259766,492700
2019-11-15,83.58388027333575,84.13583052964478,83.17911347677592,83.74026489257812,814200
2019-11-18,83.30790678907914,85.01895760237606,83.30790678907914,84.07144165039062,846600
2019-11-19,84.40261946291757,85.01896388247444,84.27383128624686,84.3658218383789,994600
2019-11-20,84.0438531675043,84.51301411722095,83.4919028246532,84.31983184814453,667300
2019-11-21,84.22783387827204,84.6233995754945,82.81115689329926,82.83876037597656,716200
2019-11-22,82.86637004435005,83.11474528058766,80.87934008072719,81.41289520263672,1120500
2019-11-25,81.57847576786426,82.8939611630195,81.48648520550705,82.82036590576172,1005900
2019-11-26,82.81116081132154,83.4919063809826,82.7927655070957,83.44590759277344,897300
2019-11-27,83.69429016113281,83.75868425383058,83.02274575005927,83.69429016113281,529800
2019-11-29,83.64828713388896,83.88746818825868,83.14232856088174,83.56549072265625,278800
2019-12-02,83.38152257478163,83.46431899888293,81.6980678085032,82.65478515625,763200
2019-12-03,81.61527659632698,82.61798569666418,81.31170141205908,82.4800033569336,1127400
2019-12-04,82.59957239057135,83.49189542466718,81.98322801265545,82.55357360839844,824900
2019-12-05,82.71917629854288,82.94915621953645,82.25002231298575,82.74677276611328,523100
2019-12-06,83.2251450167116,83.57471201234489,82.17643701138061,83.41832733154297,727500
2019-12-09,83.33551665314936,83.77708116758103,82.86636269095118,82.88475799560547,934100
2019-12-10,82.99514868841098,83.24352389605313,82.33280544345898,82.46159362792969,471200
2019-12-11,83.81388404749784,84.75219904912338,81.98324581797951,84.70620727539062,1395800
2019-12-12,84.54060847222473,84.54060847222473,83.17912444329501,83.88746643066406,1218000
2019-12-13,83.6566151637947,84.98625900600798,83.13029898370105,84.80158233642578,573800
2019-12-16,85.35559773587556,85.41099720949315,84.39530027323798,84.61690521240234,1403300
2019-12-17,84.5984642490826,84.98627476005232,84.01674143793207,84.5153579711914,586600
2019-12-18,86.2974473135467,88.73512343667682,86.20511248435308,88.3473129272461,1944700
2019-12-19,88.12570802085082,89.1506408287776,87.12847495724166,88.90132904052734,1337500
2019-12-20,89.78774823266006,90.51720529626792,88.89208567298084,90.49874114990234,2215000
2019-12-23,90.84962714505632,91.09893894130407,89.7785304104732,90.32331085205078,731500
2019-12-24,90.09245847605366,90.80344434065483,90.09245847605366,90.51720428466797,249500
2019-12-26,90.4433376219243,91.19126590140597,90.4433376219243,90.97888946533203,509700
2019-12-27,91.14509903228503,91.1543346285338,90.09246649019238,90.70188903808594,595900
2019-12-30,90.60953766588683,90.69264393402158,89.6861753892948,90.55413818359375,608600
2019-12-31,90.2217339491183,91.14509629477874,90.09246378430149,90.387939453125,625600
2020-01-02,90.8957985725282,91.08046823802687,90.32331133796846,91.06200408935547,793600
2020-01-03,90.06476905572988,92.21620513163381,89.94473448020113,91.85609436035156,1031000
2020-01-06,91.41285933072056,92.74250317528788,91.11738370356058,92.66863250732422,799500
2020-01-07,92.2531398417125,93.04722501664087,92.05922754032164,92.3270034790039,483900
2020-01-08,92.32698548012264,93.33345395307855,92.16078000040032,92.2161865234375,1058400
2020-01-09,92.19771927929459,93.68433306578511,92.1053844632078,93.33345794677734,762700
2020-01-10,93.69360118494224,93.8413355330256,93.1949845513534,93.27808380126953,533800
2020-01-13,93.63817798680148,94.01675288177093,93.10262614055634,93.39810180664062,869600
2020-01-14,93.67508919622263,93.78589519255596,93.01027435230547,93.065673828125,604500
2020-01-15,93.37039133643168,94.57075800993567,93.03798036969033,94.31221771240234,898800
2020-01-16,94.74622032728003,94.81085541615253,93.77668694949612,94.45074462890625,592700
2020-01-17,94.56153952636555,95.54030134113444,94.28452800969355,95.4664306640625,683100
2020-01-21,95.04168914255378,95.74344651713004,94.96781846213611,95.35562896728516,631300
2020-01-22,96.03892225721849,96.36209767838841,94.32146768220596,94.616943359375,932600
2020-01-23,94.6907924479669,94.94933272594918,93.78589443033472,94.76465606689453,791000
2020-01-24,94.91243235030257,95.06016668726248,93.42581815969159,93.83209991455078,625300
2020-01-27,92.47475335518453,93.60125670274955,91.68989665973734,93.04723358154297,604100
2020-01-28,93.50889488941333,94.9308736443569,93.22265483724183,94.46919250488281,511700
2020-01-29,94.78313483935234,94.98627565821992,93.88747234417876,94.0259780883789,546900
2020-01-30,93.50890399516489,94.82931246442787,92.82561781472054,94.71851348876953,531400
2020-01-31,94.70926187444144,94.86623175987306,92.68709637433491,92.77020263671875,900800
2020-02-03,93.87825464189011,95.37410428390027,93.47197997141645,94.60771179199219,928400
2020-02-04,95.28176462636847,98.1072512068223,95.28176462636847,97.23928833007812,914800
2020-02-05,97.45167580266781,98.56894354455397,96.87918853592015,98.45813751220703,822100
2020-02-06,104.52462851882586,104.52462851882586,101.31133107647315,101.5329360961914,1168200
2020-02-07,101.08047354887532,102.45628142297035,100.74806255256176,101.67142486572266,985200
2020-02-10,101.58832660441605,102.53016018313205,101.43135668952871,102.1238784790039,805200
2020-02-11,102.5209425576569,103.79518738225909,102.45630746109717,103.5458755493164,715000
2020-02-12,103.52737809585403,103.71204772813618,101.65294680918508,102.49320983886719,1075200
2020-02-13,102.0130766198452,104.48768802612688,102.0130766198452,104.43228149414062,879100
2020-02-14,104.94013304626229,105.03246787281573,103.73052357091635,104.16450500488281,1150900
2020-02-18,107.9410607084416,116.19591537174871,107.9318251123768,113.7767105102539,2204800
2020-02-19,114.49693055253857,114.82010596370743,110.53570525499454,111.10819244384766,1593200
2020-02-20,111.24669199160105,112.88104014806667,109.15065564464035,110.1294174194336,1077600
2020-02-21,109.68620497234382,109.83393927240162,106.65757785186058,108.23652648925781,1136000
2020-02-24,105.36487883307913,106.51908177617685,103.9705997053023,105.10633850097656,1229400
2020-02-25,105.19868260813315,105.69729916890289,100.64650551717403,100.7850112915039,1291100
2020-02-26,101.56986186747778,103.25961671472739,100.93273957055183,102.32701873779297,1233100
2020-02-27,100.35103797670182,100.61881395025394,96.98076340263145,97.05463409423828,1761100
2020-02-28,95.14325282549416,95.38332899749288,92.4655007300025,94.78314208984375,1684800
2020-03-02,96.28822606937402,101.63449499555723,95.04168828848474,101.62525939941406,1437600
2020-03-03,103.99828590944921,104.99551881318477,100.62801939012896,100.9511947631836,1741500
2020-03-04,102.63173032357649,104.15527966512163,100.11094791723498,103.72129821777344,1027500
2020-03-05,101.26516303915696,102.49323684706069,98.52277530447603,99.32610321044922,885500
2020-03-06,95.78962239748051,98.21807024610075,93.90596207925407,97.58094787597656,1250800
2020-03-09,91.02508313038857,94.70929778339826,89.07678755932966,90.05554962158203,1810300
2020-03-10,92.71482965148061,94.95859370657966,87.63633603047529,94.91242980957031,1469800
2020-03-11,92.07771460145489,92.63173072244507,88.03338212436243,90.46183013916016,1424400
2020-03-12,83.90594999392857,87.65479935928917,78.86439176457229,79.22450256347656,1762900
2020-03-13,83.56300954847362,84.15631191668233,74.16286675330942,83.7206039428711,1866100
2020-03-16,73.05042358041585,80.33692550543958,70.7420993551779,72.30879211425781,2061700
2020-03-17,73.76424415153761,78.14912694400465,71.67841343672669,75.44217681884766,2556000
2020-03-18,69.72236703917616,74.35754639617011,63.50195719081698,72.08631134033203,1916200
2020-03-19,70.81626534475059,73.0504250538929,68.44305592153052,70.37129211425781,1344500
2020-03-20,71.5486153579228,71.97505092970037,65.94004656350872,67.2193603515625,1684800
2020-03-23,66.21818462600872,69.33302628650414,63.03845072561647,65.6619644165039,1493400
2020-03-24,69.8614271964891,73.19875507958808,68.47087332247096,72.73523712158203,1107800
2020-03-25,73.58810717216392,82.32079072262587,72.14193343190004,79.83633422851562,1511500
2020-03-26,80.9858799211506,86.15874341808662,80.67068394730799,85.80646514892578,1194200
2020-03-27,82.73796269941427,88.86567120297028,82.60817822570365,86.62224578857422,1369500
2020-03-30,86.69639828479436,87.91082017968007,84.01726497511251,86.61296844482422,1346100
2020-03-31,86.32559655634417,89.41262112151507,84.54568202622555,84.96285247802734,1801200
2020-04-01,81.67186478434931,83.05314635264016,79.74362833441342,80.79118347167969,1054300
2020-04-02,80.19787363746626,82.59889310225093,79.37281229396925,82.1631851196289,2436400
2020-04-03,81.57915657106528,82.33005336259596,79.79924939787723,81.5235366821289,1877900
2020-04-06,85.59322859045429,88.87493661129434,84.29537688185361,87.96643829345703,1148300
2020-04-07,91.9526749036601,92.58305947324568,85.81569591953937,85.843505859375,1166700
2020-04-08,86.31631533253294,89.18085293890566,85.88987965679733,88.47631072998047,979300
2020-04-09,89.19940714498297,91.06275152907482,87.83666306136611,88.49485778808594,1083800
2020-04-13,87.76250067430362,87.80885530563869,84.33247013722114,85.36148071289062,1131400
2020-04-14,86.95597414154382,88.78222900520639,85.86207144766799,88.5968246459961,1597100
2020-04-15,86.22361685270322,87.02086834627306,84.32319030048423,85.94550323486328,1068500
2020-04-16,86.07528686523438,86.44610266116736,83.09022996342219,86.07528686523438,1423900
2020-04-17,87.9293557666923,92.11028975430169,87.38240796774653,92.03612518310547,1538200
2020-04-20,91.48916810348446,93.71404843189625,90.41380314839297,91.40573120117188,1000700
2020-04-21,89.16231557668256,89.80197262839953,86.95597262068789,87.66051483154297,765000
2020-04-22,89.49605547553521,91.43355730302319,88.34653282634271,90.48798370361328,915800
2020-04-23,90.98855689450384,93.1300071341236,90.43233687972587,91.6467514038086,1460900
2020-04-24,92.2586092526355,94.8728501962968,90.86805540871518,94.51130676269531,1585800
2020-04-27,95.289998292731,96.30046378793064,93.2319779537244,95.29927062988281,831100
2020-04-28,96.24486287451963,96.8010829769705,94.61327777763768,94.85430908203125,874900
2020-04-29,96.54150380170687,96.99574934525577,95.32708921533828,95.44760131835938,1066800
2020-04-30,94.3907982238577,94.3907982238577,91.35939384108924,91.60041809082031,1063500
2020-05-01,89.95029946058737,91.0998220884322,88.99545353863151,90.74755096435547,772100
2020-05-04,90.7475498502005,92.61089411615085,89.56094494922303,91.69313049316406,1085800
2020-05-05,88.06841002925893,92.41621064029042,87.30824087823108,91.25741577148438,1525400
2020-05-06,91.25742276640163,91.61896622736376,89.412616101497,90.08935546875,1000600
2020-05-07,91.26668283125903,93.760411701197,90.47870371953344,93.05586242675781,907500
2020-05-08,94.32589986742533,95.57739687864031,93.55645839709763,95.20658111572266,895000
2020-05-11,94.19612290790967,95.71646129141799,93.70479498884848,94.62255859375,1215200
2020-05-12,94.88211800307718,95.23439615325104,92.62015533447266,92.62015533447266,1319500
2020-05-13,91.70238739814425,92.20298762123025,87.4658337165679,88.54119873046875,1173800
2020-05-14,87.00231827403796,88.89347236905886,84.98137971812842,88.83785247802734,939200
2020-05-15,88.22603458779521,90.58070741471421,87.57711206856459,89.75564575195312,589700
2020-05-18,91.68385478644242,92.54599848326302,91.24814676820624,91.52626037597656,699800
2020-05-19,91.53552670150485,92.37913280150097,90.53433326194325,90.68265533447266,871000
2020-05-20,91.19253022442861,92.14737613466131,90.75682219019276,91.69313049316406,964000
2020-05-21,91.33157327055923,92.35131841331722,90.60848640403819,92.14736938476562,541200
2020-05-22,92.60160077503932,93.74185786290276,91.17396486709839,93.5935287475586,600700
2020-05-26,95.4198057784905,95.96675356635242,94.63182667548675,94.78942108154297,1621900
2020-05-27,94.99335817504173,95.61447045454842,93.44521010902771,95.26219940185547,1039500
2020-05-28,96.03165410127997,97.9969729317727,94.60402491120048,96.74547576904297,919500
2020-05-29,96.83817867007717,97.93208142122455,96.00384486450318,97.60762023925781,1023600
2020-06-01,97.51491703297395,99.13722999853131,97.2368034097891,98.24727630615234,630500
2020-06-02,98.30288709403689,98.46975383794312,95.24366581333032,96.90306091308594,1016800
2020-06-03,97.1626188505196,100.08278300247872,97.13480890846543,99.4338607788086,750000
2020-06-04,98.692252253932,100.2125907364737,97.51491963945674,98.23800659179688,1045300
2020-06-05,99.74905802969606,100.56485412046636,98.06185303204252,98.3121566772461,828600
2020-06-08,97.57979840715036,98.76640319824219,96.28194676462275,98.76640319824219,930600
2020-06-09,98.24728062589426,98.47903963116389,96.63423285685678,97.97843933105469,626700
2020-06-10,98.2287397462436,98.38633417847227,95.51252381645598,97.12556457519531,810100
2020-06-11,96.115118580328,96.21709313353719,93.01881383081545,93.046630859375,1083200
2020-06-12,95.39996782545116,96.35805921336326,90.8699620868652,92.00479125976562,1092600
2020-06-15,90.20952523795546,92.20012456015994,88.09799708144307,91.73503112792969,980300
2020-06-16,94.30233711548355,94.90695996693016,92.26523280853382,93.28843688964844,1022300
2020-06-17,93.95817221632706,94.59999629319356,92.8233431659885,93.19541931152344,1073500
2020-06-18,92.5349914837742,93.23263162521872,91.07459840488755,92.39546203613281,1007200
2020-06-19,94.33954125737048,94.33954125737048,89.79092848378527,89.94905853271484,1802200
2020-06-22,89.56769799181303,91.08390009310601,89.34445512156269,90.12580871582031,1056400
2020-06-23,91.34437153585759,91.42809206623326,89.42818835660226,89.45609283447266,1289200
2020-06-24,89.03750766117135,89.2700544291553,86.45158873667226,86.73994445800781,1372900
2020-06-25,86.13532323639458,86.28415657745181,84.23774071850073,86.2469482421875,997800
2020-06-26,85.83765938517934,86.06090228890639,83.30754948705948,83.51219177246094,2310400
2020-06-29,83.80984575443647,85.81905304429453,83.59590672252001,85.76323699951172,893000
2020-06-30,85.64230994359083,87.36315433634644,85.53068495770047,87.13060760498047,1065900
2020-07-01,87.1864067881187,87.716612949243,86.00506564701399,86.79572296142578,1741700
2020-07-02,88.01428554899228,88.62820520232546,86.98177753965842,87.10269927978516,763900
2020-07-06,88.16310072888515,88.16310072888515,81.99596501234619,82.27501678466797,1661500
2020-07-07,81.74481601765888,83.24241738082219,81.49366869628147,81.75411987304688,1724200
2020-07-08,81.97736713118715,82.11689658245736,80.07978504549547,81.9122543334961,1371400
2020-07-09,81.85645048901935,82.061092750724,79.67981646200765,80.37745666503906,1550400
2020-07-10,80.535577774124,81.9494586389333,80.47046497962809,81.7727279663086,987300
2020-07-13,82.36804611883134,82.74941902642408,78.86123781752899,79.10308837890625,1158800
2020-07-14,78.74961697848416,80.21000995362738,78.18220246934295,80.18209838867188,1424700
2020-07-15,81.58667425702411,82.38663538334929,81.31691926356457,81.68899536132812,737500
2020-07-16,81.04717435511814,81.2704242996129,79.88444084039944,80.53557586669922,808600
2020-07-17,81.06579976970058,82.4052642453872,80.58209854775407,82.01458740234375,1112100
2020-07-20,81.57738900317908,82.5354874798207,81.40065831643557,82.45176696777344,767100
2020-07-21,82.51687798802188,84.21912169639124,82.44246133375417,82.88895416259766,992400
2020-07-22,82.86105898513651,85.25163927170284,82.77733846550456,84.9911880493164,624800
2020-07-23,84.95397654212405,85.76323465331987,84.0795985310025,84.34004974365234,648400
2020-07-24,84.05168064386234,84.94465912904899,83.81913394157117,84.71211242675781,754800
2020-07-27,84.33073209652187,84.67489664366715,83.39124151493297,83.86563873291016,861400
2020-07-28,83.71682053063462,85.08419640145037,83.57729107706434,83.8842544555664,922100
2020-07-29,84.51680052745807,85.75395107446784,84.2656460361104,85.54930877685547,965900
2020-07-30,84.656305171267,86.07948988208527,84.47026354768016,85.91205596923828,633100
2020-07-31,85.92137148030241,88.5444984062383,85.13070689213455,88.51659393310547,1120500
2020-08-03,88.7026186871411,91.70711824195644,88.2747335872538,91.43737030029297,1197100
2020-08-04,91.53970062109295,92.90706946832249,84.96327211012537,85.8283462524414,2465300
2020-08-05,85.67952549786874,86.26554075549697,83.0936067624818,83.46568298339844,1235100
2020-08-06,83.67032318482235,85.18653263412601,83.30755079926524,84.65632629394531,1241600
2020-08-07,84.8423542960934,87.2701429017197,84.34935632809696,86.70272827148438,1511400
2020-08-10,86.38644659756336,88.62819298954484,86.38644659756336,87.82823181152344,1144200
2020-08-11,88.23752642220539,89.94906684426678,88.097996973355,89.25142669677734,1437000
2020-08-12,89.49328674091329,89.98628469517274,86.63761305212972,87.81895446777344,1288900
2020-08-13,87.43756643085783,88.85144736120677,87.43756643085783,87.80033874511719,999300
2020-08-14,87.74452749995183,88.68401111131216,87.63290252281682,88.1072998046875,620500
2020-08-17,88.17244088902757,88.55381393059449,85.54931340725291,85.80046081542969,899000
2020-08-18,85.80973614144256,86.30273403203064,85.1213998657212,85.40045166015625,866700
2020-08-19,85.41904380883012,86.72130656922396,85.19579389784072,86.13528442382812,865700
2020-08-20,85.46558799779135,85.61442133989802,84.47028808693717,84.6656265258789,794000
2020-08-21,84.8330492357422,84.99118641494748,82.73083178304067,82.94477081298828,1046900
2020-08-24,83.33544664802888,84.47957973563437,82.87965702303762,84.47027587890625,836400
2020-08-25,84.60982407391069,85.512106763678,84.08892153003056,84.29356384277344,596800
2020-08-26,84.13540332795893,84.46097442447743,82.83314732893666,84.21912384033203,804900
2020-08-27,84.50747657311476,85.45627116427839,84.11679978699453,85.27953338623047,643300
2020-08-28,85.7818449624153,85.7818449624153,84.39586834072432,84.93537139892578,568200
2020-08-31,84.48888230433415,84.52609063391607,82.7494301543868,84.17261505126953,1467300
2020-09-01,83.77262724035154,84.06098999584708,82.0424790944288,83.43775939941406,929900
2020-09-02,83.54937004131459,85.46555239370744,83.25171057786753,85.2423095703125,903900
2020-09-03,85.3446466611564,85.3446466611564,82.06108809403483,82.79593658447266,1155900
2020-09-04,83.02846543354998,84.15399047002079,80.88903322080506,82.31221771240234,1057300
2020-09-08,81.047178153473,81.7634260062942,79.65189787041939,80.50767517089844,1176300
2020-09-09,81.32625461342295,81.75413980769476,80.27514579467463,81.08440399169922,805600
2020-09-10,81.47507982189734,81.92157272583671,79.62400959042287,79.90306854248047,973100
2020-09-11,80.70303098894644,81.28904627956052,80.30305027088043,81.08440399169922,621000
2020-09-14,81.85947923873154,83.55904826689664,81.8127849242638,82.49447631835938,714700
2020-09-15,82.84933039542435,83.84852738617921,82.59719251366705,82.86800384521484,1082600
2020-09-16,83.08279024710502,84.12867445664033,83.08279024710502,83.20418548583984,934400
2020-09-17,82.92403858714457,84.45551795647336,82.28903442489471,84.25941467285156,639200
2020-09-18,84.07265611997522,84.60493857006082,83.47500589968799,84.10066986083984,1719100
2020-09-21,82.44777096747683,82.88667177840831,81.43923384336415,82.57850646972656,1384700
2020-09-22,84.08197848399513,85.78154727147943,82.73726221273685,85.53874969482422,885000
2020-09-23,86.86479314001821,88.17215550649756,83.79250119693656,84.04463195800781,1054000
2020-09-24,83.22285642124038,83.71778473086219,81.76607810239862,82.2049789428711,1099600
2020-09-25,81.97155052441657,86.04304762270786,81.5793438531403,85.89363861083984,783600
2020-09-28,86.42588254434108,86.96749798568307,85.38933171548004,85.51072692871094,709400
2020-09-29,85.48270427366779,85.6881477858059,84.03526652873086,84.57688903808594,443400
2020-09-30,84.58626121764556,84.87574602596949,82.83999783055572,83.25088500976562,715000
2020-10-01,83.88586526421795,84.52086930314566,82.15828294677576,84.43682098388672,818900
2020-10-02,82.97071577869517,84.92242234171182,82.80262625233273,84.4088134765625,802200
2020-10-05,84.64228082116789,84.90375186559,83.07344743008363,83.87654113769531,565600
2020-10-06,84.02594783785041,85.64146823503542,82.95204291873593,83.12013244628906,635500
2020-10-07,83.43764819998772,83.90456285933242,81.89682839923974,82.6252212524414,946400
2020-10-08,83.26021715916144,84.58625294938025,82.96138496745418,83.2882308959961,586200
2020-10-09,84.14735866108921,85.23993723048441,83.83919328267966,84.85707092285156,973500
2020-10-12,85.10920279826344,85.10920279826344,83.33492568321,83.7738265991211,696800
2020-10-13,83.5777223675605,84.11934507156681,81.57932823510478,82.35440826416016,834100
2020-10-14,82.42910080748814,84.19404455988818,81.91549901936344,82.6345443725586,600500
2020-10-15,81.92484753878365,83.11080761374994,81.28984333046056,81.9715347290039,642400
2020-10-16,82.48514125927262,83.20418666350545,81.9341782843354,82.01822662353516,677900
2020-10-19,82.19565314065666,82.46646449685132,80.24395329282403,80.64550018310547,618600
2020-10-20,81.03771564343789,81.16845119181511,79.98249096737813,80.43072509765625,470300
2020-10-21,79.9451386262803,80.79491970870161,78.92726083575882,78.96461486816406,1042000
2020-10-22,79.26341272247366,80.29996361016765,79.08599003530449,80.13187408447266,746300
2020-10-23,80.73885917661369,81.17775997204524,79.69296807100127,80.1225357055664,642500
2020-10-26,79.49688304947385,79.59027167595,77.25569850508448,77.91871643066406,708400
2020-10-27,78.04945069414968,78.3482757701985,76.80745607747258,77.22767639160156,583300
2020-10-28,75.80825336895386,76.22847365152788,73.91258126719121,74.09000396728516,727600
2020-10-29,74.14602910670094,76.24714450070634,73.96859930468436,75.87361145019531,999600
2020-10-30,75.90164777996995,77.85335480957222,75.90164777996995,77.5078353881836,1480200
2020-11-02,79.32875929453772,81.64465801636693,78.59104076020847,80.0571517944336,1352600
2020-11-03,80.43072366661731,82.62522845651766,80.29065495624317,82.13963317871094,1042700
2020-11-04,82.82133014408011,87.49981021678974,82.82133014408011,86.21112823486328,1806300
2020-11-05,86.79942848066295,87.1729616165168,85.1932481082298,85.35199737548828,1049800
2020-11-06,84.89440759502882,84.89440759502882,83.20417206551208,84.4835205078125,809400
2020-11-09,88.12547275864053,91.04835587470248,87.84532112151292,88.3682632446289,1048100
2020-11-10,88.18149048072013,89.69429632965365,87.70523560011215,88.65774536132812,647700
2020-11-11,89.2554078874132,89.88107182032185,87.78929614374174,88.7044448852539,588600
2020-11-12,88.12545506343244,88.51766157701607,87.23831314036397,87.92935180664062,625100
2020-11-13,88.77914188812858,92.14092558810731,88.6017120600141,91.95416259765625,790500
2020-11-16,92.63586103716744,94.23271536369603,92.3183625041139,93.97123718261719,1349800
2020-11-17,93.16814660994555,94.09264275142328,91.4032097937458,93.64440155029297,1464900
2020-11-18,93.53234011333258,95.74551085277793,92.71056582228641,92.94402313232422,1090000
2020-11-19,92.7665798309492,93.9338662116963,92.00084025016113,93.70040893554688,864100
2020-11-20,93.74712041115907,95.02646908361945,92.32770304699484,93.72844696044922,1032300
2020-11-23,93.64439071466825,95.80153387940811,93.298878471567,95.60543060302734,740400
2020-11-24,95.88558158318412,96.66999468356397,95.22256371275314,95.7828598022461,705200
2020-11-25,95.99764454627561,96.17506724946321,94.42881120633203,95.84822845458984,527300
2020-11-27,95.56808955231016,96.35250988885927,95.29728531808675,95.5120620727539,282800
2020-11-30,94.95175396235791,94.97976769861302,93.58836417638189,94.0365982055664,1783200
2020-12-01,94.44749119075509,95.85757537426602,93.8965353447814,94.9144058227539,920200
2020-12-02,94.81168225232999,96.30580762174263,94.37278136656933,96.27779388427734,516700
2020-12-03,95.71750270169105,96.6513319963417,94.9611032528807,96.08169555664062,792600
2020-12-04,96.18440525807314,97.94000154648884,95.97896169914712,97.8746337890625,388900
2020-12-07,96.91279244507047,97.77191359216599,96.47389158472454,96.65132141113281,652800
2020-12-08,96.08168417727944,97.32367870196262,96.03498986825626,97.07154083251953,529400
2020-12-09,97.0808867138235,97.5851553572185,96.07234942703353,97.22096252441406,698100
2020-12-10,96.37117387693034,98.45361619875491,96.37117387693034,97.88397979736328,1009200
2020-12-11,97.14623026695062,99.51815679500507,96.61394801899097,98.44425201416016,847200
2020-12-14,98.82837777034892,99.92449851519105,97.55426025390625,97.55426025390625,859300
2020-12-15,98.11638963099112,98.2475481741264,96.56121383723791,98.21943664550781,1016000
2020-12-16,98.65040403932231,99.90578083241839,98.14450368837748,98.45365905761719,958600
2020-12-17,98.5004815479858,99.03448615848913,97.57300136081759,98.2100601196289,777400
2020-12-18,98.313142592863,99.93389076028903,97.59176334687115,98.99703979492188,2124100
2020-12-21,97.64795022596043,97.769738242102,95.17465783711829,96.6174087524414,787200
2020-12-22,96.16774636160153,96.70175108895874,94.9404668216292,95.88668823242188,807300
2020-12-23,96.54246722566312,98.70659004941392,96.54246722566312,98.00395202636719,638400
2020-12-24,98.45363980638781,98.48175133228118,96.87036693271206,97.65731811523438,198200
2020-12-28,98.28501080321284,98.75343615528779,97.30131470481402,98.16321563720703,404600
2020-12-29,98.76278573798811,98.8845808870027,96.93592997879587,97.04834747314453,371700
2020-12-30,97.12331347871411,98.35995615660144,97.12331347871411,97.41374206542969,285100
2020-12-31,97.29193853123935,98.58479700215076,96.7485634390477,98.48174285888672,344300
2021-01-04,98.41618189316229,98.72533723281775,95.27772591554219,95.97100067138672,666200
2021-01-05,96.02720803384418,96.74858001266465,94.72498597963259,96.01783752441406,698000
2021-01-06,95.57750629018497,98.50985358697989,95.25898047963165,97.42310333251953,1126600
2021-01-07,97.26384552064945,98.01332898694635,96.59868233942288,97.60111236572266,701900
2021-01-08,97.82595480912862,99.15628117515227,97.07647848842423,98.0508041381836,582700
2021-01-11,98.83774990596234,99.56849231615286,97.22636554113006,97.42310333251953,671500
2021-01-12,97.06710390464039,98.86585557594493,96.44877899710234,98.72532653808594,582400
2021-01-13,98.90333186509818,99.8214487308735,97.90090186397408,98.92206573486328,667800
2021-01-14,98.8284005001816,101.3860066295731,98.06018303984219,99.55914306640625,613000
2021-01-15,99.23123655035864,100.83325058534334,98.66912749121384,100.39293670654297,604900
2021-01-19,101.0862022189104,104.5525473016735,100.87072339109554,102.2010498046875,844400
2021-01-20,102.45400676522897,103.5501205147481,101.657684993722,102.71632385253906,491500
2021-01-21,102.42589891646807,103.52201262887822,101.81694447148321,102.40715789794922,555500
2021-01-22,102.11673109493282,105.46128796507371,101.66703959287177,104.97412872314453,726700
2021-01-25,104.74926474456153,106.56675722088025,103.88736389608988,105.58306121826172,800100
2021-01-26,106.20139431709707,106.45434085732468,104.7211685180664,104.7211685180664,416400
2021-01-27,103.15662520567507,105.18958939212563,102.42588284539171,104.3370590209961,896000
2021-01-28,104.73055242654547,105.62055783291555,101.43283358783465,101.70452117919922,772500
2021-01-29,100.68335933470638,101.60146914080624,99.22187433452847,99.36239624023438,983100
2021-02-01,100.28989856232633,100.35547784390674,96.11153697269823,98.4255599975586,1037400
2021-02-02,99.13753509521484,99.69964405341554,97.39499232147045,99.13753509521484,745800
2021-02-03,98.54732020373805,99.09068813776916,96.77667308220857,96.9359359741211,855900
2021-02-04,98.83776408875816,100.49598693847656,97.6573300234304,100.49598693847656,851600
2021-02-05,100.19618525941296,101.39536022825888,99.68092163338771,100.0181884765625,721400
2021-02-08,100.58030123024156,102.13546982247577,100.15872123443701,101.26419830322266,621200
2021-02-09,101.51713858522207,103.08167747963854,100.96439297636873,102.80998992919922,541700
2021-02-10,103.07231412791307,103.51263511445137,101.61082927693815,102.44462585449219,456600
2021-02-11,102.01368412486866,103.40958983038162,102.01368412486866,102.84748077392578,541900
2021-02-12,102.33221244697513,102.69758367437755,100.68335309536151,100.99251556396484,731000
2021-02-16,101.77008111817304,101.77008111817304,97.04835309665506,98.57542419433594,1438800
2021-02-17,97.75101421736795,99.21250640312945,97.07648760963735,98.81903076171875,656600
2021-02-18,98.36934129624308,99.20313799827903,97.46059480922291,98.39744567871094,706100
2021-02-19,98.79091460283755,98.79091460283755,96.26142028646846,97.2076416015625,1061800
2021-02-22,97.01089687337748,98.1444854097485,95.44635070721549,97.24510955810547,1326500
2021-02-23,91.73641172513514,92.5889492269702,85.76867780270193,87.60490417480469,3113800
2021-02-24,86.49944034290394,86.7711279460077,84.06362957236591,84.67257690429688,1609900
2021-02-25,84.31658110668081,84.55079383197716,82.41477492089139,83.50151824951172,1707900
2021-02-26,83.42654937057479,85.48761784590054,82.84569942138889,82.86443328857422,4607400
2021-03-01,84.02613869063556,87.29574552025628,83.64202648594946,86.60247802734375,1589500
2021-03-02,86.0872145043293,86.97721985425856,84.35404205322266,84.35404205322266,1214000
2021-03-03,84.73813718459853,85.91857098753034,83.5670738893575,84.56950378417969,1318200
2021-03-04,84.56951366464503,85.34710149895731,82.60212852830628,83.45466613769531,1382300
2021-03-05,84.22288677028533,85.49700440620312,83.23919058968855,84.99110412597656,1449300
2021-03-08,85.0753997229799,87.80163836856018,84.42897767676408,86.19025421142578,734700
2021-03-09,86.78984702273596,88.96334032944131,86.76174264575843,87.37069702148438,924600
2021-03-10,87.97028310091616,89.21629626067498,87.23017018228357,88.50428771972656,577900
2021-03-11,88.69164968855559,89.72218397831642,88.12954072574088,88.6541748046875,811500
2021-03-12,88.59776311848024,89.34053755906753,88.26867729926576,89.25592041015625,662000
2021-03-15,89.24653894367114,90.22437800814166,88.87044589220119,89.58502197265625,776300
2021-03-16,89.22772538037417,90.00811710066681,87.94901348336225,88.99266815185547,962600
2021-03-17,89.52859527595321,91.83215316709514,88.60716781547018,91.47486877441406,786200
2021-03-18,91.2021969604323,92.65955452348062,90.5910467832386,91.21160125732422,915800
2021-03-19,91.6817332833434,91.6817332833434,89.27474212646484,89.27474212646484,1548300
2021-03-22,88.94564730918763,89.90468474825265,87.65753838239941,89.7636489868164,806300
2021-03-23,89.35937148755485,90.29960055559725,88.08065938114692,88.60718536376953,692100
2021-03-24,88.92685894892234,90.20557093989073,88.86104320703623,89.20892333984375,581600
2021-03-25,89.43459387601399,90.63808596687522,88.49436478335632,90.50645446777344,570400
2021-03-26,90.24316788633925,90.54404083042749,87.91139718962282,90.45001220703125,1146700
2021-03-29,90.44062247557893,92.69716615399142,90.26197668457661,92.31167602539062,827600
2021-03-30,92.05781094602463,92.23644955117942,89.45337299182023,90.89192199707031,686400
2021-03-31,90.79792058575096,91.27743941779357,89.82948579584145,90.52525329589844,811900
2021-04-01,90.99536641980907,91.3996651987265,90.07394596680179,90.68508911132812,605600
2021-04-05,93.25191775111738,94.35198402137078,92.43391589269956,93.94768524169922,728400
2021-04-06,93.21430139009442,94.47421196543665,92.72538547212953,93.75963592529297,889500
2021-04-07,93.90066518755718,94.58702828473191,92.51852752204812,92.64075469970703,488700
2021-04-08,93.05445087478832,94.76566710299144,92.82879795826068,94.34255981445312,646400
2021-04-09,94.50242733734669,94.81269748361399,94.02290849547376,94.64346313476562,661700
2021-04-12,94.6434442167822,94.96311859854636,94.22033690909899,94.5494155883789,978500
2021-04-13,94.21094322305774,94.74687346778603,93.48697004709702,93.59980010986328,926500
2021-04-14,93.69380783873319,95.14176115174362,93.69380783873319,94.12631225585938,933000
2021-04-15,94.49300611189028,95.67769655527158,94.02289165362218,95.0759506225586,1071600
2021-04-16,95.28279541462358,97.07863609702456,95.06654677987652,95.16056823730469,1392600
2021-04-19,95.41443862956613,95.649495871075,94.40839392284329,95.42383575439453,796900
2021-04-20,95.60248445329243,95.70591021656372,93.84425365105844,95.4614486694336,934500
2021-04-21,95.65888764337461,95.83753343240622,95.22638320400411,95.34861755371094,456500
2021-04-22,95.29219024276932,95.9691561463829,94.65283435306502,95.23577880859375,778500
2021-04-23,95.64010366933648,95.64010366933648,94.21095144311325,94.64346313476562,990400
2021-04-26,94.83147943106538,94.86908944469911,93.82543487983666,93.89125061035156,1016400
2021-04-27,94.06990432484038,94.87850175280072,93.74081847110189,94.27674865722656,762500
2021-04-28,94.39898271511493,94.66224565859493,92.93222075756219,93.23310089111328,805200
2021-04-29,94.12631499512852,95.66828980484505,94.07930068115611,94.79387664794922,1416200
2021-04-30,94.68105251065276,95.40503282012361,94.02289511420439,95.22638702392578,949300
2021-05-03,95.72469986530814,98.02826492263888,95.36741547374196,97.5017318725586,833400
2021-05-04,96.69313296729173,98.60180358757385,95.01012961266375,98.5359878540039,1198600
2021-05-05,98.72403506475936,98.72403506475936,95.95036266324323,97.51113891601562,875900
2021-05-06,98.14108703021886,98.51718001351519,97.10683670618667,97.68978118896484,717500
2021-05-07,97.2102657941625,98.51718339663012,97.0034142875773,97.81201171875,642200
2021-05-10,98.21631408479692,99.64546608884329,98.21631408479692,98.23512268066406,537700
2021-05-11,97.49234729570945,99.10013802474293,96.21363528196737,98.42317199707031,1129300
2021-05-12,97.906042313792,98.03767379874698,94.9725324509349,95.40503692626953,941400
2021-05-13,95.8939520305642,97.70859425588034,95.818739163642,97.26668548583984,399200
2021-05-14,97.43590864207131,97.8308101925954,96.8153613598932,97.20085144042969,491400
2021-05-17,96.67432560423292,97.53933438466375,96.44867269920239,97.20085144042969,385800
2021-05-18,97.01281111772731,97.51113125066469,96.62731385360492,96.85297393798828,432400
2021-05-19,96.62732440698579,96.79656590206908,95.17937816095684,95.98796844482422,802000
2021-05-20,96.23243237416202,97.0222284286899,95.99737513476573,96.59912109375,371400
2021-05-21,97.238477071843,97.71799584875716,96.20422665317489,96.59912109375,470300
2021-05-24,96.86237793075938,97.46413102508014,96.73074645888906,96.79656219482422,345800
2021-05-25,97.00341201726238,97.00341201726238,95.8657359310478,96.24182891845703,339100
2021-05-26,96.56150222677853,97.02221953861196,95.95035919904895,96.45807647705078,577000
2021-05-27,97.2666895276471,97.33250527230008,96.62733350528462,96.75897216796875,661300
2021-05-28,97.17267176705931,97.32311185964988,96.14782553645522,96.60853576660156,745100
2021-06-01,97.3983048952196,97.5581492543858,96.63672180838401,97.0316162109375,382100
2021-06-02,97.3512989820907,97.91543487475516,96.99401459052451,97.5017318725586,533100
2021-06-03,97.21966400676278,97.63335982066268,96.76835100488123,97.3512954711914,408800
2021-06-04,97.71799193125881,98.38555360357648,97.40771466608405,98.03766632080078,509400
2021-06-07,98.15050033244457,98.6206148113521,97.57696009430717,98.1881103515625,392800
2021-06-08,98.72404435128114,98.94969730125253,98.03767402950498,98.6394271850586,624100
2021-06-09,98.89327560788335,99.12833283197764,98.15989821644953,98.65821838378906,634100
2021-06-10,99.24118595543877,100.36945802406264,98.85568857507532,100.30364227294922,356500
2021-06-11,100.66092823370279,100.66092823370279,99.46684039641524,100.50109100341797,602200
2021-06-14,100.30298453711005,100.64254760742188,99.63329270295819,100.64254760742188,426900
2021-06-15,100.92552640399794,101.50089680312402,100.27469594026924,101.07644653320312,612000
2021-06-16,101.0104122076582,101.23679239839154,99.80307997548472,99.8785400390625,573000
2021-06-17,100.55767717510965,100.64256435868282,99.20885897583264,99.88798522949219,523300
2021-06-18,98.85986176209761,99.62388239730788,97.53934648399304,97.56764221191406,1790900
2021-06-21,98.25619743333763,100.02947317672084,97.81287849749182,99.80309295654297,522600
2021-06-22,99.78422272972634,100.14264725230498,99.18055658840017,99.45409393310547,674500
2021-06-23,99.35033023612642,99.60499894575312,97.57705479032762,97.66194915771484,726100
2021-06-24,97.87890081674546,98.00152523075856,96.13392805951902,97.21864318847656,751000
2021-06-25,97.38841515127838,97.70910962589733,96.76588042346364,97.3506851196289,1263200
2021-06-28,97.48273542127941,97.80343708818214,95.73776285770772,96.3131332397461,448100
2021-06-29,96.09619153960051,96.61497049556785,95.12466658230525,95.20012664794922,468000
2021-06-30,95.88870223793575,96.20939677296981,94.91716993153875,95.36048889160156,525700
2021-07-01,95.69060426520679,97.2186382365712,95.51139560167246,97.180908203125,509500
2021-07-02,97.43558178263565,97.44500889356907,96.63383118468708,96.73758697509766,341200
2021-07-06,96.36030084633869,96.36030084633869,93.70982183705934,95.6340103149414,763600
2021-07-07,95.74719849743646,98.14300153875926,95.74719849743646,98.0864028930664,576300
2021-07-08,97.28464710448986,98.78438508943695,97.03940552780499,97.84115600585938,748400
2021-07-09,98.6995101009394,99.71819943823846,98.24676408187419,98.88815307617188,519000
2021-07-12,98.2562007472616,99.45410606489845,98.2562007472616,99.12397003173828,741900
2021-07-13,99.3409027343379,100.15208045207392,98.62404650084068,98.7844009399414,813300
2021-07-14,98.57689073636152,98.8975852265149,96.90737093727247,98.60518646240234,408200
2021-07-15,98.2184539795295,99.71819214919454,98.2184539795295,99.46351623535156,450900
2021-07-16,99.71820046208698,100.6614297404703,99.6710361196605,100.24640655517578,498100
2021-07-19,99.48239019229675,99.70876319744042,96.25654788299398,97.38842010498047,911100
2021-07-20,97.99209207968119,99.78422920134155,97.53934604245724,98.99191284179688,615100
2021-07-21,99.29373656564351,100.28413012258326,99.11452790777022,99.65216827392578,344500
2021-07-22,99.40692601612162,99.73705480086595,98.8975813784013,99.23714447021484,283400
2021-07-23,99.93514480784741,100.37846374511719,99.45410303002882,100.37846374511719,451900
2021-07-26,99.98229888723066,101.01984960624077,99.7936559187808,100.41618347167969,502700
2021-07-27,100.03886259824324,101.27449744663879,99.69929959217822,100.69912719726562,563800
2021-07-28,100.33128769998011,101.1424653481081,99.58613580478033,100.4822006225586,595800
2021-07-29,101.40658437218914,101.82160037201263,100.6802937790282,100.8972396850586,822200
2021-07-30,100.78405264556947,101.64239479156309,100.10492637539181,100.37846374511719,576800
2021-08-02,100.81233573078563,102.65163701455316,100.64255418453428,101.02928161621094,564900
2021-08-03,98.08640189442393,98.09583620132132,88.88049013992034,89.9746322631836,3012300
2021-08-04,89.61622051231178,92.64398579312872,88.9276599361749,89.1163101196289,1644300
2021-08-05,89.61621693269205,90.00293719985544,87.76748838630043,88.89936065673828,1245200
2021-08-06,89.031399333357,89.9934971010275,88.85218349116464,89.02196502685547,598200
2021-08-09,88.68241342138361,88.95595077515539,88.13534591010834,88.3900146484375,557700
2021-08-10,88.18249030583407,89.21061381075172,87.42791131140454,89.20117950439453,862100
2021-08-11,89.6067754594915,91.27628800432629,89.37096815565073,90.89900207519531,853100
2021-08-12,90.8329860187309,91.62529519004418,90.17272117970126,90.44625854492188,534100
2021-08-13,90.25759829525141,90.91785581171487,89.84257517275026,90.21043395996094,739300
2021-08-16,90.75753415171062,92.36102125554052,89.85203478994288,92.33272552490234,946800
2021-08-17,92.14406715080914,93.32310370583016,91.64415680288312,93.22877502441406,830300
2021-08-18,92.90809042715846,93.33254075364812,90.993336009352,91.14424896240234,529700
2021-08-19,90.71036166000899,91.78564250534639,90.4273971827599,91.18197631835938,499600
2021-08-20,90.22932154586375,91.14424795499035,89.88975840991769,90.84241485595703,542300
2021-08-23,90.92731418908483,91.25744303471109,90.54058668687325,90.8801498413086,420400
2021-08-24,90.83298509722276,91.74791147969006,90.67263064594881,91.24800109863281,479800
2021-08-25,91.04989915450786,92.39871698547933,90.94614338318185,92.06858825683594,604800
2021-08-26,91.9271365944603,92.47421137436244,91.54984339465643,92.33272552490234,635500
2021-08-27,92.7383001664249,93.10615900058075,92.19122547081487,92.6345443725586,470500
2021-08-30,92.64398502588442,93.36084132453547,92.4364734239379,92.4930648803711,556100
2021-08-31,92.26667721544375,92.71943038386217,91.68187253879235,92.54021453857422,1078400
2021-09-01,92.94581596827025,92.94581596827025,91.24800035190523,92.21009826660156,467500
2021-09-02,92.50249312606469,93.83244983523028,92.07804283809635,93.5306167602539,493900
2021-09-03,93.65322785407332,94.07767811430867,92.87034589328862,93.39855194091797,599700
2021-09-07,93.02126447537141,93.37968897370506,91.55925636545788,92.15348815917969,898400
2021-09-08,92.15348618672216,93.60605995877428,91.60641874229447,93.2947998046875,773500
2021-09-09,93.34196544080169,93.77585003096821,92.99296802867579,93.43628692626953,637900
2021-09-10,93.49287997638196,93.58720145620201,91.68187446100596,91.7196044921875,676700
2021-09-13,92.01201091593148,93.87016638653283,92.01201091593148,92.66283416748047,1097100
2021-09-14,93.14564963270925,93.14564963270925,89.30205666138725,89.56713104248047,1128200
2021-09-15,89.30207504615224,90.74105364950395,88.95179398603175,89.12220001220703,1007300
2021-09-16,89.03698704251006,89.67127323444204,86.9353154475254,87.09625244140625,959400
2021-09-17,86.56610043554609,87.75893516995994,86.17795064064812,86.91637420654297,3231100
2021-09-20,85.67619648846023,87.75892986759406,85.51525951028083,87.3139877319336,752900
2021-09-21,87.73054662947587,87.73054662947587,85.4679378343865,86.05489349365234,653100
2021-09-22,86.90690901775419,87.83466933038736,86.77437183023515,87.29505157470703,512000
2021-09-23,87.40866411351273,88.62990590377909,87.40866411351273,88.07135009765625,462000
2021-09-24,88.44055834220782,89.95527426140582,88.09028457439233,89.69966888427734,525800
2021-09-27,89.80381843074414,91.68774638441975,89.79434942357376,91.46054077148438,859400
2021-09-28,91.67828244133521,92.0001636982818,90.65585351528141,91.4132080078125,806000
2021-09-29,91.59308299753351,93.48648006208201,91.24280194040686,92.72911834716797,892600
2021-09-30,93.40127190359209,93.50540208746112,90.99665699034884,91.00611877441406,983100
2021-10-01,91.71615220690889,92.6817887650935,90.51384823581095,92.2368392944336,513300
2021-10-04,91.85814423726364,93.3633984432017,91.16705845269723,92.64390563964844,800100
2021-10-05,92.73855575814544,92.73855575814544,90.82622855249959,91.2806396484375,903700
2021-10-06,90.99665678572701,91.8202798071775,89.52927131249209,91.77294921875,677400
2021-10-07,92.35988717677661,93.17404832203826,90.47595951401304,92.2841567993164,932400
2021-10-08,92.22734890289361,93.90300897951127,91.86760614030041,93.60952758789062,646500
2021-10-11,93.80834320451852,94.10182462690975,92.42616437460445,92.48297119140625,592400
2021-10-12,92.23682163444232,93.50539397172741,91.99067803812757,93.0225830078125,613900
2021-10-13,92.79537430846273,93.56220492655464,91.56467071788042,92.9847183227539,480000
2021-10-14,92.56815980525502,94.37635704835212,92.55869079976786,94.17755126953125,573400
2021-10-15,94.66983070868928,95.7869349999612,94.64143091511424,94.94437408447266,604100
2021-10-18,94.0828690352749,94.92542989593026,93.42965215735548,94.37635040283203,445800
2021-10-19,95.06743607729864,95.06743607729864,93.85566347872616,94.37635040283203,371000
2021-10-20,94.25329404359124,95.59761131294194,93.9219510353039,94.96331787109375,554100
2021-10-21,95.02957682934905,96.1182813655873,94.12074728910027,96.02361297607422,521000
2021-10-22,96.26030034004373,97.20699880632161,96.19403173631372,96.60111236572266,250900
2021-10-25,96.68629323620353,97.1785803890807,96.12774471502779,96.42121887207031,545600
2021-10-26,95.96682766919707,96.39283909677472,95.06745977813637,95.61654663085938,517400
2021-10-27,95.91000323905726,95.91000323905726,93.65686386698053,93.69473266601562,894400
2021-10-28,93.54327358682973,94.84972209906192,92.05695727660928,93.26873016357422,447200
2021-10-29,93.24978509420257,94.87810737026686,93.10777890078114,94.6509017944336,700600
2021-11-01,94.72663235945362,96.00468088005105,93.95034001964028,95.75853729248047,683500
2021-11-02,95.9952247455905,96.39283636308492,90.75051444012668,92.93738555908203,1357500
2021-11-03,92.40724735908034,93.45808334236185,89.67128908844273,90.00263214111328,1067000
2021-11-04,89.85115710434432,90.78838658657259,89.16953303627422,89.71861267089844,774400
2021-11-05,90.20142427208857,91.64040991474403,89.5955378613081,89.64287567138672,539600
2021-11-08,89.78487126076926,91.03452006132392,89.55766567100272,90.71263885498047,699500
2021-11-09,90.64636746877167,90.64636746877167,89.23578894253733,89.3493881225586,542500
2021-11-10,89.7848831872366,90.30557025663255,88.6204480651132,89.00859069824219,517000
2021-11-11,88.75295600874836,88.89496218290915,87.10570316759151,87.54118347167969,602700
2021-11-12,87.52226054361812,88.93284630120486,87.28558595348099,88.58256530761719,620300
2021-11-15,88.83819577584357,89.59555756726381,88.48792190607003,89.25474548339844,429400
2021-11-16,89.23580518398862,90.0120976872766,88.79085572062785,88.85712432861328,542300
2021-11-17,88.60149932604254,89.21685472737371,88.02401994997727,88.76244354248047,557100
2021-11-18,88.95177507258609,89.04644346194638,86.17794865019232,86.31048583984375,489100
2021-11-19,86.47142394686743,87.32345390764397,86.0548815837263,87.13411712646484,609700
2021-11-22,87.3234581788919,89.6807423894646,87.0110531969392,88.41216278076172,719800
2021-11-23,88.70563219032024,88.77190078567507,87.96720863558494,88.31748962402344,679800
2021-11-24,88.51630748279719,89.68074978597588,87.83468342461808,88.13762664794922,575200
2021-11-26,87.23824702617692,87.89146392102585,85.94126779607566,86.30101776123047,345700
2021-11-29,86.98266009970195,87.27614156141287,85.52474346721574,85.72355651855469,468300
2021-11-30,85.21233139679225,85.79927982625917,83.1295904269575,83.2242660522461,1052900
2021-12-01,84.10467409520868,85.32591577750571,82.78876402679437,82.79823303222656,744100
2021-12-02,83.15797654744664,85.16497957602878,83.15797654744664,84.80523681640625,682800
2021-12-03,85.26912740261571,85.56260160498933,83.18639374323268,83.87747955322266,818600
2021-12-06,85.10820317053967,86.70811884769844,84.67272269362009,85.56261444091797,1064900
2021-12-07,86.19688226116297,86.35781923713279,84.85256519903075,85.03244018554688,667900
2021-12-08,84.80524235492159,86.08328371947228,84.57802954404582,85.65727233886719,859400
2021-12-09,85.59100504120799,85.59100504120799,83.68813925195417,83.83960723876953,783600
2021-12-10,84.25615904750515,84.86204545609532,83.31892963776968,83.40412902832031,736800
2021-12-13,83.4230659641563,85.36379335879614,83.4230659641563,84.87151336669922,1196100
2021-12-14,84.51981389907931,85.77449373320856,83.8069274648728,83.9019775390625,976600
2021-12-15,83.61682840328542,84.22515758823315,82.7233417402065,83.41722106933594,878000
2021-12-16,83.50276701206573,85.44181907936726,83.45524559854516,84.6148681640625,1177200
2021-12-17,84.31068769886443,84.938031154904,82.34312170324318,82.43817901611328,2296600
2021-12-20,81.57322898930757,81.93442222023974,78.6551470853979,80.26152038574219,926100
2021-12-21,80.66072928751298,82.5712670793078,80.51815054152418,82.15303802490234,1325700
2021-12-22,82.21006128170934,82.95146201045783,81.63024640371766,82.13402557373047,516200
2021-12-23,82.18154599194747,83.51226876555523,81.8963957737959,83.02750396728516,708700
2021-12-27,83.17009624740943,84.1681403031211,82.62830276764345,83.52178955078125,498800
2021-12-28,83.41721372633087,84.58634332967031,83.17007775049564,83.89247131347656,391700
2021-12-29,83.8924911092438,84.28219865169622,83.24614034813472,83.98754119873047,639200
2021-12-30,84.20614064065481,85.06160579696783,83.82594035060964,84.46278381347656,451000
2021-12-31,84.13011593763571,84.86200956874264,83.54079380801566,84.50081634521484,699900
2022-01-03,84.87151701075344,86.63947615313052,84.61487380358375,85.79351806640625,914100
2022-01-04,86.06916366316715,87.80860115777779,85.9360921007785,87.33334350585938,891100
2022-01-05,87.7991124896182,88.42644889966476,86.89611848401647,87.02919006347656,794700
2022-01-06,87.67551963823544,88.34088462647065,86.46836853027344,86.46836853027344,617500
2022-01-07,86.51588603047779,87.63749420103021,86.3067787883876,86.98164367675781,869000
2022-01-10,87.19077408539502,87.19077408539502,84.6243783528862,85.2707290649414,687600
2022-01-11,85.47033377481128,86.51589915125034,84.77646166896756,86.31629180908203,680900
2022-01-12,85.89806955684433,86.39233431791443,85.10914012396412,85.36577606201172,865000
2022-01-13,85.5463823529339,88.58802860251777,85.35628218178117,87.9036636352539,948700
2022-01-14,87.34284683690771,89.57655625202877,86.8770963890907,89.41497039794922,840100
2022-01-18,88.44544692380502,89.3009048474225,87.02917397979967,88.6070327758789,1291800
2022-01-19,88.73059913284604,90.09934344422552,88.32187727607888,88.99674224853516,876300
2022-01-20,89.35795769460366,89.86172971271267,88.25535631380434,88.45496368408203,781600
2022-01-21,88.49297978808843,88.72110144711989,87.3238499401776,87.6185073852539,704300
2022-01-24,86.52541330139067,88.70209437722993,85.19469032793502,88.43595123291016,1155200
2022-01-25,87.39986379741678,89.82368029337688,86.39232007450795,88.70207214355469,1513800
2022-01-26,89.21536237686882,90.51757088633843,88.35039001429234,89.1488265991211,1220600
2022-01-27,88.39793515634706,88.39793515634706,83.36970765196209,84.23468017578125,1733500
2022-01-28,83.52178277729423,83.52178277729423,80.04289326692955,82.69483184814453,2071100
2022-01-31,82.21007306677726,85.43231962016829,82.21007306677726,85.02359771728516,1200100
2022-02-01,84.96655598905141,85.77449248569694,83.45524025140509,84.1871337890625,868600
2022-02-02,83.88299317712192,85.90758858874513,83.2556494639707,85.5368881225586,932700
2022-02-03,85.6509462926588,86.26878277480398,84.65290218674293,85.52738189697266,588100
2022-02-04,85.34675610079488,85.41329187115213,83.41721150857958,84.66238403320312,691100
2022-02-07,84.93805611986576,85.01409909177045,83.85446915172339,84.1966552734375,813400
2022-02-08,84.82398370887697,84.82398370887697,81.67778037284387,82.15303802490234,1263500
2022-02-09,82.47620313051172,84.10159055178366,82.15303143393037,84.05406188964844,1042100
2022-02-10,83.51227744555815,84.8810218408869,83.24613431354567,83.42672729492188,865400
2022-02-11,83.43622691290925,84.97606421802476,82.7898762572645,84.58634948730469,1115700
2022-02-14,84.58635516242899,84.58635516242899,82.33363852541397,83.03701782226562,1700100
2022-02-15,78.44601873626117,80.83181393217949,77.05826740669012,80.31853485107422,1937900
2022-02-16,79.96685049545495,84.47229829046348,79.63417158701077,84.32971954345703,1768300
2022-02-17,82.90395304882367,87.43790824493936,82.6948385038043,87.26681518554688,1413100
2022-02-18,87.26680981313697,88.473968338939,86.12619432197805,88.40743255615234,1780700
2022-02-22,88.33138454015752,88.44544898349555,85.7649962058281,86.20223236083984,1318600
2022-02-23,86.69650465017395,88.09376338217349,86.1261968876055,86.54442596435547,1216800
2022-02-24,86.65847740836726,90.8027246605441,85.91707664109956,90.75520324707031,1758000
2022-02-25,91.09738740757793,92.55168198055814,90.47005104930307,92.34256744384766,1254100
2022-02-28,92.58019301230856,97.16167653464228,92.10493535541976,96.80047607421875,2988200
2022-03-01,97.65592221800529,100.60251766436807,97.59889363092014,99.56645965576172,2075700
2022-03-02,99.4524250635299,99.72807540355605,96.07809969808673,98.8916244506836,1501000
2022-03-03,99.53795614861251,100.30787116511317,98.41634788598085,99.88014221191406,1395300
2022-03-04,99.89914441301453,102.43701821448398,99.33834393520483,102.37998962402344,1431900
2022-03-07,102.6556541409706,103.97686985022902,100.92571655570627,101.57206726074219,1390800
2022-03-08,100.76413032065894,101.22037360967379,96.88602610475102,97.14266204833984,1329600
2022-03-09,97.02860027353138,99.12923814506141,95.13706966934984,97.79851531982422,1323600
2022-03-10,97.27573031292154,99.01517501645745,96.97156571327504,97.92208099365234,627000
2022-03-11,97.96960707855757,98.96765099741445,96.85750597024682,96.92404174804688,735100
2022-03-14,97.42960987557012,98.58380744218883,96.63788523215034,97.72531127929688,1001800
2022-03-15,97.69668008247052,99.25151379088669,97.22927952209538,99.17520141601562,894000
2022-03-16,98.8699720913855,99.80477333407794,95.84616479877188,97.3532943725586,1209700
2022-03-17,97.83022966890522,100.00508155592875,96.86681316227317,99.19428253173828,1157500
2022-03-18,98.62195852950829,101.23559579894304,98.4788746301764,100.6155776977539,3922800
2022-03-21,100.61558327601165,103.01936526336831,100.42480230714217,101.46453857421875,930600
2022-03-22,101.4740737250729,102.78089609111456,100.92082710071762,101.5122299194336,811600
2022-03-23,101.64576022283431,102.41841032609877,100.81588675152486,101.90331268310547,944200
2022-03-24,100.73957963813271,103.6775408913468,100.40572205880144,102.58057403564453,744300
2022-03-25,102.97165614452983,104.56464611847555,102.1608571350353,103.52490997314453,564100
2022-03-28,103.35322781069266,104.30711086806416,102.30395790309403,104.02095031738281,564100
2022-03-29,102.7904368066043,103.29599364542119,101.35007140121192,102.40888214111328,740800
2022-03-30,102.42795892714474,104.01140827777357,102.41842533651453,103.41999816894531,829700
2022-03-31,103.0861339499424,104.35480006724542,102.59011799961357,103.03843688964844,932500
2022-04-01,102.74274718239599,103.92556018125293,101.98917866482287,103.3055419921875,598500
2022-04-04,103.24829052120405,103.32460290533176,101.41683696743601,102.28487396240234,661200
2022-04-05,102.31347876571107,103.85876435886632,101.81745559743872,102.25624084472656,866000
2022-04-06,102.3707287951971,103.63939500029569,102.2562602090998,102.52335357666016,1221400
2022-04-07,102.54242284353825,103.40091900192434,101.77931352996178,103.08613586425781,1346800
2022-04-08,103.83015896030236,104.81265724677444,102.91443219006966,103.00981903076172,746600
2022-04-11,103.3150768660919,104.41204389333264,102.51381855039988,103.18153381347656,694100
2022-04-12,103.15291720392185,104.83175348709169,103.04798948137683,103.3055419921875,495900
2022-04-13,103.54399901696235,104.52649730892588,102.77134886467445,103.7156982421875,490700
2022-04-14,104.16401483204497,105.54714947080392,103.79200106516655,104.03047180175781,584400
2022-04-18,103.76339302229516,105.23237373608214,103.42953542315036,104.22126007080078,653800
2022-04-19,104.3834155173994,105.5185386002982,104.06863238520145,104.55511474609375,588000
2022-04-20,104.89851031464671,105.99547717456484,104.54557099939755,104.8031234741211,584600
2022-04-21,105.08928366863765,105.32775440798422,104.25941015334318,104.71726989746094,638400
2022-04-22,104.27846679896736,105.10834745006254,103.15288481040585,103.2578125,529900
2022-04-25,102.923968347767,102.923968347767,100.59649169812545,102.22763061523438,1019800
2022-04-26,102.24672676055923,103.7729381895607,101.67439110682729,101.7125473022461,690600
2022-04-27,101.79838978511977,102.4374896162429,100.69188206775789,101.34052276611328,686700
2022-04-28,101.67437240370079,101.67437240370079,99.5376767961465,100.18631744384766,1047100
2022-04-29,100.01462698133842,100.85404864444862,98.40256972636891,98.7364273071289,1318500
2022-05-02,98.61241786459702,100.39618162115674,98.04008954364426,98.7364273071289,1087000
2022-05-03,97.45821093296317,98.74595134999356,95.05442930634302,97.79206848144531,1686500
2022-05-04,97.86838052158546,101.11158371902624,97.77299369056783,99.94784545898438,1284900
2022-05-05,99.93833404146514,100.39620115383781,98.13549547705873,99.26107788085938,820700
2022-05-06,99.03211784276633,99.75707085121525,97.67760593353044,98.45024871826172,684300
2022-05-09,97.76345124529449,98.45024806160748,94.53932983265693,94.796875,827300
2022-05-10,95.06398837341213,97.45822959202748,95.06398837341213,96.56158447265625,1157900
2022-05-11,96.49480594497247,98.60288646172548,96.18955640430816,96.54249572753906,895500
2022-05-12,96.53295046728788,97.83023184588014,95.21659463204688,95.9320068359375,1002300
2022-05-13,96.32310824261157,97.67762035178787,96.10371195117187,96.95266723632812,518300
2022-05-16,97.54406700141864,98.92719428986486,96.97173871921844,98.44071197509766,600100
2022-05-17,98.75549977512573,99.7475389076523,97.88747008263329,99.58538055419922,534900
2022-05-18,99.14659519840437,99.43275571412299,96.63787840639705,97.00035858154297,530600
2022-05-19,96.08463465959245,97.79207876968297,95.53138079101757,96.83819580078125,676100
2022-05-20,96.82866168503408,96.82866168503408,94.31994483281615,95.96062469482422,699200
2022-05-23,96.63787932350509,97.71577171450083,95.88431091979413,97.1529769897461,584400
2022-05-24,97.15297984802191,97.7634643717017,95.88431374074534,97.26744842529297,723100
2022-05-25,97.43914568914357,98.07824552487664,96.78096411880836,97.66807556152344,526600
2022-05-26,98.4216466810613,99.59492595470525,98.37394962079259,98.85089111328125,436200
2022-05-27,99.18475043642995,100.52018071871863,99.00351035059825,100.50110626220703,535800
2022-05-31,99.98602078763743,100.26264774482853,98.82228230481631,99.68077850341797,1031900
2022-06-01,100.01462619339024,100.20540715057109,98.39302808387467,99.90969848632812,546500
2022-06-02,99.89062899677099,101.00667036096753,98.22133374556171,100.77774047851562,500800
2022-06-03,100.41525866758039,101.33099273777746,99.87154565702254,100.90174102783203,492900
2022-06-06,101.24514137481354,102.00825068837362,100.69188748635997,101.03528594970703,591700
2022-06-07,98.99396472770226,102.36117015029723,98.6791816287645,102.13224029541016,670800
2022-06-08,101.60760094340546,101.6362235428811,99.05119453974237,99.11797332763672,404200
2022-06-09,99.33736812773766,99.77615340390912,98.04008675577454,98.08778381347656,489500
2022-06-10,97.05759444784303,97.23883454516104,95.97016841903431,96.0750961303711,640800
2022-06-13,94.70149517474927,95.8938488252725,93.76669398816658,94.81596374511719,823000
2022-06-14,94.61492950709334,95.28507177852961,92.67150961592516,93.73416900634766,914400
2022-06-15,94.35642826144881,95.10316020834227,93.15017233369876,94.57662200927734,758800
2022-06-16,93.34163638030675,93.41822614260487,90.91954175364266,91.29290771484375,847900
2022-06-17,90.90998818791921,91.17804511677267,87.80817510489513,90.13453674316406,2671800
2022-06-21,91.58012261265681,93.07358657065632,90.69935488747544,92.7672348022461,647500
2022-06-22,91.81946549894711,93.62885687757986,91.30249549019452,93.28421020507812,779100
2022-06-23,94.08836560984442,94.6819252946641,92.40342740751873,93.37992858886719,626400
2022-06-24,94.33729744780476,97.48698074482152,93.7341694009729,97.23806762695312,1314300
2022-06-27,97.19019595327002,98.37731554397952,96.46261500877401,97.35295104980469,544100
2022-06-28,97.74544396524092,98.18582413573408,94.72978968277528,95.02657318115234,680800
2022-06-29,95.56269531926006,95.56269531926006,94.2798495753384,95.11273956298828,685600
2022-06-30,94.67236437649382,96.59664039847003,94.19368925787306,96.41474151611328,1158900
2022-07-01,96.74981202230501,98.32944136449596,95.32336222301863,98.08052825927734,559700
2022-07-05,97.36251699274253,97.525272085431,93.60013023781575,95.33293914794922,703800
2022-07-06,95.86906278244237,97.90821638398978,95.38081206229594,96.96044158935547,577000
2022-07-07,97.14232242102142,97.80289637221895,96.84554620712207,97.190185546875,538300
2022-07-08,97.25721444951327,97.9848027299539,96.99873307967427,97.2955093383789,408900
2022-07-11,96.51047645473562,97.6784449294594,96.37644800393153,96.88384246826172,288000
2022-07-12,96.6923880181277,97.87950043976387,95.17020442554629,95.55313873291016,549900
2022-07-13,94.57662980003276,95.8786266930485,94.57662980003276,94.76809692382812,787200
2022-07-14,93.7437222632256,94.13623931945934,92.9491199084123,94.02135467529297,512200
2022-07-15,95.11274334620187,95.34250535496821,94.14581757430638,94.48089599609375,872800
2022-07-18,94.78726256237186,95.14147752614282,93.61929393760516,93.70545196533203,547100
2022-07-19,94.11710328606648,95.9743651585859,93.60013326060222,95.87863159179688,978700
2022-07-20,96.00308574101766,96.6349404372101,95.31379236480882,95.76374816894531,843500
2022-07-21,95.73501794560043,96.64449769448275,95.09359507832544,96.5870590209961,828800
2022-07-22,96.97000433809727,97.99436877793372,96.5583434527049,97.12317657470703,611400
2022-07-25,97.33379696530103,98.72195919309931,96.93171161821574,98.5592041015625,609600
2022-07-26,98.82726476680975,99.5931405475628,98.48261810907003,99.09532165527344,480600
2022-07-27,99.30594398941311,99.46869177787596,98.32944265063051,98.8464126586914,621400
2022-07-28,98.99959451504012,101.87164531309985,98.81769562721541,101.35467529296875,655600
2022-07-29,101.47912740261755,103.25022392007021,101.16320006434684,102.43647766113281,652100
2022-08-01,102.43647116092536,102.43647116092536,100.42603720641796,100.66537475585938,955800
2022-08-02,97.64971862432485,98.42516993494317,93.61927523209523,96.19454956054688,1400400
2022-08-03,96.33815614364482,96.33815614364482,94.88298693034572,95.6775894165039,1130100
2022-08-04,95.51484318426677,96.47219355409767,94.86384464062162,95.074462890625,787300
2022-08-05,94.70108065132675,96.29985374283807,94.42344821502799,96.26156616210938,406500
2022-08-08,96.52005179096716,96.59664156383111,93.72459081745757,94.1553955078125,839300
2022-08-09,94.70107163252888,94.83510006432246,93.59054929709616,93.93519592285156,723500
2022-08-10,94.94040830379444,95.1701775882239,94.18410084321788,94.43301391601562,551400
2022-08-11,94.55748003981172,94.70108403668632,93.42780646386892,93.97350311279297,822300
2022-08-12,94.12668529015956,95.84034327803494,94.12668529015956,95.79247283935547,499200
2022-08-15,95.32335877674701,97.40080695026559,94.39472791746849,96.66365051269531,493300
2022-08-16,96.5679287290855,97.3912505828188,96.55835318083187,96.90299987792969,510700
2022-08-17,96.40516366809288,97.16147121394616,96.01265387827175,96.83597564697266,384000
2022-08-18,97.27636087334655,97.53484223076958,96.86469996781884,97.25720977783203,318800
2022-08-19,97.23806081231263,98.26242524774715,96.83597547593702,98.20498657226562,673000
2022-08-22,97.66886624610457,97.75503156399954,96.12753911134284,96.33815002441406,592700
2022-08-23,96.26157323897182,96.74981662118226,95.76374700487106,95.974365234375,501000
2022-08-24,96.19455582923068,96.30943318406639,95.12232092541345,95.33293914794922,461200
2022-08-25,95.67757365020577,95.91691118100657,94.87339574863418,95.48609924316406,372900
2022-08-26,95.61057413233291,95.715883246395,93.01615577608234,93.054443359375,358900
2022-08-29,92.55662247063583,93.76288583086708,91.43652443099393,93.08316802978516,545500
2022-08-30,93.18846131588832,93.40865506703382,91.68542185285793,91.72371673583984,453800
2022-08-31,92.07795806424538,92.64279127162715,90.68980296162637,90.99615478515625,1154800
2022-09-01,90.82381521760504,91.2546198818023,90.23025546995338,91.00570678710938,868800
2022-09-02,91.7332890809017,92.01092149482909,89.41650352137195,89.7132797241211,425700
2022-09-06,89.93348169255457,90.55575349019702,89.24418836790186,89.60797882080078,796500
2022-09-07,89.82815895991943,91.2450329754689,89.39734704535265,90.95783233642578,741800
2022-09-08,90.44088752083395,90.91956268941759,89.62714119504244,90.53662109375,541100
2022-09-09,90.61320342647188,92.12581858783996,90.46959942689845,91.60884857177734,582300
2022-09-12,91.95350660114948,92.83426719472877,91.81947813273541,92.14497375488281,587500
2022-09-13,90.89082679391971,91.40779675831429,88.4017105274269,88.79422760009766,619500
2022-09-14,88.95761489213562,90.062859010144,88.66929512165268,89.32283020019531,841900
2022-09-15,89.21710555002292,89.37087461882336,88.12147435464357,88.80384063720703,857900
2022-09-16,89.4862154034879,90.12052478767667,88.88073726415365,89.65921020507812,1764300
2022-09-19,89.08255472030034,89.84180920226068,88.24641203783361,89.57270050048828,757600
2022-09-20,89.3997278627567,89.88026823627338,88.41942872706696,89.4862289428711,1532300
2022-09-21,90.24546351340997,91.35070759283064,88.23680138659911,88.26563262939453,712500
2022-09-22,88.07343154128127,88.07343154128127,86.86246785046637,87.15079498291016,517000
2022-09-23,86.53570822771897,86.67025894086304,84.41172073312897,85.23825073242188,655600
2022-09-26,84.94989776611328,86.02631047656581,84.59429537090605,84.94989776611328,515200
2022-09-27,85.5650098020622,85.91099942551307,84.20027702759687,84.7673110961914,527900
2022-09-28,85.34397236118771,85.83411825758363,84.11378285880863,85.46891021728516,477400
2022-09-29,85.14213107766129,85.14213107766129,83.84467366949228,84.67120361328125,783800
2022-09-30,84.81536898200659,85.45929127001074,83.97922616085403,84.06572723388672,804800
2022-10-03,84.94030012601293,87.8715988661421,84.67119873330526,87.25650787353516,627600
2022-10-04,87.91002949249943,89.78413342758776,87.82352843955434,89.72647094726562,919000
2022-10-05,89.12099980518325,89.73609075110534,88.47707028440584,88.88072967529297,524200
2022-10-06,88.66929004146795,88.72695252576828,87.50638350248268,88.06380462646484,821200
2022-10-07,87.50639696649,88.08304389560524,87.26612680165337,87.89082336425781,652100
2022-10-10,88.40018361011265,89.25554462975191,87.4006590555142,88.31368255615234,401900
2022-10-11,88.0157515173129,89.52464756731328,87.52559842276975,87.71781158447266,470600
2022-10-12,87.60249230691221,87.90042492662984,85.95904547054752,85.97826385498047,695100
2022-10-13,84.58470792322673,87.91965886768975,84.58470792322673,87.56405639648438,592000
2022-10-14,87.95808789247673,88.1887525017067,85.08445912776585,85.25745391845703,603900
2022-10-17,86.57413704161023,88.34252172050226,86.53569294000874,87.58326721191406,550600
2022-10-18,88.86150070503733,90.64911099256416,88.66928754114802,90.08207702636719,546000
2022-10-19,89.50544052505037,89.88987426112213,88.88074395295536,89.5631103515625,587500
2022-10-20,89.72647839788999,90.51456413506772,89.21710689284936,89.71686553955078,465200
2022-10-21,89.88025915002736,91.98502811964194,88.96723546563148,91.67748260498047,541400
2022-10-24,92.5520608445988,93.2055959185816,91.86968719455237,92.34062194824219,425000
2022-10-25,92.15802568012862,93.94563632883968,91.7639864148018,93.52275848388672,585700
2022-10-26,94.13782860942428,94.57031921813156,92.75387772596228,93.71495819091797,416700
2022-10-27,94.14744949806922,96.20416128191775,93.93601060454903,95.2911376953125,534200
2022-10-28,95.65636223465705,97.8668508085354,95.07971527309086,97.78034973144531,877200
2022-10-31,97.08834622748535,98.88556935300171,96.67508133049333,97.63616180419922,992700
2022-11-01,99.04896269514508,100.86540441330739,98.5684224028807,99.5198974609375,1483400
2022-11-02,99.38535429919753,102.64341714111698,99.31807161401599,100.29837799072266,1012400
2022-11-03,99.46221198461039,103.2200399982244,98.77023289947194,102.52806091308594,1011100
2022-11-04,102.89329081143147,103.24889328736332,99.13546932777707,101.64389038085938,942900
2022-11-07,102.11480703214647,104.40217606998003,101.70154210803553,103.63331604003906,834100
2022-11-08,103.01823244691037,104.9211679395652,102.55691053000014,104.40218353271484,633500
2022-11-09,104.39258374370263,104.47907748336671,102.39353421465755,102.65302276611328,644900
2022-11-10,104.83467646392002,104.83467646392002,101.45166855357361,103.05667877197266,1213700
2022-11-11,102.54730928468051,103.11435071900902,99.1450900085652,99.35652160644531,1419400
2022-11-14,99.66405935896772,102.1917061330156,99.32768260171706,100.11576843261719,989500
2022-11-15,100.77891386613037,101.34594790934533,99.73133218299687,100.61553192138672,906300
2022-11-16,100.92305201234413,102.78754294971537,100.92305201234413,101.8841323852539,874400
2022-11-17,101.10567533722337,102.29742055058018,100.50019720399912,101.15373229980469,665000
2022-11-18,101.95143340594458,103.26810915580795,101.72076877895536,102.16287231445312,2542700
2022-11-21,102.25897664354054,104.50790171337832,102.25897664354054,103.4891586303711,880300
2022-11-22,104.09463479132036,104.47906848803252,102.74912785152212,103.2873306274414,698100
2022-11-23,103.04706856530488,103.67177245489842,102.54730252064466,103.34500122070312,785300
2022-11-25,103.98891353043423,104.65206146240234,103.796700351657,104.65206146240234,268900
2022-11-28,104.09464086668278,104.50790583158708,103.28733665568646,103.90242767333984,571200
2022-11-29,103.70060526451078,104.63285468315517,103.0566829784756,104.27725219726562,854700
2022-11-30,104.16192013797372,105.19027615923595,103.15278983624738,105.074951171875,770100
2022-12-01,105.45937240162345,106.13212585634217,104.67128664075466,105.35365295410156,448900
2022-12-02,105.27677278488619,106.59345588385577,104.56557517383776,106.1897964477539,498300
2022-12-05,105.43054169723258,106.13213378021706,104.68089998244521,105.38249206542969,568500
2022-12-06,105.23831921836089,105.47858935356263,104.07541264387999,105.22870635986328,752700
2022-12-07,105.08455643662968,105.84381104220125,103.71982365153507,104.27725219726562,503000
2022-12-08,104.87310749126227,105.52664252887044,104.53672344807417,104.83466339111328,549300
2022-12-09,104.66167779979625,104.9115608064824,102.61457144871014,102.69145965576172,500700
2022-12-12,102.36470451448626,103.60449946231168,101.9514395318778,103.58527374267578,1055200
2022-12-13,104.94999465731783,104.94999465731783,101.25944881108713,102.39352416992188,1083000
2022-12-14,102.41280000938931,104.00396084875713,101.81491453134862,102.99140930175781,1464200
2022-12-15,102.51888760497314,102.75997238053357,100.61913839638521,101.52561950683594,948600
2022-12-16,101.08202195173702,101.59312048636072,99.5197899953486,101.05309295654297,2624000
2022-12-19,101.16881454019489,102.77925900820432,100.3298369075003,100.72521209716797,671000
2022-12-20,100.78307577306686,101.36167772929156,100.11767947688077,100.69628143310547,932100
2022-12-21,101.01452695664085,102.41281579497266,100.67700972228393,102.05601501464844,610600
2022-12-22,101.86315154537492,102.123527260974,99.47159434387154,101.04346466064453,616200
2022-12-23,101.09166864594384,101.90170995063349,100.67700254264126,101.41954040527344,364500
2022-12-27,101.6799076809874,102.27779315916084,101.53525535786316,102.13314819335938,294900
2022-12-28,102.26816260587319,102.4417439349547,100.38769698126947,100.4166259765625,311400
2022-12-29,100.66736939354168,101.7956445018052,100.3973555923153,101.2845458984375,423400
2022-12-30,101.08201941578574,101.6413378332495,100.36841057538345,101.43882751464844,392200
2023-01-03,100.73485974824285,101.24595828516738,98.98940836199345,100.97594451904297,687900
2023-01-04,100.65771701260576,101.44847481490429,99.847675664686,100.64807891845703,786300
2023-01-05,100.39734338737577,102.07529134624649,99.6933726134796,100.30091094970703,836300
2023-01-06,101.00486426670177,103.16498891256988,100.56126921192242,101.2073745727539,613700
2023-01-09,101.17846478452255,101.67992527715685,96.3278398966171,96.75215148925781,1236200
2023-01-10,96.95464694819684,97.35966757499388,96.2603216695031,96.41461944580078,601100
2023-01-11,96.31818743808195,96.45319432458759,95.75887634712582,96.07710266113281,878600
2023-01-12,95.94208651358055,96.4628304644034,94.83309517519794,95.18990325927734,1170600
2023-01-13,94.14841006181906,95.19954335453643,93.86875088040478,94.84273529052734,931600
2023-01-17,95.39240948794307,95.57563624724182,94.29306364679556,94.35092163085938,743800
2023-01-18,94.29308276637065,94.91990469767694,92.12331963615004,92.13296508789062,1929100
2023-01-19,92.09439126959111,92.71156775338778,91.1782719957028,91.19755554199219,706500
2023-01-20,91.25540941969031,93.11658423888943,90.75395630823336,92.63441467285156,727000
2023-01-23,93.01051404294256,93.25159884591268,92.35476308457086,92.9333724975586,538300
2023-01-24,93.27086656689877,94.28341807329947,92.75976808881236,93.83018493652344,994300
2023-01-25,93.5312426233732,94.74631188933266,93.08764754218996,94.6498794555664,971700
2023-01-26,95.22847795605881,95.22847795605881,94.00377064133964,94.2930679321289,583700
2023-01-27,94.29307051486423,94.47629728750876,92.44154131673642,93.049072265625,705900
2023-01-30,93.59873612433783,94.92952858390584,93.46372925993562,93.8398208618164,834300
2023-01-31,94.23520688523102,95.31526184082031,93.74339194234084,95.31526184082031,1197900
2023-02-01,95.11275248765494,95.62385833547539,94.01340662125372,94.3412857055664,752700
2023-02-02,93.55054622838637,94.89097710453589,93.12623463340698,94.43773651123047,659300
2023-02-03,94.61129972683611,95.02596579046393,93.64696072838284,94.56307983398438,515300
2023-02-06,94.7366669309671,95.72029688953343,94.48594407333682,94.83309936523438,605500
2023-02-07,94.68845406582466,95.68172211426479,93.56017178108837,95.46956634521484,676600
2023-02-08,94.9391923278633,95.8746025391913,94.76561097568569,95.4310073852539,629300
2023-02-09,95.54671621266111,95.83601351742415,94.35093047620633,94.4570083618164,812500
2023-02-10,94.70773727027652,97.23430823131754,94.70773727027652,97.22466278076172,844900
2023-02-13,97.29216500041274,98.62295022483443,96.50140728317847,97.11858367919922,1127100
2023-02-14,95.1320644124879,96.60750222466996,91.58329583007568,91.85330963134766,1805300
2023-02-15,91.02397309117208,94.553457962532,90.04035038122487,94.44738006591797,1259600
2023-02-16,93.91698650497698,96.3374797612987,93.91698650497698,95.88423919677734,1066000
2023-02-17,96.25067929710555,97.98649254934858,95.9517365426227,97.62968444824219,1282000
2023-02-21,97.65861973681332,98.19865464860607,96.34712529843456,96.44355773925781,1408400
2023-02-22,96.4724838828293,97.49468096850927,95.88423644668275,96.56891632080078,808900
2023-02-23,96.55926886026815,97.75505460966355,95.71065312352715,96.01924133300781,977100
2023-02-24,95.10312588825818,96.14460653780759,95.10312588825818,95.73958587646484,579400
2023-02-27,96.3374731312254,96.3374731312254,93.45410141487261,94.01341247558594,1218100
2023-02-28,94.13878022580874,94.63058784150849,93.18407927394284,93.60839080810547,995500
2023-03-01,93.23230386935793,94.07128152947871,93.02979354256811,93.21302032470703,545000
2023-03-02,93.09731575771993,93.82057022380788,92.85623093569062,93.49269104003906,647900
2023-03-03,93.81089403697915,94.00376624580963,92.71154819727413,93.83018493652344,750700
2023-03-06,93.68556331205745,94.11951304878026,92.59585520779702,93.49269104003906,1057200
2023-03-07,93.77234360338679,94.1195063108419,92.97194764311607,93.07801818847656,1249700
2023-03-08,92.8561980830222,93.26121867497656,90.16569153820147,90.70571899414062,746500
2023-03-09,91.22647149161084,91.65078302252662,89.37494230505223,89.43280029296875,589600
2023-03-10,89.32673167852509,90.47429760675752,89.0181434487471,89.20137023925781,903900
2023-03-13,88.71919304286597,90.29106305357608,88.37203039454717,88.94099426269531,903200
2023-03-14,89.67675373899768,90.62551248140261,89.667077878533,90.29634857177734,1493600
2023-03-15,89.41536746634311,89.62835458048579,87.72116118622142,89.36695861816406,659800
2023-03-16,89.23141932827333,90.27698836566769,88.66023334938284,89.57025909423828,1332500
2023-03-17,89.61868793616624,89.61868793616624,86.78210174335996,87.57595825195312,2023200
2023-03-20,88.05031358459631,89.75420303159477,88.05031358459631,88.66023254394531,611700
2023-03-21,89.52186124778405,89.91878573646484,88.8828999037546,89.68643951416016,842600
2023-03-22,89.83165957992132,90.15114025516178,88.34075714828582,88.39884185791016,589300
2023-03-23,88.28267079842762,88.58278497411516,86.95634665947216,87.40167999267578,642900
2023-03-24,87.42104447955869,88.51501498691525,86.8111255092224,88.46660614013672,953800
2023-03-27,88.14713286431864,88.51501498691525,87.20805737157795,88.46660614013672,923700
2023-03-28,88.621523298125,89.36697091403617,88.18586576303171,88.19554901123047,696100
2023-03-29,88.6892822513769,88.96035408416428,88.0019194221936,88.52470397949219,1601800
2023-03-30,88.80545754584236,89.31855884718053,88.27298975040463,88.66991424560547,1008000
2023-03-31,89.09588135338238,89.45408760403066,88.81512630062876,89.12492370605469,1116200
2023-04-03,89.22174064066589,90.90626355676453,89.2023741482799,90.22857666015625,971300
2023-04-04,90.18018318077732,90.65455888006971,88.20522179336287,88.66991424560547,1013600
2023-04-05,88.47629145842176,89.43472608062409,88.28267083907996,88.59246826171875,915900
2023-04-06,89.03780252324252,89.1830216823392,87.93414873195296,88.49565887451172,824800
2023-04-10,88.53437568695777,90.05432043762458,88.51501657958984,89.64771270751953,565000
2023-04-11,89.77357864152174,89.95751602511011,88.98939809788467,89.33792114257812,940800
2023-04-12,89.2604664837961,90.20922526569372,89.047486752412,89.72516632080078,491400
2023-04-13,89.46376922064267,90.27698462526499,88.95066058355178,89.82196807861328,589000
2023-04-14,89.59930826121908,89.860696825821,88.43756243170877,88.9797134399414,455200
2023-04-17,89.08620732663505,90.16081880363863,88.69896606939163,90.1220932006836,492400
2023-04-18,90.10273134268478,90.65455824218583,89.65739800152194,90.09304809570312,485200
2023-04-19,90.35444507696717,90.50934009964845,89.42505278241927,89.4928207397461,395900
2023-04-20,89.57026792660835,89.80262154859884,89.03780749505927,89.60899353027344,445100
2023-04-21,90.02528565609383,90.25763928097271,88.49566491615352,88.82482147216797,401800
2023-04-24,88.73768713532546,88.91194126048354,87.82765397779427,88.4569320678711,348900
2023-04-25,88.40852442459241,88.9603513202372,88.00191668804432,88.49565887451172,508300
2023-04-26,87.80829035781055,88.2729901985658,85.93014665905189,86.60782623291016,800900
2023-04-27,86.6465444626473,89.14429019860474,86.6465444626473,89.12492370605469,702900
2023-04-28,89.08621055229337,90.47061951691087,88.87323080755928,90.28668212890625,1189100
2023-05-01,90.48029191189984,91.78724951104013,90.48029191189984,91.31287384033203,1387400
2023-05-02,87.31455704771068,87.31455704771068,76.87824711412718,78.03998565673828,4017400
2023-05-03,77.98190149662362,81.26382065815753,77.85604143974628,78.3110580444336,2053500
2023-05-04,77.69145891890179,78.39818821255746,76.07470385177088,76.91696166992188,1352600
2023-05-05,77.4784781514575,78.50468081216964,77.19772306036282,78.25297546386719,2192800
2023-05-08,78.2529694190071,78.4853156403203,76.35545927495073,76.54907989501953,1458500
2023-05-09,78.42724022448364,79.14364546700988,76.9653799954408,77.73019409179688,1680500
2023-05-10,77.99155853855638,78.23358796042245,76.7039676277042,77.50749969482422,1357100
2023-05-11,76.84919332831502,77.09122279413555,75.64872924596816,75.77458190917969,944400
2023-05-12,76.07469964634682,76.4522650031605,75.45510483587546,76.39418029785156,852800
2023-05-15,76.26832374625887,76.4716276102999,75.59064419945545,75.82299041748047,1214000
2023-05-16,75.51319760310841,75.51319760310841,74.4676284790039,74.4676284790039,1322700
2023-05-17,74.65156982470683,76.62653117320292,74.13846853347977,76.04566192626953,2009300
2023-05-18,75.96821190408095,76.52003880516482,75.01945312329735,76.40386199951172,1078900
2023-05-19,76.79111843554422,76.96537996865526,75.63905566741265,75.90045166015625,1160600
2023-05-22,75.74554874201252,77.67210884164068,75.6003295676764,77.45912170410156,980300
2023-05-23,78.90160283149521,79.55992324872558,78.19487356849604,78.4949951171875,1243400
2023-05-24,78.47562930535187,78.64989081101764,77.66241386968018,78.07870483398438,1280700
2023-05-25,79.11460437389098,79.39535948105316,76.52973107898448,76.76207733154297,1191800
2023-05-26,77.15899910366966,78.24329388696496,76.78143368700023,77.73987579345703,1429000
2023-05-30,77.73018022429288,78.31104943585014,76.67492796552894,76.71365356445312,728800
2023-05-31,76.48132235023672,76.71366860317755,75.42607727075837,75.5712890625,1329400
2023-06-01,75.81332114044896,76.33610576695057,75.42607983443692,75.96822357177734,955800
2023-06-02,76.51036775642055,78.99843083148161,76.51036775642055,78.89193725585938,819100
2023-06-05,79.22109034704896,79.52120453557633,78.0496685623011,78.08839416503906,655400
2023-06-06,77.8366725509911,79.01777744807389,77.8366725509911,78.73702239990234,653500
2023-06-07,78.82415714051359,80.0923966039758,78.59181091412455,80.06334686279297,586800
2023-06-08,80.05367251347863,80.37314581098842,79.45343674897366,79.91813659667969,682300
2023-06-09,80.01495746857363,80.6926371419877,79.64706788630215,80.26667022705078,475600
2023-06-12,80.66357261243259,81.85436072403783,80.24728167427901,81.3606185913086,630200
2023-06-13,81.12828252595067,81.86404680785259,81.0411480746326,81.0701904296875,1101000
2023-06-14,80.92434528814796,81.38131900113899,80.29235026476118,80.7298812866211,725400
2023-06-15,80.77849528992971,82.9467150227589,80.58403129767504,82.87865447998047,1254800
2023-06-16,83.20925591884858,83.62734431184943,82.68421416358863,83.51066589355469,2761900
2023-06-20,83.13147285013896,83.6467895651299,82.52864546423842,82.83006286621094,815100
2023-06-21,82.58699312074035,84.14266841126776,81.81887682334511,84.0746078491211,1086000
2023-06-22,84.1523738503605,84.1523738503605,83.41342547785851,83.61760711669922,696800
2023-06-23,83.19954451696498,83.56901510846698,82.27586432918724,82.37309265136719,998200
2023-06-26,82.110545920471,83.57871766976011,81.89664663646718,83.5689926147461,723900
2023-06-27,83.28702434433872,84.45377861434335,82.98560701378737,84.03569030761719,765700
2023-06-28,84.0940366931601,84.44406450312894,83.24814233410518,84.26905059814453,823800
2023-06-29,84.3468391421494,85.86362142614772,84.3468391421494,85.34830474853516,845500
2023-06-30,85.73723829562344,86.44701910253444,85.56222435816902,86.0289306640625,818200
2023-07-03,85.38719620359328,86.15531238908135,85.18301454690058,85.97057342529297,297100
2023-07-05,85.56221114910556,86.67063010918456,85.2899689368818,86.19420623779297,796500
2023-07-06,85.81501446317222,86.3789416056982,85.2705225966018,85.99002838134766,761900
2023-07-07,85.7566685370028,86.61229540386744,85.3483052149323,85.60110473632812,928600
2023-07-10,85.29969996191883,86.32060832920317,85.29969996191883,85.59138488769531,664200
2023-07-11,85.64970419373097,87.24427930891069,85.6108188120825,87.0303726196289,763000
2023-07-12,87.50679801928483,87.58458362007678,86.58311811852076,86.66089630126953,1021300
2023-07-13,86.67062098868426,87.70125423166,86.34976095030923,87.38040161132812,660900
2023-07-14,87.03037958301908,87.51652849099567,86.44700237705592,87.34151458740234,858900
2023-07-17,87.27346268781714,88.10963948586472,87.25401257546568,87.97351837158203,790600
2023-07-18,88.18740202950852,88.9749682429878,87.41929334297171,87.84709930419922,762200
2023-07-19,88.16796097943245,88.63466716714409,87.27344882253196,88.04156494140625,743100
2023-07-20,88.11935138635288,88.87774993974678,88.01239802951696,88.82913208007812,554300
2023-07-21,89.09165260485749,89.1013776607678,88.38187930233221,88.780517578125,624200
2023-07-24,89.10136792283332,89.40277786071424,88.63466914276242,88.89718627929688,526300
2023-07-25,88.50826692067982,89.73336421706115,88.43048131689991,89.65557861328125,655900
2023-07-26,89.87921451337206,91.25015060749115,89.87921451337206,91.0848617553711,822300
2023-07-27,91.20153182629498,91.52238444576233,89.54862120211695,89.60696411132812,1202500
2023-07-28,90.44312774843102,91.16263337913529,90.18061063639323,91.15290832519531,890000
2023-07-31,91.60018878019063,92.05717000258427,90.81262981617712,90.93902587890625,1282100
2023-08-01,93.34059369629502,98.8049102894281,92.93223037920427,97.21034240722656,2027000
2023-08-02,97.22005774653417,97.54091781011083,95.57687946145236,95.81995391845703,935400
2023-08-03,95.97551272043407,96.18941941835669,94.89626159403787,95.67410278320312,936400
2023-08-04,96.33527107635425,96.41305668332667,94.12815084128512,94.41011810302734,859800
2023-08-07,94.54625755102391,95.25603837078955,94.24484753807786,94.92545318603516,1161800
2023-08-08,94.74071018023358,94.74071018023358,93.69062666313185,94.31289672851562,593300
2023-08-09,94.25454859683246,95.13933571389788,94.00174909850949,94.85736846923828,454400
2023-08-10,94.56569036318444,95.07128197801121,94.08925907874021,94.63375091552734,587300
2023-08-11,94.6920805468752,95.2754577333989,94.05036786711216,94.95460510253906,594700
2023-08-14,95.07128203424233,95.91718382932783,94.75042196527431,95.45047760009766,702400
2023-08-15,95.14907792525354,95.76162296290215,94.76015726187019,94.89627838134766,637900
2023-08-16,94.82820958571703,95.0810091076671,94.04065068884815,94.10871124267578,565100
2023-08-17,94.21565784762184,95.09072734699537,93.57393774206676,93.64199829101562,819400
2023-08-18,93.37948493826013,93.9045266591831,92.95167151720206,93.43782043457031,3388400
2023-08-21,93.13639890334335,93.8461720803764,93.00027781684267,93.79756164550781,693000
2023-08-22,93.36975995043746,93.7295128200461,92.4655226667563,92.74748992919922,1193800
2023-08-23,92.92250696518362,93.08779582244354,92.35857242130899,92.85444641113281,732600
2023-08-24,92.36829145884526,94.16704091417196,92.35856640374477,93.7392349243164,571700
2023-08-25,94.22537441860383,94.22537441860383,92.88359883436299,93.13639831542969,350100
2023-08-28,93.06835408363881,94.23510857020409,92.84472230772434,94.17677307128906,563600
2023-08-29,94.31288711317048,94.43928315736255,93.46698535207213,94.14759826660156,375100
2023-08-30,94.53653401559473,95.46993916802514,94.47819109366206,95.24630737304688,413100
2023-08-31,95.7227087915096,95.9366154795333,94.76013611344595,94.80875396728516,1324900
2023-09-01,95.72271029459141,97.52146706228487,95.72271029459141,96.1019058227539,785800
2023-09-05,95.80049006596451,95.83938286367163,94.7601318359375,94.7601318359375,548300
2023-09-06,94.61431311239421,94.82821985273895,93.72952581683934,93.83647918701172,545500
2023-09-07,94.07953166518189,94.31288104638894,92.64052774197845,93.08778381347656,950700
2023-09-08,93.03917244937803,93.40864291744175,92.67941961765386,93.14612579345703,512200
2023-09-11,92.9225175720916,93.38922386603062,92.52387925801723,93.24337768554688,440400
2023-09-12,92.72804783845557,93.45727121977013,92.37802002198107,93.1266860961914,461500
2023-09-13,93.38922429368412,93.52534541794698,91.94049495710162,92.39747619628906,394600
2023-09-14,92.71954359329335,93.47105661764583,92.29986536128413,92.84642028808594,657000
2023-09-15,92.5243358547247,92.69025322995513,91.07985987102371,91.78257751464844,1908400
2023-09-18,92.06562621231734,92.06562621231734,91.13842633267205,91.32386779785156,724200
2023-09-19,91.45074122335497,91.62642064560562,90.87490766757624,91.44098663330078,761400
2023-09-20,91.9290026239989,92.63172045382882,91.34339946830501,91.59716033935547,476000
2023-09-21,91.4312337669795,91.4312337669795,90.14292035668218,90.18196105957031,485500
2023-09-22,90.08435621420395,90.40642895773685,88.79604290131591,88.94243621826172,494800
2023-09-25,88.75699972503892,89.57683206207045,88.63987762849787,89.16691589355469,413600
2023-09-26,88.67892129553483,89.27427894193828,88.41539843106004,88.7960433959961,405100
2023-09-27,89.02051666206103,90.22099397188855,88.79604194765355,89.78179168701172,428400
2023-09-28,89.94772384254001,90.30883731152257,89.6353982209835,89.9281997680664,380700
2023-09-29,90.15268913887378,90.78708013107378,89.29380850358201,89.9477310180664,555500
2023-10-02,89.81107108323422,91.68498744408551,89.67443235693547,90.9627456665039,895300
2023-10-03,91.36291122407656,92.16322698984433,90.30883462147926,90.42595672607422,664900
2023-10-04,90.3186029158369,90.76755984517668,88.45444838137433,89.13764953613281,812800
2023-10-05,89.01076690967352,89.43044517958411,87.74197750840533,88.27877044677734,491500
2023-10-06,87.79076212110432,89.14739480487553,87.07828982049179,88.7960433959961,574100
2023-10-09,89.63538512650557,92.77809049491229,89.63538512650557,92.1436996459961,931100
2023-10-10,92.42673493792289,92.73905307864996,91.62641923691903,92.02658081054688,725700
2023-10-11,92.11442124980206,93.47105393724799,92.0558639225389,93.34417724609375,637700
2023-10-12,93.53937810015657,93.53937810015657,91.45074892975572,92.2413101196289,645900
2023-10-13,93.0025898424499,93.46130880912565,91.87043175905839,92.61219024658203,698700
2023-10-16,93.11970520019531,93.7053008283916,92.49506142436654,93.11970520019531,538200
2023-10-17,93.13922010256573,94.34945203792157,92.94402404553333,93.17826080322266,582000
2023-10-18,93.07090346622863,93.07090346622863,91.84114742136953,92.00706481933594,423900
2023-10-19,92.0168280548994,92.55362840384448,90.96275143129047,91.16771697998047,439700
2023-10-20,91.74353927047977,91.91921868608182,90.45522603814862,90.48450469970703,650500
2023-10-23,90.17219812562054,90.92371861780165,89.6744384765625,89.6744384765625,393500
2023-10-24,90.20146662107896,90.65042347983088,88.64963796449638,88.8253173828125,535400
2023-10-25,88.8838774956575,90.11363346245521,88.8838774956575,89.12787628173828,473000
2023-10-26,89.13764417076973,90.45523621286658,88.46420509416917,89.85987854003906,597900
2023-10-27,89.3621169819419,89.89891731355128,88.13236840703154,88.31780242919922,538700
2023-10-30,90.1038775274425,90.49427710085806,88.35684520725361,89.58660125732422,800900
2023-10-31,93.22705770500056,97.3555206542067,92.29986524869956,96.74064636230469,2292100
2023-11-01,97.62878672417573,99.47341683086927,95.93055736882722,98.75118255615234,1729200
2023-11-02,98.81951498257654,100.9959875765686,97.76543836899512,100.70318603515625,1427200
2023-11-03,101.17166120802884,102.78204725465262,101.01549840923384,101.44493865966797,1195600
2023-11-06,101.24973704690963,101.39613781194356,100.35182327587144,100.8398208618164,787100
2023-11-07,100.54702200179791,101.11310100362697,100.11758917821417,100.3420639038086,722300
2023-11-08,100.30302537842762,100.88862846681887,99.75647043859853,100.53726959228516,683600
2023-11-09,100.8691030285403,101.09358520222173,99.81502641919282,100.04927062988281,667600
2023-11-10,100.52750022729774,101.39613531317326,100.28350144033828,101.06430053710938,656400
2023-11-13,100.97645615634327,102.32332676709845,100.25422183865588,101.90365600585938,673200
2023-11-14,102.4404521229929,102.93821174451399,101.3278182251826,102.45997619628906,786100
2023-11-15,102.4892705789458,102.92846549419076,101.79631479569652,102.44046783447266,687500
2023-11-16,102.62589061221333,103.30908423272417,102.1183689687607,102.15740966796875,650900
2023-11-17,103.40668508154042,103.40668508154042,102.41117328643087,102.7332534790039,731300
2023-11-20,102.4794895191623,103.86540082841621,102.20621207184485,103.37740325927734,665500
2023-11-21,103.40667739874247,103.92396105425397,102.81131979473543,103.1333999633789,456700
2023-11-22,103.14317068873815,104.1289279032762,102.96749125888239,103.76780700683594,528000
2023-11-24,104.1582096643874,104.68524796962636,103.93372749046522,104.19725036621094,237200
2023-11-27,103.97277222537333,104.34365518395713,103.59213467564464,104.18749237060547,401400
2023-11-28,104.31436128438456,104.82188294363665,103.7775684076302,103.78732299804688,513000
2023-11-29,104.03131759601114,104.37292184937795,103.20172322266015,103.67020416259766,635000
2023-11-30,103.72875391562705,104.7730683332881,103.17243702857868,104.74378967285156,1015200
2023-12-01,104.55836425918179,106.3346752451037,104.23629149874867,106.32492065429688,703000
2023-12-04,106.52987427646903,108.71610137194324,106.38347351174372,108.62826538085938,829900
2023-12-05,108.33546940196645,108.33546940196645,107.13499200521514,107.3594741821289,492700
2023-12-06,107.17404098637866,108.20860106277435,106.71532200622016,107.06668090820312,658400
2023-12-07,107.33995611001338,107.64251224129183,105.76860323151452,106.07115936279297,713400
2023-12-08,106.29563529180776,106.67627280436089,105.68075358210496,105.88571166992188,1002600
2023-12-11,106.00283876856759,106.27611623188042,105.20252300618611,105.71003723144531,906800
2023-12-12,105.66123788446822,106.82266705897564,105.30011699537647,106.39323425292969,537400
2023-12-13,106.44203134455181,107.58395135782972,106.15899185040617,107.53514862060547,665300
2023-12-14,107.71145121182678,107.89752701015244,105.30218693601543,106.44805908203125,882100
2023-12-15,105.46866983557386,106.34031111751892,104.70476017023076,105.33155822753906,1774500
2023-12-18,105.9681540156313,106.40887634220915,104.98878103037768,105.66455078125,525500
2023-12-19,105.70371395893967,105.86040973239317,105.1846475343406,105.48825073242188,1053400
2023-12-20,105.42950110612543,105.48826109293884,103.52951516424918,103.69600677490234,709700
2023-12-21,104.15631000994122,104.65579229832018,103.34342868164306,104.391357421875,526000
2023-12-22,104.71455818387238,105.83104279349888,104.71455818387238,105.409912109375,449500
2023-12-26,105.27279281168109,106.00732249981846,104.99856959030005,105.6743392944336,572900
2023-12-27,105.63516885732936,106.30114277401582,105.32176980665473,105.59599304199219,304100
2023-12-28,105.48826478736773,105.81145967020596,105.14548573224671,105.7135238647461,295900
2023-12-29,105.73310860258094,106.18361928772443,105.50785699602072,106.00733184814453,478400
2024-01-02,105.71351022134897,106.30113245029254,105.05732471820697,105.77227020263672,709300
2024-01-03,105.32175784565594,105.59598104985089,104.18568174596606,105.43928527832031,1084500
2024-01-04,106.1836153280043,106.57536600935327,105.1552781954888,105.59599304199219,940300
2024-01-05,106.94751992410711,107.25113061042121,105.29238476952531,106.49700927734375,1566500
2024-01-08,106.76146072342397,107.94650124448431,105.9485792799783,107.89752960205078,764300
2024-01-09,107.9954668566105,108.34804176517268,107.18259287433669,107.94650268554688,546000
2024-01-10,107.86813689601509,108.33823920310776,107.17278299312466,107.44700622558594,587300
2024-01-11,107.3882521812219,107.47639216566598,106.06610011039895,106.57537078857422,551400
2024-01-12,106.55578637300057,108.04443005906015,106.55578637300057,107.9171142578125,451900
2024-01-16,107.62328963026337,107.73102124927443,105.90938701947945,106.49700927734375,542800
2024-01-17,105.79186851120379,107.02588058732326,105.79186851120379,106.27176666259766,592500
2024-01-18,106.37949392412055,107.53515431926685,105.50785258486864,107.46659851074219,701700
2024-01-19,107.73102995231767,107.91711321328266,106.82021276383988,107.6135025024414,505700
2024-01-22,107.88772591637006,109.21966623136613,107.88772591637006,108.97482299804688,459500
2024-01-23,109.07276985484117,109.23926146568641,108.00524943702196,108.28926849365234,379800
2024-01-24,108.72997967776203,109.07276618175283,107.77999420974201,107.88772583007812,348000
2024-01-25,108.63204440502938,108.63204440502938,106.70267852314912,108.44596862792969,531000
2024-01-26,109.32741338092045,111.15884371621745,108.67123521570508,109.24906921386719,666900
2024-01-29,109.03358197161099,109.5918242012637,108.29905232880361,109.20986938476562,544000
2024-01-30,109.26863973711349,109.50368715295681,108.90626905567044,109.30781555175781,758700
2024-01-31,109.63100937442596,109.63100937442596,107.88772673548098,108.19132995605469,571000
2024-02-01,108.38720438847199,108.60266763658429,107.39804307235316,108.56349182128906,637400
2024-02-02,108.33824246832437,109.15111636847024,107.77020434280718,108.641845703125,428400
2024-02-05,107.87793053104689,108.86709928982245,106.72227016622647,108.44596862792969,746800
2024-02-06,108.36761092002585,110.5809957261722,108.32843510809153,109.84646606445312,609000
2024-02-07,110.01296782898656,111.07069243290638,109.64080131722432,110.74749755859375,640600
2024-02-08,110.57120765207442,111.37429317293922,110.2088369703098,110.9335708618164,779200
2024-02-09,111.2861376979219,111.8737674037162,110.65933965229526,111.18820190429688,816700
2024-02-12,111.45265755997295,113.01965296639305,111.3253342796859,112.19697570800781,1202000
2024-02-13,117.18196807591981,119.97317932499485,115.95775196035865,118.7783432006836,2467200
2024-02-14,119.4149432253584,119.96338968232912,116.84898342506062,118.99381256103516,1553500
2024-02-15,119.84586597535169,120.62935982202582,118.48453822493386,119.6695785522461,1771600
2024-02-16,119.6793741105374,122.35306561002133,118.54330534921966,121.2757568359375,1377000
2024-02-20,121.2855512946599,122.38245176775183,120.69792897665546,120.95256805419922,1319600
2024-02-21,120.9427541450102,122.31387766331976,120.22781613116342,121.39326477050781,1086300
2024-02-22,121.44223578993926,122.76438766905436,121.0309009781296,122.17676544189453,1032200
2024-02-23,122.61748600951435,124.04737704126426,122.61748600951435,123.45974731445312,1111900
2024-02-26,123.64583568546185,124.2628379577661,122.8525459822103,123.0973892211914,1049000
2024-02-27,122.91130768712418,124.09634808371986,122.75460442541429,123.96903228759766,1066000
2024-02-28,124.13552325675325,124.4783022999413,123.5479009724276,123.9494400024414,780700
2024-02-29,124.0375929191466,125.42830826881294,123.85150965663692,125.2226333618164,1050000
2024-03-01,126.33910628565353,126.39786626962295,124.17469303585207,124.81128692626953,834700
2024-03-04,125.18346523212597,127.0638672011121,124.81130615627613,126.84840393066406,661700
2024-03-05,127.12261342178459,127.41642829911366,125.73190560940884,126.63292694091797,688400
2024-03-06,126.64270707705312,127.19115350900604,125.87879741196946,127.15198516845703,554200
2024-03-07,127.54374237056528,127.7004456380761,125.74169962632922,127.1128158569336,917600
2024-03-08,127.03447358192092,127.26951352880707,125.46747086380111,126.10405731201172,531100
2024-03-11,125.31076405942531,125.50663565763973,124.0669637195165,124.62520599365234,656600
2024-03-12,124.44893348422133,124.85048002232378,123.27368881001249,124.61542510986328,894000
2024-03-13,124.98758424884814,125.86902143830858,124.5174819237949,125.42830657958984,837500
2024-03-14,125.22201305037024,125.5363447487245,123.58158723952064,125.52651977539062,746200
2024-03-15,124.2397391601022,125.74263049735731,123.97451731085863,125.65422821044922,1799700
2024-03-18,124.96661521094921,125.61492105491745,123.3360143863846,124.11202239990234,1471700
2024-03-19,124.19061524938671,125.65422160053085,124.19061524938671,125.61492919921875,734300
2024-03-20,125.65422160053085,126.73474390096537,125.0648505693679,125.61492919921875,749000
2024-03-21,125.84085433562262,127.66790971581365,125.19254097750238,126.8624267578125,516400
2024-03-22,127.20623182819884,127.38303638451396,126.4007488800491,126.85260772705078,617300
2024-03-25,126.92138366554168,127.47146230723264,125.94891357421875,125.94891357421875,440000
2024-03-26,125.8015660597847,127.2651648274777,125.8015660597847,127.06871032714844,588200
2024-03-27,127.99207429484937,128.41445075851664,127.31429346848196,128.22781372070312,669400
2024-03-28,128.6010793277603,129.17080788358763,127.88401364047674,128.76806640625,682700
2024-04-01,128.4930311174717,128.60108334675573,127.54021100156302,128.1099395751953,444500
2024-04-02,128.1099259531696,128.1099259531696,126.49897515328583,126.66596221923828,556000
2024-04-03,126.58738726881974,127.68755947787363,126.41058271059846,126.72490692138672,719800
2024-04-04,127.55003632389362,127.79560819591612,126.06677262422646,126.43022918701172,547100
2024-04-05,126.41059383277148,127.10800963625229,125.51670851817902,126.3811264038086,688300
2024-04-08,126.38112284897356,127.95277397402457,125.95873139818762,126.95085144042969,779800
2024-04-09,127.16694621546256,127.40268562257116,124.49511552484279,124.84873962402344,714400
2024-04-10,123.66999752397473,124.88803192336741,122.90381447444935,123.98432922363281,740300
2024-04-11,124.12185704378261,125.59528838808747,123.35567394382558,124.39689636230469,717900
2024-04-12,124.07273467875781,124.82910026853813,122.71718059443987,123.50301361083984,785100
2024-04-15,124.76034523359608,125.09431940712531,122.00011209081111,122.6680679321289,817500
2024-04-16,123.59141154834153,123.59141154834153,122.11798031505455,122.43231201171875,871800
2024-04-17,122.86452052775492,122.86452052775492,121.04729017779874,122.15727233886719,1075700
2024-04-18,122.39302718516824,122.99222318998387,121.09640791942572,121.56790924072266,868000
2024-04-19,122.26533136721278,123.22796896013413,121.6072005136887,122.69754028320312,940400
2024-04-22,123.51283468522946,124.8094539540481,122.77611902125844,123.79769897460938,1021500
2024-04-23,124.51478151709783,126.49899922329804,124.14150742305058,126.40076446533203,1220200
2024-04-24,126.26322010166078,128.04117294657266,125.7720763849321,126.6168441772461,828700
2024-04-25,126.09625727689053,127.83491056512726,125.94892012895505,127.57952117919922,703000
2024-04-26,127.1374597341701,128.63054088167394,126.5186288217875,128.05099487304688,892000
2024-04-29,127.99205416762888,129.99591391486615,127.98222170075186,129.28866577148438,1277700
2024-04-30,136.6263689374579,138.41413943637656,132.72668624464742,137.73635864257812,3723800
2024-05-01,137.23539419222143,140.36887874906634,136.14505445995596,139.6714630126953,1950200
2024-05-02,139.78934154879553,140.81092901414485,138.23732539112476,140.13314819335938,1720100
2024-05-03,140.12329728420434,140.53587119879202,138.71863343985723,139.16065979003906,1311200
2024-05-06,139.87773709887244,140.75197239367097,139.16067140479498,140.09384155273438,1856300
2024-05-07,141.30208132949363,141.61640557652635,140.2215589429318,140.31979370117188,1016900
2024-05-08,140.9582612342441,142.92283630371094,140.9582612342441,142.92283630371094,1221600
2024-05-09,143.26664099027508,144.3962656444674,142.55939277579216,144.22927856445312,1066600
2024-05-10,144.64184538856682,145.18210655240784,144.13105165288812,144.86776733398438,667500
2024-05-13,144.9463288139737,145.1624332447348,143.47289768888422,143.5023651123047,969800
2024-05-14,143.40414574944933,144.32748333330167,142.79511735724972,144.0033416748047,786600
2024-05-15,144.05246716155867,145.53573099537698,144.05246716155867,144.641845703125,941500
2024-05-16,144.80883043866206,146.09562474536168,144.5534410686782,144.94635009765625,603000
2024-05-17,145.29996649733533,146.09561698126905,144.39626378789717,146.03668212890625,674500
2024-05-20,146.2724186681568,146.84214715230104,145.29994875734772,146.79302978515625,475700
2024-05-21,146.97969837672977,147.68694664777476,146.940398479161,147.61817932128906,608400
2024-05-22,147.60834824970956,148.43346616044727,146.97968484316874,147.26454162597656,1007900
2024-05-23,147.4216941946063,148.4825663809392,146.28223721796914,147.1171875,763700
2024-05-24,148.26647582384237,148.63974986557517,147.34312318704076,148.47274780273438,691700
2024-05-28,147.66727873033793,147.91285060044322,144.5632466949628,144.9659881591797,745600
2024-05-29,144.16051901557768,144.70078017917334,142.91302458788817,143.13894653320312,673700
2024-05-30,143.4630916421521,143.75778088835503,142.44150425378436,142.70672607421875,731300
2024-05-31,142.82460532573177,144.49450616968244,142.15665697896642,144.4453887939453,1565200
2024-06-03,144.07212969958783,144.20964937283455,141.11544923052287,142.9425048828125,1024400
2024-06-04,142.70672290307903,142.73619032819272,141.2627591184375,141.96018981933594,1086800
2024-06-05,142.0093211575644,143.3943352396797,141.0859684438083,143.08982849121094,545600
2024-06-06,143.0112292386023,143.35503584869807,140.5751605084492,141.68515014648438,615100
2024-06-07,141.86197133706136,143.1880655732471,141.48869725814586,142.28436279296875,664400
2024-06-10,142.19593163316142,142.4906208778165,141.1154243874496,142.15664672851562,790700
2024-06-11,141.78337021252676,141.78337021252676,140.57516081788847,141.23329162597656,705400
2024-06-12,141.59674308469073,142.8049675522375,140.9975470849498,142.01913452148438,551300
2024-06-13,141.62620814932257,142.25488655425255,141.08596200142787,141.59674072265625,618800
2024-06-14,140.621695044204,141.55733156396005,139.94212287916167,141.5277862548828,737300
2024-06-17,141.12398806878878,141.94144339708188,139.61711711065013,141.6853790283203,859200
2024-06-18,141.46871712600964,142.47330287163237,140.90734114013537,141.6952362060547,741100
2024-06-20,141.43917171056515,144.35443454802598,141.43917171056515,143.80288696289062,801300
2024-06-21,143.4877133999069,144.41350651300647,142.03008968360817,144.3544158935547,1852200
2024-06-24,144.64989015740395,147.2302961334093,144.26578604662836,146.31434631347656,1216400
2024-06-25,146.35374274779085,146.99391122428096,144.80746792542783,146.0484161376953,656700
2024-06-26,145.5067384271815,145.7135556100021,143.6157633292936,144.17713928222656,1094800
2024-06-27,144.53169213219556,145.2309662158783,143.5960555635423,144.95518493652344,762800
2024-06-28,145.3589933099015,146.41282616674758,142.58162886824704,143.6748504638672,1835200
2024-07-01,144.36426583619985,145.260513680023,142.54222483749427,143.35968017578125,633900
2024-07-02,143.27104728712018,144.40365764348596,142.8573978953657,143.6551513671875,517500
2024-07-03,143.43847133478357,144.5218494905681,143.07406914971682,144.42335510253906,297300
2024-07-05,144.42337897277565,144.9453662537092,142.62103957651715,143.31045532226562,411500
2024-07-08,143.79303144216317,144.54153770255584,143.31043298130444,143.35968017578125,425900
2024-07-09,143.55666573967292,144.28548520476076,142.5816403382069,142.85740661621094,550600
2024-07-10,143.70440079025283,146.63935034570076,143.70440079025283,146.59010314941406,1018500
2024-07-11,146.49160813005437,147.04314060200304,145.6249056580592,146.69842529296875,714200
2024-07-12,146.69843958414552,149.13110378201048,146.28479018988682,147.65377807617188,964900
2024-07-15,147.88029683000934,148.8553372039262,146.62950522197156,146.7082977294922,935300
2024-07-16,147.37801688803435,150.30312308856637,147.19088655434982,149.5152130126953,616300
2024-07-17,149.51520812442823,150.43115787827088,147.78181803669136,147.9689483642578,1243700
2024-07-18,148.25453923450087,149.19017572541938,147.77194082089215,148.5204620361328,704400
2024-07-19,149.3083878632069,150.49024539994386,147.30907498129227,147.67347717285156,862600
2024-07-22,148.08713264290694,150.7561744231049,147.87045699898823,150.68722534179688,861800
2024-07-23,150.92360091415293,153.10018572512632,150.48039117579572,152.597900390625,658600
2024-07-24,152.1842232862623,152.1842232862623,147.80149412195064,147.83103942871094,1016400
2024-07-25,148.36288626693153,151.44557718783682,148.0772765941818,149.72203063964844,1088900
2024-07-26,149.89932503939136,149.98796098273115,146.43252953901364,147.56515502929688,1043800
2024-07-29,148.20530310953836,151.29783749629638,147.7325631154463,150.6576690673828,1209400
2024-07-30,150.68721906522927,151.32738751405674,143.6256041320191,143.77333068847656,1818800
2024-07-31,145.76279640780194,146.74768016731412,140.52320759369306,142.2172088623047,1831800
2024-08-01,143.03466014936245,143.4384660861183,140.1982052211484,142.56192016601562,1217100
2024-08-02,141.63614247328803,143.33998730677442,141.31112900306206,143.1922607421875,1063200
2024-08-05,141.19295575979606,141.3111370181688,138.29739470457946,140.5035400390625,1089000
2024-08-06,141.59676327351488,143.57637451304817,141.03537223398612,141.12400817871094,1059500
2024-08-07,141.78386336689192,143.47784949667655,140.87775714259266,141.01564025878906,877800
2024-08-08,140.8876277930944,143.19225223249867,140.1292630743022,142.19752502441406,832400
2024-08-09,141.98084313955223,142.79829844467784,140.87776313492822,142.03009033203125,1018800
2024-08-12,141.82326591442424,143.59605974398136,141.31112213518907,142.50283813476562,739600
2024-08-13,142.2861593034008,143.41876962644733,141.35052272851883,142.63087463378906,950500
2024-08-14,142.43387755353947,145.17185306936287,142.32553974414503,145.11276245117188,576400
2024-08-15,145.29991259977027,146.40297769829957,144.38397783648463,145.71356201171875,456200
2024-08-16,145.92036907545952,146.4620581030068,144.90594009120383,145.78248596191406,494200
2024-08-19,145.75297376597754,147.90985688326734,145.24082993011766,147.87046813964844,524100
2024-08-20,147.92955876914462,148.21518351589052,146.79694829543894,147.87046813964844,522900
2024-08-21,147.9787824277094,149.16063991401788,147.27950835760248,148.5598602294922,486800
2024-08-22,148.5894237180836,151.6524131355359,148.5894237180836,150.96299743652344,566800
2024-08-23,151.19937270479144,152.64715316505723,151.19937270479144,152.55850219726562,539600
2024-08-26,152.65700089462007,153.83885854108038,152.16455895625032,152.52896118164062,521600
2024-08-27,152.48957056511657,153.78960945180708,151.8789473780449,153.7009735107422,521600
2024-08-28,153.98660278320312,154.8926941619835,153.38582300695208,153.98660278320312,608800
2024-08-29,154.09492247582048,156.49802626984624,153.82899964795624,155.0601043701172,691500
2024-08-30,155.1290535044324,156.4192640023475,154.40024905605097,156.1139373779297,1072400
2024-09-03,155.92682742589616,156.69503567138193,152.66684906891814,153.44491577148438,872600
2024-09-04,153.14943666922986,154.20326958843276,152.75548914564328,153.7305145263672,1301000
2024-09-05,153.73052549223746,154.02599367007102,151.12058914900192,153.44491577148438,886500
2024-09-06,153.16914312504593,154.17371384861264,150.41146529323532,150.5395050048828,890500
2024-09-09,151.3864949970166,152.24333909110806,150.87435121487576,151.14027404785156,807800
2024-09-10,151.603146218446,151.94786153718437,150.66750967518448,151.73118591308594,689600
2024-09-11,151.14026678453754,151.14026678453754,147.24012052481265,150.13568115234375,774100
2024-09-12,149.8500651977506,151.85923657943658,149.47581957028697,151.7607421875,605600
2024-09-13,152.04705261034215,154.92015312923195,151.58301169910075,153.5280303955078,756300
2024-09-16,154.09083293084123,154.73258404386047,152.44199748515118,152.8468017578125,509500
2024-09-17,152.54074133356323,153.59717958902388,152.1655554013005,152.3827667236328,530300
2024-09-18,152.3630144005576,153.00476546788522,151.24733955568192,151.8397216796875,758600
2024-09-19,152.5407321403539,154.38701320362034,151.45467559414593,154.11056518554688,622900
2024-09-20,153.44906580688624,155.1077690056068,152.82705022420512,155.06826782226562,1484000
2024-09-23,155.38420853337968,158.28692767349077,154.93003534150873,157.655029296875,973900
2024-09-24,157.99072547414445,157.99072547414445,155.44344169630554,156.4406280517578,750300
2024-09-25,157.1613819732425,157.68467473944125,155.43357426430913,155.99635314941406,582100
2024-09-26,155.20647034285963,156.84542272297352,155.20647034285963,156.42086791992188,672400
2024-09-27,156.3715309405336,157.97098231558715,156.3715309405336,157.6945343017578,1080500
2024-09-30,157.97098171491564,161.19951787199454,157.25024332912164,160.9329376220703,1084800
2024-10-01,160.77497022356582,163.39137376454357,159.5803230574157,162.91744995117188,705400
2024-10-02,162.4139214469766,163.90476721730252,161.32786488231045,163.10504150390625,635500
2024-10-03,163.07542991381703,163.70731328712037,162.3448086431618,163.05567932128906,723400
2024-10-04,163.88503156079403,164.3688080676171,162.04861823081725,164.2799530029297,583900
2024-10-07,163.89490534442143,165.51410742111625,162.6113880124015,164.54653930664062,513000
2024-10-08,165.17841884080516,165.88928949848471,163.78629588074213,164.5070343017578,575600
2024-10-09,164.94143624757442,165.76091246033002,164.3194207337909,165.543701171875,540000
2024-10-10,165.3067393037216,165.4252277753404,161.48582129662114,162.46327209472656,698100
2024-10-11,163.19389908929486,165.38574777890292,163.14454520719192,165.07968139648438,428500
2024-10-14,165.62268622997257,167.02467675863048,165.20801424814013,166.4915313720703,477500
2024-10-15,167.61707511942294,167.92314146069637,165.3758577837159,165.5733184814453,616400
2024-10-16,165.29689347949045,166.48167289592038,165.07968216219473,165.93865966796875,611400
2024-10-17,166.6100245889916,167.37026417872994,165.61283816162162,166.21510314941406,746800
2024-10-18,166.6198827333204,167.5677152249911,164.53663986944503,167.37025451660156,579700
2024-10-21,167.68617282011286,167.9922391490402,166.40265573871795,167.5281982421875,365200
2024-10-22,166.78773672099524,167.79480598889023,164.94145561759393,165.4252471923828,634200
2024-10-23,164.98096617394,166.29408683029007,164.63539859156054,166.1756134033203,570800
2024-10-24,166.27431955424677,167.784915720831,165.19814595732072,166.6494903564453,570900
2024-10-25,168.09099012452225,169.17704660078044,166.40266870511834,166.57052612304688,592600
2024-10-28,167.67631356612816,168.37730131015104,166.38292865747027,167.57757568359375,779200
2024-10-29,179.69198608171195,184.51010569424508,175.00222270870023,183.50303649902344,2170700
2024-10-30,185.73437534935377,185.97133724341225,181.86408813811863,183.3845672607422,1421800
2024-10-31,182.59470619450215,183.85847281042984,179.49452636085354,180.8372802734375,1363300
2024-11-01,181.83446804911478,182.6341937191605,180.51146471680988,180.64968872070312,1053200
2024-11-04,182.01218035187588,184.20402873368235,181.33092814330288,183.9571990966797,1006800
2024-11-05,183.96707573865945,187.83736282584383,183.9572079762058,187.65965270996094,1006200
2024-11-06,195.88399379756902,196.46652319021,189.7330034649339,191.7372589111328,1423400
2024-11-07,191.77676305408536,193.36634654274107,190.13781062423453,190.1871795654297,1040900
2024-11-08,192.04332835970408,196.5849997778432,191.15474767868307,195.90374755859375,923200
2024-11-11,198.04623220342768,199.42848726755935,197.26625714664038,198.83609008789062,1133700
2024-11-12,199.04342251493088,200.3269245571246,197.40447013253902,198.7176055908203,744000
2024-11-13,198.80649834778,199.94190885129797,191.38185734441956,191.93475341796875,1393900
2024-11-14,191.75703001495296,192.46790065042515,164.36880515379175,165.83004760742188,4694400
2024-11-15,165.67203730368402,166.59023622187271,154.76216552476654,158.61270141601562,5723200
2024-11-18,158.95827992981188,159.94559843869268,154.89053249411404,156.82566833496094,2738100
2024-11-19,156.71707640093618,161.1995112597937,155.4335592140934,156.28265380859375,1977900
2024-11-20,156.38140663326368,160.20232514088252,156.0259713024186,160.09371948242188,1912300
2024-11-21,160.9329306325027,165.5930755959183,160.0937038024764,162.60150146484375,2079700
2024-11-22,163.27287828826152,164.27007975407756,161.25875489616973,163.41110229492188,1770500
2024-11-25,163.90474049155372,164.25030799631517,158.5041070343259,161.5253143310547,1677200
2024-11-26,161.51546218433342,164.72424795271783,160.41953782698138,164.00350952148438,1278400
2024-11-27,163.59868188536683,164.61561879387588,160.26155540702916,161.890625,1148800
2024-11-29,162.46327846446925,163.36174200515032,160.97241773832488,163.302490234375,620300
2024-12-02,163.89491098528654,164.30958304861954,161.1797844478797,162.0486297607422,1407300
2024-12-03,162.31519497377084,164.34908423481605,161.95975962444422,162.0486297607422,1277200
2024-12-04,161.75239928108377,163.64804908253132,160.75521297262057,162.966796875,980000
2024-12-05,163.4703478957414,163.4703478957414,159.78763866932945,161.68328857421875,1240900
2024-12-06,161.6833044366393,162.18684661401622,160.66636738370437,161.08103942871094,976700
2024-12-09,160.94281123325783,160.94281123325783,157.09227444015085,158.2770538330078,1252600
2024-12-10,159.04715110136058,159.76790453290604,157.8525040210819,158.1289520263672,1308400
2024-12-11,158.64235500207184,158.7509606572454,150.67470125260309,151.602783203125,1908000
2024-12-12,148.19654097026904,152.2445385484918,145.3925444490889,151.04000854492188,1844900
2024-12-13,151.02026694469757,152.63946892392576,150.57596150110956,151.2177276611328,1071200
2024-12-16,151.16822886908366,152.52439235752203,149.26760011841313,150.96034240722656,1051400
2024-12-17,149.97046137663466,150.42582387904397,147.3769176371684,148.6241912841797,1205000
2024-12-18,148.94094986594172,149.28740717374373,144.52597175395,144.57546997070312,1307000
2024-12-19,145.60495201302385,146.15929574595282,140.7247333383785,141.7542266845703,2565800
2024-12-20,141.16029759530403,144.5061623973703,140.50695741739605,143.3479766845703,3054900
2024-12-23,142.833223157275,144.17949302844454,142.02150983605767,143.73403930664062,1065900
2024-12-24,143.09061440596562,144.37749252065547,142.34818646726785,144.11021423339844,708200
2024-12-26,143.75384850174245,144.85264245736852,142.8728346169421,144.23890686035156,654200
2024-12-27,143.23909084209274,144.8922285371353,142.25909565131778,143.03121948242188,616000
2024-12-30,141.5859471455702,142.40756915763333,140.60593689160072,141.7245330810547,666800
2024-12-31,142.11060832883638,142.83323398140152,140.71484013730748,142.60556030273438,1131600
2025-01-02,143.88253163550368,144.9219186014122,141.75422928042883,141.8532257080078,744700
2025-01-03,141.73443273710964,146.42658264708817,141.59584679570446,145.6643524169922,1075200
2025-01-06,145.56537434609723,149.00034215426027,145.17931242178062,146.7433624267578,1399300
2025-01-07,147.34718963516312,148.46577068044004,144.54576001225612,145.81283569335938,1063000
2025-01-08,145.129806086298,145.25849842211616,142.3382699399097,144.2784881591797,1314800
2025-01-10,144.27848114093754,149.50517207955133,144.27848114093754,147.9312286376953,1540800
2025-01-13,147.29769557893823,151.8116547083128,146.50576947972266,151.0989227294922,1437000
2025-01-14,150.5544786103503,151.72257305195066,149.1488169028028,151.21771240234375,769300
2025-01-15,152.39570852710105,153.84097492544282,151.20782682016468,153.68258666992188,990400
2025-01-16,153.3657969387961,154.50419543439608,152.0789340116379,153.52418518066406,649700
2025-01-17,154.3062260696443,154.80117802382742,152.79167429822274,153.61328125,1318000
2025-01-21,155.22682880372412,159.66159406529664,154.1577307746001,158.95877075195312,1414000
2025-01-22,159.54280551195367,160.66140172275172,158.4539203137223,159.48341369628906,1436700
2025-01-23,159.48340962313665,160.4634198707767,145.80293118769984,147.40658569335938,2386500
2025-01-24,148.35687360951252,149.84172926884756,143.3380693354212,144.12008666992188,1661400
2025-01-27,144.51608709062046,147.76297092794033,143.53607671534178,146.96115112304688,1089000
2025-01-28,147.01062267782916,147.01062267782916,136.16128439790245,140.06150817871094,1678900
2025-01-29,141.01180399840047,142.3184843639102,138.4974548015272,138.85382080078125,1670900
2025-01-30,139.3190675464152,140.85340636690944,137.09178397568476,140.75442504882812,1364300
2025-01-31,140.06151260062276,142.23929822734283,136.60674244457343,140.59605407714844,1409800
2025-02-03,139.22009681507686,141.09101475555758,136.85422687865162,140.2198944091797,1254000
2025-02-04,140.75443758308384,141.81362689880228,139.04190806996817,140.52676391601562,1063800
2025-02-05,142.14029203727011,142.14029203727011,138.65584131555033,139.86351013183594,1047600
2025-02-06,139.77442285116192,140.9623044693548,137.05218721980003,139.3982696533203,1365800
2025-02-07,140.27925925287656,141.4572319618541,138.77460140727672,140.83360290527344,1215700
2025-02-10,141.04148694880348,142.68473085577332,140.24956090046706,141.3285675048828,1730800
2025-02-11,146.02072124213163,147.1294238995044,131.4394407857142,136.21078491210938,3563300
2025-02-12,135.10206334374803,136.32954946573247,132.97377626370314,135.4683380126953,1664300
2025-02-13,134.90408023817102,135.6168121380782,128.23212360476924,129.33091735839844,2605600
2025-02-14,130.10306057865867,132.25116530496328,129.2517577366422,130.9246826171875,1752300
2025-02-18,130.84547257859086,132.64710468351933,128.54890369524767,129.94467163085938,1852700
2025-02-19,129.6773961288394,131.73639781887292,128.88547007809836,130.17234802246094,1398100
2025-02-20,129.19236213965115,129.94469882651808,126.83640095401687,128.7370147705078,1953900
2025-02-21,127.85599086078987,127.92527627906314,123.79737884439784,125.53961181640625,2570800
2025-02-24,129.93476837245834,131.03356220329158,125.50990469563709,127.0046615600586,2290900
2025-02-25,126.8858772220017,130.73661797154998,126.5295187589611,129.4200439453125,2175200
2025-02-26,128.63799744650754,130.64750097802062,127.88567598651812,128.28163146972656,887900
2025-02-27,128.10347026155304,129.71700338433172,127.45013004743556,128.36083984375,1352100
2025-02-28,126.51961042537364,128.68750230402196,122.37191837133827,128.65780639648438,2288300
2025-03-03,130.07337748010107,130.1129820981207,126.50973219987436,127.89559173583984,1714300
2025-03-04,127.58871935629607,133.49844713899486,126.1038634331001,130.88510131835938,1991100
2025-03-05,130.518839724297,134.22107076998682,129.92489132207342,132.3600616455078,1819500
2025-03-06,130.83559988096704,132.2511703473818,129.68730770347756,131.71661376953125,1489400
2025-03-07,130.63762272226236,138.8142237383326,129.38044050307036,137.834228515625,2539300
2025-03-10,137.25016323425024,141.55625103850394,135.0624841768517,135.9929962158203,2016600
2025-03-11,135.28025436716862,135.87418757306307,131.409726957448,132.75599670410156,1871100
2025-03-12,132.49865091643758,133.47864616853857,129.70711450257676,132.2511749267578,1203800
2025-03-13,131.85519467776217,133.39944232414268,130.8949866993553,131.5186309814453,1291200
2025-03-14,132.28315424664865,134.5866736984589,131.68742742832873,133.59378051757812,803900
2025-03-17,135.89728472495733,141.25891698821016,134.5866736052828,137.21783447265625,1711500
2025-03-18,136.25473064057627,138.01215586017378,135.18240415829717,137.67457580566406,1382400
2025-03-19,137.96250902778607,140.6929653657429,136.81074926369163,137.61500549316406,1416400
2025-03-20,136.3341715408416,136.3341715408416,132.56117411075283,133.89166259765625,1955100
2025-03-21,133.31576639767843,133.79235086366705,131.1413279929815,132.87889099121094,3989800
2025-03-24,133.78242550785367,135.08311308135188,132.49166141150965,134.824951171875,1078100
2025-03-25,135.69872111818592,136.35403431114324,133.7129345822054,135.28170776367188,1341300
2025-03-26,135.28169122652062,136.55259324216217,134.20936481013297,135.3710479736328,1032400
2025-03-27,135.76822355180587,136.22494594610245,134.0306604271098,134.7157440185547,1002900
2025-03-28,133.24625846410362,135.30155456855746,131.8562141062705,133.1072540283203,1592100
2025-03-31,132.41222982753294,135.34126156203675,131.72713113650946,133.9810028076172,1843000
2025-04-01,133.98100764535155,134.7753252165285,132.0051447702217,134.00086975097656,1512500
2025-04-02,132.2235782915603,142.52981398398816,131.4888319101912,141.9241485595703,3736900
2025-04-03,138.15115381885428,142.93690612715628,137.0291796987861,138.49867248535156,2090400
2025-04-04,135.82779467848988,139.31284440481744,132.16401629549654,132.1938018798828,2770600
2025-04-07,129.88034711934046,135.81784375844134,127.40805293693646,131.9554901123047,1703900
2025-04-08,134.0405756096679,136.52280849132842,130.79381075835875,132.4122314453125,2019600
2025-04-09,129.59243068447802,139.7398008686261,129.42364065073312,138.73696899414062,2684500
2025-04-10,137.13839602159734,139.5709963414897,134.83489180871405,138.67738342285156,1581000
2025-04-11,138.5781080272768,141.9142145586555,136.28451206143265,140.87168884277344,1073600
2025-04-14,142.1822896238662,143.04611692756075,139.13411566931185,141.96385192871094,1281700
2025-04-15,141.8645887050889,142.1227354892251,139.8291545656491,140.3950958251953,1453800
2025-04-16,140.59367694538648,141.3482702897981,138.3199431340224,138.90574645996094,1508600
2025-04-17,138.27030215242823,139.40219979911768,137.05897123136697,138.42916870117188,1754500
2025-04-21,139.00505502557095,139.6504295780502,135.93701851859024,137.257568359375,962800
2025-04-22,137.93270679427383,140.84189143774387,137.56534119762105,140.25607299804688,1194600
2025-04-23,142.72840795382646,143.96952454472932,140.7128358222282,140.9908447265625,925700
2025-04-24,141.7950717261548,145.4389878559548,140.25608427669712,144.52552795410156,1153500
2025-04-25,144.80355007509215,145.83616755448517,143.38371997886287,144.6744842529297,1212800
2025-04-28,144.83332996102334,145.94538067586203,142.9865479555099,144.7141876220703,1178200
2025-04-29,144.8829777366696,147.00776863454192,144.31703647596512,146.51132202148438,1146600
2025-04-30,145.7765757053195,146.58081671152456,144.09858390207842,146.13400268554688,1025500
2025-05-01,145.72693600259896,146.65031938613333,143.85036850186526,145.5680694580078,1027400
2025-05-02,147.73257446289062,148.42761183211277,145.3099277500079,147.73257446289062,1494300
2025-05-05,146.56095429166012,149.11268173610102,146.56095429166012,146.88861083984375,1814700
2025-05-06,144.83332630971475,154.65303945670624,143.60214843730984,153.6502227783203,2626900
2025-05-07,152.78639579145946,154.33530661065606,151.14811307858116,153.62042236328125,1612000
2025-05-08,154.88142154089866,155.6558770539665,151.92258878548714,153.6105194091797,1176900
2025-05-09,154.05731965521545,155.83459189905335,153.00485523871774,154.59347534179688,1306400
2025-05-12,155.88423408971335,156.17216645468133,152.91547793540818,154.98069763183594,1551200
2025-05-13,154.50410706707027,155.1792671517155,153.52113737288062,154.32537841796875,958700
2025-05-14,154.6232519990924,154.89133740207797,151.7438678126544,151.97222900390625,1278900
2025-05-15,152.70696465327904,155.69556748579834,152.70696465327904,155.6459197998047,1170700
2025-05-16,154.17644665703915,158.01893828789053,154.17644665703915,157.87001037597656,1007000
2025-05-19,157.3735766800785,158.59483110874748,156.66861582185675,158.39625549316406,915400
2025-05-20,157.89980326320452,159.85580406534874,157.42321877268472,159.16078186035156,826800
2025-05-21,158.80333321585746,158.80333321585746,156.70832805831986,157.81044006347656,1282500
2025-05-22,157.68137315045016,158.31682421856055,155.91402439381977,157.1750030517578,1077600
2025-05-23,154.0374412809566,154.89132998818744,149.44034119024747,151.40628051757812,1568100
2025-05-27,149.57935985141646,151.8928029079178,148.1992388602378,151.4658660888672,1617300
2025-05-28,151.57507340652828,152.3395902313009,147.58363866215677,148.29852294921875,2162400
2025-05-29,148.7254550482525,148.81482694407893,145.62763333551868,146.4517364501953,1818800
2025-05-30,146.77939410996984,147.51414048471995,145.10140228610808,147.46449279785156,2289100
2025-06-02,146.33261515790443,146.33261515790443,139.292990350815,140.64332580566406,2258100
2025-06-03,140.5936891603738,144.30710019010323,138.69725943162453,143.46315002441406,1867200
2025-06-04,143.08583652025067,144.57517628759058,142.58938993113736,143.3936309814453,1076100
2025-06-05,144.08864500565156,144.36665386776284,142.76809533544963,144.3368682861328,989000
2025-06-06,145.68720576134007,147.24605525871885,144.634741460093,147.08718872070312,920300
2025-06-09,147.54392063510815,147.75241970179403,143.53262402922593,145.2999725341797,873400
2025-06-10,145.95529611735654,146.19359593248956,143.6219911056816,144.55531311035156,650400
2025-06-11,144.33687083113358,145.00210741651145,142.52981319554758,144.88296508789062,950400
2025-06-12,144.74394696087109,146.98787978957526,144.21771485878406,146.96803283691406,764100
2025-06-13,147.6829317657148,149.93678829545948,145.77657874633374,148.09994506835938,1107700
2025-06-16,147.95061213565083,148.26918438357785,144.78471402257907,147.5922088623047,1075300
2025-06-17,147.40305696532772,149.25480477327088,146.46722530449497,148.72715759277344,1201000
2025-06-18,148.78686723976165,150.2105300370677,147.3831199532729,147.69175720214844,759700
2025-06-20,147.8211864747849,148.32893331501754,145.2526321728744,147.79132080078125,3006200
2025-06-23,148.3388765735405,150.92734626803616,146.78580083327697,150.00146484375,1187000
2025-06-24,150.33001194301232,152.0324313451202,148.1397763966293,151.55455017089844,1220700
2025-06-25,152.261392316304,153.90406502443585,150.86759514202208,153.27687072753906,1113800
2025-06-26,154.06337624345218,156.65184615337915,152.4903848601687,154.98924255371094,1253700
2025-06-27,155.10872044519525,155.56667092411269,152.59989739922912,154.98924255371094,1141000
2025-06-30,155.60649934988643,157.2989534052703,154.75031456548015,157.0600128173828,981300
2025-07-01,156.78123689072933,160.4050851385915,156.30337096548482,160.22589111328125,1152800
2025-07-02,159.0113111028923,162.0477810529374,157.7668574505037,161.8984375,1317700
2025-07-03,162.35642021715233,165.23359675667163,161.9382855688687,163.82984924316406,950900
2025-07-07,164.3774107896884,164.75572959832053,162.82433490953608,163.7303009033203,1280800
2025-07-08,162.68495429131616,163.79997999575775,161.03231605717176,161.3708038330078,1054000
2025-07-09,161.6097428496555,161.93828046103414,159.71816404393786,161.4902801513672,754500
2025-07-10,161.32100161295983,163.00350530261738,160.9227825393143,162.27674865722656,648000
2025-07-11,162.1174817697786,162.36637252975103,159.8177335782072,161.33099365234375,698400
2025-07-14,161.09203892170547,163.94929973437962,160.28563536071275,162.94378662109375,678200
2025-07-15,163.16280984003123,163.84975070009347,159.48918015610528,159.4991455078125,702000
2025-07-16,159.25026006772651,160.63409199448716,157.93610964980888,160.32545471191406,665700
2025-07-17,160.2856330596642,162.47586848561656,160.10643902249836,161.98805236816406,563200
2025-07-18,162.62522066313878,163.21259918199297,161.22147319990904,161.8188018798828,466400
2025-07-21,161.77897976098362,161.81879559500118,159.73807267039726,160.02679443359375,503400
2025-07-22,160.4449293964485,161.6196863910623,158.06553454278693,160.56439208984375,886100
2025-07-23,161.29114531161306,163.39178370795253,161.0621700905196,163.18272399902344,605300
2025-07-24,163.18272521095508,164.61633827574096,162.17719691883127,162.52565002441406,658000
2025-07-25,163.26237206911927,163.37188460020946,159.85754863579527,162.52565002441406,704500
2025-07-28,162.4957799882613,162.9836112847613,158.2049062608179,159.63851928710938,961000
2025-07-29,161.27124662880627,161.5898188712484,159.61860849732562,160.79336547851562,544100
2025-07-30,160.81328467131416,161.77898196355267,159.37967156980196,160.33541870117188,548100
2025-07-31,160.06661087464457,161.18163652438625,158.5434007670206,158.94161987304688,871300
2025-08-01,158.65291554727295,159.48918479642558,155.6164454497821,158.49362182617188,784000
2025-08-04,158.57326678508366,160.55444254092066,157.87637575248039,160.23585510253906,1303600
2025-08-05,167.26452012087077,172.8297283689473,163.4216466558017,172.1726531982422,2216600
2025-08-06,174.22352144577306,174.9901091936384,169.65389101485587,173.71578979492188,1749500
2025-08-07,174.70138454438444,176.39383854375805,173.17817442583967,174.49232482910156,1135400
2025-08-08,174.5620012604671,176.6327739868144,173.59630399887521,175.71685791015625,826500
2025-08-11,175.43810308015134,178.1261199887913,175.09961532529638,176.35401916503906,907600
2025-08-12,175.8661862480748,177.35953064935848,174.88058866552183,177.23011779785156,823800
2025-08-13,176.96132337186117,181.37166017317708,176.70248246047382,181.14268493652344,902500
2025-08-14,180.96348082539677,182.06855630235194,176.80201981457023,177.64825439453125,876700
2025-08-15,177.71792767275227,177.90708705417944,175.36839862292615,176.8418426513672,849300
2025-08-18,177.74781604463087,178.52436918100145,176.9712780993465,177.32968139648438,561600
2025-08-19,176.9911828006327,179.19138363858121,175.71686342001237,177.94692993164062,716700
2025-08-20,177.85731643131263,179.97787039372773,176.78212180445854,179.36062622070312,789700
2025-08-21,178.7433732289834,179.90819529992527,178.2455917320661,179.63938903808594,554900
2025-08-22,179.69912068439035,182.77540669456724,179.5000111235112,180.93362426757812,608900
2025-08-25,180.79423379947153,181.56080631644306,180.15707413320115,180.80418395996094,477000
2025-08-26,180.40596766559364,181.64045599317,179.58959876024863,181.54090881347656,686200
2025-08-27,181.12276531321527,182.9147817120045,180.54535215407503,182.5762939453125,541700
2025-08-28,182.26766734684236,182.68580196437557,179.2311973004981,180.5552978515625,592500
2025-08-29,180.46570164688399,181.69023983169788,179.24114827098492,180.11724853515625,671000
2025-09-02,180.11723749779438,180.69466580097003,178.56416180908678,180.08737182617188,596100
2025-09-03,179.9679291621647,180.24668558904426,175.8761645927212,176.9215087890625,615500
2025-09-04,176.21463693643713,177.78762817382812,173.8651078363079,177.78762817382812,1065100
2025-09-05,178.69359607582095,179.37057157764184,176.63277351552512,178.2057647705078,697500
2025-09-08,177.45909922343617,177.77768666523568,175.55757030679442,177.61839294433594,641500
2025-09-09,177.4590883676769,178.3849545804834,175.96574400553658,178.23562622070312,751100
2025-09-10,178.1559741655561,179.68914950628098,177.49889901953117,179.56967163085938,525900
2025-09-11,180.1968836234039,185.09505123377295,179.9081770685263,184.30856323242188,851300
2025-09-12,183.9999518286038,184.63711150936862,182.90482650646817,183.04420471191406,541400
2025-09-15,181.8469209224525,183.96212651234694,181.42787463628076,182.31585693359375,746100
2025-09-16,182.14623979610556,183.37344783583293,180.43013682182044,182.16619873046875,904500
2025-09-17,182.17617375974604,184.58071538149835,180.66960150950868,183.38343811035156,710600
2025-09-18,182.8945368530438,187.14489157155492,180.8791107945997,186.725830078125,832500
2025-09-19,187.33445672571875,188.47187242967834,186.08728971592944,187.02516174316406,3133100
2025-09-22,186.46642398465593,187.85327302085406,182.97435653279825,187.44419860839844,753600
2025-09-23,188.09273632811443,190.24782926260394,184.70043306552935,186.68592834472656,778700
2025-09-24,187.90316564246848,188.78117605851273,186.48638579561916,186.9752655029297,727300
2025-09-25,186.8655204211355,187.94307454282043,178.79385920015696,181.9467010498047,1041600
2025-09-26,182.93446682804975,185.42880089865744,181.02879194429582,184.48094177246094,838200
2025-09-29,185.79794914963114,187.07504691865933,183.67277174488913,185.1893310546875,846900
2025-09-30,185.7879860558423,189.30998455398375,185.63831687672555,188.53175354003906,844400
2025-10-01,186.3866107269602,191.22562475968516,186.3866107269602,191.19569396972656,956000
2025-10-02,190.81655257447468,193.20113528918222,189.6292471448049,192.4528350830078,744800
2025-10-03,192.37300774916187,197.01247799753034,191.5648459910103,195.13673400878906,868100
2025-10-06,195.13673986845257,198.35941514281654,194.5580525519062,197.59115600585938,885400
2025-10-07,198.49908998280617,198.82834388661024,195.94489448879335,196.5535125732422,669000
2025-10-08,197.55125673138303,198.10998512262898,195.19660477955586,197.78073120117188,779800
2025-10-09,197.73084377894716,198.1598771570709,193.41067055194398,193.61021423339844,674300
2025-10-10,194.02925826592605,194.35851218737417,187.39433578375127,187.60385131835938,763500
2025-10-13,187.67369340218914,187.95305758801396,185.09953892634093,185.51858520507812,781000
2025-10-14,184.75033434310578,188.3721122898487,183.8922828127884,186.8455810546875,512800
2025-10-15,187.24466888112846,188.85102063753604,183.87232433339162,186.1471710205078,496000
2025-10-16,185.71812497365173,186.93536113953488,183.57300390096904,183.99205017089844,628400
2025-10-17,183.84237874587714,185.33897907334858,180.04101634997264,184.09181213378906,774800
2025-10-20,185.85780828519125,190.85644799242354,184.68048997968106,190.0582733154297,536300
2025-10-21,190.37754891560724,193.28095739323535,190.06825393038625,192.72222900390625,855500
2025-10-22,192.18343489502055,192.9616658597135,187.5739106850384,188.0428466796875,832100
2025-10-23,188.6415037006087,192.79206400832447,188.20249846993516,190.95623779296875,813600
2025-10-24,190.88639827559868,190.88639827559868,183.34351952595478,189.52947998046875,779700
2025-10-27,189.52947611059224,189.58933768906292,187.80338606892244,188.681396484375,583100
2025-10-28,188.68139505805453,189.33990286466604,186.54624583824034,187.38433837890625,581200
2025-10-29,186.58614829245442,190.27777465801634,185.67822231975924,187.73355102539062,531500
2025-10-30,188.14262469747555,191.80430503539438,187.65372977241168,190.48728942871094,835500
2025-10-31,190.5770842499694,192.3630358707446,188.69136840644308,190.03831481933594,749200
2025-11-03,189.50952046128063,193.68003955855892,187.82334825883427,192.6124725341797,1639500
2025-11-04,189.22017578621004,205.3036521647155,187.67370084768663,199.09774780273438,1509400
2025-11-05,199.52675953802864,201.54218565738023,194.30861711274653,194.62789916992188,1018600
2025-11-06,194.62789845767,197.331747957524,192.8120160185951,194.31858825683594,684000
2025-11-07,194.68775610978932,197.5512465798831,192.61246846022723,196.53355407714844,605700
2025-11-10,196.87280517450455,197.64104910035263,193.79978379849163,196.42381286621094,570300
2025-11-11,196.04468401093249,200.00568769090253,195.0668941042157,197.80068969726562,591800
2025-11-12,197.0523768476538,199.0977336774959,192.30317061295102,192.58253479003906,876200
2025-11-13,193.44059387757042,194.94716612224704,190.23786234547265,190.8863983154297,790100
2025-11-14,190.6669013020375,191.28549127608753,188.51179302416355,190.9761962890625,823200
2025-11-17,190.6170092847075,191.21564031633852,187.8133802757545,188.36212158203125,597000
2025-11-18,188.55168624821783,190.50725074876055,187.11494746809768,188.681396484375,677700
2025-11-19,188.31224596433685,189.70906692073385,186.79568662295824,188.75123596191406,649800
2025-11-20,190.81655456944262,192.56258840210418,184.9399041644814,185.23922729492188,808600
2025-11-21,185.887737078793,189.11041221396698,185.12946505410676,186.0673370361328,1025800
2025-11-24,185.3888783354877,187.32448396115913,183.43332899918522,186.38661193847656,1267400
2025-11-25,187.47413205566474,191.69455602590006,187.05508578240423,191.06597900390625,872800
2025-11-26,191.3653124653641,192.48276925446766,189.7589607189243,189.92857360839844,760800
2025-11-28,190.41746723007554,191.2356008808714,189.86871069491605,190.66690063476562,379600
2025-12-01,190.0283507960902,191.29546152427463,187.90317332680362,187.9929656982422,769900
2025-12-02,188.6813963994448,189.5494197352908,185.84783670893108,186.64602661132812,764800
2025-12-03,187.41427793772968,188.6514730967528,186.37664168037978,188.01292419433594,585300
2025-12-04,188.61155745887973,196.11451856922767,188.61155745887973,191.98390197753906,782900
2025-12-05,191.18570010028972,191.18570010028972,183.49318287000332,186.39659118652344,917200
2025-12-08,186.90544149738994,186.90544149738994,184.0020329995024,185.19931030273438,887600
2025-12-09,185.18933057115004,186.5562207053207,184.261430424269,184.53082275390625,872900
2025-12-10,183.7426209344309,188.9807222632931,183.59295176193962,187.88320922851562,770100
2025-12-11,188.62153363441686,191.10588046943886,186.9752641165407,190.09817504882812,659800
2025-12-12,190.09817770148257,191.09591128107328,186.68593068618708,189.29998779296875,1152300
2025-12-15,188.36000061035156,189.72999572753906,184.8800048828125,185.9499969482422,955000
2025-12-16,185.86000061035156,186.5,180.74000549316406,182.16000366210938,882200
2025-12-17,181.05999755859375,183.61000061035156,180.0,181.36000061035156,852500
2025-12-18,182.22000122070312,183.57000732421875,180.6300048828125,181.19000244140625,886800
2025-12-19,181.2899932861328,184.77999877929688,180.2899932861328,184.67999267578125,2420900
2025-12-22,185.19000244140625,187.3800048828125,184.13999938964844,186.0399932861328,700400
2025-12-23,185.97999572753906,187.35000610351562,184.63999938964844,186.32000732421875,553700
2025-12-24,186.32000732421875,187.5,185.61000061035156,186.6300048828125,272700
2025-12-26,187.11000061035156,187.4199981689453,185.3000030517578,185.86000061035156,278000
2025-12-29,185.82000732421875,186.86000061035156,184.1999969482422,185.49000549316406,314900
2025-12-30,185.0399932861328,185.66000366210938,182.4600067138672,183.35000610351562,658200
2025-12-31,182.52999877929688,183.05999755859375,180.32000732421875,180.39999389648438,649300
2026-01-02,179.60000610351562,183.77999877929688,178.80999755859375,183.47000122070312,654400
2026-01-05,185.22999572753906,196.39999389648438,184.0,195.49000549316406,1197400
2026-01-06,195.1999969482422,197.92999267578125,194.64999389648438,197.5,747300
2026-01-07,198.8800048828125,202.22999572753906,195.97999572753906,196.61000061035156,1148300
2026-01-08,198.0,205.0,187.75999450683594,195.22000122070312,1765400
2026-01-09,193.67999267578125,201.0,193.64999389648438,198.33999633789062,994800
2026-01-12,198.8000030517578,200.66000366210938,194.89999389648438,195.60000610351562,965500
2026-01-13,196.77000427246094,199.08999633789062,195.05999755859375,195.9600067138672,974700
2026-01-14,196.0399932861328,197.14999389648438,188.25999450683594,190.82000732421875,1319100
2026-01-15,190.38999938964844,190.80999755859375,189.0,190.27000427246094,265063
