1997-11-21,7.710731900256613,7.710731900256613,7.464644711950552,7.546673774719238,3821400
1997-11-24,7.546673009683797,7.546673009683797,7.300585846324543,7.464643955230713,541600
1997-11-25,7.505659243334895,7.546673774719238,7.444137446258379,7.546673774719238,425000
1997-11-26,7.546673009683797,7.546673009683797,7.464643955230713,7.464643955230713,165200
1997-11-28,7.464644711950552,7.546673774719238,7.464644711950552,7.546673774719238,60500
1997-12-01,7.567178726196289,7.587685985616875,7.546671466775702,7.567178726196289,120300
1997-12-02,7.5876883061035825,7.5876883061035825,7.505659243334895,7.546673774719238,164200
1997-12-03,7.567181040411411,7.567181040411411,7.526166509027067,7.546673774719238,540000
1997-12-04,7.546673774719238,7.567181040411411,7.546673774719238,7.546673774719238,43800
1997-12-05,7.505656947934531,7.6697150232992195,7.505656947934531,7.567178726196289,147500
1997-12-08,7.546673036971182,7.628702091720869,7.546673036971182,7.608194828033447,74900
1997-12-09,7.587687564346026,7.608194828033447,7.546673036971182,7.608194828033447,61000
1997-12-10,7.587685985616875,7.628700504458047,7.567178726196289,7.567178726196289,104500
1997-12-11,7.546671466775702,7.587685985616875,7.546671466775702,7.567178726196289,153600
1997-12-12,7.567180300658603,7.608194828033447,7.567180300658603,7.608194828033447,59900
1997-12-15,7.587687564346026,7.608194828033447,7.567180300658603,7.608194828033447,24400
1997-12-16,7.6524154168588145,7.838053526701751,7.6524154168588145,7.79680061340332,107900
1997-12-17,7.838057584540789,8.0030693231627,7.81743111721305,7.982442855834961,63900
1997-12-18,7.961812196318636,8.00306510925293,7.961812196318636,8.00306510925293,35700
1997-12-19,8.003066991636267,8.003066991636267,7.838055301087065,7.879308223724365,134400
1997-12-22,7.899935327470303,7.961814716458321,7.879308864474297,7.920561790466309,34400
1997-12-23,7.920561790466309,7.982441179454327,7.920561790466309,7.920561790466309,88500
1997-12-24,7.899935327470303,7.920561790466309,7.858682401478291,7.920561790466309,63300
1997-12-26,7.879308451448708,7.879308451448708,7.776176141874772,7.817429065704346,34600
1997-12-29,7.879304793250217,7.941184150265271,7.838051888573514,7.858678340911865,159600
1997-12-30,7.9205589000241,8.023691177368164,7.817426622680037,8.023691177368164,52400
1997-12-31,8.04431829879533,8.29183578491211,8.04431829879533,8.29183578491211,215700
1998-01-02,8.250583476157644,8.250583476157644,8.126824724015279,8.209330558776855,52000
1998-01-05,8.168079211627166,8.229958599594038,8.126826286315918,8.126826286315918,42300
1998-01-06,8.168079772176622,8.168079772176622,8.126826844034316,8.147453308105469,26900
1998-01-07,8.147452748971542,8.168079211627166,8.064946898349046,8.126826286315918,49500
1998-01-08,8.085574705788805,8.168080570133588,8.044321773616412,8.106201171875,95700
1998-01-09,8.085572071564505,8.085572071564505,7.961813315367088,8.044319152832031,37800
1998-01-12,7.9618166950352665,8.064949035644531,7.838057886304148,8.064949035644531,24500
1998-01-13,8.085574705788805,8.126827637961195,8.064948239702607,8.106201171875,190300
1998-01-14,8.085574467976889,8.16808032989502,8.003068606058758,8.16808032989502,201800
1998-01-15,8.16807326491998,8.16807326491998,8.085567474365234,8.085567474365234,39200
1998-01-16,8.106193922003921,8.106193922003921,8.04431457908786,8.085567474365234,13600
1998-01-20,8.126826286315918,8.168079211627166,8.106199823660294,8.126826286315918,63200
1998-01-21,8.147453864415487,8.209333260854086,8.106200933456421,8.16808032989502,90400
1998-01-22,8.209332700318928,8.209332700318928,8.126826844034316,8.147453308105469,99600
1998-01-23,8.168081376253797,8.168081376253797,8.064949035644531,8.064949035644531,11200
1998-01-26,8.023691387374166,8.04431784338284,7.961812019348144,7.9618120193481445,50500
1998-01-27,8.00306510925293,8.085570935121517,7.920559283384343,8.00306510925293,17300
1998-01-28,7.961814716458321,7.961814716458321,7.879308864474297,7.920561790466309,68700
1998-01-29,7.8380559384822845,7.961814716458321,7.8380559384822845,7.920561790466309,67700
1998-01-30,7.92055589325574,8.085567474365234,7.92055589325574,8.085567474365234,33000
1998-02-02,8.085574467976889,8.16808032989502,8.064948002497356,8.16808032989502,31000
1998-02-03,8.126820369642608,8.16807326491998,8.085567474365234,8.085567474365234,18300
1998-02-04,8.10619853093074,8.10619853093074,8.044319152832031,8.044319152832031,29200
1998-02-05,8.04431457908786,8.126820369642608,8.04431457908786,8.085567474365234,10900
1998-02-06,8.085567474365234,8.085567474365234,7.961808788533113,8.085567474365234,129200
1998-02-09,7.982438266430538,8.023691177368164,7.899932444555287,8.023691177368164,101100
1998-02-10,8.044320435693422,8.126826286315918,8.023693973037798,8.126826286315918,35000
1998-02-11,8.126826286315918,8.126826286315918,8.064946898349046,8.126826286315918,40400
1998-02-12,8.085567474365234,8.126820369642608,8.023688131449173,8.085567474365234,34500
1998-02-13,8.106193922003921,8.126820369642608,8.04431457908786,8.085567474365234,73100
1998-02-17,8.126827004574409,8.188706398010254,8.085574075617178,8.188706398010254,110500
1998-02-18,8.147450123426209,8.147450123426209,7.879306195313449,7.9618120193481445,85500
1998-02-19,8.003067642450333,8.003067642450333,7.920561790466309,7.920561790466309,7900
1998-02-20,7.920563453851745,8.044322257818179,7.920563453851745,7.982442855834961,82700
1998-02-23,7.9618124082490995,8.00306532228148,7.920559494216721,7.94118595123291,26300
1998-02-24,7.941187607680316,7.982440530317616,7.879308223724365,7.879308223724365,8700
1998-02-25,7.879305658842388,7.899932113446688,7.83805274963379,7.838052749633789,45600
1998-02-26,7.838053526701751,7.879306440000182,7.796800613403321,7.79680061340332,21300
1998-02-27,7.796796121495836,7.8586754557934215,7.755543231964112,7.755543231964111,42700
1998-03-02,7.838053741455078,7.838053741455078,7.734921455383301,7.734921455383301,102800
1998-03-03,7.734920681313431,7.817426501914108,7.734920681313431,7.7761735916137695,24500
1998-03-04,7.796796400916768,7.796796400916768,7.714290618896485,7.714290618896484,108100
1998-03-05,7.7142949981689455,7.755547912597656,7.7142949981689455,7.734921455383301,43100
1998-03-06,7.73491678719825,7.8586754557934215,7.73491678719825,7.755543231964111,17400
1998-03-09,7.7555500864982605,7.982441179454327,7.7555500864982605,7.920561790466309,105300
1998-03-10,7.961814716458321,8.003067642450333,7.920561790466309,7.920561790466309,89800
1998-03-11,7.920563453851745,7.982442855834962,7.920563453851745,7.982442855834961,8200
1998-03-12,7.982441179454327,7.982441179454327,7.920561790466309,7.920561790466309,103000
1998-03-13,7.858681762405715,7.920561146361665,7.858681762405715,7.879308223724365,438900
1998-03-16,7.910110693711501,7.910110693711501,7.7845533811129055,7.889184474945068,16000
1998-03-17,7.847329403491731,7.88918182697702,7.826403191749087,7.868255615234375,15300
1998-03-18,7.868255615234376,7.910108038719665,7.868255615234376,7.868255615234375,39800
1998-03-19,7.868258581111569,7.993815898895265,7.868258581111569,7.993815898895264,100200
1998-03-20,7.972889782227193,8.16122576133492,7.972889782227193,8.119373321533203,137800
1998-03-23,8.119373830159505,8.20307871500651,8.119373830159505,8.161226272583008,13400
1998-03-24,8.20307820113664,8.20307820113664,8.119373321533203,8.119373321533203,10800
1998-03-25,8.161227929867938,8.203080380790338,8.119375478945539,8.140301704406738,18700
1998-03-26,8.24493172674468,8.349562840028243,8.203079281431256,8.286784172058105,22800
1998-03-27,8.286785871462714,8.349564552307129,8.244933417566438,8.349564552307129,45500
1998-03-30,8.349564259427453,8.349564259427453,8.22400690214283,8.244933128356934,20000
1998-03-31,8.20307865043996,8.20307865043996,8.077521324157715,8.077521324157715,113200
1998-04-01,8.056595103110675,8.119373766251798,7.972890218922512,8.077521324157715,32600
1998-04-02,8.119376142819721,8.224007278680801,8.03567123413086,8.03567123413086,58100
1998-04-03,8.014739097432887,8.014739097432887,7.784550768263797,7.868255615234375,64100
1998-04-06,7.8682584044753865,7.889184623636225,7.763627308671192,7.784553527832031,114700
1998-04-07,7.742701017338296,7.7636272363040755,7.700848579406737,7.700848579406738,139600
1998-04-08,7.763625239054361,7.847330093383788,7.742699025472005,7.847330093383789,24700
1998-04-09,7.868255615234376,7.868255615234376,7.826403191749087,7.868255615234375,125900
1998-04-13,7.8682595944468865,7.8682595944468865,7.742702260492948,7.7636284828186035,61300
1998-04-14,7.721776038167291,7.7636284828186035,7.6589973711903205,7.7636284828186035,93300
1998-04-15,7.742698344778508,7.910108038719665,7.742698344778508,7.868255615234375,8100
1998-04-16,7.8264044838982665,7.8264044838982665,7.700847192712732,7.74269962310791,21100
1998-04-17,7.721773147583009,7.763625576567198,7.617142075122534,7.721773147583008,103200
1998-04-20,7.784553418393996,7.784553418393996,7.638069886327441,7.658996105194092,20600
1998-04-21,7.617146720570966,7.617146720570966,7.554368038808018,7.59622049331665,32700
1998-04-22,7.554363310655807,7.868256523009927,7.554363310655807,7.826404094696045,67900
1998-04-23,7.826404094696044,7.868256523009927,7.76362545222522,7.826404094696045,16500
1998-04-24,7.826403191749087,7.951960462204954,7.826403191749087,7.868255615234375,24700
1998-04-27,7.826404220043483,7.868256649027672,7.721773147583009,7.721773147583008,6800
1998-04-28,7.826405893201413,7.826405893201413,7.700848579406737,7.700848579406738,16400
1998-04-29,7.763625838305499,7.763625838305499,7.74269962310791,7.74269962310791,12500
1998-04-30,7.7845534552698545,7.826405893201413,7.700848579406737,7.700848579406738,15900
1998-05-01,7.700849102069805,8.056594848632812,7.700849102069805,8.056594848632812,72100
1998-05-04,8.07752194549098,8.370489062684955,8.07752194549098,8.286784172058105,102900
1998-05-05,8.32863661737153,8.32863661737153,8.16122683611783,8.286784172058105,73300
1998-05-06,8.286777369830073,8.286777369830073,8.16122013695386,8.203072547912598,65800
1998-05-07,8.203079779543469,8.32863712310791,8.203079779543469,8.32863712310791,69100
1998-05-08,8.32862978078881,8.32862978078881,8.182146342433228,8.203072547912598,55600
1998-05-11,8.20307500311669,8.20307500311669,7.868255615234376,7.868255615234375,53400
1998-05-12,7.9101087341308585,7.9101087341308585,7.784551452636718,7.847330093383789,57700
1998-05-13,7.88918182697702,7.910108038719665,7.868255615234376,7.868255615234375,3300
1998-05-14,7.868255615234376,7.910108038719665,7.868255615234376,7.868255615234375,1600
1998-05-15,7.868257562950175,7.910109996795654,7.868257562950175,7.910109996795654,27300
1998-05-18,7.931038856506348,7.931038856506348,7.889186408714758,7.931038856506348,27000
1998-05-19,7.9310351654807505,7.9310351654807505,7.826404094696044,7.826404094696045,9600
1998-05-20,7.868262027607527,7.868262027607527,7.7427046548265555,7.805483341217041,15300
1998-05-21,7.847330699095855,7.889183129491033,7.74269962310791,7.74269962310791,82800
1998-05-22,7.742701089510353,7.784553527832031,7.742701089510353,7.784553527832031,2500
1998-05-26,7.7845516663821615,7.951961379637692,7.7845516663821615,7.826404094696045,96500
1998-05-27,7.742699025472005,7.847330093383788,7.742699025472005,7.847330093383789,49200
1998-05-28,7.826405966153708,7.8473321853145475,7.763627308671192,7.784553527832031,23200
1998-05-29,7.7845543838861415,7.972890377044678,7.7845543838861415,7.972890377044678,48000
1998-06-01,8.014741081409353,8.014741081409353,7.889183779872915,7.910109996795654,77300
1998-06-02,7.868258256178636,7.889184474945068,7.868258256178636,7.889184474945068,11400
1998-06-03,7.88918182697702,7.88918182697702,7.868255615234376,7.868255615234375,521600
1998-06-04,7.868258256178636,7.910110693711501,7.868258256178636,7.889184474945068,6000
1998-06-05,7.931038856506348,7.972891304297938,7.931038856506348,7.931038856506348,52400
1998-06-08,7.972886673947599,7.972886673947599,7.868255615234376,7.868255615234375,40800
1998-06-09,7.826407149795574,7.847333372121231,7.742702260492948,7.7636284828186035,13500
1998-06-10,7.763627308671192,7.805479746992869,7.721774870349515,7.784553527832031,25200
1998-06-11,7.784553418393996,7.784553418393996,7.53343879199419,7.658996105194092,33100
1998-06-12,7.617142635155778,7.617142635155778,7.575290203094482,7.575290203094482,46100
1998-06-15,7.575294939499327,7.575294939499327,7.470663793926132,7.4915900230407715,33800
1998-06-16,7.491585338971892,7.617142635155778,7.491585338971892,7.575290203094482,13000
1998-06-17,7.533437217154154,7.721773147583009,7.533437217154154,7.721773147583008,59700
1998-06-18,7.6589964837143105,8.119373321533203,7.596217824011735,8.119373321533203,141400
1998-06-19,8.056597461303074,8.056597461303074,7.972892552614212,8.03567123413086,116200
1998-06-22,7.993812885690243,7.993812885690243,7.784550768263797,7.868255615234375,66100
1998-06-23,7.826403879801432,7.847330093383788,7.826403879801432,7.847330093383789,36100
1998-06-24,7.8264068573635495,8.035669072801078,7.784554414276044,8.014742851257324,97100
1998-06-25,8.035668628246754,8.077521069018871,7.910111305930398,8.056594848632812,158000
1998-06-26,8.087843596935272,8.19398327668508,8.024159789085388,8.151527404785156,59300
1998-06-29,8.15152862548828,8.491175651550293,8.024160990715027,8.491175651550293,81900
1998-06-30,8.491171622762876,8.491171622762876,8.236436474079989,8.321348190307617,298200
1998-07-01,8.321353488498263,8.321353488498263,8.172757890489367,8.215213775634766,14900
1998-07-02,8.193984133237368,8.193984133237368,8.17275619506836,8.17275619506836,14500
1998-07-06,8.172755340735119,8.172755340735119,8.066615660985311,8.151527404785156,19000
1998-07-07,8.15152765844789,8.342579087942763,8.109071785226808,8.30012321472168,36100
1998-07-08,8.300115992985859,8.321343911126487,8.193976402282715,8.193976402282715,10000
1998-07-09,8.15152654822128,8.15152654822128,8.045386879624647,8.130298614501953,21100
1998-07-10,8.087843596935272,8.151527404785156,8.087843596935272,8.151527404785156,13700
1998-07-13,8.151529947916666,8.321353488498263,8.109074062771267,8.215213775634766,207600
1998-07-14,8.25766668614653,8.300122555998183,8.236438751220703,8.236438751220703,5500
1998-07-15,8.23643950437888,8.278895378112793,8.193983630644968,8.278895378112793,16100
1998-07-16,8.236436474079989,8.321348190307617,8.236436474079989,8.321348190307617,27200
1998-07-17,8.236438722466703,8.448718070983887,8.236438722466703,8.448718070983887,376900
1998-07-20,8.406260188870075,8.406260188870075,8.236436750711082,8.257664680480957,37100
1998-07-21,8.236438265890262,8.427489668965036,8.236438265890262,8.342577934265137,31200
1998-07-22,8.363807024553305,8.363807024553305,8.257667341500596,8.30012321472168,13700
1998-07-23,8.321345159850145,8.363801002502441,8.236433474545551,8.363801002502441,18600
1998-07-24,8.363804048421432,8.363804048421432,8.321348190307617,8.321348190307617,22900
1998-07-27,8.278889468335729,8.278889468335729,8.066610251198917,8.087838172912598,35200
1998-07-28,8.066610594327,8.066610594327,8.00292682647705,8.00292682647705,23200
1998-07-29,7.981701374053955,8.045385161612897,7.981701374053955,7.981701374053955,31400
1998-07-30,8.002930166833687,8.130297755695763,8.002930166833687,8.10906982421875,41100
1998-07-31,8.10906982421875,8.27889327603485,8.10906982421875,8.10906982421875,186500
1998-08-03,8.151525009276055,8.172752938987712,8.045385360717773,8.045385360717773,104100
1998-08-04,8.024158477783203,8.172754005149558,8.002930545302295,8.024158477783203,181000
1998-08-05,8.066611825463607,8.066611825463607,7.918016344468224,7.939244270324707,37300
1998-08-06,7.896790882897755,8.024158477783203,7.896790882897755,8.024158477783203,27000
1998-08-07,8.06661309079921,8.109068949171837,7.981701374053955,7.981701374053955,288500
1998-08-10,7.9817015715828035,8.045385360717773,7.939245712159491,8.045385360717773,60100
1998-08-11,8.002930545302295,8.066614342745018,7.960474680340479,8.024158477783203,37800
1998-08-12,8.066614342745018,8.066614342745018,8.002930545302295,8.024158477783203,32200
1998-08-13,8.002930545302295,8.024158477783203,7.726967423050492,8.024158477783203,172200
1998-08-14,8.066614342745018,8.066614342745018,8.002930545302295,8.024158477783203,24500
1998-08-17,8.087841892741737,8.151525687172775,8.045386029787712,8.10906982421875,50100
1998-08-18,8.109070680782628,8.193982415659931,8.109070680782628,8.130298614501953,27900
1998-08-19,8.130302005343966,8.215213775634766,8.087846120198567,8.215213775634766,97300
1998-08-20,8.172755595058431,8.363807024553305,8.109071785226808,8.30012321472168,104000
1998-08-21,8.236439148585003,8.236439148585003,8.066615660985311,8.151527404785156,26700
1998-08-24,8.151526531190363,8.342577934265137,8.151526531190363,8.342577934265137,72500
1998-08-25,8.42748880623585,8.618540189752531,8.42748880623585,8.533628463745117,68700
1998-08-26,8.745907585219582,8.788363447283755,8.448716550770373,8.57608413696289,145600
1998-08-27,8.533624373111628,8.554852294437776,8.321345159850145,8.363801002502441,89300
1998-08-28,8.363804048421432,8.427487835592153,8.278892332193802,8.321348190307617,43800
1998-08-31,8.321348241034974,8.342576170221289,7.981701374053955,7.981701374053955,152300
1998-09-01,8.024157232426582,8.024157232426582,7.811877940563446,7.981701374053955,110100
1998-09-02,7.9816995544433595,7.9816995544433595,7.9392437057495115,7.9604716300964355,57300
1998-09-03,7.875560492755258,7.939244270324707,7.875560492755258,7.939244270324707,73400
1998-09-04,7.981703292970066,7.981703292970066,7.811879818651555,7.875563621520996,34900
1998-09-08,7.960473444867642,7.981701374053955,7.875561728122387,7.981701374053955,12700
1998-09-09,7.981700122037673,7.981700122037673,7.918016344468224,7.939244270324707,112000
1998-09-10,7.918018435919156,7.939246367382746,7.854334641528386,7.896790504455566,7100
1998-09-11,7.918019490100624,7.918019490100624,7.833107752941368,7.875563621520996,28500
1998-09-14,7.90727723918549,7.90727723918549,7.627182950059028,7.864185810089111,29300
1998-09-15,7.885735672890977,7.907281398773193,7.799552769362114,7.907281398773193,28900
1998-09-16,7.8857315246373005,7.8857315246373005,7.821094380992732,7.864185810089111,53800
1998-09-17,7.799550700122003,7.864187860620252,7.77800497995592,7.821096420288086,10900
1998-09-18,7.8210927824397665,7.8426384925842285,7.799547072295304,7.8426384925842285,50900
1998-09-21,7.799548666444543,7.928822953733679,7.799548666444543,7.864185810089111,19900
1998-09-22,7.928820950997308,8.316643714904785,7.928820950997308,8.316643714904785,117900
1998-09-23,8.316649138621795,8.40283203125,8.316649138621795,8.40283203125,80800
1998-09-24,8.402828520551745,8.402828520551745,8.316645663930702,8.381282806396484,44800
1998-09-25,8.40282856201639,8.44591999053955,8.35973713349323,8.44591999053955,39700
1998-09-28,8.424375782410305,8.424375782410305,8.273555755615234,8.273555755615234,5400
1998-09-29,8.402830743298088,8.402830743298088,8.316647863879645,8.359739303588867,14700
1998-09-30,8.316645975551651,8.963017424428724,8.316645975551651,8.898380279541016,406600
1998-10-01,8.855287927056327,8.855287927056327,8.467465098134152,8.48901081085205,102700
1998-10-02,8.467467308044434,8.489013026385512,8.424375871362273,8.467467308044434,61200
1998-10-05,8.467467218637466,8.467467218637466,8.18737288316091,8.273555755615234,79000
1998-10-06,8.27355314555921,8.424373124775133,8.187370300292969,8.187370300292969,108200
1998-10-07,8.144281387329102,8.187372823240896,7.993461361637822,8.144281387329102,45700
1998-10-08,8.058096973553582,8.058096973553582,7.799548407557211,7.950368404388428,22100
1998-10-09,7.907278489814233,8.144281387329102,7.907278489814233,8.144281387329102,17100
1998-10-12,8.144283353365385,8.445923477564103,8.144283353365385,8.40283203125,84000
1998-10-13,8.402834558486939,8.618291854858398,8.402834558486939,8.618291854858398,93400
1998-10-14,8.596746125221252,8.704474773406982,8.575200395584107,8.618291854858398,118000
1998-10-15,8.532102847585874,8.532102847585874,8.44591999053955,8.44591999053955,4600
1998-10-16,8.489012621594714,8.489012621594714,8.273555448457792,8.295101165771484,29000
1998-10-19,8.27355314555921,8.27355314555921,8.187370300292969,8.187370300292969,33400
1998-10-20,8.015003914528705,8.101186752319336,7.928821076738074,8.101186752319336,135200
1998-10-21,8.058095631917316,8.101187052408854,7.9934585011800126,8.079641342163086,9700
1998-10-22,8.036549623976363,8.187369590109968,8.036549623976363,8.101186752319336,11600
1998-10-23,8.058098284060742,8.144281153408986,7.99346113204956,7.9934611320495605,16500
1998-10-26,7.971915278294132,8.036552429199219,7.928823844357407,8.036552429199219,11500
1998-10-27,8.058096797569938,8.058096797569938,7.9288225173950195,7.9288225173950195,96600
1998-10-28,7.950372850537625,7.950372850537625,7.907281398773193,7.907281398773193,8200
1998-10-29,7.907281398773193,7.928827124655409,7.82109849524433,7.907281398773193,20400
1998-10-30,7.885731090670046,7.9288225173950195,7.885731090670046,7.9288225173950195,140400
1998-11-02,7.928824022081163,7.928824022081163,7.713366847568087,7.756458282470703,41900
1998-11-03,7.734915265720852,7.7995524406433105,7.713369540746699,7.7995524406433105,41300
1998-11-04,7.885731090670046,7.9288225173950195,7.885731090670046,7.9288225173950195,283800
1998-11-05,7.864189947008762,7.907281398773193,7.864189947008762,7.907281398773193,51500
1998-11-06,7.928826962663828,7.928826962663828,7.864189786337764,7.885735511779785,9100
1998-11-09,7.842641152275933,7.842641152275933,7.756458282470703,7.756458282470703,10800
1998-11-10,7.756460007656825,7.799551452143808,7.64873139643937,7.670277118682861,13200
1998-11-11,7.713366985321045,7.799549856665415,7.713366985321045,7.713366985321045,12200
1998-11-12,7.713366847568087,7.756458282470703,7.6918211301167805,7.756458282470703,30800
1998-11-13,7.713366847568087,7.799549717373318,7.713366847568087,7.756458282470703,6000
1998-11-16,7.7995526100117,7.885735511779785,7.7995526100117,7.885735511779785,207700
1998-11-17,7.885735511779785,7.907281237221807,7.885735511779785,7.885735511779785,66800
1998-11-18,7.907281398773193,7.907281398773193,7.885735672890977,7.907281398773193,31300
1998-11-19,7.864184202728691,7.864184202728691,7.8210927824397665,7.8426384925842285,45000
1998-11-20,7.756461304640836,7.7780070304870605,7.734915578794611,7.7780070304870605,11700
1998-11-23,7.756460025117922,7.756460025117922,7.713368580533933,7.734914302825928,7900
1998-11-24,7.756459259789837,7.842642140454169,7.756459259789837,7.821096420288086,251300
1998-11-25,7.842644060895743,7.885735511779785,7.7995526100117,7.885735511779785,43500
1998-11-27,7.928822953733679,7.928822953733679,7.842640095540921,7.864185810089111,12600
1998-11-30,7.864188618874281,7.864188618874281,7.67027711868286,7.670277118682861,5900
1998-12-01,7.627182522104747,7.627182522104747,7.217813968658447,7.217813968658447,91800
1998-12-02,7.239357016807379,7.411722660064697,7.153174195178719,7.411722660064697,1231000
1998-12-03,7.454820956306896,7.562549582843122,7.411729505692405,7.497912406921387,374800
1998-12-04,7.5409991892776045,7.5409991892776045,7.454816341400146,7.4548163414001465,864600
1998-12-07,7.411725090972285,7.476362228393556,7.390179378498528,7.476362228393555,668400
1998-12-08,7.454818556965261,7.4763642753379935,7.411727120219798,7.433272838592529,99600
1998-12-09,7.454820956306896,7.497912406921386,7.433275230999651,7.497912406921387,423100
1998-12-10,7.497909993710725,7.497909993710725,7.411727120219798,7.433272838592529,27400
1998-12-11,7.411724917461417,7.454816341400146,7.411724917461417,7.4548163414001465,446400
1998-12-14,7.4763642753379935,7.4763642753379935,7.411727120219798,7.433272838592529,351600
1998-12-15,7.411724917461417,7.454816341400146,7.411724917461417,7.4548163414001465,177000
1998-12-16,7.454816341400146,7.454816341400146,7.4332706294307815,7.4548163414001465,354400
1998-12-17,7.454816341400146,7.4763620533695105,7.411724917461417,7.4548163414001465,34400
1998-12-18,7.454816341400146,7.4763620533695105,7.4332706294307815,7.4548163414001465,284500
1998-12-21,7.4548178725927805,7.4548178725927805,7.3470892906188965,7.3470892906188965,48300
1998-12-22,7.368636734054067,7.368636734054067,7.239362405386452,7.260908126831055,233100
1998-12-23,7.30399849958587,7.41172709102519,7.30399849958587,7.368635654449463,151800
1998-12-24,7.368634396322267,7.411725825540525,7.368634396322267,7.3901801109313965,390400
1998-12-28,7.411725090972285,7.497907940867312,7.411725090972285,7.476362228393555,174700
1998-12-29,7.4648014459499095,7.552365099274835,7.4648014459499095,7.5304741859436035,56900
1998-12-30,7.552372052751739,7.618044853210449,7.5304811192655015,7.618044853210449,155500
1998-12-31,7.618046993559057,7.705610752105713,7.5961560539223925,7.705610752105713,96000
1999-01-04,7.661822319030761,7.683713239942278,7.5742586353846955,7.661822319030762,153100
1999-01-05,7.618040477207728,7.661822319030761,7.618040477207728,7.661822319030762,18200
1999-01-06,7.661825820301356,7.793171405792236,7.639934889386209,7.793171405792236,388100
1999-01-07,7.749388869603475,7.9682981597052684,7.727497940593296,7.880734443664551,142300
1999-01-08,7.880734530362217,7.968298247366241,7.880734530362217,7.946407318115234,30200
1999-01-11,7.990189088715447,7.990189088715447,7.858843514654372,7.880734443664551,112300
1999-01-12,7.8807319512888165,7.9245137954626435,7.815059185028076,7.815059185028076,38700
1999-01-13,7.815061943776761,7.858843803405763,7.79317101396226,7.858843803405762,18600
1999-01-14,7.8588446500889155,7.924517446607764,7.8588446500889155,7.9026265144348145,186600
1999-01-15,7.924520148472352,7.96830202774568,7.705610752105713,7.705610752105713,156500
1999-01-19,7.727499057051218,7.9026265144348145,7.727499057051218,7.9026265144348145,63100
1999-01-20,7.924517446607764,7.924517446607764,7.836953717915966,7.9026265144348145,36000
1999-01-21,7.880735267410486,8.033971786499023,7.880735267410486,8.033971786499023,226900
1999-01-22,8.033973034613771,8.099645838711432,7.9901911652153315,8.01208209991455,240000
1999-01-25,7.96830045584157,7.990191391159816,7.924518585205078,7.924518585205078,2100
1999-01-26,7.96829563963647,7.96829563963647,7.815059185028076,7.815059185028076,229300
1999-01-27,7.815060806008024,7.8588426592629705,7.815060806008024,7.836951732635498,32000
1999-01-28,7.836946972580843,7.858837885912075,7.5304741859436035,7.5304741859436035,1704300
1999-01-29,7.530477556131654,7.79316863367113,7.530477556131654,7.749386787414551,71400
1999-02-01,7.705605698712486,7.771278474553786,7.705605698712486,7.72749662399292,84600
1999-02-02,7.683714773432053,7.727496623992919,7.683714773432053,7.72749662399292,80600
1999-02-03,7.727501691742376,7.727501691742376,7.6837198124690484,7.705610752105713,33400
1999-02-04,7.683713912963867,7.7056048357928235,7.66182299013491,7.683713912963867,100600
1999-02-05,7.683717838331075,7.683717838331075,7.618045036294057,7.6399359703063965,29500
1999-02-08,7.661826904318736,7.661826904318736,7.618045036294057,7.6399359703063965,25400
1999-02-09,7.639931398119245,7.661822319030761,7.618040477207728,7.661822319030762,49400
1999-02-10,7.639934682704575,7.705607473673382,7.35535258850641,7.377243518829346,527000
1999-02-11,7.377243518829346,7.464807240121089,7.35535258850641,7.377243518829346,205100
1999-02-12,7.377241704001355,7.377241704001355,7.289678004250597,7.333459854125977,17800
1999-02-16,7.377242374987829,7.377242374987829,7.333460521130335,7.355351448059082,102800
1999-02-17,7.355353463909583,7.355353463909583,7.289680665124676,7.3115715980529785,43200
1999-02-18,7.355350779063666,7.355350779063666,7.311568929188287,7.333459854125977,24700
1999-02-19,7.311568929188287,7.333459854125976,7.311568929188287,7.333459854125977,11400
1999-02-22,7.355353463909583,7.355353463909583,7.267789732196373,7.3115715980529785,975100
1999-02-23,7.33346253098128,7.355353463909583,7.289680665124676,7.3115715980529785,277500
1999-02-24,7.289677619934082,7.35535039128484,7.289677619934082,7.289677619934082,50200
1999-02-25,7.33346253098128,7.33346253098128,7.289680665124676,7.3115715980529785,31200
1999-02-26,7.311569594201588,7.355351448059082,7.311569594201588,7.355351448059082,61900
1999-03-01,7.3991319690130455,7.442913814983537,7.3991319690130455,7.421022891998291,15700
1999-03-02,7.442914579041611,7.442914579041611,7.377241803344185,7.39913272857666,77000
1999-03-03,7.355350878111709,7.39913272857666,7.333459952879234,7.39913272857666,97000
1999-03-04,7.399133301916577,7.399133301916577,7.311569594201588,7.355351448059082,11000
1999-03-05,7.399134449152282,7.399134449152282,7.333461658183474,7.377243518829346,208900
1999-03-08,7.355350878111709,7.39913272857666,7.355350878111709,7.39913272857666,484400
1999-03-09,7.355350878111709,7.39913272857666,7.355350878111709,7.39913272857666,139800
1999-03-10,7.4866923592811405,7.5304741859436035,7.4648014459499095,7.5304741859436035,25900
1999-03-11,7.48669595968619,7.530477807403654,7.4648050358274585,7.508586883544922,14000
1999-03-12,7.530479051913434,7.530479051913434,7.442915342007464,7.486697196960449,13100
1999-03-15,7.530478279971512,7.574260130436462,7.39913272857666,7.39913272857666,18600
1999-03-16,7.399135329766187,7.399135329766187,7.311571598052978,7.3115715980529785,23300
1999-03-17,7.355350779063666,7.355350779063666,7.311568929188287,7.333459854125977,9300
1999-03-18,7.355353463909583,7.355353463909583,7.267789732196373,7.3115715980529785,13700
1999-03-19,7.31157055938352,7.31157055938352,7.2458977699279785,7.2458977699279785,7400
1999-03-22,7.2458977699279785,7.333461489202033,7.2458977699279785,7.2458977699279785,20200
1999-03-23,7.2458977699279785,7.31157055938352,7.224006840109466,7.2458977699279785,191100
1999-03-24,7.267787740344093,7.355351448059082,7.267787740344093,7.355351448059082,83900
1999-03-25,7.311568543717668,7.333459467501253,7.289677619934082,7.289677619934082,16400
1999-03-26,7.289677619934082,7.333459467501253,7.289677619934082,7.289677619934082,117100
1999-03-29,7.303036689758301,7.303036689758301,7.280771333996842,7.303036689758301,65200
1999-03-30,7.280771333996842,7.325302045519759,7.258505978235384,7.303036689758301,36600
1999-03-31,7.303036528897573,7.3920979499816895,7.303036528897573,7.3920979499816895,116600
1999-04-01,7.392100405764651,7.414365768432617,7.392100405764651,7.414365768432617,10900
1999-04-05,7.3475696804287205,7.414365768432617,7.236242867088891,7.414365768432617,29900
1999-04-06,7.347566604614257,7.3920973113088895,7.325301251266941,7.347566604614258,36800
1999-04-07,7.3030353418599505,7.325300693511963,7.236239286903914,7.325300693511963,51400
1999-04-08,7.3030353418599505,7.325300693511963,7.3030353418599505,7.325300693511963,72800
1999-04-09,7.303035897919625,7.347566604614257,7.303035897919625,7.347566604614258,32400
1999-04-12,7.325304458390421,7.45889663696289,7.325304458390421,7.458896636962891,24000
1999-04-13,7.458895281666801,7.481160640716553,7.436629922617049,7.481160640716553,374200
1999-04-14,7.458895281666801,7.481160640716553,7.458895281666801,7.481160640716553,188200
1999-04-15,7.481160640716553,7.481160640716553,7.436629922617049,7.481160640716553,407400
1999-04-16,7.481157989501953,7.837403608049665,7.481157989501953,7.792872905731201,1071900
1999-04-19,7.815143177455122,7.881939272988926,7.815143177455122,7.837408542633057,803700
1999-04-20,7.881939272988926,7.881939272988926,7.815143177455122,7.837408542633057,28300
1999-04-21,7.837408542633056,7.837408542633056,7.815143177455122,7.837408542633057,414900
1999-04-22,7.837403608049665,7.837403608049665,7.7483422034127365,7.792872905731201,772400
1999-04-23,7.792877812277187,7.837408542633056,7.792877812277187,7.837408542633057,176200
1999-04-26,7.792877812277187,7.837408542633056,7.770612447099252,7.837408542633057,251100
1999-04-27,7.837406409845653,7.837406409845653,7.770610332489014,7.770610332489014,23900
1999-04-28,7.792877812277187,7.837408542633056,7.770612447099252,7.837408542633057,82400
1999-04-29,7.837408542633056,7.837408542633056,7.792877812277187,7.837408542633057,67600
1999-04-30,7.837408542633056,7.837408542633056,7.815143177455122,7.837408542633057,186100
1999-05-03,7.837408542633056,7.837408542633056,7.815143177455122,7.837408542633057,47800
1999-05-04,7.8151421546936035,7.837407516957688,7.8151421546936035,7.8151421546936035,47400
1999-05-05,7.815143177455122,7.837408542633056,7.792877812277187,7.837408542633057,665500
1999-05-06,7.815143177455122,7.881939272988926,7.792877812277187,7.837408542633057,684800
1999-05-07,7.837407516957688,7.8596728792217725,7.8151421546936035,7.8151421546936035,127900
1999-05-10,7.815142579439308,7.948734760284424,7.815142579439308,7.948734760284424,423200
1999-05-11,7.948733625649745,8.037795066833496,7.948733625649745,8.037795066833496,237100
1999-05-12,8.060059547424316,8.060059547424316,8.01552883169269,8.060059547424316,310000
1999-05-13,8.037795066833496,8.060060427129434,8.015529706537558,8.037795066833496,169600
1999-05-14,8.01552974002462,8.037795100413577,7.904202938079833,7.904202938079834,64300
1999-05-17,7.993264379635662,8.01552974002462,7.904202938079833,7.904202938079834,46000
1999-05-18,7.926471363898762,7.993267470897909,7.926471363898762,7.971002101898193,349800
1999-05-19,7.9932633214526705,8.015528678894043,7.9487326065699255,8.015528678894043,183200
1999-05-20,8.015528678894043,8.015528678894043,7.9932633214526705,8.015528678894043,59100
1999-05-21,8.015528678894043,8.015528678894043,7.970997964011298,8.015528678894043,85200
1999-05-24,8.015528678894043,8.015528678894043,7.9932633214526705,8.015528678894043,50000
1999-05-25,8.015529706537558,8.060060427129434,8.015529706537558,8.037795066833496,620200
1999-05-26,8.060059797132912,8.060059797132912,7.9932637214660645,7.9932637214660645,57000
1999-05-27,8.015528678894043,8.015528678894043,7.9932633214526705,8.015528678894043,47500
1999-05-28,8.015528678894043,8.037794036335415,7.9932633214526705,8.015528678894043,49400
1999-06-01,8.01552908002168,8.037794438577295,7.970998362910448,7.9932637214660645,19900
1999-06-02,8.015529706537558,8.037795066833496,7.99326434624162,8.037795066833496,39100
1999-06-03,8.015529706537558,8.037795066833496,8.015529706537558,8.037795066833496,29700
1999-06-04,8.03779850779353,8.238186836242676,8.03779850779353,8.238186836242676,85500
1999-06-07,8.215914726257324,8.238180077818997,8.193649374695651,8.215914726257324,78500
1999-06-08,8.193653619111473,8.215918982206885,8.14912289292065,8.20478630065918,102400
1999-06-09,8.149120330810547,8.193651043000768,8.149120330810547,8.149120330810547,138700
1999-06-10,8.149122979030135,8.149122979030135,8.060061525707402,8.082326889038086,19200
1999-06-11,8.04892686849141,8.082324905290129,8.037794189558504,8.060059547424316,38400
1999-06-14,8.037794036335415,8.060059393776788,8.015528678894043,8.015528678894043,45000
1999-06-15,8.037795066833496,8.060060427129434,8.015529706537558,8.037795066833496,215100
1999-06-16,7.971000211532802,8.12685775756836,7.971000211532802,8.12685775756836,19600
1999-06-17,8.12685775756836,8.12685775756836,8.060061666410263,8.12685775756836,58400
1999-06-18,8.104592393848995,8.17138848500709,8.104592393848995,8.12685775756836,78100
1999-06-21,8.126859987104261,8.238186836242676,8.126859987104261,8.238186836242676,185200
1999-06-22,8.193653848726456,8.327246031042648,8.12685775756836,8.12685775756836,218300
1999-06-23,8.149122310919074,8.193653033929559,8.149122310919074,8.171387672424316,37300
1999-06-24,8.193653705691503,8.193653705691503,8.082326889038086,8.082326889038086,231900
1999-06-25,8.126857615699453,8.149122979030135,8.060061525707402,8.082326889038086,48600
1999-06-28,8.104590263155943,8.104590263155943,8.037794189558504,8.060059547424316,52100
1999-06-29,8.082326889038086,8.10459225236877,8.060061525707402,8.082326889038086,17900
1999-06-30,8.104589452134801,8.371773719787598,8.060058740859336,8.371773719787598,308800
1999-07-01,8.317531303510275,8.317531303510275,8.181919380083476,8.249725341796875,19000
1999-07-02,8.227119860441789,8.317527770996094,8.227119860441789,8.317527770996094,106100
1999-07-06,8.317527770996094,8.362731726273248,8.227119860441789,8.317527770996094,30700
1999-07-07,8.294929316272475,8.294929316272475,8.227123354559076,8.249725341796875,11400
1999-07-08,8.227122111873733,8.27232607952139,8.181918144226074,8.181918144226074,253800
1999-07-09,8.227123354559076,8.272327329034676,8.181919380083476,8.249725341796875,134300
1999-07-12,8.317527770996094,8.317527770996094,8.272323815718941,8.317527770996094,13500
1999-07-13,8.294928550720215,8.317530535872041,8.294928550720215,8.294928550720215,127300
1999-07-14,8.317528521428342,8.317528521428342,8.272324562072754,8.272324562072754,26100
1999-07-15,8.294929316272475,8.294929316272475,8.227123354559076,8.249725341796875,62400
1999-07-16,8.272323815718941,8.317527770996094,8.227119860441789,8.317527770996094,33500
1999-07-19,8.272323815718941,8.362731726273248,8.272323815718941,8.317527770996094,14300
1999-07-20,8.29492806334522,8.317530047169049,8.181918144226074,8.181918144226074,80000
1999-07-21,8.18191794819302,8.272325881322224,8.136713981628418,8.136713981628418,19100
1999-07-22,8.13671551393659,8.249725451630153,8.046307563781738,8.046307563781738,33600
1999-07-23,8.091510015063816,8.15931596491072,8.091510015063816,8.136713981628418,45400
1999-07-26,8.136717620508632,8.136717620508632,8.046309646947424,8.091513633728027,140900
1999-07-27,8.18191794819302,8.18191794819302,8.114111998346116,8.136713981628418,49700
1999-07-28,8.136713883338864,8.136713883338864,8.11411190032959,8.11411190032959,22300
1999-07-29,8.091510015063816,8.136713981628418,8.091510015063816,8.136713981628418,6000
1999-07-30,8.136713981628418,8.136713981628418,8.114111998346116,8.136713981628418,52800
1999-08-02,8.136715608484606,8.136715608484606,8.068909645080566,8.068909645080566,5100
1999-08-03,8.11411362068326,8.11411362068326,8.04630765727922,8.068909645080566,44700
1999-08-04,8.023704528808594,8.046306513396788,8.0011025442204,8.023704528808594,27200
1999-08-05,8.046307563781738,8.046307563781738,8.023705576243026,8.046307563781738,31600
1999-08-06,7.955897530593441,8.023703475456454,7.9332955489724375,8.00110149383545,38000
1999-08-09,8.091510482573174,8.13671445174956,8.023704528808594,8.023704528808594,10100
1999-08-10,8.02370664070953,8.04630863124674,7.933298678560691,7.9559006690979,36200
1999-08-11,8.001104650172321,8.02370664070953,7.933298678560691,7.9559006690979,19200
1999-08-12,7.933299755227977,7.955901748832615,7.8654937744140625,7.8654937744140625,204500
1999-08-13,7.888089761734008,7.910691738128662,7.865487785339355,7.910691738128662,11400
1999-08-16,7.888092517852783,7.933296486436467,7.8654905335609415,7.888092517852783,29400
1999-08-17,7.888095768018701,7.888095768018701,7.8654937744140625,7.8654937744140625,72700
1999-08-18,7.865487785339355,7.933293714523315,7.775079879760742,7.910691738128662,571400
1999-08-19,7.933296486436467,7.933296486436467,7.820286564977258,7.888092517852783,19900
1999-08-20,7.888089819450599,7.93329377257066,7.775079936650447,7.820283889770508,91700
1999-08-23,7.910694502144625,7.933296486436467,7.8654905335609415,7.888092517852783,45700
1999-08-24,7.865489842598899,7.865489842598899,7.707275966454668,7.729877948760986,241900
1999-08-25,7.752480311128052,7.752480311128052,7.707276344299316,7.707276344299316,52100
1999-08-26,7.729878327713684,7.752480311128052,7.594266427227479,7.707276344299316,180600
1999-08-27,7.7524763248687565,7.775078296661376,7.684670409490895,7.775078296661377,13500
1999-08-30,7.775081913373624,7.797683895679943,7.68467398414835,7.729877948760986,103000
1999-08-31,7.775078296661376,7.775078296661376,7.729874353076136,7.775078296661377,138500
1999-09-01,7.729877948760987,7.752479931067305,7.68467398414835,7.729877948760986,27700
1999-09-02,7.6846771240234375,7.707279115564683,7.616871149399701,7.6846771240234375,44600
1999-09-03,7.684676943446052,7.707278934456188,7.639472961425781,7.639472961425781,65700
1999-09-07,7.639470198864782,7.7750820958860505,7.594266233191026,7.66207218170166,155300
1999-09-08,7.684674164538538,7.684674164538538,7.66207218170166,7.66207218170166,11800
1999-09-09,7.684673609608464,7.775081534427388,7.684673609608464,7.752479553222656,148500
1999-09-10,7.820285496836849,7.820285496836849,7.707275590813195,7.752479553222656,49100
1999-09-13,7.752479931067305,7.752479931067305,7.729877948760987,7.729877948760986,38200
1999-09-14,7.729878130212294,7.752480113049172,7.616868216027903,7.66207218170166,62100
1999-09-15,7.662070991045021,7.684672970369638,7.503857135772705,7.503857135772705,87700
1999-09-16,7.503857135772705,7.549061094421938,7.323041301175772,7.503857135772705,18000
1999-09-17,7.481257814435816,7.5716657638549805,7.413451852371443,7.5716657638549805,58300
1999-09-20,7.57166238264604,7.57166238264604,7.27783667824485,7.458652496337891,27400
1999-09-21,7.4812520012488735,7.4812520012488735,7.323038212702825,7.345640182495117,23000
1999-09-22,7.436052390933036,7.436052390933036,7.210032561421394,7.232634544372559,679300
1999-09-23,7.164830105327001,7.323044019324757,7.164830105327001,7.255238056182861,143700
1999-09-24,7.232634544372559,7.2552365273237225,7.210032561421394,7.232634544372559,522200
1999-09-27,7.255235897331703,7.413449764251709,7.232633916343131,7.413449764251709,9400
1999-09-28,7.36824215228741,7.413446091871995,7.323038212702825,7.345640182495117,42400
1999-09-29,7.32304504814498,7.390851020812988,7.32304504814498,7.390851020812988,45500
1999-09-30,7.345644421985367,7.66207218170166,7.345644421985367,7.66207218170166,110200
1999-10-01,7.6299014853302545,7.767791271209717,7.6299014853302545,7.767791271209717,54000
1999-10-04,7.813751152785666,7.813751152785666,7.7218246686352465,7.744806289672852,35200
1999-10-05,7.744806289672851,7.744806289672851,7.652879805522431,7.744806289672852,56800
1999-10-06,7.744809588986243,7.744809588986243,7.629901434846981,7.6758646965026855,9200
1999-10-07,7.629896640777588,7.675859873553357,7.6069150243897035,7.629896640777588,14500
1999-10-08,7.583934232729291,7.583934232729291,7.469026138293999,7.514989376068115,33800
1999-10-11,7.560955508453089,7.560955508453089,7.537973880767822,7.537973880767822,17800
1999-10-12,7.514992253082554,7.560955508453089,7.514992253082554,7.537973880767822,5100
1999-10-13,7.44604494535006,7.537971426156851,7.44604494535006,7.469026565551758,16900
1999-10-14,7.514987529592311,7.583932369313342,7.492005916351967,7.560950756072998,20300
1999-10-15,7.583934666560246,7.629897906963642,7.423063325148362,7.469026565551758,19900
1999-10-18,7.5149878572534625,7.5149878572534625,7.400079786041636,7.446043014526367,5200
1999-10-19,7.492013432293116,7.492013432293116,7.423068523406983,7.423068523406982,14700
1999-10-20,7.423068523406983,7.469031795997738,7.4000868871116054,7.423068523406982,29100
1999-10-21,7.469023056328297,7.51498627513647,7.354115009307861,7.354115009307861,41800
1999-10-22,7.354117366587481,7.377098983358066,7.3311357498168945,7.3311357498168945,22000
1999-10-25,7.285172014116491,7.331135244489466,7.285172014116491,7.3081536293029785,45300
1999-10-26,7.331135215819446,7.354116830916059,7.285171985626221,7.285171985626221,9400
1999-10-27,7.285172014116491,7.354116859675953,7.285172014116491,7.3081536293029785,33900
1999-10-28,7.3081536293029785,7.354116859675953,7.3081536293029785,7.3081536293029785,14400
1999-10-29,7.3081536293029785,7.354116859675953,7.285172014116491,7.3081536293029785,203900
1999-11-01,7.331133399903774,7.354115009307861,7.2851701810956,7.354115009307861,29700
1999-11-02,7.354118043858707,7.5609526138422325,7.262191568310472,7.514989376068115,118400
1999-11-03,7.5379691428326545,7.583932369313342,7.492005916351967,7.560950756072998,33400
1999-11-04,7.583937136138357,7.583937136138357,7.537973880767822,7.537973880767822,35700
1999-11-05,7.492005916351967,7.583932369313342,7.492005916351967,7.560950756072998,15000
1999-11-08,7.606919804019128,7.6758646965026855,7.606919804019128,7.6758646965026855,78800
1999-11-09,7.675859873553357,7.675859873553357,7.629896640777588,7.629896640777588,20800
1999-11-10,7.629900439628302,7.652882067458507,7.560955556137684,7.606918811798096,112500
1999-11-11,7.652883065674834,7.6758646965026855,7.583938173191276,7.6758646965026855,42500
1999-11-12,7.698842048645019,7.698842048645019,7.6528788125337055,7.6988420486450195,8500
1999-11-15,7.721823946051641,7.721823946051641,7.492007757181057,7.514989376068115,83800
1999-11-16,7.492005916351967,7.629895595794028,7.44604268987128,7.560950756072998,26500
1999-11-17,7.49200963973999,7.514991264401769,7.423064765754653,7.49200963973999,49000
1999-11-18,7.514989805955153,7.514989805955153,7.400081704946665,7.469026565551758,16000
1999-11-19,7.469026565551758,7.469026565551758,7.44604494535006,7.469026565551758,41700
1999-11-22,7.492006243011097,7.492006243011097,7.377098171799271,7.446043014526367,37800
1999-11-23,7.469023056328297,7.4920046657323836,7.308151790499687,7.354115009307861,181500
1999-11-24,7.400078296661377,7.400078296661377,7.308151858193534,7.400078296661377,272700
1999-11-26,7.400078296661377,7.400078296661377,7.377096687044416,7.400078296661377,18200
1999-11-29,7.400078228116035,7.400078228116035,7.331133399903774,7.354115009307861,85000
1999-11-30,7.354115009307861,7.400078228116035,7.308151790499687,7.354115009307861,124100
1999-12-01,7.377096618711948,7.400078228116035,7.262188571691513,7.354115009307861,110900
1999-12-02,7.354115009307861,7.354115009307861,7.216225352883339,7.354115009307861,324100
1999-12-03,7.331133399903774,7.354115009307861,7.308151790499687,7.354115009307861,103600
1999-12-06,7.400080061109284,7.400080061109284,7.262190370529608,7.285171985626221,61500
1999-12-07,7.331138538178943,7.331138538178943,7.170267159598215,7.2392120361328125,155600
1999-12-08,7.262191138728972,7.262191138728972,7.124301433563232,7.124301433563232,172200
1999-12-09,7.147284030914307,7.21622889294885,6.986412686167039,7.147284030914307,962000
1999-12-10,7.170267496512845,7.170267496512845,7.055359363555908,7.055359363555908,41600
1999-12-13,7.078338497149275,7.078338497149275,6.940448786165848,6.963430404663086,209000
1999-12-14,6.963434181213379,6.963434181213379,6.802562764485677,6.894489288330078,695700
1999-12-15,6.978797432516708,6.978797432516708,6.8382847325331495,6.885122299194336,141900
1999-12-16,6.861702067276528,6.8851208456631365,6.744608175343481,6.791445732116699,80600
1999-12-17,6.8382811016506615,7.236400206883748,6.8382811016506615,7.166143894195557,203400
1999-12-20,7.212982177734375,7.283238497647372,7.142725857821378,7.212982177734375,325700
1999-12-21,7.236401780032179,7.236401780032179,7.119307900096383,7.189564228057861,75000
1999-12-22,7.142725944519043,7.189563491696217,7.142725944519043,7.142725944519043,72100
1999-12-23,7.119307681580577,7.236401557922363,7.072470131043863,7.236401557922363,111100
1999-12-27,7.259818977779812,7.259818977779812,7.119306352403428,7.166143894195557,35100
1999-12-28,7.212982091873021,7.353494730026392,7.166144545821898,7.283238410949707,275400
1999-12-29,7.353494903709316,7.4003324508667,7.330076130130624,7.400332450866699,44800
1999-12-30,7.447169435435328,7.517425750863963,7.400331891816238,7.470588207244873,52600
1999-12-31,7.494006979054419,7.494006979054419,7.400331891816238,7.470588207244873,25900
2000-01-03,7.470586023120098,7.470586023120098,7.400329728231821,7.42374849319458,36200
2000-01-04,7.470585803190867,7.470585803190867,7.119304339090983,7.306654453277588,148500
2000-01-05,7.119307084517045,7.212982177734375,7.049050764604048,7.212982177734375,178700
2000-01-06,7.25981719934257,7.423748555456758,7.25981719934257,7.353492259979248,452800
2000-01-07,7.400328725576401,7.494003772735596,7.400328725576401,7.494003772735596,290700
2000-01-10,7.4940035802236995,7.564259863788297,7.4705848190355,7.540841102600098,158200
2000-01-11,7.540846948653182,7.611103286684113,7.494009389965895,7.564265727996826,146000
2000-01-12,7.587678819894791,7.587678819894791,7.494003772735596,7.494003772735596,120000
2000-01-13,7.494006979054419,7.5642632944830535,7.470588207244873,7.470588207244873,85400
2000-01-14,7.494007545181468,7.494007545181468,7.4003324508667,7.400332450866699,80500
2000-01-18,7.447167334155502,7.751611281778211,7.400329803752007,7.517423629760742,548000
2000-01-19,7.540846948653182,7.611103286684113,7.517428169309539,7.564265727996826,77100
2000-01-20,7.587683803851788,7.61110258102417,7.540846249507024,7.61110258102417,271000
2000-01-21,7.634520659023833,7.681358209079193,7.611101883996152,7.657939434051514,95000
2000-01-24,7.68135376210593,7.68135376210593,7.63451623916626,7.63451623916626,34600
2000-01-25,7.634520659023833,7.704776984106874,7.634520659023833,7.657939434051514,100400
2000-01-26,7.68135404586792,7.7047728082028835,7.657935283532957,7.68135404586792,151100
2000-01-27,7.681356088006387,7.728193625128378,7.681356088006387,7.704774856567383,59100
2000-01-28,7.728191570537846,7.728191570537846,7.657935283532957,7.68135404586792,118700
2000-01-31,7.681358209079193,7.681358209079193,7.657939434051513,7.657939434051514,94800
2000-02-01,7.681356088006387,7.728193625128378,7.657937319445392,7.704774856567383,366600
2000-02-02,7.728191570537846,7.728191570537846,7.68135404586792,7.68135404586792,238200
2000-02-03,7.704774856567383,7.728193625128378,7.681356088006387,7.704774856567383,380400
2000-02-04,7.7047728082028835,7.7047728082028835,7.657935283532957,7.68135404586792,101300
2000-02-07,7.634518550884398,7.728193625128378,7.634518550884398,7.704774856567383,230300
2000-02-08,7.681358209079193,7.704776984106874,7.634520659023833,7.657939434051514,88000
2000-02-09,7.634520659023833,7.751614534162235,7.587683108968472,7.657939434051514,143500
2000-02-10,7.657939434051513,7.704776984106874,7.634520659023833,7.657939434051514,93300
2000-02-11,7.68135498617297,7.751611281778211,7.517423629760742,7.517423629760742,43200
2000-02-14,7.517427472334642,7.634521358196552,7.494008695162259,7.61110258102417,153200
2000-02-15,7.704774515556566,7.728193283081055,7.634518212983102,7.728193283081055,144800
2000-02-16,7.728193283081055,7.751612050605543,7.681355748032078,7.728193283081055,117900
2000-02-17,7.681356088006387,7.704774856567383,7.657937319445392,7.704774856567383,102100
2000-02-18,7.7047728082028835,7.7047728082028835,7.61109775886303,7.68135404586792,79300
2000-02-22,7.587681013762407,7.704774856567383,7.587681013762407,7.704774856567383,195500
2000-02-23,7.728191570537846,7.728191570537846,7.657935283532957,7.68135404586792,103200
2000-02-24,7.681358209079193,7.681358209079193,7.564264333940791,7.657939434051514,235900
2000-02-25,7.58768367767334,7.58768367767334,7.540846124107455,7.58768367767334,43400
2000-02-28,7.540841102600098,7.587678624976496,7.4940035802236995,7.540841102600098,135400
2000-02-29,7.564265727996826,7.5876845073404695,7.494009389965895,7.564265727996826,172000
2000-03-01,7.5876845073404695,7.5876845073404695,7.517428169309539,7.564265727996826,169500
2000-03-02,7.587678624976496,7.587678624976496,7.517422341411899,7.540841102600098,73300
2000-03-03,7.564261160164236,7.564261160164236,7.517423629760742,7.517423629760742,103400
2000-03-06,7.494009389965895,7.564265727996826,7.470590610622252,7.564265727996826,106600
2000-03-07,7.517428169309539,7.564265727996826,7.517428169309539,7.564265727996826,170700
2000-03-08,7.540846124107455,7.611102454456282,7.540846124107455,7.58768367767334,263200
2000-03-09,7.634522066027756,7.634522066027756,7.517428169309539,7.564265727996826,184000
2000-03-10,7.5876845073404695,7.5876845073404695,7.494009389965895,7.564265727996826,201000
2000-03-13,7.540846948653182,7.5876845073404695,7.517428169309539,7.564265727996826,681900
2000-03-14,7.5876787162265895,7.63451623916626,7.564259954756754,7.63451623916626,156800
2000-03-15,7.6579414749720005,7.775035381317139,7.634522693702974,7.775035381317139,372100
2000-03-16,7.7750366894166865,7.845293045043946,7.7750366894166865,7.845293045043945,337100
2000-03-17,7.845293045043946,7.8921306154621185,7.82187425983486,7.845293045043945,333000
2000-03-20,7.868706703186035,7.915544243085952,7.845287933236077,7.868706703186035,73400
2000-03-21,7.821869163286118,7.8921254731359936,7.821869163286118,7.868706703186035,119400
2000-03-22,7.892125322107683,8.0092191696167,7.86870655260588,8.0092191696167,215100
2000-03-23,7.985799720120984,8.056056022644043,7.985799720120984,8.056056022644043,512700
2000-03-24,8.056056708620305,8.056056708620305,7.985800400114895,8.0092191696167,58700
2000-03-27,8.009219035375153,8.032637804484438,7.938962728047301,7.985800266265869,66100
2000-03-28,7.985802746383396,8.032640299148108,7.868708864471616,7.915546417236328,30100
2000-03-29,7.915541314094115,7.96237883666272,7.868703791525511,7.938960075378418,42800
2000-03-30,7.96237883666272,7.96237883666272,7.915541314094115,7.938960075378418,50400
2000-03-31,7.892124650090239,8.056056022644043,7.868705882582553,8.056056022644043,232900
2000-04-03,8.054150850632611,8.101808547973633,8.00649315329159,8.101808547973633,135700
2000-04-04,8.173294067382812,8.173294067382812,8.10180753035031,8.173294067382812,188500
2000-04-05,8.149465560913086,8.197123254251759,8.149465560913086,8.149465560913086,145000
2000-04-06,8.149465902110348,8.17329474977734,8.077979359109381,8.12563705444336,148500
2000-04-07,8.12563705444336,8.149465902110348,8.10180820677637,8.12563705444336,214300
2000-04-10,8.125636714243749,8.149465560913086,8.101807867574413,8.149465560913086,270000
2000-04-11,8.149464884469674,8.244780263235402,8.07797835039538,8.197122573852539,370300
2000-04-12,8.197120953157459,8.292436313077895,8.14946327319724,8.244778633117676,192300
2000-04-13,8.268607758927619,8.292436599731445,8.197121236516141,8.292436599731445,357300
2000-04-14,8.220949793137567,8.244778633117676,8.125634433217131,8.244778633117676,123100
2000-04-17,8.220956802368164,8.244785662664883,8.197127942071445,8.220956802368164,139000
2000-04-18,8.244778918123794,8.292436599731445,8.220950077319968,8.292436599731445,238500
2000-04-19,8.292439991777593,8.387755393981934,8.292439991777593,8.387755393981934,253500
2000-04-20,8.292439727783202,8.363926277160644,8.292439727783202,8.340097427368164,177400
2000-04-24,8.363926543430848,8.387755393981934,8.316268842328679,8.387755393981934,123200
2000-04-25,8.363926543430848,8.387755393981934,8.340097692879763,8.387755393981934,116300
2000-04-26,8.38775505087531,8.41158390045166,8.363926201298959,8.41158390045166,270900
2000-04-27,8.411584244533017,8.435413095084103,8.244782290675422,8.387755393981934,172400
2000-04-28,8.38775505087531,8.43541275002801,8.363926201298959,8.41158390045166,230300
2000-05-01,8.411584946587476,8.626044619446645,8.411584946587476,8.602215766906738,300700
2000-05-02,8.626041964755032,8.816672726407077,8.602213119548527,8.721357345581055,659500
2000-05-03,8.721357345581055,8.769015035994066,8.697528500374549,8.721357345581055,162600
2000-05-04,8.721353860097388,8.792840367147367,8.673696188730736,8.697525024414062,407500
2000-05-05,8.769015035994066,8.792843881200572,8.697528500374549,8.721357345581055,79400
2000-05-08,8.721359944605565,8.721359944605565,8.649873387682568,8.673702239990234,39300
2000-05-09,8.673698985058328,8.769014358520508,8.673698985058328,8.769014358520508,337300
2000-05-10,8.76901153146404,8.76901153146404,8.697525024414062,8.697525024414062,153200
2000-05-11,8.74518879691323,8.74518879691323,8.649873387682568,8.673702239990234,199700
2000-05-12,8.673699655168043,8.74518619078756,8.57838427434202,8.721357345581055,209600
2000-05-15,8.74518871307373,8.76901756515295,8.697531008915291,8.74518871307373,220800
2000-05-16,8.74518871307373,8.76901756515295,8.72135986099451,8.74518871307373,60900
2000-05-17,8.721360293301668,8.721360293301668,8.626044880260121,8.649873733520508,62000
2000-05-18,8.626042090521917,8.649870936075846,8.578384399414062,8.578384399414062,58400
2000-05-19,8.578384806600848,8.578384806600848,8.38775403312083,8.48306941986084,485500
2000-05-22,8.506898266545841,8.554555959915847,8.38775403312083,8.48306941986084,271400
2000-05-23,8.48306901719835,8.60221324496799,8.387753634982639,8.578384399414062,308700
2000-05-24,8.530726095428042,8.602212626953975,8.530726095428042,8.55455493927002,245400
2000-05-25,8.506897251586064,8.578383783111997,8.45923956390211,8.55455493927002,39100
2000-05-26,8.578386914366831,8.602215766906738,8.554558061826922,8.602215766906738,16300
2000-05-30,8.60221324496799,8.60221324496799,8.554555553860133,8.578384399414062,46300
2000-05-31,8.578384399414062,8.60221324496799,8.554555553860133,8.578384399414062,43800
2000-06-01,8.602212626953975,8.602212626953975,8.530726095428042,8.55455493927002,83400
2000-06-02,8.55455493927002,8.578383783111997,8.530726095428042,8.55455493927002,78200
2000-06-05,8.602212626953975,8.602212626953975,8.530726095428042,8.55455493927002,81100
2000-06-06,8.554558061826922,8.602215766906738,8.554558061826922,8.602215766906738,142600
2000-06-07,8.626044880260121,8.721360293301668,8.626044880260121,8.649873733520508,127600
2000-06-08,8.673699655168043,8.721357345581055,8.673699655168043,8.721357345581055,124100
2000-06-09,8.697525024414062,8.721353860097388,8.697525024414062,8.697525024414062,107900
2000-06-12,8.721357345581055,8.74518619078756,8.673699655168043,8.721357345581055,159700
2000-06-13,8.745185515154963,8.769014358520508,8.721356671789417,8.769014358520508,309000
2000-06-14,8.769012410043063,8.86432776232614,8.745183571972294,8.840498924255371,623700
2000-06-15,8.792841248113833,8.86432776232614,8.792841248113833,8.840498924255371,151200
2000-06-16,8.86433419948671,8.911991910236637,8.769018777986851,8.792847633361816,345300
2000-06-19,8.816672325134277,8.88815885750023,8.792843481012293,8.816672325134277,43900
2000-06-20,8.864332464289538,8.91199016571045,8.84050361357908,8.91199016571045,72200
2000-06-21,8.864332464289538,8.91199016571045,8.864332464289538,8.91199016571045,43600
2000-06-22,8.911984737883222,8.95964241027832,8.840498229290576,8.95964241027832,74300
2000-06-23,8.95964786713136,8.95964786713136,8.84050361357908,8.91199016571045,99900
2000-06-26,8.935817444931725,8.959646291451543,8.88815975189209,8.88815975189209,351500
2000-06-27,8.88815975189209,8.911988598411908,8.864330905372272,8.88815975189209,118500
2000-06-28,8.91199016571045,8.935819016420904,8.864332464289538,8.91199016571045,56100
2000-06-29,8.93581954259721,9.007306098937988,8.911990690483618,9.007306098937988,243600
2000-06-30,9.005372472367492,9.005372472367492,8.835916538747673,8.841968536376953,307100
2000-07-03,8.787494185178177,8.932742022949716,8.787494185178177,8.908534049987793,27800
2000-07-05,9.005368322213917,9.053784280935497,8.908536404770757,9.029576301574707,196900
2000-07-06,9.053786855982983,9.247450745950534,9.029578869737039,9.22324275970459,241300
2000-07-07,9.223242924045334,9.271658897399902,9.19903493736805,9.271658897399902,332200
2000-07-10,9.271658979356289,9.295866966247559,9.24745099246502,9.295866966247559,59600
2000-07-11,9.295866884077187,9.295866884077187,9.19903493736805,9.271658897399902,183800
2000-07-12,9.29586671844242,9.29586671844242,9.199034773458646,9.22324275970459,342300
2000-07-13,9.271657858843579,9.271657858843579,9.22324189091228,9.24744987487793,108400
2000-07-14,9.22324163492248,9.24744961821624,9.102201718453681,9.174825668334961,110100
2000-07-17,9.150613975524903,9.199029922485352,9.102198028564453,9.199029922485352,80600
2000-07-18,9.223237895965577,9.223237895965577,9.150613975524903,9.199029922485352,55800
2000-07-19,9.199028573137648,9.199028573137648,9.10219669342041,9.10219669342041,99700
2000-07-20,9.10219669342041,9.12640466334972,9.0779887234911,9.10219669342041,152900
2000-07-21,9.102198694365727,9.150614644867671,8.908534892357945,9.1264066696167,654200
2000-07-24,9.174821949005127,9.199029922485352,9.150613975524903,9.199029922485352,191100
2000-07-25,9.19903365162872,9.19903365162872,9.174825668334961,9.174825668334961,123000
2000-07-26,9.150613975524903,9.199029922485352,9.102198028564453,9.199029922485352,220300
2000-07-27,9.19903501868248,9.295866966247559,9.19903501868248,9.295866966247559,410800
2000-07-28,9.295865842809228,9.295865842809228,9.199033906946632,9.24744987487793,791800
2000-07-31,9.24744987487793,9.295865842809228,9.22324189091228,9.24744987487793,225600
2000-08-01,9.271658979356289,9.295866966247559,9.24745099246502,9.295866966247559,320800
2000-08-02,9.295866966247559,9.368490926921368,9.271658979356289,9.295866966247559,361100
2000-08-03,9.271658979356289,9.295866966247559,9.24745099246502,9.295866966247559,168200
2000-08-04,9.295865842809228,9.295865842809228,9.199033906946632,9.24744987487793,183100
2000-08-07,9.271658732196476,9.271658732196476,9.199034773458646,9.22324275970459,165600
2000-08-08,9.199033906946632,9.271657858843579,9.199033906946632,9.24744987487793,47900
2000-08-09,9.247450745950534,9.271658732196476,9.199034773458646,9.22324275970459,101700
2000-08-10,9.24745099246502,9.295866966247559,9.24745099246502,9.295866966247559,147300
2000-08-11,9.295863334379048,9.368487266678883,9.271655356945768,9.344279289245605,88100
2000-08-14,9.344279471131944,9.392695426940918,9.320071493227458,9.392695426940918,154100
2000-08-15,9.392695426940918,9.416903404845405,9.344279471131944,9.392695426940918,242000
2000-08-16,9.416903586265368,9.44111156463623,9.344279651152782,9.44111156463623,353600
2000-08-17,9.441106693297241,9.441106693297241,9.392690761536743,9.416898727416992,164100
2000-08-18,9.368487449036431,9.416903404845405,9.368487449036431,9.392695426940918,87000
2000-08-21,9.416898727416992,9.46531465917749,9.392690761536743,9.416898727416992,154900
2000-08-22,9.416903404845405,9.441111382749892,9.392695426940918,9.392695426940918,125500
2000-08-23,9.416903586265368,9.44111156463623,9.416903586265368,9.44111156463623,56800
2000-08-24,9.392695335762753,9.441111291101736,9.368487358093262,9.368487358093262,374300
2000-08-25,9.392699483105593,9.465323448181152,9.368491494747074,9.465323448181152,417400
2000-08-28,9.465319360654378,9.465319360654378,9.392695426940918,9.392695426940918,73500
2000-08-29,9.392690761536743,9.416898727416992,9.368482795656494,9.416898727416992,267600
2000-08-30,9.416903586265368,9.44111156463623,9.368487629523644,9.44111156463623,235200
2000-08-31,9.416903313432245,9.441111291101736,9.34427938042377,9.368487358093262,297800
2000-09-01,9.392695426940918,9.441111382749892,9.320071493227458,9.392695426940918,168000
2000-09-05,9.392695426940918,9.392695426940918,9.368487449036431,9.392695426940918,181700
2000-09-06,9.392690761536743,9.441106693297241,9.368482795656494,9.416898727416992,184000
2000-09-07,9.44111156463623,9.44111156463623,9.416903586265368,9.44111156463623,59000
2000-09-08,9.44111156463623,9.44111156463623,9.368487629523644,9.44111156463623,180800
2000-09-11,9.441104585474188,9.586352348327637,9.441104585474188,9.586352348327637,228900
2000-09-12,9.586360155038498,9.683192075796462,9.586360155038498,9.63477611541748,185700
2000-09-13,9.658982276916504,9.658982276916504,9.634774301285134,9.658982276916504,46900
2000-09-14,9.658982276916504,9.683190252547874,9.610566325653766,9.658982276916504,77700
2000-09-15,9.63477425473547,9.658982230249881,9.63477425473547,9.646878242492676,35100
2000-09-18,9.610560308803212,9.658976229754362,9.513728466900913,9.586352348327637,104800
2000-09-19,9.537940784376495,9.610564698978346,9.441108898240692,9.489524841308594,299100
2000-09-20,9.489527521377955,9.562151456490541,9.44111156463623,9.44111156463623,38200
2000-09-21,9.392692955172791,9.513732812842544,9.344277012104891,9.489524841308594,90800
2000-09-22,9.465319543007093,9.465319543007093,9.344279651152782,9.44111156463623,85400
2000-09-25,9.465316869774643,9.513732812842544,9.392692955172791,9.489524841308594,171200
2000-09-26,9.441106693297241,9.48952262505774,9.344274829776245,9.416898727416992,160100
2000-09-27,9.416907471464114,9.489531436539671,9.416907471464114,9.465323448181152,117700
2000-09-28,9.489520506425338,9.634768269278787,9.465312545949763,9.586352348327637,313700
2000-09-29,9.537943750240723,9.610567687425297,9.46531981305615,9.5137357711792,213800
2000-10-02,9.48719336092472,9.560928024351597,9.438036918640137,9.438036918640137,56800
2000-10-03,9.511768578863762,9.585503219009993,9.438033938717531,9.46261215209961,57900
2000-10-04,9.438036214618782,9.511770872545492,9.315145118074266,9.388879776000977,277700
2000-10-05,9.339726715491564,9.339726715491564,9.265992030895577,9.290570259094238,160700
2000-10-06,9.339720844278864,9.438033695271272,9.265986206034556,9.315142631530762,434500
2000-10-09,9.339720844278864,9.388877269775069,9.29056441878266,9.315142631530762,182700
2000-10-10,9.31514688198,9.43803800179504,9.290568658016992,9.413459777832031,123300
2000-10-11,9.413459777832031,9.413459777832031,9.241412210090976,9.413459777832031,93900
2000-10-12,9.438036260757855,9.438036260757855,9.192254066467285,9.192254066467285,147500
2000-10-13,9.21682632983999,9.24140453338623,9.11851351565503,9.24140453338623,105100
2000-10-16,9.241407278045735,9.315141910583334,9.192250856354002,9.265985488891602,146600
2000-10-17,9.315146190913643,9.364302635192871,9.29056796877403,9.364302635192871,80000
2000-10-18,9.29056094047871,9.29056094047871,9.19224812629375,9.24140453338623,123600
2000-10-19,9.290566944183514,9.290566944183514,9.143097627609173,9.192254066467285,105400
2000-10-20,9.24140453338623,9.29056094047871,9.06935710856255,9.24140453338623,97300
2000-10-23,9.192254066467285,9.216832285896343,9.167675847038229,9.192254066467285,115400
2000-10-24,9.16767692565918,9.192255147979981,9.143098703338378,9.16767692565918,72000
2000-10-25,9.143096923828125,9.143096923828125,8.97104940106792,9.143096923828125,65600
2000-10-26,9.093942258696773,9.192255147979981,9.093942258696773,9.16767692565918,21900
2000-10-27,9.216832285896343,9.216832285896343,9.118519408180115,9.192254066467285,35000
2000-10-30,9.143097627609173,9.192254066467285,9.143097627609173,9.192254066467285,90100
2000-10-31,9.16766992274751,9.24140453338623,9.14309171920127,9.24140453338623,51900
2000-11-01,9.24140453338623,9.26598273693247,9.19224812629375,9.24140453338623,220400
2000-11-02,9.2414105053254,9.2414105053254,9.143097627609173,9.192254066467285,483200
2000-11-03,9.167675141365297,9.241409793976814,9.118518706290953,9.143096923828125,149500
2000-11-06,9.19224812629375,9.31513914402495,9.16766992274751,9.24140453338623,121400
2000-11-07,9.265984196411935,9.33971881866455,9.216827781576859,9.33971881866455,159300
2000-11-08,9.339720844278864,9.339720844278864,9.315142631530762,9.315142631530762,63800
2000-11-09,9.290563699737469,9.315141910583334,9.14309443466227,9.265985488891602,125900
2000-11-10,9.192252039591471,9.241408467610677,8.84815704345703,9.216830253601074,145900
2000-11-13,9.167673825581868,9.216830253601074,9.118517397562663,9.216830253601074,80900
2000-11-14,9.241405988994398,9.33971881866455,9.241405988994398,9.33971881866455,547000
2000-11-15,9.339726715491564,9.339726715491564,9.241413802696915,9.290570259094238,368900
2000-11-16,9.241413802696915,9.290570259094238,9.241413802696915,9.290570259094238,108300
2000-11-17,9.29056803726319,9.29056803726319,9.143098703338378,9.16767692565918,123600
2000-11-20,9.167675847038229,9.216832285896343,9.093941188751058,9.192254066467285,90400
2000-11-21,9.14309443466227,9.265985488891602,9.14309443466227,9.265985488891602,97000
2000-11-22,9.265985488891602,9.290563699737469,9.241407278045735,9.265985488891602,102300
2000-11-24,9.265988011513986,9.265988011513986,9.118518706290953,9.143096923828125,25100
2000-11-27,9.118520481017576,9.241411592621585,9.118520481017576,9.16767692565918,169300
2000-11-28,9.118519408180115,9.2414105053254,9.118519408180115,9.192254066467285,159100
2000-11-29,9.167673355042147,9.315142631530762,9.143095142294046,9.315142631530762,510900
2000-11-30,9.315146190913643,9.364302635192871,9.29056796877403,9.364302635192871,661400
2000-12-01,9.339721323649089,9.339721323649089,9.167673825581868,9.216830253601074,166500
2000-12-04,9.241412210090976,9.413459777832031,9.241412210090976,9.413459777832031,537700
2000-12-05,9.487187724113465,9.831282615661621,9.487187724113465,9.831282615661621,419700
2000-12-06,9.83129188195983,9.880448341369629,9.75755719284513,9.880448341369629,530200
2000-12-07,9.855868300810684,9.880446525999737,9.659242499298252,9.683820724487305,130400
2000-12-08,9.631911681622876,9.806583655123807,9.55705226440819,9.781630516052246,372100
2000-12-11,9.781633987234581,9.906399726867676,9.781633987234581,9.906399726867676,212700
2000-12-12,9.906399726867676,9.906399726867676,9.781633987234581,9.906399726867676,231400
2000-12-13,9.831542074531688,10.006214141845703,9.831542074531688,10.006214141845703,202300
2000-12-14,9.981257438659668,9.981257438659668,9.93135115146637,9.981257438659668,77100
2000-12-15,9.981261675630636,10.031167984008789,9.931355367252483,10.031167984008789,165400
2000-12-18,10.031168555744744,10.15593433380127,10.006215400133437,10.15593433380127,402800
2000-12-19,10.205841333258386,10.205841333258386,10.106028704082265,10.180888175964355,580600
2000-12-20,10.130981178189964,10.180887489412575,10.081074866967354,10.15593433380127,91500
2000-12-21,10.130976676940918,10.155929821465403,10.081070387891947,10.130976676940918,62900
2000-12-22,10.15593433380127,10.180887489412575,10.10602802257866,10.15593433380127,159500
2000-12-26,10.130976676940918,10.180882965989888,10.106023532416433,10.130976676940918,60700
2000-12-27,10.130975412336289,10.255741119384766,10.106022270926594,10.255741119384766,94800
2000-12-28,10.205836154288239,10.405461311340332,10.180883009656727,10.405461311340332,174000
2000-12-29,10.330602904497567,10.380509198722192,10.180884021823688,10.305649757385254,140100
2001-01-02,10.25574258603793,10.330602020972515,10.180883151103348,10.205836296081543,102700
2001-01-03,10.155935018670325,10.280700805140476,10.106028704082265,10.180888175964355,239800
2001-01-04,10.130980600765096,10.180886909143249,9.88144905887433,10.031167984008789,121400
2001-01-05,9.981259170647533,10.006212318574152,9.781633987234581,9.906399726867676,181800
2001-01-08,9.956308473514605,10.006214781652522,9.731730086893975,9.85649585723877,201900
2001-01-09,9.781628579804392,9.881441116333008,9.731722311540084,9.881441116333008,72500
2001-01-10,9.8315348480687,9.881441116333008,9.644386342077544,9.881441116333008,98500
2001-01-11,9.8315348480687,9.906394250465162,9.806581713936545,9.881441116333008,128900
2001-01-12,9.881449011307728,9.931355319445647,9.80658954910085,9.85649585723877,247500
2001-01-16,9.806581713936545,9.881441116333008,9.806581713936545,9.881441116333008,204400
2001-01-17,9.931350770940636,9.931350770940636,9.706772487175646,9.831538200378418,230100
2001-01-18,9.831542703169811,9.881449011307728,9.681823778756057,9.85649585723877,185000
2001-01-19,9.83153587518279,9.83153587518279,9.63191078127045,9.681817054748535,251200
2001-01-22,9.656867210681622,9.73172664642334,9.582007774939903,9.73172664642334,47100
2001-01-23,9.706770191487578,9.73172332822662,9.63191078127045,9.681817054748535,244100
2001-01-24,9.681817553821624,9.681817553821624,9.557051863695056,9.631911277770996,582700
2001-01-25,9.631911277770996,9.631911277770996,9.482192449619117,9.631911277770996,961600
2001-01-26,9.582009055397727,9.656868501143022,9.532102758234197,9.606962203979492,119100
2001-01-29,9.542082662982466,9.677827835083008,9.542082662982466,9.677827835083008,99300
2001-01-30,9.58200717350288,9.785624917320957,9.58200717350288,9.761670112609863,129900
2001-01-31,9.761671647692236,9.841521263122559,9.72174645922226,9.841521263122559,257200
2001-02-01,9.82156248453493,9.841524704996484,9.741712079668913,9.801599502563477,140500
2001-02-02,9.741707140759358,9.80159453329185,9.70178195856786,9.761670112609863,92500
2001-02-05,9.721745003865992,9.781632396850931,9.721745003865992,9.753684997558594,27400
2001-02-06,9.721743686683054,9.821556248637686,9.721743686683054,9.741705894470215,173000
2001-02-07,9.741705894470215,9.78163107155395,9.721743686683054,9.741705894470215,203300
2001-02-08,9.781632812468816,9.821557996658354,9.709767633229559,9.729730606079102,158100
2001-02-09,9.72973080390575,9.753685610302707,9.562045636107927,9.586000442504883,364200
2001-02-12,9.586002369031087,9.6139497756958,9.562047557819865,9.6139497756958,248000
2001-02-13,9.613946387273584,9.613946387273584,9.482193829783288,9.526111602783203,75400
2001-02-14,9.542085554587423,9.562048533892652,9.482198139691333,9.522123336791992,147100
2001-02-15,9.522120113273033,9.601969718933105,9.522120113273033,9.601969718933105,260600
2001-02-16,9.542085477820246,9.601972892234537,9.502160281040789,9.530108451843262,35800
2001-02-20,9.58200557314873,9.66185592419539,9.442267839571768,9.574020385742188,41100
2001-02-21,9.554058955620901,9.621931531076788,9.542081173537117,9.562044143676758,194400
2001-02-22,9.582011489463166,9.601973708795606,9.46223665044882,9.466228485107422,83500
2001-02-23,9.402343428597419,9.601968560937147,9.402343428597419,9.562044143676758,51500
2001-02-26,9.578010572196565,9.705770492553711,9.442265466439796,9.705770492553711,89300
2001-02-27,9.705779752793854,9.821562767028809,9.629922703650179,9.821562767028809,113100
2001-02-28,9.821556735642146,9.865473747253418,9.78163155657871,9.865473747253418,229500
2001-03-01,9.821561029521282,9.841523247025538,9.789621024608604,9.833538055419922,76700
2001-03-02,9.881444311613953,10.04114426939875,9.841519131790387,10.0211820602417,110700
2001-03-05,10.02118266129689,10.02118266129689,9.84151972206967,9.853497505187988,63200
2001-03-06,9.877452269916468,9.981257438659668,9.841519682216532,9.981257438659668,100600
2001-03-07,9.941333156603571,10.017190933227539,9.941333156603571,10.017190933227539,56900
2001-03-08,9.901406974633407,10.021182519594396,9.901406974633407,9.961295127868652,408500
2001-03-09,9.961295127868652,9.977264743624417,9.94133215628707,9.961295127868652,65000
2001-03-12,9.961300567932982,9.981262788906829,9.921375364475372,9.941337585449219,92800
2001-03-13,9.941335857566385,9.941335857566385,9.833538055419922,9.833538055419922,161500
2001-03-14,9.434284891930346,9.721745614735998,9.434284891930346,9.677827835083008,334400
2001-03-15,9.721744930418366,9.781632322950855,9.70178195856786,9.761670112609863,112100
2001-03-16,9.841516114443158,9.841516114443158,9.601965870455833,9.637898445129395,194900
2001-03-19,9.661862411345158,9.745704650878906,9.601974227095457,9.745704650878906,90600
2001-03-20,9.7576827459026,9.881450191645891,9.645892328176771,9.821562767028809,142000
2001-03-21,9.8255504424042,9.881445242517206,9.582007507895472,9.601969718933105,122500
2001-03-22,9.58200724004297,9.697790193051391,9.246636925720704,9.661857604980469,138000
2001-03-23,9.625927026113064,9.741709241778995,9.522121834631042,9.589994430541992,95200
2001-03-26,9.585998541504,9.741705894470215,9.54208077056095,9.741705894470215,76000
2001-03-27,9.681828581078566,9.701790809631348,9.582015915294251,9.701790809631348,556800
2001-03-28,9.661859298495997,9.661859298495997,9.510143730824188,9.6339111328125,184400
2001-03-29,9.633912870364814,9.633912870364814,9.578018051936048,9.621935844421387,95400
2001-03-30,9.621937510631922,9.829547960047066,9.582012307050562,9.821562767028809,322000
2001-04-02,9.839815130039137,9.941256523132324,9.738373736945949,9.941256523132324,69300
2001-04-03,9.981835127887393,9.981835127887393,9.640991920549538,9.70185661315918,42100
2001-04-04,9.608530289961099,9.738375168376272,9.494915634379561,9.718087196350098,81700
2001-04-05,9.738383657773607,9.860113143920898,9.697806904412111,9.860113143920898,70300
2001-04-06,9.819530879200915,9.823587855396793,9.640993743050888,9.665339469909668,206500
2001-04-09,9.677509753968868,9.746489937205608,9.636933039017292,9.73025894165039,105600
2001-04-10,9.734319785492504,9.734319785492504,9.434053237681706,9.531436920166016,874900
2001-04-11,9.511143348787538,9.519258070435646,9.296087359419408,9.332606315612793,243600
2001-04-12,9.332606997031409,9.332606997031409,9.231165616628893,9.324491500854492,270800
2001-04-16,9.312322898038358,9.393475571702206,9.255515175143369,9.292034149169922,233100
2001-04-17,9.271748742559895,9.332613458151775,9.23117200751969,9.312325477600098,177500
2001-04-18,9.413764032457344,9.539551175845336,9.336668336990105,9.454339981079102,215400
2001-04-19,9.474626787273413,9.657220840454102,9.429992324214457,9.657220840454102,137200
2001-04-20,9.616652508331084,9.67345948884953,9.539556767672433,9.547672271728516,118600
2001-04-23,9.535494876517166,9.636936311373733,9.535494876517166,9.572013854980469,87400
2001-04-24,9.616648016192109,9.697800697033609,9.535494561413904,9.665339469909668,160000
2001-04-25,9.697798450387399,9.718087196350098,9.616645788346178,9.718087196350098,176500
2001-04-26,9.71808890099502,9.99400892905799,9.677512175888607,9.985894203186035,244800
2001-04-27,9.941257967979091,10.16442875564483,9.941257967979091,10.160371780395508,251800
2001-04-30,10.144146726127943,10.164434710005407,10.006186268737643,10.103569984436035,372100
2001-05-01,10.123860497492071,10.205013221008901,9.98590001618264,10.16849422454834,168300
2001-05-02,10.115737482612388,10.115737482612388,10.034584045410156,10.034584045410156,79200
2001-05-03,10.022412446133375,10.030527171412455,9.981835723991566,9.998065948486328,116500
2001-05-04,10.022408985721995,10.07110041633132,9.839814186096191,9.839814186096191,166100
2001-05-07,9.839814729238169,9.89662165939681,9.815469012589663,9.856045722961426,178300
2001-05-08,9.856047360087084,9.856047360087084,9.778951674968496,9.847931861877441,49900
2001-05-09,9.831698689682526,9.856045178923523,9.799237477964198,9.839814186096191,42200
2001-05-10,9.839816912233871,9.839816912233871,9.738375500767543,9.835759162902832,56700
2001-05-11,9.819531297160411,9.83981927475015,9.69780110981177,9.746493339538574,431400
2001-05-14,9.758665548137742,9.819531027106525,9.701858593299372,9.738377571105957,73600
2001-05-15,9.738379543848353,9.803302012225725,9.726206290801269,9.774898529052734,63100
2001-05-16,9.74243289312018,9.835758802504818,9.74243289312018,9.819528579711914,219100
2001-05-17,9.81952298601724,9.977771244300369,9.758657556890425,9.929079055786133,121400
2001-05-18,9.880394438575578,10.038642805728076,9.827644466900336,10.002123832702637,39000
2001-05-21,10.002123630518632,10.062988326351837,9.900682212817761,10.058931350708008,131500
2001-05-22,10.042704918881292,10.042704918881292,9.981840195372431,10.018359184265137,129800
2001-05-23,10.018357345325258,10.06299105493922,9.920973650799153,10.054876327514648,89900
2001-05-24,10.022412581014887,10.026469556740725,9.961547110014745,10.002123832702637,118100
2001-05-25,10.034589900051119,10.038647651672363,9.961551918742702,10.038647651672363,57900
2001-05-29,10.002123698094168,10.030527171412455,9.973720224775883,9.998065948486328,126300
2001-05-30,10.002127449947817,10.002127449947817,9.94126273087271,9.96155071258545,390300
2001-05-31,9.941260748913082,10.05081768576837,9.941260748913082,10.022414207458496,181800
2001-06-01,10.022412446133375,10.022412446133375,9.941259001849756,9.998065948486328,253200
2001-06-04,9.998063455604857,10.04269791622551,9.900679811107768,9.941256523132324,188700
2001-06-05,9.961547703760191,9.99400892905799,9.933144228366698,9.985894203186035,255200
2001-06-06,9.989950233381675,10.022411453091475,9.953431264466085,9.957489013671875,63800
2001-06-07,9.95749175019686,10.022414207458496,9.945318499234027,10.022414207458496,91100
2001-06-08,10.014297081689987,10.083277278078416,9.945316885301557,10.002123832702637,74100
2001-06-11,10.042699785232545,10.14414119720459,9.981835092836628,10.14414119720459,289800
2001-06-12,10.144140701626009,10.144140701626009,10.083276012203555,10.123852729797363,246900
2001-06-13,10.13196686148263,10.160371103892308,10.123852137587763,10.140082359313965,168500
2001-06-14,10.140086994239661,10.164432724925375,10.123856765094793,10.136029243469238,201900
2001-06-15,10.103567875495182,10.103567875495182,10.022415182987531,10.06299114227295,280700
2001-06-18,10.062987758052332,10.148198946555858,9.961546346080286,10.14414119720459,309300
2001-06-19,10.123856765094793,10.144144745010083,10.107625762013102,10.136029243469238,194400
2001-06-20,10.136032980354186,10.16849422454834,10.103571736160031,10.16849422454834,167200
2001-06-21,10.168483645575352,10.306443983355154,10.144137931242534,10.261810302734375,195000
2001-06-22,10.245581129374393,10.273984596794314,10.205004415658891,10.225293159484863,89000
2001-06-25,10.26587506020871,10.407893253708508,10.26587506020871,10.306451797485352,182700
2001-06-26,10.310509548606705,10.326740553092117,10.261818083024249,10.306451797485352,48700
2001-06-27,10.326740553092117,10.347028534761993,10.273990562451417,10.306451797485352,95600
2001-06-28,10.326735361386032,10.407888021203394,10.286158644509099,10.322677612304688,129600
2001-06-29,10.338906684330981,10.468751544740725,10.338906684330981,10.452521324157715,389500
2001-07-02,10.347444385912468,10.466948509216309,10.330960624911118,10.466948509216309,132800
2001-07-03,10.508153185698957,10.508153185698957,10.405132076035242,10.499911308288574,204000
2001-07-05,10.49991220354257,10.631779109397302,10.491670325429459,10.62353801727295,83500
2001-07-06,10.611179719366232,10.615300660177882,10.50815855704229,10.541125297546387,96300
2001-07-09,10.52876152889344,10.52876152889344,10.240302771903592,10.363927841186523,352500
2001-07-10,10.359801907039929,10.376285660859514,10.260901742088338,10.343318939208984,158600
2001-07-11,10.380407893846023,10.384528832814837,10.199090509161854,10.273265838623047,135300
2001-07-12,10.302110348280806,10.405131451763614,10.302110348280806,10.401010513305664,149100
2001-07-13,10.343324979268372,10.508158683776855,10.343324979268372,10.508158683776855,255800
2001-07-16,10.528754735182952,10.561721451452463,10.48754692933745,10.516392707824707,114100
2001-07-17,10.549367028325362,10.631783485412598,10.487554489012666,10.631783485412598,114000
2001-07-18,10.652380090824629,10.652380090824629,10.607050562995008,10.619413375854492,52700
2001-07-19,10.631775402725491,10.644138215584974,10.590567598504181,10.619413375854492,98900
2001-07-20,10.631779109397302,10.652383804680078,10.611175200103284,10.62353801727295,64600
2001-07-23,10.631783485412598,10.701837906230741,10.61117956763806,10.631783485412598,108500
2001-07-24,10.631775193736436,10.648258943891724,10.504029273986816,10.504029273986816,161700
2001-07-25,10.565849461000553,10.565849461000553,10.446345329284668,10.446345329284668,134700
2001-07-26,10.466946865692567,10.631780519878895,10.466946865692567,10.57820987701416,140800
2001-07-27,10.569971097238836,10.590575801297081,10.524642320288885,10.541125297546387,64700
2001-07-30,10.528758968986535,10.537000847865249,10.302112801743705,10.32271671295166,467200
2001-07-31,10.322715534527234,10.339199290402902,10.293869747733552,10.302111625671387,247800
2001-08-01,10.30211708876737,10.466950804989816,10.30211708876737,10.368050575256348,139100
2001-08-02,10.32271454103853,10.549361446583376,10.32271454103853,10.483428001403809,259800
2001-08-03,10.508152407573439,10.611173509608472,10.508152407573439,10.557602882385254,103200
2001-08-06,10.52875998761213,10.668868798150053,10.499914194734716,10.64826488494873,135700
2001-08-07,10.69359302520752,10.701834117806559,10.656505357551032,10.69359302520752,68800
2001-08-08,10.75540430205162,10.75540430205162,10.681228975294433,10.697711944580078,204600
2001-08-09,10.734800001500842,10.734800001500842,10.660625458013099,10.689471244812012,174100
2001-08-10,10.664748788389629,10.767769935358569,10.664748788389629,10.734803199768066,143000
2001-08-13,10.763646574288495,10.825459086855986,10.677108427903018,10.689471244812012,113900
2001-08-14,10.75540542602539,10.767767457784318,10.697713062524816,10.75540542602539,123400
2001-08-15,10.796615018694327,10.961448673775925,10.796615018694327,10.932602882385254,421100
2001-08-16,10.920236597152496,10.982049099938653,10.920236597152496,10.977928161621094,237900
2001-08-17,10.977933447495005,10.982054387796797,10.911999974644326,10.936725616455078,483100
2001-08-20,10.92023754119873,10.95732520327435,10.92023754119873,10.92023754119873,655100
2001-08-21,10.920236597152496,10.998532853208891,10.907873782199816,10.977928161621094,239100
2001-08-22,10.977929843328946,10.977929843328946,10.866667635665062,10.89963436126709,182100
2001-08-23,10.879029047964858,10.899633741537547,10.841941385522707,10.85842514038086,139500
2001-08-24,10.837819829583276,10.862545460462353,10.776007324362876,10.846061706542969,174000
2001-08-27,10.817217939370009,10.940842972853005,10.726559633881731,10.81309700012207,249200
2001-08-28,10.771886155538324,10.866666166570731,10.75952412635178,10.796611785888672,162200
2001-08-29,10.714199792493375,10.755408410431535,10.660629139366073,10.722441673278809,137400
2001-08-30,10.738916359431093,10.800728845630424,10.590566549750374,10.652379035949707,93100
2001-08-31,10.714199165454946,10.73892402037524,10.528760788580332,10.561727523803711,58000
2001-09-04,10.458701631024677,10.545239762951542,10.396889128784695,10.41749382019043,118800
2001-09-05,10.466950074129139,10.590575942155597,10.442225214919489,10.479312896728516,68400
2001-09-06,10.528757767040661,10.532878706009578,10.302111625671387,10.302111625671387,108900
2001-09-07,10.384526685891135,10.396888714253084,10.302109495531454,10.310351371765137,132200
2001-09-10,10.392771006297316,10.392771006297316,10.240300178527832,10.240300178527832,213900
2001-09-17,10.219694301823258,10.219694301823258,9.848818444722744,9.976564407348633,334000
2001-09-18,9.976566702627268,10.133159273733671,9.848820710611244,9.997171401977539,221100
2001-09-19,9.972444252650803,10.08782739849039,9.787005931138992,9.890027046203613,1729000
2001-09-20,9.91063248357442,9.968324851382215,9.80761135261839,9.811732292175293,126500
2001-09-21,9.807607517274926,9.807607517274926,9.683982522867776,9.725191116333008,369300
2001-09-24,9.68398582762388,9.848819471747374,9.539756094270016,9.622173309326172,525300
2001-09-25,9.642776044026654,9.82821436229184,9.642776044026654,9.745797157287598,242600
2001-09-26,9.76640425904296,9.910633224371095,9.754041439448157,9.791129112243652,368400
2001-09-27,9.787005931138992,9.890027046203613,9.787005931138992,9.890027046203613,417300
2001-09-28,9.910631949488728,10.096070289611816,9.910631949488728,10.096070289611816,252000
2001-10-01,10.19908895264711,10.28974723815918,10.100188790455226,10.28974723815918,275100
2001-10-02,10.048990736004976,10.32115074204737,10.048990736004976,10.136919021606445,237800
2001-10-03,10.178798664715755,10.191360201362254,9.734968085301322,9.806148529052734,152800
2001-10-04,9.906635739904196,9.998751254464116,9.793584336610774,9.860577583312988,338600
2001-10-05,9.881510188451815,9.927567531115816,9.734962210504717,9.885697364807129,104800
2001-10-08,9.86057430667524,10.019683813688284,9.79776825858998,9.885697364807129,41200
2001-10-09,9.781016172463907,10.007118008684321,9.781016172463907,9.881505966186523,479500
2001-10-10,9.860572111670544,9.923378944396973,9.848011384022902,9.923378944396973,649300
2001-10-11,9.965249426304295,10.132733254206212,9.965249426304295,10.040616989135742,893000
2001-10-12,10.069927237860611,10.111798198239134,9.923380074469,10.048992156982422,418900
2001-10-15,10.069924901173936,10.153666802498998,10.007118874491116,10.095047950744629,104000
2001-10-16,10.048996065875864,10.153673108228737,10.048996065875864,10.090867042541504,420800
2001-10-17,10.111798059866505,10.195539979477603,10.007121059663701,10.057366371154785,99700
2001-10-18,10.028061132321472,10.05318339926135,9.944319177691922,9.948506355285645,260800
2001-10-19,9.948500497155859,9.969435574174488,9.902442369368481,9.95687484741211,129600
2001-10-22,9.923383040635608,9.93175659631651,9.734964061923618,9.772647857666016,311800
2001-10-23,9.755893028123065,9.818699847369745,9.734957954122093,9.768454551696777,118400
2001-10-24,9.663780146527289,9.818702450522167,9.663780146527289,9.755895614624023,532200
2001-10-25,9.734959910595753,9.944313887167704,9.734959910595753,9.902442932128906,239900
2001-10-26,9.923374829057126,10.069921914985189,9.91081330799684,10.053174018859863,242500
2001-10-29,10.053184476282116,10.090868280040318,9.965255334638789,10.074119567871094,215600
2001-10-30,10.078302521825185,10.111799133501748,10.057367439010664,10.069928169250488,136800
2001-10-31,10.11179119963312,10.191345889428444,10.065733893854006,10.178784370422363,112500
2001-11-01,10.195541461763149,10.363024526712845,10.111799529977175,10.258347511291504,249800
2001-11-02,10.258348912490623,10.258348912490623,10.128549619252961,10.21229076385498,128600
2001-11-05,10.237411308196139,10.262533565535914,10.095050518900473,10.103424072265625,81600
2001-11-06,10.132735412234792,10.279282594926872,10.132735412234792,10.258347511291504,72800
2001-11-07,10.27928262007091,10.342089468375145,10.216476570388926,10.237412452697754,236000
2001-11-08,10.25416033483998,10.279282594926872,10.216476545398518,10.258347511291504,121200
2001-11-09,10.258343422846732,10.300214372052125,10.245781898498535,10.245781898498535,275400
2001-11-12,10.321153560819859,10.321153560819859,10.195541461763149,10.258347511291504,58900
2001-11-13,10.279282503257708,10.459327095956363,10.279282503257708,10.379773139953613,248900
2001-11-14,10.42582937818917,10.568190166693023,10.42582937818917,10.564002990722656,298200
2001-11-15,10.66868206066795,10.718927383422852,10.530508421369854,10.718927383422852,108400
2001-11-16,10.697986030369215,10.773353576660156,10.68542530506866,10.773353576660156,211200
2001-11-19,10.760795826084752,10.760795826084752,10.589125611463988,10.610060691833496,223800
2001-11-20,10.593314273307737,10.6770562100907,10.572379188423144,10.635185241699219,404400
2001-11-21,10.635185241699219,10.635185241699219,10.5807535418259,10.635185241699219,57700
2001-11-23,10.656123271725292,10.668684005737305,10.635187384001178,10.668684005737305,21100
2001-11-26,10.614252294899519,10.681245538371774,10.614252294899519,10.668684005737305,365900
2001-11-27,10.672865752272187,10.672865752272187,10.589124639855722,10.63099479675293,170000
2001-11-28,10.630992061844177,10.672863006591797,10.601682640107398,10.672863006591797,217800
2001-11-29,10.656122652152709,10.744050979614258,10.614251677761414,10.744050979614258,56200
2001-11-30,10.744050502839587,10.760799211301833,10.639373470817672,10.677057266235352,78200
2001-12-03,10.677052927686319,10.677052927686319,10.551440859750594,10.63099479675293,133200
2001-12-04,10.63518629370211,10.677057266235352,10.610064029631115,10.677057266235352,165200
2001-12-05,10.718920284960692,10.76916477581954,10.69379803953127,10.735668182373047,206300
2001-12-06,10.781732742603008,10.907344843456276,10.739861776111166,10.886409759521484,293200
2001-12-07,10.865471934776512,10.965961749835069,10.840348882045328,10.928277969360352,242100
2001-12-10,10.92827990742582,10.92827990742582,10.823602898348222,10.878034591674805,155000
2001-12-11,10.844538306281084,11.049705154397873,10.844538306281084,10.974337577819824,342400
2001-12-12,10.9041938128783,10.950956697581884,10.797915119164394,10.865933418273926,696100
2001-12-13,10.844674424791206,10.908441457806047,10.840423181144642,10.887186050415039,70900
2001-12-14,10.861684153679958,11.052986161582705,10.857433718697438,11.035981178283691,272900
2001-12-17,11.010470227601768,11.061484346795856,11.001967739262433,11.044479370117188,74200
2001-12-18,11.023225381812853,11.052983283996582,11.023225381812853,11.052983283996582,146700
2001-12-19,11.052986338357025,11.052986338357025,10.904195975479924,11.001972198486328,1011500
2001-12-20,11.001967901854837,11.010470390319824,10.904191717033259,11.010470390319824,102000
2001-12-21,11.052983364258496,11.095495000904819,10.97646258046352,11.074238777160645,515700
2001-12-24,11.074241546725172,11.074241546725172,11.052986128507243,11.069991111755371,56400
2001-12-26,11.074241546725172,11.095497775785333,11.044483636883179,11.069991111755371,145700
2001-12-27,11.09550045889555,11.180522963169611,11.09550045889555,11.104002952575684,50900
2001-12-28,11.138006637551142,11.138006637551142,11.074238777160645,11.074238777160645,92400
2001-12-31,11.116750333082004,11.138006556671826,10.925449185825737,11.052983283996582,231400
2002-01-02,11.052983364258496,11.133755392802307,10.946704678063703,11.074238777160645,91600
2002-01-03,11.05298404339646,11.235783524618135,11.031728629188299,11.18051815032959,109100
2002-01-04,11.180517587242077,11.223029224359454,11.09549512384936,11.167764663696289,104600
2002-01-07,11.1720170337483,11.180518713354443,11.116751656676719,11.133756637573242,42100
2002-01-08,11.180517620176426,11.180517620176426,11.052983519290656,11.057234764099121,109600
2002-01-09,11.065737568490206,11.17201625919888,11.057235078631418,11.082741737365723,54500
2002-01-10,11.052982897686794,11.091243287969224,10.984964606260696,10.989215850830078,157800
2002-01-11,11.010471727612174,11.074238777160645,10.963709657059043,11.074238777160645,70200
2002-01-14,11.031728629188299,11.18051815032959,10.989216989929897,11.18051815032959,148700
2002-01-15,11.201780039967394,11.201780039967394,11.142263390572042,11.159268379211426,76200
2002-01-16,11.15925907895399,11.210273191513892,11.095492046385473,11.1635103225708,143200
2002-01-17,11.159268379211426,11.180523804168166,11.095501293498714,11.159268379211426,83400
2002-01-18,11.180517688159165,11.180517688159165,11.06573732100087,11.095495223999023,158800
2002-01-22,11.112500769977732,11.13800824214547,11.040231220520097,11.048733711242676,84600
2002-01-23,11.031727485681888,11.031727485681888,10.840425534269741,10.989215850830078,188100
2002-01-24,11.010471678392662,11.031727902041816,10.904192992672959,10.942453384399414,240600
2002-01-25,10.967962265014648,10.984967247380684,10.942455602307783,10.967962265014648,88600
2002-01-28,10.904198038693032,10.963714681610526,10.82342597313226,10.853184700012207,305900
2002-01-29,10.627874284130762,10.83618052279863,10.627874284130762,10.738404273986816,205300
2002-01-30,10.780907639161036,10.83192094240676,10.670377734339517,10.76390266418457,144300
2002-01-31,10.763902417190106,10.887186050415039,10.73414452250597,10.887186050415039,157000
2002-02-01,10.878692836824658,10.92545574595879,10.827678680419922,10.827678680419922,97700
2002-02-04,10.797916128202758,10.925451059082517,10.776660711810546,10.904194831848145,454900
2002-02-05,10.874435291545357,11.061486008907584,10.865932801928428,11.057234764099121,110100
2002-02-06,11.052979226460604,11.103993333506933,10.933946850580314,11.065732955932617,186900
2002-02-07,11.095494839453108,11.095494839453108,11.018974056771595,11.03172779083252,101300
2002-02-08,11.031724294916573,11.061482187453207,10.899938183908976,10.946701049804688,150300
2002-02-11,10.946704598573538,11.052983283996582,10.93820210913761,11.052983283996582,170100
2002-02-12,11.061486008907584,11.082741422107867,11.031728106090375,11.057234764099121,106700
2002-02-13,11.074234631405568,11.074234631405568,11.035974253831252,11.065732955932617,123100
2002-02-14,11.095494969808557,11.201773655705495,11.0317279204388,11.184768676757812,116800
2002-02-15,11.244285323745935,11.244285323745935,11.048732119509662,11.074238777160645,494500
2002-02-19,11.095495000904819,11.138006637551142,11.061485853756166,11.074238777160645,167400
2002-02-20,11.108254224135765,11.16351962637127,11.052989632742745,11.159268379211426,135700
2002-02-21,11.180517382167427,11.223029018505049,11.031727871248782,11.052983283996582,79800
2002-02-22,11.05298358649793,11.095495223999023,11.010471948996837,11.095495223999023,321200
2002-02-25,11.15925948300567,11.15925948300567,11.057232065033496,11.116747856140137,142300
2002-02-26,11.159261691778276,11.201773327058213,11.12950379033492,11.17626667022705,85000
2002-02-27,11.18051594017887,11.201772161027206,11.02322396011077,11.044479370117188,622500
2002-02-28,11.044480874760826,11.10399749040249,11.027476706607514,11.074238777160645,200400
2002-03-01,11.138007321913264,11.223029789587992,11.095495682654862,11.18051815032959,259100
2002-03-04,11.201772842570707,11.265539887311624,11.201772842570707,11.2612886428833,188800
2002-03-05,11.265542494389011,11.49935531616211,11.265542494389011,11.49935531616211,265700
2002-03-06,11.478099359550399,11.635392189025879,11.478099359550399,11.635392189025879,377400
2002-03-07,11.635395141028795,11.669404300511093,11.524865170000748,11.63964557647705,87700
2002-03-08,11.660896854088852,11.711910166219406,11.660896854088852,11.690654754638672,85800
2002-03-11,11.584374436637829,11.592876924404381,11.401575003866277,11.473844528198242,260700
2002-03-12,11.47809720858778,11.47809720858778,11.414330164041795,11.465343475341797,154000
2002-03-13,11.465345617583317,11.47809935321227,11.435587711957876,11.469596862792969,153500
2002-03-14,11.499353711468931,11.541865348815918,11.473847053397554,11.541865348815918,474300
2002-03-15,11.563121072669281,11.648143532842994,11.563121072669281,11.643892288208008,230800
2002-03-18,11.750168952067934,11.754420195972264,11.626886122209834,11.73316478729248,176900
2002-03-19,11.741665135011822,11.75441805355854,11.690651028299794,11.711906433105469,127300
2002-03-20,11.66940338453944,11.711914222423749,11.626891735812872,11.694910049438477,63600
2002-03-21,11.707658134708367,11.754420195972264,11.669397750411266,11.73316478729248,274300
2002-03-22,11.724659445272534,11.733161931011377,11.694901556028253,11.716156959533691,107700
2002-03-25,11.724665841415483,11.724665841415483,11.597131729125977,11.597131729125977,109400
2002-03-26,11.618385220085408,11.690654754638672,11.614133975600865,11.690654754638672,180300
2002-03-27,11.690651028299794,11.733162648752863,11.626884003041047,11.711906433105469,150600
2002-03-28,11.690654754638672,11.733166388642116,11.635390198023577,11.690654754638672,321300
2002-04-01,11.70340943022206,11.711911109033556,11.6481440583161,11.707660675048828,99700
2002-04-02,11.80260313123409,11.863018385771163,11.781025666687913,11.850071907043457,246000
2002-04-03,11.867327919045128,11.884589882013309,11.776705082749263,11.858696937561035,126600
2002-04-04,11.86733497236314,11.910489082336426,11.806919712258253,11.910489082336426,127400
2002-04-05,12.0183687210083,12.057207320790438,11.888906447369232,12.0183687210083,131500
2002-04-08,12.061519378303487,12.100357967028268,11.996787848365122,12.065834045410156,158600
2002-04-09,12.08309724227242,12.40675163269043,12.08309724227242,12.40675163269043,193700
2002-04-10,12.514637056552855,12.687252575472371,12.471482971049047,12.605259895324707,237500
2002-04-11,12.579370585610754,12.583686077435514,12.320446837796446,12.514639854431152,521900
2002-04-12,12.514639854431152,12.514639854431152,12.471485759279451,12.514639854431152,343900
2002-04-15,12.493064030188325,12.514640667618249,12.212562805023564,12.458540916442871,214900
2002-04-16,12.458536444545196,12.50600519447167,12.32475870659111,12.385174751281738,183000
2002-04-17,12.342018333017885,12.376541427837836,11.996786561722852,12.078779220581055,340100
2002-04-18,12.06152492823302,12.26003263030393,12.06152492823302,12.199617385864258,249200
2002-04-19,12.212562302594074,12.221193286449346,12.156462553726662,12.160778045654297,152800
2002-04-22,12.160776645844194,12.21256089682316,12.0183687210083,12.0183687210083,149000
2002-04-23,12.02268643401503,12.02268643401503,11.867332006179781,11.914801597595215,245900
2002-04-24,11.96227162134677,12.11762606548636,11.96227162134677,12.091733932495117,256100
2002-04-25,12.126255861836727,12.147832500031104,12.078786270093914,12.100363731384277,217700
2002-04-26,12.169407645928773,12.169407645928773,12.044260863543476,12.048576354980469,346500
2002-04-29,12.083101260065652,12.096047736301694,12.039947162374798,12.05289363861084,229500
2002-04-30,12.06152512415761,12.104678400546364,12.005424547898652,12.100363731384277,496100
2002-05-01,12.100364843853939,12.260033956602172,12.07878738057981,12.247087478637695,340500
2002-05-02,12.212566640557775,12.471490486515453,12.212566640557775,12.389497756958008,377000
2002-05-03,12.393810211559394,12.553480138064026,12.298871847994702,12.523272514343262,437900
2002-05-06,12.553478985919789,12.557794477926114,12.350655800198098,12.372232437133789,138600
2002-05-07,12.372233263789687,12.376548756084354,12.260032933416314,12.346341133117676,133600
2002-05-08,12.363603522004553,12.363603522004553,12.104679719969132,12.147833824157715,343300
2002-05-09,12.126256327398876,12.221194691433473,12.083102226257324,12.083102226257324,187200
2002-05-10,12.169407628705965,12.169407628705965,11.932060538582254,12.0183687210083,175000
2002-05-13,12.061523391073631,12.13488510272777,11.957953237953545,11.99679183959961,146300
2002-05-14,11.975214629795278,12.08309944627992,11.975214629795278,12.0183687210083,164200
2002-05-15,12.06152149685716,12.190982933282038,12.039944042055856,12.186667442321777,248600
2002-05-16,12.277291646592708,12.298868279247817,11.988160324297088,12.10467529296875,664400
2002-05-17,12.1262522150696,12.190982933282038,12.1262522150696,12.186667442321777,355100
2002-05-20,12.186666443001185,12.216874054150216,12.083097137734939,12.126251220703125,281100
2002-05-21,12.100364195952352,12.147832966421642,12.083102226257324,12.083102226257324,80500
2002-05-22,12.104679363422651,12.190987569257585,12.061526083601235,12.130572319030762,113800
2002-05-23,12.147827709266714,12.449905463432868,12.147827709266714,12.385174751281738,320400
2002-05-24,12.42832801065205,12.475797583674188,12.303182076905955,12.385174751281738,101000
2002-05-28,12.419698263554944,12.514636589644695,12.385175161059061,12.462851524353027,427900
2002-05-29,12.471484385334154,12.609576816129655,12.449907751683286,12.592315673828125,133800
2002-05-30,12.592312951093847,12.618205070495605,12.471481688726245,12.618205070495605,133500
2002-05-31,12.644100270807664,12.730408453971227,12.57936954498291,12.57936954498291,224200
2002-06-03,12.622522429534776,12.661361025934852,12.531899586665105,12.557791709899902,157800
2002-06-04,12.557791121037338,12.600945206468916,12.557791121037338,12.575052261352539,193600
2002-06-05,12.600947943068473,12.600947943068473,12.514639753461415,12.549162864685059,366200
2002-06-06,12.527586617228545,12.600948333740234,12.51895563338107,12.600948333740234,171600
2002-06-07,12.562106176797384,12.62252140045166,12.536213232577817,12.62252140045166,78700
2002-06-10,12.652727738788,12.773558997030635,12.600943501752305,12.665674209594727,135000
2002-06-11,12.665674397855271,12.777874677227816,12.665674397855271,12.751981735229492,558800
2002-06-12,12.773561840964998,12.838292563219214,12.73040775176359,12.790822982788086,494100
2002-06-13,12.83829522678952,12.928918092127853,12.808087605010073,12.859871864318848,204300
2002-06-14,12.838293058266416,12.838293058266416,12.782193316308422,12.808085441589355,185400
2002-06-17,12.751986041566456,12.808086611745662,12.739040389291176,12.769248008728027,199200
2002-06-18,12.78219016756087,12.795135815464413,12.704512987757138,12.751981735229492,146600
2002-06-19,12.773559186894762,12.773559186894762,12.708828478090192,12.751981735229492,177000
2002-06-20,12.730407239351397,12.997961923154136,12.730407239351397,12.903022766113281,216100
2002-06-21,12.924597243936093,13.1748899058545,12.898704303564985,13.161943435668945,329000
2002-06-24,13.166258925730798,13.399289627401798,13.14468147542154,13.161943435668945,609800
2002-06-25,13.11879534537041,13.291410911145821,13.11879534537041,13.248257637023926,226300
2002-06-26,13.25256625768112,13.317297785513325,13.032482026195675,13.161943435668945,216700
2002-06-27,13.140373071725442,13.420873474679865,13.140373071725442,13.330249786376953,292400
2002-06-28,13.356146097250235,13.37772274017334,13.291414522288592,13.37772274017334,578400
2002-07-01,13.377719247808018,13.377719247808018,13.20078818812017,13.304357528686523,222800
2002-07-02,13.142533955091297,13.286861253347448,13.011327623654617,13.085678100585938,317500
2002-07-03,13.055063710537333,13.055063710537333,12.687684971215655,12.862627029418945,213200
2002-07-05,12.950094321124684,13.120662668879554,12.783898793506221,12.875743865966797,159700
2002-07-08,12.87574810206229,12.96759237055018,12.76203555475142,12.858253479003906,344600
2002-07-09,12.661441593146428,12.727044748896482,12.359666075668919,12.42089557647705,582100
2002-07-10,12.530234447456936,12.59583760320699,12.42089557647705,12.42089557647705,889400
2002-07-11,12.420898177283258,12.573972795545197,12.132243564190254,12.224088668823242,674000
2002-07-12,12.224087076093062,12.429643869485615,12.210966110229492,12.210966110229492,286500
2002-07-15,12.22408698018879,12.245954422267062,12.036023975233665,12.145362854003906,337200
2002-07-16,12.15848192048178,12.64832042150555,12.123493515707894,12.289689064025879,906600
2002-07-17,12.333425946093978,12.525861773472752,12.232833542930699,12.280942916870117,208100
2002-07-18,12.267825426940858,12.289693709559154,12.049147605895996,12.049147605895996,311300
2002-07-19,12.071019137673947,12.114754880493217,11.87420871208218,11.970427513122559,307700
2002-07-22,11.983541854344127,12.202219628453287,11.677393471105004,11.725502014160156,702700
2002-07-23,11.699262869869212,11.874204951552692,11.54618823557505,11.585550308227539,684500
2002-07-24,11.480584874153719,12.049146839007383,11.165689132199484,11.524320602416992,593600
2002-07-25,11.568057708141641,12.13661974069658,11.327511591145528,11.992292404174805,529700
2002-07-26,11.939810459957782,12.307189320343234,11.939810459957782,12.08851146697998,344500
2002-07-29,12.088508587258328,12.604588331725585,12.066641140807185,12.508370399475098,534500
2002-07-30,12.508371802920207,13.00258332219747,12.372791784493831,12.941353797912598,301700
2002-07-31,12.941348493511354,13.072554801539999,12.705176138032561,12.923853874206543,558600
2002-08-01,12.770777169252495,12.901983446901248,12.722667811493007,12.788270950317383,421900
2002-08-02,12.792648216553676,12.818889312655624,12.683309342907917,12.727045059204102,252900
2002-08-05,12.70518169944401,12.709555356184685,12.560854363760669,12.617711067199707,153000
2002-08-06,12.639574880461405,12.836385206223175,12.595839159826623,12.748913764953613,289900
2002-08-07,12.792649914659215,12.858253080717,12.683311026499734,12.770782470703125,228600
2002-08-08,12.81451914144416,12.945726326003536,12.783904381970528,12.845134735107422,116100
2002-08-09,12.814514261513974,12.853876318473251,12.639572249577917,12.705175399780273,155000
2002-08-12,12.595841334701497,12.88886962910425,12.595841334701497,12.845134735107422,154000
2002-08-13,12.845132771658806,12.901988625677733,12.53023624420166,12.53023624420166,261900
2002-08-14,12.595840454101562,12.652697147025886,12.552105563162328,12.595840454101562,403600
2002-08-15,12.595840015192717,12.700806085520087,12.595840015192717,12.683311462402344,227200
2002-08-16,12.744542181185768,12.919485092163086,12.744542181185768,12.919485092163086,114500
2002-08-19,12.923853123247675,12.923853123247675,12.705175399780273,12.705175399780273,97600
2002-08-20,12.72704736063326,12.836386254050746,12.626455778894666,12.814517974853516,123000
2002-08-21,12.788278328314382,12.90199089050293,12.7664108808199,12.90199089050293,181900
2002-08-22,12.85825358438931,12.945725032019055,12.836386139576646,12.853879928588867,243600
2002-08-23,12.86700444548639,13.033199240802002,12.86700444548639,12.967596054077148,97200
2002-08-26,12.989460201852824,13.103171911056492,12.814517314054386,12.980712890625,150100
2002-08-27,12.980717238641624,13.055067740603526,12.919487707916455,12.95884895324707,139600
2002-08-28,12.950099497525713,13.020076326328999,12.941352185377903,12.998208045959473,167200
2002-08-29,12.976339129883081,13.011327540321407,12.867000242989624,12.985086441040039,232000
2002-08-30,13.011327743530273,13.068183598559456,12.976339332545505,13.011327743530273,315400
2002-09-03,12.971964969901586,13.00695337897942,12.792649269104004,12.792649269104004,245900
2002-09-04,12.792650345542965,12.875748136916146,12.652696697455216,12.718299865722656,375900
2002-09-05,12.68331729182283,12.783908918414463,12.635207890326864,12.678943634033203,415100
2002-09-06,12.692055270253391,12.748911111311617,12.595836538046573,12.705175399780273,144000
2002-09-09,12.683311523319366,12.85825358438931,12.604587387290504,12.853879928588867,195400
2002-09-10,12.923856246774784,12.923856246774784,12.770782470703125,12.770782470703125,74700
2002-09-11,12.880121978255652,12.884494799905543,12.79265052984584,12.814517974853516,84600
2002-09-12,12.814515552290612,12.814515552290612,12.639573522733045,12.73141860961914,200600
2002-09-13,12.683310601096185,12.792649485588393,12.573971716603976,12.748913764953613,335800
2002-09-16,12.705178898393351,12.766409245073898,12.643949385902346,12.718299865722656,112700
2002-09-17,12.770780775500286,12.779527251407998,12.630826316514616,12.727045059204102,230200
2002-09-18,12.73142079858879,12.880121757826887,12.713926175530407,12.858253479003906,328100
2002-09-19,12.858253080717,12.858253080717,12.700805649016218,12.770782470703125,117200
2002-09-20,12.770782866280612,12.901989202460324,12.76203555475142,12.858253479003906,192200
2002-09-23,12.858252431851257,12.901988151745918,12.709551484723097,12.792649269104004,183700
2002-09-24,12.792650354319605,12.792650354319605,12.591467193602824,12.683311462402344,334900
2002-09-25,12.64832244199809,12.661443408705304,12.425271013112445,12.53023624420166,183500
2002-09-26,12.573972361716898,12.692058563232422,12.530236638838236,12.692058563232422,201700
2002-09-27,12.692056018846115,12.700803328506174,12.573969841003418,12.573969841003418,319900
2002-09-30,12.578348342764766,12.639577865600586,12.285320029752409,12.639577865600586,303600
2002-10-01,12.639579559576228,12.661447845083902,12.416528052536732,12.648326873779297,573200
2002-10-02,12.666065916389933,12.666065916389933,12.399879561712691,12.510790824890137,247900
2002-10-03,12.422061872107033,12.599519729614258,12.39987995723831,12.599519729614258,397900
2002-10-04,12.59951927995006,12.59951927995006,12.280095147836985,12.395442962646484,330700
2002-10-07,12.288970184112463,12.333334019241848,11.863070428145875,11.867506980895996,664900
2002-10-08,11.756593744320432,11.889686919932767,11.534771220842687,11.57913589477539,649800
2002-10-09,11.490399967170045,11.583565813697804,10.958026723387453,11.08668327331543,1969500
2002-10-10,11.1133066150225,11.583570911729533,11.086688152664673,11.494841575622559,1183900
2002-10-11,11.53477284545481,11.978417954895379,11.53477284545481,11.654557228088379,206200
2002-10-14,11.65899378072509,11.756595400175096,11.641247570178239,11.654557228088379,379300
2002-10-15,11.681172948502118,12.067144475196939,11.681172948502118,11.76546573638916,245600
2002-10-16,11.765468216411973,11.823141706900616,11.667865753173828,11.667865753173828,417700
2002-10-17,11.712230863580773,11.951799631784919,11.712230863580773,11.934053421020508,129100
2002-10-18,12.044961636107562,12.098199408673882,11.86306725296664,12.067144393920898,139400
2002-10-21,12.022780969071698,12.071581348941452,11.934051621004512,12.044962882995605,126000
2002-10-22,12.022789449186423,12.022789449186423,11.703364247790857,11.712237358093262,194200
2002-10-23,11.712237358093262,11.800966768744557,11.623508793628337,11.712237358093262,301900
2002-10-24,11.734412308315544,12.022781431342912,11.734412308315544,12.01834487915039,279300
2002-10-25,11.95623484082672,12.19580273592217,11.942925184249159,12.01834487915039,499700
2002-10-28,12.067146107082309,12.200239288114691,11.978416755603515,12.01834487915039,253800
2002-10-29,12.022777475625942,12.022777475625942,11.761026905688686,11.907429695129395,221700
2002-10-30,11.911870299359622,12.000598805652768,11.809832136338887,11.889687538146973,345900
2002-10-31,11.911870299359622,11.996163099596055,11.845323708093309,11.889687538146973,349900
2002-11-01,11.889691585230485,12.018349105499608,11.823144971312642,11.996167182922363,223500
2002-11-04,12.005038112449412,12.306716964675074,12.005038112449412,12.249043464660645,123800
2002-11-05,12.333332509112722,12.439808069706627,12.26678591838089,12.426498413085938,180600
2002-11-06,12.510792040744853,12.510792040744853,12.200240135192871,12.200240135192871,224000
2002-11-07,12.155873673391595,12.257911827380177,12.155873673391595,12.191365242004395,109900
2002-11-08,12.244604619039146,12.244604619039146,11.973980844115498,11.97841739654541,264300
2002-11-11,11.956235480581704,11.97841739654541,11.867506124355174,11.97841739654541,86100
2002-11-12,11.978418200724493,11.978418200724493,11.854197262904867,11.871943473815918,818500
2002-11-13,11.871945260685655,11.978420003619952,11.818707466125488,11.818707466125488,119600
2002-11-14,11.82314144624191,11.97841739654541,11.82314144624191,11.97841739654541,273100
2002-11-15,11.934056694472165,11.978421387366305,11.911874771118164,11.911874771118164,369000
2002-11-18,11.920743403844682,11.973980338383406,11.845323708093309,11.889687538146973,307000
2002-11-19,11.88969001925457,11.88969001925457,11.75659680894842,11.8009614944458,243900
2002-11-20,11.809832811241597,11.818705070047866,11.69004843240536,11.792086601257324,1208000
2002-11-21,11.800962098729457,11.827580572916522,11.765470517751359,11.818707466125488,851400
2002-11-22,11.823144019521004,11.880818367476689,11.778779331751872,11.818707466125488,574400
2002-11-25,11.84532298272609,11.880814552307129,11.734411722012121,11.880814552307129,514600
2002-11-26,11.889691363609433,12.19580679734892,11.889691363609433,12.120387077331543,439000
2002-11-27,12.12038844085411,12.306719485024487,12.12038844085411,12.266791343688965,253800
2002-11-29,12.200244723525156,12.288974114534359,12.133698103361347,12.266791343688965,114600
2002-12-02,12.271224951987191,12.444246292114258,12.18693213538268,12.444246292114258,210400
2002-12-03,12.422062563495711,12.461990689430387,12.37326133264536,12.382134437561035,235100
2002-12-04,12.382138665009577,12.444248728252893,12.328901709711351,12.359956741333008,257800
2002-12-05,12.373259741915328,12.435370622154096,12.302276604087378,12.4220609664917,137600
2002-12-06,12.417628941019919,12.44868396936646,12.33333611680355,12.377700805664062,163500
2002-12-09,12.3776994707886,12.595085491956416,12.355517551843587,12.577340126037598,248300
2002-12-10,12.577334195965525,12.577334195965525,12.35107517542391,12.528532981872559,423600
2002-12-11,12.488611223694946,12.621705280887172,12.475302410305922,12.550722122192383,305400
2002-12-12,12.550721654066388,12.60395859800881,12.510793523016588,12.577340126037598,319600
2002-12-13,12.53297222512109,12.5640272421476,12.386569397577725,12.4220609664917,212100
2002-12-16,12.466428349564909,12.510793031899347,12.333334302561592,12.48861026763916,173500
2002-12-17,12.488609999164012,12.528538127788053,12.359953353964476,12.391008377075195,153300
2002-12-18,12.382000872585918,12.382000872585918,12.233416896466586,12.359488487243652,189500
2002-12-19,12.33247555493055,12.40901888577939,12.192896842956543,12.192896842956543,331300
2002-12-20,12.24692440032959,12.287447379515083,12.084832483587613,12.24692440032959,427700
2002-12-23,12.359493567727847,12.359493567727847,12.165883882546476,12.237924575805664,246100
2002-12-24,12.246929053433659,12.246929053433659,12.16588306427002,12.16588306427002,138500
2002-12-26,12.179389910326993,12.359492486512291,12.147872217132385,12.156877517700195,279800
2002-12-27,12.156877517700195,12.246928805792844,12.11185187365387,12.156877517700195,179800
2002-12-30,12.134362158074122,12.278443496758536,12.107346262976405,12.228915214538574,357400
2002-12-31,12.246929038238148,12.37299981340939,12.246929038238148,12.3189697265625,360300
2003-01-02,12.359495000832526,12.363996793239512,12.188397690408323,12.219915390014648,832000
2003-01-03,12.22441400613527,12.49456697740526,12.219911356421632,12.45854663848877,442500
2003-01-06,12.382003769690204,12.629643501566948,12.382003769690204,12.593623161315918,221300
2003-01-07,12.593622802117821,12.593622802117821,12.32347068733677,12.445038795471191,377300
2003-01-08,12.45404219165239,12.476554578179417,12.382001524214903,12.386504173278809,150500
2003-01-09,12.400013191107403,12.449540617501642,12.242423895434204,12.314464569091797,289100
2003-01-10,12.350481884389296,12.359487181091502,12.228912955286592,12.233415603637695,129600
2003-01-13,12.242420196533203,12.314460848424575,12.224409604164205,12.242420196533203,197000
2003-01-14,12.260431893124284,12.260431893124284,12.156873546798778,12.206401824951172,108200
2003-01-15,12.291953131464865,12.296455781580422,11.967770052279064,12.021800994873047,313500
2003-01-16,12.057818349862268,12.057818349862268,11.7516450881958,11.7516450881958,496100
2003-01-17,11.756147542081846,11.769654630065466,11.661593632234144,11.706619262695312,1078100
2003-01-21,11.729131843195335,11.765152176403596,11.706619456987353,11.7516450881958,732900
2003-01-22,11.751645793841217,11.796671427753298,11.706620159929136,11.742640495300293,466100
2003-01-23,11.76514862202679,11.88671753192459,11.76514862202679,11.81917953491211,337700
2003-01-24,12.31446564210679,12.31446564210679,12.066825053387268,12.089338302612305,1481900
2003-01-27,12.107348043199687,12.107348043199687,11.909236602775247,12.089338302612305,6020300
2003-01-28,12.075830353077283,12.10284539335468,12.030804713419856,12.089338302612305,937500
2003-01-29,12.111847917459553,12.228914210224561,12.089335532186164,12.206401824951172,862100
2003-01-30,12.215410253805507,12.246928805792844,12.156877517700195,12.156877517700195,325800
2003-01-31,12.156874805428018,12.467550735361979,12.156874805428018,12.449540138244629,444000
2003-02-03,12.427030759049027,12.557604184589634,12.27844673203096,12.3189697265625,501700
2003-02-04,12.350481884389296,12.350481884389296,12.16587759595587,12.233415603637695,406900
2003-02-05,12.27844368929262,12.30996137527499,12.246926003310252,12.273941040039062,290700
2003-02-06,12.273939877116627,12.431529150889848,12.246924842947417,12.359488487243652,270700
2003-02-07,12.36399073846525,12.445036702788412,12.260432387960089,12.28294563293457,209000
2003-02-10,12.291956291004318,12.382007598876953,12.251433288340923,12.382007598876953,205000
2003-02-11,12.38200596232404,12.38200596232404,12.224416623772266,12.237924575805664,153700
2003-02-12,12.314465100649961,12.345982789386559,12.161378447821395,12.20190143585205,131900
2003-02-13,12.179394141530674,12.224419801219216,12.089343680946618,12.210912704467773,183000
2003-02-14,12.156877937483475,12.237923927806875,12.116354942321777,12.116354942321777,241400
2003-02-18,12.179385529158818,12.38200042508629,12.179385529158818,12.24692440032959,324600
2003-02-19,12.251426632981909,12.382000872585918,12.156873583993447,12.359488487243652,241100
2003-02-20,12.404516958780468,12.436035509972543,12.309963881582364,12.431532859802246,211600
2003-02-21,12.431530025356976,12.67016441842401,12.427027376213305,12.584616661071777,333300
2003-02-24,12.562104266825067,12.562104266825067,12.372997283935547,12.372997283935547,156200
2003-02-25,12.33697802533925,12.607131004333496,12.33697802533925,12.607131004333496,235000
2003-02-26,12.60713064386837,12.60713064386837,12.427028949285917,12.45854663848877,205300
2003-02-27,12.485559501034658,12.60262579680009,12.472052413041416,12.580113410949707,285400
2003-02-28,12.629643394752748,12.674669034383896,12.584618613914245,12.607131004333496,230000
2003-03-03,12.60713171162797,12.638649403500208,12.56660871956575,12.598126411437988,681700
2003-03-04,12.607129871002243,12.607129871002243,12.494566211439723,12.503571510314941,168000
2003-03-05,12.449541695020798,12.607131004333496,12.449541695020798,12.607131004333496,158500
2003-03-06,12.60713108144948,12.60713108144948,12.47205502052244,12.512578010559082,143200
2003-03-07,12.472053008857513,12.611631697141297,12.458545061426497,12.584616661071777,257600
2003-03-10,12.584618422552571,12.6071308126295,12.382003476689686,12.409018516540527,197500
2003-03-11,12.472054587629685,12.517079367180832,12.413521000145,12.45854663848877,473100
2003-03-12,12.427028881635138,12.458546570666412,12.28745017644266,12.341480255126953,281400
2003-03-13,12.427039498348375,12.57562362985804,12.386516475319072,12.562115669250488,450400
2003-03-14,12.602638692279793,12.629653754701545,12.517089992685333,12.562115669250488,476100
2003-03-17,12.494569442973562,12.715194169722285,12.472057048755591,12.674671173095703,304600
2003-03-18,12.616131538831574,12.688172191514179,12.562100619923461,12.665658950805664,346300
2003-03-19,12.665663187597703,12.778226852416992,12.562104822074183,12.778226852416992,249500
2003-03-20,12.719695091247559,12.760218082365567,12.57561372673583,12.719695091247559,396000
2003-03-21,12.764713084276476,12.967327059676071,12.755707789691918,12.944814682006836,360900
2003-03-24,12.877283812882238,12.877283812882238,12.566607848211373,12.656659126281738,356900
2003-03-25,12.656658747094543,12.778226852416992,12.620638408704075,12.778226852416992,457300
2003-03-26,12.764720685713456,12.854771108807906,12.733202994690766,12.850269317626953,220300
2003-03-27,12.83225876462143,12.83225876462143,12.719695091247559,12.719695091247559,363300
2003-03-28,12.71969397277845,12.814247037877772,12.71969397277845,12.769222259521484,183200
2003-03-31,12.769223382345718,12.886289705709666,12.611634067863763,12.719695091247559,347900
2003-04-01,12.719689689838166,12.944816940985744,12.706181745604079,12.940314292907715,315900
2003-04-02,13.134480551836461,13.148186410455146,12.997425451149939,13.084226608276367,285700
2003-04-03,13.134480541769868,13.157322768075089,12.942602878130748,13.043109893798828,199600
2003-04-04,13.06595646526309,13.129915413022234,12.86037288835826,12.874078750610352,190700
2003-04-07,12.951741304851392,13.11620726635535,12.915193216586607,12.942604064941406,295300
2003-04-08,12.974585705763467,12.974585705763467,12.791845233840801,12.800982475280762,567200
2003-04-09,12.78270382697577,12.787272446207,12.472044690252266,12.499456405639648,1012400
2003-04-10,12.280167601430353,12.44920303522188,12.280167601430353,12.362401008605957,742300
2003-04-11,12.403521017231089,12.536008402177668,12.316718967485928,12.32585620880127,408800
2003-04-14,12.403517337266186,12.586257752479815,12.344127029087394,12.56341552734375,420100
2003-04-15,12.549710028975136,12.622806197154727,12.44920301557196,12.61823844909668,441300
2003-04-16,12.645649900991069,12.645649900991069,12.499457557618356,12.604533195495605,311000
2003-04-17,12.654785661606375,12.723313205633124,12.563415021987376,12.609100341796875,402800
2003-04-21,12.668494659925106,12.800982042196273,12.590829853063626,12.79641342163086,243000
2003-04-22,12.814682903970269,13.011129168116959,12.686765054851488,12.90605354309082,292600
2003-04-23,12.965439986844663,13.070516451949128,12.787268252139922,12.997420310974121,247700
2003-04-24,12.846661658302404,12.906051956467037,12.663920402526855,12.663920402526855,557900
2003-04-25,12.723313205633124,12.723313205633124,12.567983641105826,12.609100341796875,301200
2003-04-28,12.609100665905391,12.755292995953567,12.472044702953962,12.540573120117188,212700
2003-04-29,12.609100341796875,12.714175967396224,12.522298321296327,12.609100341796875,388800
2003-04-30,12.609099946217574,12.609099946217574,12.426359544087603,12.472043991088867,663500
2003-05-01,12.494893324339614,12.686771060219387,12.353269550901693,12.590831756591797,338500
2003-05-02,12.631938389312339,12.746151215384558,12.58625308460851,12.595390319824219,428600
2003-05-05,12.618234445758521,12.654782518252851,12.517726592868023,12.586254119873047,466900
2003-05-06,12.609102676658178,12.618239916587045,12.508594780190965,12.572554588317871,472900
2003-05-07,12.581694437175518,12.581694437175518,12.426364811676411,12.508597373962402,541700
2003-05-08,12.4948894747753,12.723315238952637,12.44006690796768,12.723315238952637,195000
2003-05-09,12.814686164491537,12.86037149567582,12.741589983146772,12.787275314331055,349500
2003-05-12,12.79184341430664,12.883214072958904,12.700472755654378,12.79184341430664,255100
2003-05-13,12.81012259956003,12.81012259956003,12.700477420356153,12.718751907348633,154300
2003-05-14,12.769000017477458,12.782705005059212,12.563416490000144,12.604533195495605,293000
2003-05-15,12.654787583435313,12.691335670558315,12.540574702254037,12.650218963623047,380300
2003-05-16,12.700471936732765,12.700471936732765,12.563416828966814,12.577122688293457,218000
2003-05-19,12.517730205696584,12.618238087595355,12.485750741956078,12.56341552734375,337600
2003-05-20,12.563415133121048,12.77813500533757,12.490318969329254,12.682196617126465,259100
2003-05-21,12.700477159067743,12.75073112588768,12.577127859908188,12.737025260925293,189800
2003-05-22,12.737015357440761,12.874071286372304,12.654782845731601,12.855796813964844,252900
2003-05-23,12.83752350439229,13.047674713600486,12.805544048327983,12.919756889343262,189900
2003-05-27,12.942604314697869,12.951741554784178,12.7552952498044,12.883213996887207,155100
2003-05-28,12.837523431951972,12.906050961899483,12.595391896670959,12.622802734375,273200
2003-05-29,12.631941659803097,12.636510278593795,12.051740144008404,12.312146186828613,604000
2003-05-30,12.357830121348098,12.526865524119497,12.334987899713404,12.522296905517578,314600
2003-06-02,12.654788636610508,12.828391847048847,12.604534685868398,12.764432907104492,661200
2003-06-03,12.746157328942738,12.906055536412252,12.65478754708525,12.896918296813965,495700
2003-06-04,12.896918419224082,13.097933335418679,12.896918419224082,13.093364715576172,331900
2003-06-05,13.093367314763062,13.107073177011356,12.997428893150937,13.038545608520508,307900
2003-06-06,13.038543990855711,13.312654230810818,13.001995029394815,13.298949241638184,569500
2003-06-09,13.294385720223055,13.294385720223055,13.033980369567871,13.033980369567871,260700
2003-06-10,13.011127077865957,13.111634939026873,12.974579002364223,13.088791847229004,423900
2003-06-11,13.134481714271157,13.30808491526341,13.075091397750825,13.271536827087402,169500
2003-06-12,13.271535223536038,13.289809701103582,13.09336342412774,13.120774269104004,290700
2003-06-13,12.974581086743738,12.974581086743738,12.631942497104157,12.90605354309082,661700
2003-06-16,12.906059072726656,13.198443848985479,12.906059072726656,13.161895751953125,302000
2003-06-17,13.203013703404022,13.294384390208036,13.038547687082424,13.061389923095703,378600
2003-06-18,13.043113802259235,13.043113802259235,12.832962468877636,12.837531089782715,386000
2003-06-19,12.883212780370792,12.947171712185192,12.828390216404813,12.860369682312012,297300
2003-06-20,12.883208522576036,12.924325214118017,12.851228195862978,12.855796813964844,233100
2003-06-23,12.85579758212114,12.85579758212114,12.659351348876953,12.659351348876953,228100
2003-06-24,12.659352637012507,12.686764350050838,12.499455334496968,12.631941795349121,349200
2003-06-25,12.700476119450302,12.796415423582784,12.659359399304297,12.746161460876465,194200
2003-06-26,12.791842251755963,13.038542484871304,12.764431405201513,13.01569938659668,262700
2003-06-27,13.043106535008121,13.143614396169035,12.997422094162092,13.088791847229004,260200
2003-06-30,13.111640388733731,13.180167949860344,12.869508743286133,12.869508743286133,465000
2003-07-01,12.959921568826706,13.154668184178796,12.857910889487506,13.145394325256348,361500
2003-07-02,13.16857692693589,13.214945333055438,12.983104186861482,13.201034545898438,366900
2003-07-03,13.145399766409803,13.228862762451172,13.075847564510074,13.228862762451172,205000
2003-07-07,12.98310982050301,13.307687919777253,12.98310982050301,13.252045631408691,542700
2003-07-08,13.168584393293383,13.168584393293383,13.024843048787357,13.02947998046875,264100
2003-07-09,13.006295852860125,13.006295852860125,12.728087015856913,12.839370727539062,894700
2003-07-10,12.797635191759754,12.797635191759754,12.440599509884784,12.514788627624512,735200
2003-07-11,12.519429206848145,12.565797640050665,12.496245432449037,12.519429206848145,859800
2003-07-14,12.542609625500672,12.704898656087282,12.542609625500672,12.658530235290527,460100
2003-07-15,12.681712455373903,12.895005911960832,12.672438596112585,12.77444839477539,336000
2003-07-16,12.84400338690107,12.983107759130139,12.79763496802337,12.825455665588379,408200
2003-07-17,12.797635497680792,12.820819265877137,12.602888837857673,12.658530235290527,440600
2003-07-18,12.72808316740078,12.834729914966648,12.667803955712902,12.765177726745605,223800
2003-07-21,12.797641315822286,12.844009757699345,12.718815229952629,12.732725143432617,275700
2003-07-22,12.751268720023287,12.797637146795118,12.723448017721863,12.741994857788086,232300
2003-07-23,12.774453059004042,12.774453059004042,12.56579645586274,12.677080154418945,347400
2003-07-24,12.82081732429638,12.881096527524717,12.769812865107708,12.811543464660645,224600
2003-07-25,12.81618499910503,12.927468701504287,12.774453500154777,12.86719036102295,512000
2003-07-28,12.936746654890525,13.029483545080806,12.63071615542894,12.635353088378906,212800
2003-07-29,12.70026751003886,12.959930431005295,12.66317293338715,12.90892505645752,391800
2003-07-30,12.895008626108371,13.159307479858398,12.876461788085885,13.159307479858398,306400
2003-07-31,13.122215960883743,13.145400619290706,12.978474616377717,13.02947998046875,196300
2003-08-01,13.052660710701145,13.075845363701644,12.885735631117964,12.983108520507812,184700
2003-08-04,12.959927221891121,13.066573992806545,12.825458862072697,12.86719036102295,251000
2003-08-05,12.950652404403304,12.978473106851546,12.779089489763404,12.918194770812988,163000
2003-08-06,12.918196393279631,12.950654030946477,12.774454163034605,12.899648666381836,156900
2003-08-07,12.918201039531832,12.95993255565703,12.81619027371263,12.927474021911621,192500
2003-08-08,12.890369502756517,12.890369502756517,12.751265145836241,12.811543464660645,219600
2003-08-11,12.765175031860199,12.983105411452762,12.709532762387699,12.913553237915039,207000
2003-08-12,12.918195324706964,13.04338893329408,12.918195324706964,12.978473663330078,148700
2003-08-13,12.955289837368177,12.983110540894055,12.755906212556916,12.904284477233887,224600
2003-08-14,12.918194770812988,12.959926266687447,12.816184054495789,12.918194770812988,270300
2003-08-15,12.959921836853027,13.006289363616473,12.895005707457212,12.959921836853027,174700
2003-08-18,12.983106853466229,13.075843684752575,12.983106853466229,13.052659034729004,223800
2003-08-19,13.075845718383789,13.108303349060819,13.034114226255008,13.075845718383789,388000
2003-08-20,13.075850576341951,13.13612892936483,12.964565966384516,13.122218132019043,268700
2003-08-21,13.15466886651044,13.201036394720031,13.089752735089972,13.177852630615234,346600
2003-08-22,13.214946771667513,13.214946771667513,12.946011048181663,12.959921836853027,241200
2003-08-25,12.867186088905155,12.932101339317391,12.788360048660028,12.853275299072266,198800
2003-08-26,12.853280185214928,12.913559413001824,12.663170407248792,12.87646484375,364800
2003-08-27,12.922827017540778,13.154668184178796,12.871821677871178,13.145394325256348,260700
2003-08-28,13.191770060111722,13.191770060111722,13.043390888177546,13.103670120239258,481700
2003-08-29,13.126843064948366,13.252037473404352,13.094385451882804,13.214942932128906,113800
2003-09-02,13.432883714422948,13.465342237174024,13.238136999938057,13.446794509887695,298800
2003-09-03,13.516343357622347,13.678632393408007,13.446791166401091,13.636900901794434,288700
2003-09-04,13.678635645410003,13.706456351631868,13.609083437653187,13.70181941986084,193000
2003-09-05,13.655449746190024,13.78064334691062,13.562712894007792,13.632265090942383,449700
2003-09-08,13.910476080011986,13.910476080011986,13.697182537965842,13.725003242492676,385700
2003-09-09,13.72500061284622,13.873378854433083,13.636900700252488,13.79455280303955,585500
2003-09-10,13.817737791800914,13.817737791800914,13.418971453424474,13.48388671875,237300
2003-09-11,13.465341665808202,13.673998282499738,13.456067802558549,13.613719940185547,220000
2003-09-12,13.576621952846338,13.673994839235288,13.53489046313563,13.627626419067383,249700
2003-09-15,13.581259283342824,13.646174542847552,13.567348491561491,13.618353843688965,122400
2003-09-16,13.66935831141236,13.701815941164723,13.511706208840238,13.618353843688965,218500
2003-09-17,13.57198848883274,13.632266831363967,13.539530851746367,13.585898399353027,253800
2003-09-18,13.701819796122592,13.831651236063738,13.678636021035112,13.817740440368652,779700
2003-09-19,13.882660090707748,14.021764544992767,13.794560131311476,14.003217697143555,376100
2003-09-22,14.0495769944181,14.058850855089707,13.887288854685124,14.044940948486328,269500
2003-09-23,14.026395465127662,14.225779079359764,14.026395465127662,14.211868286132812,588000
2003-09-24,14.258243836647223,14.258243836647223,14.021765540057205,14.026402473449707,145900
2003-09-25,14.095952801342166,14.188689687855431,13.938300624912312,13.975395202636719,274000
2003-09-26,14.003211082358765,14.095947046607657,13.938294934539995,14.077400207519531,914700
2003-09-29,14.063492813905327,14.235055760057223,14.049582017924033,14.188687324523926,444000
2003-09-30,14.188686466807885,14.374159313324764,14.119134259914592,14.286059379577637,865300
2003-10-01,14.311909489113733,14.335409802329036,14.25080724038677,14.288408279418945,338900
2003-10-02,14.288404282403027,14.396507127320074,14.288404282403027,14.373006820678711,208200
2003-10-03,14.452909889435167,14.556312499244926,14.401208136290647,14.457610130310059,511900
2003-10-06,14.452910120927749,14.640915276538268,14.452910120927749,14.546913146972656,214900
2003-10-07,14.546921547907859,14.546921547907859,14.326014578071005,14.391817092895508,294500
2003-10-08,14.405910896108294,14.424711862895297,14.330708821919155,14.377710342407227,380100
2003-10-09,14.40120853275197,14.48581107787053,14.232004338994154,14.321306228637695,342400
2003-10-10,14.570414587998416,14.570414587998416,14.429410934448242,14.429410934448242,419500
2003-10-13,14.476413076145928,14.542215565000769,14.467013489006202,14.490513801574707,219600
2003-10-14,14.452911584784902,14.753719864228971,14.424711032706867,14.749019622802734,598300
2003-10-15,14.866523226471845,14.866523226471845,14.640917012981852,14.66441822052002,373000
2003-10-16,14.749020229969123,14.852423752644329,14.711419193490707,14.7772216796875,394300
2003-10-17,14.805423736572266,14.84302477686946,14.570417010594928,14.805423736572266,367000
2003-10-20,14.805422232926455,14.890024789122743,14.725519918349898,14.7772216796875,202100
2003-10-21,14.77722435688763,14.83362547358377,14.683221300421282,14.75372314453125,135700
2003-10-22,14.706717984495493,14.706717984495493,14.514011688426889,14.528112411499023,119400
2003-10-23,14.481114365156046,14.481114365156046,14.194406765873325,14.24140739440918,217200
2003-10-24,14.27430979058066,14.293109863622517,14.119205377947159,14.19440746307373,197300
2003-10-27,14.288411352236935,14.509318288478022,14.288411352236935,14.47641658782959,229900
2003-10-28,14.518715405872445,14.518715405872445,14.058102432976675,14.24140739440918,252800
2003-10-29,14.358912224596862,14.542218101222431,14.26961030407836,14.344812393188477,407300
2003-10-30,14.40590505077741,14.45290655219418,14.260201203216583,14.387104988098145,212700
2003-10-31,14.405914851342798,14.532818722559014,14.09570598602295,14.09570598602295,265000
2003-11-03,14.147406793176108,14.302511215209961,14.086304535007837,14.302511215209961,463600
2003-11-04,14.311909168566446,14.457613079492825,14.128603322970587,14.382411003112793,493200
2003-11-05,14.358909896123336,14.401211176448056,14.250807022617705,14.340109825134277,144900
2003-11-06,14.382407437657406,14.523411071794744,14.279003935909397,14.396507263183594,171100
2003-11-07,14.452911835073524,14.71141884263755,14.429411524014759,14.66441822052002,303000
2003-11-10,14.6174149144509,14.687916735485372,14.593913709786548,14.65501594543457,178000
2003-11-11,14.593914451516229,14.68321724082096,14.575114383308534,14.598614692687988,262600
2003-11-12,14.61271942509945,14.86182689666748,14.584518866811615,14.86182689666748,216900
2003-11-13,14.814822627586732,14.899425183277174,14.664418482572357,14.711419105529785,145300
2003-11-14,14.763119259581913,15.068628654426789,14.763119259581913,15.040427207946777,513200
2003-11-17,15.040424409030432,15.040424409030432,14.9041201325136,14.965222358703613,287800
2003-11-18,14.965226807938945,14.993427361075877,14.875924010446004,14.918225288391113,509600
2003-11-19,14.932325219712473,14.969926254056778,14.725519082579101,14.767820358276367,298700
2003-11-20,14.749016472654313,14.749016472654313,14.452908497880294,14.593912124633789,172800
2003-11-21,14.54691206857691,14.655014912979135,14.335405723894965,14.448208808898926,196400
2003-11-24,14.565720554677068,14.579821284633645,14.410616111073722,14.532819747924805,171000
2003-11-25,14.532814407445068,14.711419105529785,14.528114165853442,14.711419105529785,232600
2003-11-26,14.71141884263755,14.720819325652815,14.62211694343072,14.66441822052002,159800
2003-11-28,14.781923655407038,14.904126365938183,14.777223413235912,14.786623001098633,59900
2003-12-01,14.89941842049762,15.035721778869629,14.781915123479433,15.035721778869629,303900
2003-12-02,15.03572884351963,15.040429085186283,14.955826528145401,14.974627494812012,176300
2003-12-03,14.974626121667779,15.07332849817837,14.96052539796083,14.969925880432129,175900
2003-12-04,15.031028281149784,15.031028281149784,14.894724861642768,14.92762565612793,85500
2003-12-05,14.932323192945118,15.00752525142654,14.861821375178693,14.984024047851562,62300
2003-12-08,15.063925474521923,15.190829277038574,14.93702256848447,15.190829277038574,164900
2003-12-09,15.2049317972267,15.214332279778601,15.096828937317934,15.101530075073242,138900
2003-12-10,15.10152944550748,15.110929927667485,15.026326484706772,15.040427207946777,318000
2003-12-11,15.120333328421577,15.204935901265447,15.08743252708887,15.181435585021973,328300
2003-12-12,15.22843319013479,15.3412353895813,15.204931088371355,15.322434425354004,181200
2003-12-15,15.439940356000614,15.46344246171203,15.204933642557933,15.209634780883789,122500
2003-12-16,15.2754319769682,15.430537223815918,15.176729616042426,15.430537223815918,190700
2003-12-17,15.43053781387247,15.515138560073641,15.34593527471281,15.416436195373535,344100
2003-12-18,15.437856318988048,15.647311623205276,15.375971095676544,15.63779067993164,246000
2003-12-19,15.590195044429013,15.737767010036578,15.56639358312072,15.613996505737305,269100
2003-12-22,15.637797522263789,15.709203720092773,15.509269271667687,15.709203720092773,173900
2003-12-23,15.685400232531263,15.709201690086857,15.62351499013887,15.690159797668457,130300
2003-12-24,15.709208739388789,15.799655045060566,15.699687788907188,15.766332626342773,49800
2003-12-26,15.766324896822509,15.823450571705969,15.766324896822509,15.780607223510742,34800
2003-12-29,15.866301698431776,15.880582216186367,15.761573059069786,15.766332626342773,166600
2003-12-30,15.804408944282681,15.951979067028399,15.79012661735569,15.923418045043945,155600
2003-12-31,15.89962845114776,15.994834350044215,15.65208911895752,15.65208911895752,253100
2004-01-02,15.718722535485766,15.84725258458343,15.613993943791046,15.704442024230957,206000
2004-01-05,15.733006595839836,15.932942878183368,15.67588272199963,15.75204849243164,219600
2004-01-06,15.828204849024464,15.856767676924402,15.737758617909181,15.790121078491211,254300
2004-01-07,15.83296689345693,15.861529725832769,15.709198251697124,15.747282028198242,139000
2004-01-08,15.747282028198242,15.818686385236218,15.742520648168396,15.747282028198242,124800
2004-01-09,15.775849385941104,15.947222817213015,15.652080694430913,15.828213691711426,156700
2004-01-12,15.852010726928713,15.932937853957055,15.823449706982526,15.852010726928711,187000
2004-01-13,15.8520142998157,15.866296628942523,15.599715548440697,15.709203720092773,215200
2004-01-14,15.661597834745375,16.118592329742828,15.661597834745375,16.085269927978516,302500
2004-01-15,16.085267642138206,16.209036285969358,15.928174785343664,16.113828659057617,176900
2004-01-16,16.161441388285013,16.180483286289288,16.02814991819044,16.03291130065918,265600
2004-01-20,16.05670629002875,16.20903778076172,16.0424257802521,16.20903778076172,291900
2004-01-21,16.28045044366104,16.28045044366104,16.12335750983207,16.20428466796875,160000
2004-01-22,16.161437560138022,16.746962165561612,16.161437560138022,16.361371994018555,258900
2004-01-23,16.366136323054462,16.666038027890377,16.366136323054462,16.604154586791992,225400
2004-01-26,16.613672458902045,16.704118728637695,16.513703426532754,16.704118728637695,143700
2004-01-27,16.66127883025754,16.842173223162213,16.623195035568017,16.78504753112793,286600
2004-01-28,16.723170190202527,16.91358378531777,16.723170190202527,16.756492614746094,176900
2004-01-29,16.780284384212994,16.81836817077627,16.494663248728006,16.599390029907227,202300
2004-01-30,16.632710771898246,16.661273608964397,16.523222620380075,16.63747215270996,154400
2004-02-02,16.661278001418463,16.889775310382834,16.63747653888919,16.804088592529297,327000
2004-02-03,16.75647982375887,17.070663741007213,16.708875099366967,17.04210090637207,272500
2004-02-04,17.042102739800626,17.042102739800626,16.489900588989258,16.489900588989258,257700
2004-02-05,16.48990196775336,16.704118728637695,16.480381021054626,16.704118728637695,159600
2004-02-06,16.604159306464872,16.92310299888285,16.5137111783365,16.899301528930664,236300
2004-02-09,16.923097721110857,16.965941080037627,16.780287130000023,16.804088592529297,193500
2004-02-10,16.85169345180461,17.065908432006836,16.70888104375619,17.065908432006836,306100
2004-02-11,17.042102308469175,17.256319046020508,16.946894667786946,17.256319046020508,182500
2004-02-12,17.1373066317183,17.232514253970272,17.1373066317183,17.213472366333008,725100
2004-02-13,17.22300135448602,17.25632376544793,16.932618788159193,17.065908432006836,172200
2004-02-17,17.065903300804024,17.137309483358546,16.851688385009766,16.851688385009766,261700
2004-02-18,16.970698453109016,16.970698453109016,16.73268025217304,16.766002655029297,195400
2004-02-19,16.708874766607497,16.751718109739702,16.5946270622113,16.675552368164062,260600
2004-02-20,16.646995351149236,16.680317757601735,16.49942339690606,16.66127586364746,196100
2004-02-23,16.585113367948093,16.694601555831536,16.585113367948093,16.651758193969727,508200
2004-02-24,16.70887425386958,16.756478975852605,16.494659360716597,16.61366844177246,238800
2004-02-25,16.61366895158884,16.737437600673807,16.561304663767864,16.675552368164062,220600
2004-02-26,16.68032681351281,16.85645988837679,16.63748343682309,16.756492614746094,666500
2004-02-27,16.82788746378795,16.870730816117415,16.732681628331285,16.861209869384766,242200
2004-03-01,16.90880942787418,17.251556141607537,16.894528920113405,17.213472366333008,303000
2004-03-02,17.16112232481787,17.475306467827686,17.16112232481787,17.403902053833008,429600
2004-03-03,17.35152660788608,17.518138616372134,17.32772515180731,17.375328063964844,497100
2004-03-04,17.375334659628237,17.437219921672384,17.327731729400668,17.40865707397461,181800
2004-03-05,17.489585951708985,17.57527087134455,17.375336365635622,17.42293930053711,395300
2004-03-08,17.41816794029879,17.45149033535573,17.327721698849153,17.399126052856445,164200
2004-03-09,17.42293170832593,17.42293170832593,17.26584063885652,17.370569229125977,600700
2004-03-10,17.456252020941577,17.4943358004551,17.04210090637207,17.04210090637207,392100
2004-03-11,17.046869396724283,17.09923189149301,16.899297413461568,16.927860260009766,287900
2004-03-12,16.970704904583226,17.08971405029297,16.908819640352235,17.08971405029297,290400
2004-03-15,17.132553400209403,17.132553400209403,16.746963204739803,16.77552604675293,227000
2004-03-16,16.775531005031358,16.89929972513336,16.72792625427246,16.72792625427246,234100
2004-03-17,16.78980827793295,17.170637130737305,16.7326844039961,17.170637130737305,178000
2004-03-18,17.14683097378171,17.175393810898335,17.080186169777637,17.137310028076172,193900
2004-03-19,17.199200017232606,17.27536578797752,17.065908556477595,17.22300148010254,201900
2004-03-22,17.11350255972273,17.256313063266393,17.04209639998386,17.218229293823242,311600
2004-03-23,17.232521057030414,17.375331638820004,17.184916319143838,17.337247848510742,190000
2004-03-24,17.327725116975174,17.422930941098855,17.15159034729004,17.15159034729004,165900
2004-03-25,17.16111379657647,17.541942596435547,17.16111379657647,17.541942596435547,207100
2004-03-26,17.541940152132483,17.541940152132483,17.256319046020508,17.256319046020508,208100
2004-03-29,17.208717602479172,17.40389246536607,17.208717602479172,17.35152816772461,231700
2004-03-30,17.351532244575846,17.546707153320312,17.265845522108982,17.546707153320312,160700
2004-03-31,17.546702865865477,17.71331488776502,17.499098133940716,17.694272994995117,278800
2004-04-01,17.720756789385742,17.865219116210938,17.600371210875053,17.865219116210938,296600
2004-04-02,17.961528558008542,17.961528558008542,17.648527145385742,17.648527145385742,227300
2004-04-05,17.720754286247065,17.720754286247065,16.62765316734303,17.0706729888916,545100
2004-04-06,17.008078699570532,17.008078699570532,16.324289321899414,16.324289321899414,636400
2004-04-07,16.30020654525678,17.075489962382587,16.069066455662316,16.72878074645996,858300
2004-04-08,16.728782243423435,16.829905697244072,16.16056211680512,16.227977752685547,353000
2004-04-12,16.097958282611383,16.1124039629357,15.130058206715498,15.45750617980957,602800
2004-04-13,15.553823769035706,15.837933942838031,14.923003294977608,15.529747009277344,684200
2004-04-14,15.505660531153184,15.674199580766793,15.260073877970438,15.4478759765625,605200
2004-04-15,15.447882676325964,15.866824093445045,15.447882676325964,15.80422306060791,394800
2004-04-16,16.329107030024385,16.329107030024385,15.698285657856774,15.703102111816406,658200
2004-04-19,15.799406586821844,15.847560091380581,15.409356586917648,15.698281288146973,746200
2004-04-20,15.770510018384329,15.770510018384329,14.91336441040039,14.91336441040039,808500
2004-04-21,15.024123191833496,15.139693257189847,14.836321031968843,15.024123191833496,540100
2004-04-22,15.216737747192383,15.390092360698569,15.048197748712978,15.216737747192383,393500
2004-04-23,15.288969037803097,15.293784571338383,14.918181221808043,14.951889038085938,254700
2004-04-26,14.932628753720474,15.187846536193213,14.932628753720474,15.004859924316406,330400
2004-04-27,15.07228296231807,15.168591849384548,15.000051756253018,15.154145240783691,306200
2004-04-28,15.13006262455768,15.134878158894876,14.990414884186787,15.019308090209961,318900
2004-04-29,15.019303686012492,15.168581532814908,14.581100292986468,14.783348083496094,224300
2004-04-30,14.735199680405618,14.908554344043056,14.369227295107564,14.590736389160156,537500
2004-05-03,14.56665369421114,14.807424829652648,14.402929248633397,14.783348083496094,409600
2004-05-04,14.90373500351051,15.173398442501652,14.80261063984566,15.000042915344238,368300
2004-05-05,14.951895618964219,14.97597329723812,14.841141054312814,14.879664421081543,179200
2004-05-06,14.71112661385515,14.99042129558186,14.47035530483317,14.927821159362793,324700
2004-05-07,14.73519523637844,14.807426400982095,14.21031403193927,14.239206314086914,288600
2004-05-10,14.22957557041274,14.253653238140231,13.55541648801788,14.109189987182617,457600
2004-05-11,14.2055032212856,14.44627446232434,14.2055032212856,14.292181015014648,381100
2004-05-12,14.292173484013244,14.316250228042556,14.061033434843761,14.248834609985352,338500
2004-05-13,14.27773317894417,14.378857569066055,14.085116386413574,14.085116386413574,301500
2004-05-14,14.181425774830055,14.528136014413974,14.152532566012717,14.268102645874023,232600
2004-05-17,14.171791941731984,14.662965374215977,13.940651827081577,14.446270942687988,363600
2004-05-18,14.378857982949699,14.773722648620605,14.378857982949699,14.773722648620605,277500
2004-05-19,14.735201369379316,14.975972630583327,14.499245643615723,14.499245643615723,548400
2004-05-20,14.566654585037757,14.860395682150266,14.518500171310764,14.836318016052246,226400
2004-05-21,14.83150300457209,15.0722741632078,14.788164122540136,14.841134071350098,344400
2004-05-24,14.889288403424368,15.149320775691413,14.807426173207709,15.000042915344238,257100
2004-05-25,14.975964318473453,15.346752075361964,14.966333252938151,15.33712100982666,217300
2004-05-26,15.264894266701376,15.592343241780531,15.192662172780977,15.582712173461914,226900
2004-05-27,15.818670014943137,15.818670014943137,15.457513148511204,15.61160659790039,260400
2004-05-28,15.553816520098648,15.914973258972168,15.553816520098648,15.914973258972168,280900
2004-06-01,15.866821736668514,15.871636352199925,15.601973795919488,15.693466186523438,430400
2004-06-02,15.813847536611782,15.99201765446648,15.712724105148675,15.982386589050293,273600
2004-06-03,15.982388309871975,16.059435004559173,15.84274243864637,15.900527000427246,171800
2004-06-04,15.905349987640816,16.102782361512304,15.857196466965455,15.934243202209473,167700
2004-06-07,15.934235808559444,16.155744839986134,15.89571154034356,16.131668090820312,183700
2004-06-08,16.13167925962254,16.21835708618164,16.08834034634299,16.21835708618164,137100
2004-06-09,16.227974322190697,16.276127812800702,16.131665504032767,16.160558700561523,281300
2004-06-10,16.203903420027245,16.252056928001444,16.11240918316225,16.179824829101562,446200
2004-06-14,16.059438500360397,16.059438500360397,15.650128190162318,15.862006187438965,279100
2004-06-15,15.98238683615038,16.372436725315854,15.98238683615038,16.28575897216797,430700
2004-06-16,16.27612790660288,16.425406667454883,16.160558793697653,16.28575897216797,429600
2004-06-17,16.285761208702592,16.49282455444336,16.227976644314385,16.49282455444336,289100
2004-06-18,16.516899946722308,16.642101969042255,16.497637814528773,16.613208770751953,344800
2004-06-21,16.78174457950492,16.902130126953125,16.622836612080878,16.902130126953125,370400
2004-06-22,16.85398350020865,16.964738028491695,16.82990674831032,16.86842918395996,486800
2004-06-23,16.89250841380623,17.176616668701172,16.89250841380623,17.176616668701172,319100
2004-06-24,17.17661702307599,17.21032668203439,16.9502933376481,16.98400115966797,296100
2004-06-25,16.98400786364058,17.28738021850586,16.98400786364058,17.28738021850586,349500
2004-06-28,17.33552186610926,17.61963188128135,17.33552186610926,17.52332305908203,560800
2004-06-29,17.523323563725278,17.528140015289846,16.801010131835938,16.801010131835938,441200
2004-06-30,16.866817350408386,16.964313780674566,16.691326007436945,16.88144302368164,781400
2004-07-01,16.720578124238862,16.974068167156503,16.720578124238862,16.930194854736328,419400
2004-07-02,16.930191221458564,17.305551289479748,16.90094173292541,17.266551971435547,258500
2004-07-06,17.159312513558174,17.159312513558174,16.78395233730895,16.988693237304688,241800
2004-07-07,17.04719060135988,17.30555462463057,17.04719060135988,17.256807327270508,336900
2004-07-08,17.28117995370425,17.28117995370425,16.8570725410706,16.939943313598633,277700
2004-07-09,17.037439762141677,17.086187056618158,16.818073217817346,16.939943313598633,280000
2004-07-12,17.02769059509116,17.159310526816483,16.86682116978571,17.11056137084961,186800
2004-07-13,17.110562879601584,17.110562879601584,16.754702377820525,16.803451538085938,213600
2004-07-14,16.93994735248099,17.032567977905273,16.725456602218713,17.032567977905273,449800
2004-07-15,17.30555866986148,17.442052622047722,17.095941894952244,17.34943199157715,470500
2004-07-16,17.646794780181033,17.646794780181033,17.39330469260208,17.461551666259766,278900
2004-07-19,17.46155669299668,17.534679534160443,17.34943636691239,17.412809371948242,326000
2004-07-20,17.914905258310178,17.914905258310178,17.554168932848324,17.593168258666992,418200
2004-07-21,17.671166339880028,17.671166339880028,17.247058868408203,17.247058868408203,297000
2004-07-22,17.061816049926236,17.23243346658935,16.97894526457283,16.988693237304688,339100
2004-07-23,16.939943193267396,17.056939302605997,16.83269691467285,16.83269691467285,195000
2004-07-26,16.78882413931339,16.84244728031367,16.530460124955813,16.666954040527344,219200
2004-07-27,16.588955056653052,16.9643151343976,16.54995759718849,16.69620132446289,225200
2004-07-28,16.71082681975726,16.886320053970124,16.501210107735233,16.83269691467285,220600
2004-07-29,16.84244728088379,17.217807408308335,16.84244728088379,16.84244728088379,258700
2004-07-30,16.964322459599035,17.173939241054576,16.964322459599035,17.13006591796875,314700
2004-08-02,17.11543709860631,17.35430145263672,16.925320040617578,17.35430145263672,352900
2004-08-03,17.281189373608132,17.549303358556752,17.13981953914012,17.412809371948242,180700
2004-08-04,17.290937842875092,17.49080481871983,17.198315336777394,17.422557830810547,191400
2004-08-05,17.354310852754924,17.368936537161673,16.925329208374023,16.925329208374023,399800
2004-08-06,16.974067387065467,17.188558093711993,16.740077018108313,16.827823638916016,286100
2004-08-09,16.925318724411298,17.134935428351806,16.793698803826093,17.013065338134766,631700
2004-08-10,17.110559637046364,17.178808448484375,16.97894157824798,17.095935821533203,340300
2004-08-11,17.09594412576519,17.100819973031296,16.939950485885458,17.037446975708008,424000
2004-08-12,17.100814295976107,17.100814295976107,16.88632171765465,16.915571212768555,243700
2004-08-13,16.96431773245292,17.03744053708369,16.783950503177902,16.813199996948242,270500
2004-08-16,16.76445267266449,17.086189700936625,16.76445267266449,16.988693237304688,260800
2004-08-17,17.037444315200524,17.217811584472656,16.993570994611023,17.217811584472656,233400
2004-08-18,17.095943811941993,17.412806933151042,17.095943811941993,17.403057098388672,407000
2004-08-19,17.37867707969202,17.38355106549363,17.091063568053016,17.11056137084961,232300
2004-08-20,17.212935700399875,17.700416160069864,17.183686203367138,17.676040649414062,955300
2004-08-23,17.6809172554801,17.758914057996748,17.534673483210188,17.724790573120117,551200
2004-08-24,17.724785953858408,17.973400115966797,17.724785953858408,17.973400115966797,293700
2004-08-25,17.973395640682835,18.148888821810658,17.939272173195704,17.978271484375,471300
2004-08-26,17.978286063766408,18.15377938720957,17.96853622806501,18.03678321838379,295200
2004-08-27,18.036782156216397,18.0855294722617,17.939285664534886,18.017282485961914,446800
2004-08-30,18.08552258351033,18.261015829773726,17.968528325728194,18.066024780273438,229400
2004-08-31,18.01241202107476,18.2074031829834,17.978288521250967,18.2074031829834,354700
2004-09-01,18.24639644253822,18.397516076753583,18.01240601057261,18.18302345275879,321700
2004-09-02,18.207394533730348,18.251267849746654,18.100150096483013,18.187896728515625,197900
2004-09-03,18.226893241666744,18.348763350915213,18.17814594180347,18.32926368713379,264700
2004-09-07,18.451132946546224,18.524255752563477,18.33413868842686,18.524255752563477,228500
2004-09-08,18.548625357036027,18.597374503615015,18.304885202910484,18.30976104736328,316800
2004-09-09,18.309763596522572,18.309763596522572,18.017274255096492,18.075773239135742,462500
2004-09-10,18.036780606534773,18.036780606534773,17.841787639925123,17.988033294677734,346500
2004-09-13,17.98803098439574,18.075777622141317,17.836911361702683,17.9100341796875,315200
2004-09-14,17.895406812803348,17.90028265865748,17.52492249027344,17.59804344177246,270200
2004-09-15,17.573668707466634,17.739412124069126,17.456674448447355,17.700414657592773,203300
2004-09-16,17.724786662195676,18.148894066077442,17.6760375091351,18.144020080566406,391700
2004-09-17,18.10989211058164,18.148889563765707,17.973396375463444,18.027019500732422,236300
2004-09-20,18.02703055095086,18.041654372410306,17.895410579043688,17.949033737182617,216000
2004-09-21,17.949023734172982,18.036770333209827,17.841777477663577,17.992897033691406,161800
2004-09-22,17.992903613317612,17.992903613317612,17.74428939819336,17.74428939819336,133900
2004-09-23,17.671166016772982,17.74428882688541,17.505422592163086,17.505422592163086,228500
2004-09-24,17.60779509842588,17.866161027347463,17.524924306221774,17.71991539001465,269000
2004-09-27,17.72478830658927,17.7784114501357,17.602918202016564,17.700414657592773,123500
2004-09-28,17.71991931028074,17.880788803100586,17.661422158160317,17.880788803100586,145600
2004-09-29,17.880778557060005,17.98802482415233,17.875902712415876,17.885652542114258,280700
2004-09-30,17.90028030449648,18.14889448224111,17.861280981153744,18.046524047851562,367100
2004-10-01,17.970089920033075,18.369535530953627,17.90105035594022,18.25118064880371,375700
2004-10-04,18.256107990483613,18.44843297388732,18.256107990483613,18.330078125,196000
2004-10-05,18.34487034347874,18.36952705053081,18.21665245691011,18.300487518310547,107400
2004-10-06,18.270904794587338,18.443505567288334,18.26597420390986,18.36953353881836,170100
2004-10-07,18.369527006872847,18.369527006872847,17.95528793334961,17.95528793334961,232700
2004-10-08,18.0292671559557,18.246248898056653,18.009541029986455,18.206796646118164,209300
2004-10-11,18.206800589878775,18.27090957257196,18.00461245786549,18.08844757080078,235600
2004-10-12,18.024330681251477,18.236381785363914,17.950360547073544,18.221588134765625,178500
2004-10-13,18.32022111406077,18.374465139241256,17.935569178540412,17.970088958740234,166200
2004-10-14,18.048999451169767,18.0687255859375,17.89119413540341,18.0687255859375,463600
2004-10-15,18.019405932487558,18.196937321960277,17.97995367652157,18.098308563232422,409700
2004-10-18,17.975022392432297,18.384329185777226,17.975022392432297,18.25118064880371,318800
2004-10-19,18.18707885837715,18.428717403136233,18.029273556970683,18.053930282592773,248500
2004-10-20,17.876392775489098,18.058854740534162,17.679135275146855,17.965158462524414,398700
2004-10-21,17.87146696978493,18.241323471069336,17.822151640901208,18.241323471069336,207500
2004-10-22,18.182145283989797,18.344883049382844,18.07858591393284,18.118038177490234,292400
2004-10-25,18.09831185375511,18.256117143936017,18.029272274449394,18.127899169921875,240700
2004-10-26,18.12296016677137,18.49281649670548,18.019400845874596,18.404050827026367,184400
2004-10-27,18.40898955801339,18.59638214111328,18.37446789145581,18.59638214111328,185700
2004-10-28,18.64075651529012,18.685139345041215,18.42870542661117,18.53226661682129,174300
2004-10-29,18.53227108220958,18.714733034623595,18.418846804593148,18.49281883239746,121300
2004-11-01,18.566786617211072,18.8626708984375,18.492814606311274,18.8626708984375,154200
2004-11-02,18.857753785267256,18.87747803857457,18.714742131959817,18.74432945251465,214600
2004-11-03,19.109251817068444,19.1881544590011,18.87747448337178,18.951446533203125,176100
2004-11-04,18.90212778116213,19.380474090576172,18.90212778116213,19.380474090576172,161200
2004-11-05,19.33609505251337,19.33609505251337,18.4928227850022,18.59638214111328,527700
2004-11-08,18.4878851146351,18.625964203248532,18.379393327189412,18.566787719726562,424900
2004-11-09,18.591445505833953,18.62596527998284,18.448433937967657,18.61610221862793,123700
2004-11-10,18.54213299101698,18.818293106977116,18.507613211670325,18.78870391845703,216300
2004-11-11,18.714729617704368,19.040203094482422,18.714729617704368,19.040203094482422,184100
2004-11-12,19.045140588486273,19.41992950439453,18.897198387443392,19.41992950439453,263200
2004-11-15,19.405129173138253,20.04621502124635,19.355815745369945,19.819368362426758,363800
2004-11-16,19.77498962670511,19.99690386006549,19.577733993530273,19.577733993530273,443400
2004-11-17,19.567868430809714,19.715810607094888,19.005687032213952,19.158559799194336,369300
2004-11-18,19.19801852933189,19.41006974334859,18.8330926155488,19.22760772705078,391200
2004-11-19,19.193077659547342,19.193077659547342,18.91198698834046,19.045135498046875,219900
2004-11-22,19.04513199272743,19.271978605208705,19.01061222410369,19.257183074951172,161300
2004-11-23,19.271984159603765,19.493896484375,19.158559880079867,19.493896484375,315300
2004-11-24,19.479099239007528,19.77498353826469,19.47416864920072,19.71087646484375,163000
2004-11-26,19.774987604580918,19.87854882368399,19.58266258239746,19.58266258239746,77600
2004-11-29,19.58758983847258,19.794708459151835,19.474167467931128,19.553070068359375,201400
2004-11-30,19.55800957808486,19.701021194458008,19.419930434655473,19.701021194458008,205300
2004-12-01,19.70100825765398,20.258258819580078,19.577722851637606,20.258258819580078,232000
2004-12-02,20.169492831886906,20.204012594486375,19.730595213776823,20.046207427978516,452600
2004-12-03,20.120192428118894,20.381558956990734,20.03635919440401,20.070878982543945,311100
2004-12-06,19.972247653537803,20.10539619697051,19.765128951211675,19.996904373168945,382500
2004-12-07,20.021560579063962,20.021560579063962,19.577733993530273,19.577733993530273,338100
2004-12-08,19.72567011545066,19.937721219686676,19.59745408742229,19.71087646484375,275200
2004-12-09,19.651705143479244,19.720746593825364,19.375546866843443,19.631980895996094,462700
2004-12-10,19.577734750170958,19.98211097717285,19.528419429081005,19.98211097717285,175200
2004-12-13,20.031424772112395,20.031424772112395,19.755266493862614,19.848962783813477,163400
2004-12-14,19.528414969132044,19.932791103781486,19.503758254811803,19.799644470214844,311400
2004-12-15,19.898273073471948,20.061010788401067,19.666497681100466,19.922931671142578,223000
2004-12-16,19.848967030363262,19.972252539868624,19.60239601135254,19.60239601135254,276900
2004-12-17,19.602387957002126,19.91306784003409,19.439650248351683,19.85388946533203,479100
2004-12-20,19.903205545480827,19.922931671142578,19.69608498840621,19.922931671142578,456200
2004-12-21,19.935390629236423,20.204518859015998,19.91047177118728,20.159664154052734,902500
2004-12-22,20.234415856812138,20.428787465649766,20.22444983694138,20.408851623535156,240700
2004-12-23,20.45868911395456,20.508528718720534,20.179594932011195,20.18457794189453,179100
2004-12-27,20.18956853802796,20.26931003442994,19.980247822917974,20.109827041625977,128700
2004-12-28,20.114816226327505,20.309186046261207,20.084912445880917,20.304203033447266,280800
2004-12-29,20.299212850442075,20.423809051513672,20.23442229355244,20.423809051513672,134800
2004-12-30,20.37397263118472,20.5035518520425,20.309182070162198,20.473649978637695,142300
2004-12-31,20.448724756174556,20.6082077168424,20.129758834838867,20.129758834838867,505000
2005-01-03,20.473641945977615,20.658043730645414,19.835708313278804,20.18457794189453,500000
2005-01-04,20.309187660302335,20.558380146931814,20.13973669334678,20.174623489379883,401400
2005-01-05,20.18458626944813,20.18458626944813,19.34231656386649,19.347299575805664,547100
2005-01-06,19.352287987133483,19.636367248700616,19.327367219370892,19.526721954345703,406200
2005-01-07,19.651308167770228,19.7609534062146,19.4270346805825,19.481857299804688,199300
2005-01-10,19.412078887161933,19.536675026487508,19.25259598092009,19.32735252380371,195400
2005-01-11,19.34728992266918,19.456935142497763,19.01337315491684,19.113048553466797,826100
2005-01-12,19.11305797438632,19.162897599413853,18.76917311703919,18.88878631591797,989600
2005-01-13,18.88878308345537,19.2874905095078,18.88878308345537,18.99842643737793,788400
2005-01-14,19.063210194803546,19.227678018857546,18.99343665775747,19.0881290435791,719100
2005-01-18,19.013379469715723,19.47189253912504,18.893766290068474,19.456941604614258,263000
2005-01-19,19.441982851000454,19.93538445272748,19.436999841409293,19.636354446411133,376300
2005-01-20,19.636367744122612,19.810801715735774,19.387175269710845,19.48685073852539,423800
2005-01-21,19.46192175760849,19.721082024462287,19.307423720520813,19.536680221557617,250700
2005-01-24,19.48186104111152,19.68121571271516,19.466910106156714,19.566585540771484,412700
2005-01-25,19.511768651176325,19.770927113588986,19.093125279389643,19.098108291625977,567700
2005-01-26,19.137978073859593,19.162896934915615,18.764189454457547,18.86386489868164,475000
2005-01-27,18.928643968496655,18.928643968496655,18.420291526542535,18.53491973876953,349300
2005-01-28,18.594727250424896,18.689419625433437,18.435244355049416,18.53491973876953,325000
2005-01-31,18.614664783402585,18.76916469992079,18.29071592134283,18.554859161376953,381100
2005-02-01,18.564835286061037,18.734286207672575,18.505029637606164,18.664512634277344,412800
2005-02-02,18.31563795565873,18.81402266193516,18.31563795565873,18.764184951782227,1317900
2005-02-03,18.863855602226508,19.1429516515971,18.719325518853765,19.0881290435791,540600
2005-02-04,19.162891580368512,19.49680840782719,19.162891580368512,19.387165069580078,309100
2005-02-07,19.387167104320046,19.387167104320046,19.152925668649562,19.217716217041016,478000
2005-02-08,19.222700190035688,19.287490741670016,19.028330436319695,19.137975692749023,333100
2005-02-09,19.2376481426479,19.437002777766338,19.182827424117697,19.387165069580078,454100
2005-02-10,19.337326883114635,19.466907975832655,19.287489171261146,19.42703628540039,258300
2005-02-11,19.38717013618222,19.432024845746767,19.23765317017559,19.36224937438965,331900
2005-02-14,19.31240802718789,19.432021197297843,19.302440104579823,19.42703628540039,273200
2005-02-15,19.43701077188567,19.63636548899539,19.382188129621124,19.591510772705078,399100
2005-02-16,19.53668046308237,19.701146424142276,19.456938987771288,19.676227569580078,191300
2005-02-17,19.636363415504107,19.885555834984174,19.586523790895725,19.76095962524414,298800
2005-02-18,19.760955929649324,19.815776654685322,19.536682413822316,19.750988006591797,438000
2005-02-22,19.75596859615094,19.75596859615094,19.113051896641117,19.152923583984375,410400
2005-02-23,19.307428913877857,19.382185496748466,18.928655383059418,18.948591232299805,264200
2005-02-24,18.863855560025947,18.953564936366295,18.749227334965788,18.928646087646484,249700
2005-02-25,18.888783411744548,19.307426691672415,18.85389663018281,19.287490844726562,290700
2005-02-28,19.292476938538183,19.372218437876164,18.958560004181418,19.347299575805664,354700
2005-03-01,19.347290459277108,19.641337456002294,19.347290459277108,19.636354446411133,306600
2005-03-02,19.56160557967408,19.56160557967408,19.267558438862057,19.31739616394043,252900
2005-03-03,19.36723579020615,19.41209050325162,19.09810751193331,19.31739616394043,255600
2005-03-04,19.461921140570507,19.990209579467773,19.461921140570507,19.990209579467773,281000
2005-03-07,19.935388981605243,20.10982287471955,19.681213608611987,19.980243682861328,234900
2005-03-08,19.9852279628886,19.9852279628886,19.706133716179842,19.79584312438965,164000
2005-03-09,19.80082011681669,19.80082011681669,18.938614978818126,19.00838851928711,544200
2005-03-10,19.162893591570317,19.24761808461638,18.993442704291287,19.217716217041016,447300
2005-03-11,19.217717733693625,19.217717733693625,18.948589497154487,19.01338005065918,209900
2005-03-14,19.038309134171644,19.337339401245117,18.98846948886735,19.337339401245117,229900
2005-03-15,19.461931175725805,19.731059494756554,19.157916063619325,19.312416076660156,340900
2005-03-16,19.287493516823066,19.362250101446307,19.04328411087103,19.06820297241211,195600
2005-03-17,19.093121683071644,19.357265009154883,19.093121683071644,19.237651824951172,173700
2005-03-18,19.25260371399243,19.3373282101952,19.043281127231346,19.157909393310547,362800
2005-03-21,19.16289395947648,19.182829805700738,18.809041244337166,19.028329849243164,239400
2005-03-22,18.98845915811028,19.137976111489714,18.589751718534878,18.629623413085938,288800
2005-03-23,18.5897546407413,18.65454520397797,18.355515052587293,18.39040184020996,394000
2005-03-24,18.505026825573506,18.689428655980148,18.39538156907858,18.42528533935547,732100
2005-03-28,18.450204609856314,18.490074403263286,18.201012222204856,18.47014045715332,316100
2005-03-29,18.47013718031195,18.62962012801958,18.44023341467176,18.505023956298828,423800
2005-03-30,18.56483532275891,18.739269256591797,18.485093824265693,18.739269256591797,283900
2005-03-31,18.838939666748047,18.953567909791015,18.764183108860852,18.838939666748047,326500
2005-04-01,19.06081620933924,19.136455139857926,18.728008377497275,18.859115600585938,562200
2005-04-04,18.833900227939417,18.859114485673636,18.526306673506586,18.753219604492188,210700
2005-04-05,18.69775353404285,18.7330511871348,18.576731635172003,18.601943969726562,336100
2005-04-06,18.657414814281132,18.78347842789114,18.561607160425638,18.662456512451172,403800
2005-04-07,18.581776394354097,18.89945724810346,18.53135171693655,18.773393630981445,273000
2005-04-08,18.798602501245878,18.82381675888063,18.677582528341343,18.687667846679688,316700
2005-04-11,18.738090195043796,18.76330252597951,18.66749489899279,18.707834243774414,129500
2005-04-12,18.657409606903983,19.020473328312878,18.55151666268557,19.00534439086914,291600
2005-04-13,18.954930957025244,19.106206956029236,18.914589664715546,18.92467498779297,188000
2005-04-14,18.874244478948402,18.980137453257143,18.758266184670525,18.793563842773438,273300
2005-04-15,18.833901453228318,19.020476969995155,18.803647419703474,18.80868911743164,273600
2005-04-18,18.833909003674837,18.980143302929463,18.753228342634127,18.92467498779297,278000
2005-04-19,19.03560146601125,19.287728637746497,19.03560146601125,19.11124038696289,460000
2005-04-20,19.116286757025552,19.28773335265898,18.975096121884423,19.070903778076172,273600
2005-04-21,19.11124109694909,19.292771051537102,19.065858127407655,19.2373046875,234400
2005-04-22,19.23730502034774,19.302856703592433,19.111241427615653,19.267559051513672,251600
2005-04-25,19.317983584992668,19.54994010925293,19.312939964617083,19.54994010925293,240600
2005-04-26,19.565073278931283,19.74660519801598,19.484392639735663,19.529775619506836,160500
2005-04-27,19.529774140324378,19.696179028074585,19.413795850488484,19.69113540649414,254100
2005-04-28,19.66591218128295,19.66591218128295,19.449082739244183,19.454126358032227,240700
2005-04-29,19.615505678689352,19.66593037174952,19.408761359416673,19.660888671875,427800
2005-05-02,19.660884175171123,19.761733538225883,19.433969261141318,19.716350555419922,307400
2005-05-03,19.766773004335747,19.81215597759942,19.54489983567873,19.686092376708984,226600
2005-05-04,19.686088861759327,19.887789433023666,19.590279311099533,19.83232307434082,198900
2005-05-05,19.766767722859555,20.12478779207043,19.766767722859555,20.079404830932617,355100
2005-05-06,20.079409047024658,20.104621381044552,19.75164293403272,19.87770652770996,314900
2005-05-09,19.89283388988636,20.23572699139022,19.887790269335568,20.20547103881836,498100
2005-05-10,20.044122320532303,20.31137666926084,19.95335632972283,20.195398330688477,359200
2005-05-11,20.170166689533936,20.29623023134352,20.044103147724346,20.230676651000977,243300
2005-05-12,20.170171923041643,20.260937850581527,20.003767081359353,20.069320678710938,243300
2005-05-13,20.06932244575504,20.134876048878425,19.812153577467406,19.938217163085938,236900
2005-05-16,19.98864633460046,20.245817184448246,19.95839229832055,20.245817184448242,139800
2005-05-17,20.170178246592286,20.31136887877344,19.97856101464779,20.245817184448242,276200
2005-05-18,20.37187938388047,20.588708938861092,20.36683576246531,20.472728729248047,303800
2005-05-19,20.472727066662316,20.765195530495284,20.44247303494015,20.734939575195312,256100
2005-05-20,20.739991373275085,20.739991373275085,20.558459417058987,20.664352416992188,219100
2005-05-23,20.649211215761063,20.825699427792095,20.62904058479259,20.704679489135742,203600
2005-05-24,20.704682292619395,20.704682292619395,20.225640321929102,20.31640625,269200
2005-05-25,20.265977701912846,20.281106637510288,19.998723563811595,20.01889419555664,259300
2005-05-26,20.018899564665663,20.245814423713156,19.963431274278737,20.10462188720703,230400
2005-05-27,20.195385402185245,20.215556036914432,20.074365440965323,20.175214767456055,179800
2005-05-31,20.15000025282824,20.42229802143934,20.15000025282824,20.32649040222168,152400
2005-06-01,20.331537899355908,20.603835745656248,20.296240244121933,20.573579788208008,144200
2005-06-02,20.55844547462109,20.664338402739254,20.472721254065487,20.487850189208984,142000
2005-06-03,20.523146093298255,20.69963429187734,20.381953610857888,20.502975463867188,377200
2005-06-06,20.59878776898037,21.178680994205095,20.588704375540885,21.17363929748535,1093400
2005-06-07,21.254323659330723,21.52157787490435,21.128260059746502,21.40559959411621,636600
2005-06-08,21.415674382634464,21.667801457829775,21.38541844112333,21.430801391601562,229100
2005-06-09,21.430805281409306,21.57703947322335,21.304741720930426,21.49635887145996,238600
2005-06-10,21.632514157010807,21.6526828707444,21.476194603213933,21.556875228881836,173100
2005-06-13,21.556877871138944,21.753536800085616,21.501409573522587,21.74849510192871,216800
2005-06-14,21.69806485555933,22.066170313642527,21.69806485555933,22.061128616333008,192700
2005-06-15,22.076251311794337,22.187187866672463,22.015741338032353,22.1317195892334,287200
2005-06-16,22.131730794907742,22.13677441736172,21.935071837926458,21.985496520996094,455300
2005-06-17,22.035916282629895,22.187192208426342,21.97036267613959,22.061128616333008,584000
2005-06-20,21.884641035781616,22.12668290928058,21.884641035781616,22.005661010742188,344500
2005-06-21,22.081309098057794,22.161989756027275,21.76866986529477,21.77875518798828,170700
2005-06-22,21.809008020250126,21.919944630349068,21.667817369999355,21.723285675048828,200300
2005-06-23,21.733368926843443,21.970369165526538,21.703114886894674,21.70815658569336,331700
2005-06-24,21.718237059760458,21.854385979878977,21.430812202925107,21.551834106445312,228800
2005-06-27,21.481231745429564,21.69806124160191,21.481231745429564,21.662763595581055,289000
2005-06-28,21.723280544437436,21.733363939720984,21.531663333225936,21.718236923217773,217600
2005-06-29,21.753539608466678,21.86447621802131,21.733368966078867,21.773710250854492,301400
2005-06-30,21.82412799886539,21.899766921997067,21.627469107016292,21.89976692199707,505100
2005-07-01,22.001651041636162,22.23088836669922,21.802979341003375,22.23088836669922,350200
2005-07-05,22.225792982984558,22.755583487226506,22.134098061559616,22.750490188598633,337400
2005-07-06,22.770876031427537,22.82691205422272,22.485602616863947,22.490697860717773,271700
2005-07-07,22.414279580445317,22.597669451571473,22.286925719192787,22.556915283203125,150700
2005-07-08,22.58238101372599,22.831993420640075,22.556908694303413,22.745393753051758,345900
2005-07-11,22.796336439076374,23.101984865422672,22.796336439076374,23.02557373046875,480700
2005-07-12,23.03067069250051,23.051047775702557,22.938975761356907,22.98482322692871,279900
2005-07-13,23.02557166564859,23.127455113049386,22.725016564612073,23.09688949584961,385900
2005-07-14,23.224251764528816,23.224251764528816,22.322586133538433,22.81162452697754,619400
2005-07-15,22.847282805491886,22.847282805491886,22.541634304098558,22.592575073242188,812700
2005-07-18,22.567091230456896,22.750480999232046,22.44483268011654,22.71991539001465,1042000
2005-07-19,22.781054446199818,22.99500795453778,22.719923206733007,22.928783416748047,241800
2005-07-20,22.92879021302948,23.499336957576023,22.8116248842206,23.49424171447754,473900
2005-07-21,23.494243025648235,23.58593797387962,23.091806245372688,23.107088088989258,382600
2005-07-22,23.00519066672885,23.331216088234605,22.9491546830454,23.280275344848633,229300
2005-07-25,23.280290150483385,23.280290150483385,22.877851414693723,23.04595947265625,453100
2005-07-26,23.147835476850563,23.168212559586788,22.852375550237586,23.030670166015625,357700
2005-07-27,22.928786695600074,23.04595394970058,22.714833156666426,23.030670166015625,744400
2005-07-28,23.045953220733864,23.667438678405947,23.045953220733864,23.596120834350586,308200
2005-07-29,23.596116982200414,23.65724627523036,23.387256783021666,23.428010940551758,243000
2005-08-01,23.42801808921383,23.51971108510472,23.22934442553052,23.305757522583008,331700
2005-08-02,23.371982885579676,23.54518422739266,23.290476486095088,23.509525299072266,720600
2005-08-03,23.433102685204673,23.560456504146003,23.127454297051504,23.397443771362305,214100
2005-08-04,23.178404293689784,23.178404293689784,22.806531227224685,22.81162452697754,269100
2005-08-05,22.77086406986235,22.77086406986235,21.981270751448832,22.128999710083008,612000
2005-08-08,22.09334975697478,22.098445000218934,21.319037961466623,21.517711639404297,490900
2005-08-09,21.5941277575434,22.027132199233254,21.415833068372873,21.69091796875,389600
2005-08-10,21.904857948194987,22.210506351561413,21.543173550782846,21.594114303588867,333100
2005-08-11,21.650152206420895,21.777506042929254,21.52279836991254,21.6501522064209,558300
2005-08-12,21.573754241062364,22.10864228373445,21.497343051585414,22.027135848999023,287900
2005-08-15,22.02712936848867,22.393907245256543,21.864114603711027,22.20033073425293,183300
2005-08-16,22.1646620919703,22.31239301697575,22.09843949242891,22.103532791137695,184600
2005-08-17,22.10354184593695,22.271649921174518,21.792798029236884,22.037317276000977,380400
2005-08-18,22.047500473757037,22.047500473757037,21.7265701333005,21.838640213012695,203000
2005-08-19,21.777495971116934,21.99144938473291,21.634860362039614,21.752025604248047,384000
2005-08-22,21.726561380556763,22.078057206567372,21.726561380556763,22.057680130004883,217700
2005-08-23,22.057689649134396,22.164666432356498,22.01184217871552,22.113725662231445,214800
2005-08-24,22.0831603451823,22.531446513005847,22.0831603451823,22.25126838684082,270700
2005-08-25,22.2869319315572,22.500885545332352,22.21051881619965,22.399003982543945,286500
2005-08-26,22.404089685272908,22.470314233239034,22.225795067593634,22.23088836669922,375000
2005-08-29,22.225806892729004,22.225806892729004,21.89468591999262,22.14430046081543,408700
2005-08-30,22.057682714611865,22.144284328517507,21.92523558796613,22.108625411987305,192200
2005-08-31,22.09844098957598,22.628231538127068,22.09844098957598,22.582386016845703,347100
2005-09-01,22.63332815702703,23.13764835445096,22.567103605705714,22.796340942382812,401400
2005-09-02,22.796336938347697,22.938972614664515,22.64860602029651,22.699548721313477,274700
2005-09-06,22.699547555286838,23.305751091759294,22.699547555286838,23.086702346801758,399900
2005-09-07,23.107087268585076,23.137650954733076,22.87784990614556,22.9593563079834,252700
2005-09-08,22.908414309750512,23.0867089469598,22.872755382308654,22.954261779785156,261100
2005-09-09,22.974621016819835,23.091788203891422,22.91349174684752,23.0714111328125,189400
2005-09-12,23.07141737295972,23.12745336195064,22.928779780092384,23.081605911254883,191900
2005-09-13,23.025565860155442,23.081601839260646,22.847269386342106,22.87274169921875,319300
2005-09-14,22.87783762597424,22.974625818932935,22.77595419254859,22.92368507385254,314800
2005-09-15,23.025587761516718,23.152941673977246,22.97974027530027,23.076528549194336,493200
2005-09-16,23.076525727334527,23.178409233497657,23.051055336610307,23.152938842773438,465900
2005-09-19,23.107076285360307,23.254807175742734,23.051040296369386,23.081605911254883,228200
2005-09-20,23.1834952856448,23.239531293677278,22.826906040466557,22.842187881469727,271000
2005-09-21,22.842181168480025,22.842181168480025,22.185034992750584,22.19013023376465,217800
2005-09-22,22.08824581284175,22.37861235332368,21.797879272359822,22.337858200073242,341700
2005-09-23,22.32257636423682,22.490684331497402,22.062775438692718,22.337858200073242,280600
2005-09-26,22.36334654525985,22.556923082140457,22.281840123608443,22.541641235351562,280200
2005-09-27,22.567103123303244,22.567103123303244,22.19523009320555,22.50597381591797,233400
2005-09-28,22.55691992300937,22.577297011384974,22.083163306240163,22.159576416015625,250300
2005-09-29,22.159566043978266,22.577286443828825,21.9659876815488,22.572193145751953,279500
2005-09-30,22.638409246300213,22.938964271557047,22.597657043573925,22.87274169921875,279400
2005-10-03,22.87274919347785,23.1093988539599,22.58465463723779,23.021942138671875,290800
2005-10-04,23.09911171987738,23.11454479628917,22.744135262430163,22.74928092956543,390300
2005-10-05,22.764716209928793,22.81616111128004,22.21424752298227,22.224536895751953,305100
2005-10-06,22.28626073491908,22.35828434808654,22.003309984977072,22.337705612182617,371600
2005-10-07,22.337713147998468,22.4354611952701,21.859270133051215,22.085630416870117,321100
2005-10-10,22.574369726030454,22.574369726030454,21.84898556253151,21.99817657470703,237300
2005-10-11,22.0547632133447,22.229678609767763,21.848981663874454,21.946727752685547,425600
2005-10-12,21.73579624520593,21.7718080583166,21.051567871109942,21.288219451904297,637400
2005-10-13,21.293377085164618,21.643208037801845,21.185341575158454,21.4219913482666,608200
2005-10-14,21.874705044393377,22.162801580924796,21.735801462270928,22.05990982055664,804000
2005-10-17,22.065048463104432,22.260542566702338,21.89527876556948,22.193662643432617,375600
2005-10-18,22.07019881120992,22.239968544759225,21.818114100791785,21.82840347290039,248900
2005-10-19,21.833542778211182,22.239964063369687,21.69463922647992,22.121639251708984,406400
2005-10-20,22.126784628980158,22.173085816392447,21.776955833805626,21.993026733398438,476600
2005-10-21,22.04447073046559,22.348000288408258,21.98273647058648,22.131929397583008,352600
2005-10-24,22.234825065227184,22.641244473900855,22.234825065227184,22.63610076904297,252200
2005-10-25,22.507486233881046,22.780147724829575,22.404594475741035,22.45604133605957,250700
2005-10-26,22.456046682126484,22.456046682126484,22.080491381133175,22.19881820678711,335800
2005-10-27,22.121641107775208,22.1730859997713,21.848979647701615,21.869556427001953,350200
2005-10-28,21.967308427362806,22.656680701804543,21.967308427362806,22.651535034179688,320700
2005-10-31,22.661820707093582,23.006507769288373,22.564074625648693,22.728700637817383,337800
2005-11-01,22.661817784659178,22.718408337012495,21.99816815478293,22.589794158935547,354700
2005-11-02,22.589803575799046,22.77500838343443,22.435466890268707,22.764719009399414,247600
2005-11-03,22.764713863176087,22.908761142107885,22.414883075058594,22.445751190185547,308800
2005-11-04,22.404597052468137,22.456043918703514,22.02904376018764,22.162803649902344,384900
2005-11-07,22.219389265856467,22.37887158595646,22.044473869213476,22.17308807373047,269100
2005-11-08,22.070196215779113,22.106208032675745,21.838690276803028,21.869556427001953,365600
2005-11-09,21.90043152087155,22.38916600061506,21.90043152087155,22.214250564575195,301400
2005-11-10,22.214250157302203,22.7904413632531,22.054767804205312,22.713274002075195,352200
2005-11-11,22.697839925995805,22.903623489557773,22.697839925995805,22.826454162597656,313000
2005-11-14,22.90361332843136,23.001359398384885,22.769853482709024,22.91904640197754,286000
2005-11-15,22.91904909641927,23.01679714036102,22.728700637817383,22.728700637817383,276000
2005-11-16,22.749273387621848,22.749273387621848,22.51262184028051,22.600080490112305,188100
2005-11-17,22.610378747889992,22.939630814947336,22.55893188585158,22.893329620361328,315200
2005-11-18,22.955062837109693,23.155700683593754,22.821304926952667,23.15570068359375,486000
2005-11-21,22.893318727281358,23.227716302678324,22.893318727281358,23.15054702758789,219300
2005-11-22,23.078531071214407,23.40778309079979,23.00650743724221,23.376914978027344,197400
2005-11-23,23.371764482683417,23.695872703879065,23.289451501704743,23.61355972290039,498900
2005-11-25,23.587844544135088,23.680446929253588,23.42836418503981,23.634145736694336,70800
2005-11-28,24.050862565117427,24.050862565117427,23.5621280670166,23.5621280670166,680500
2005-11-29,23.587841799519897,24.097154858409407,23.577554391256665,24.025131225585938,447600
2005-11-30,24.040570491690474,24.138316595338374,23.89652318894677,24.05600357055664,451200
2005-12-01,24.12802927225583,24.431558920211618,24.12802927225583,24.385257720947266,461700
2005-12-02,24.385258219843912,24.693931579589844,24.302945193078507,24.693931579589844,1469300
2005-12-05,24.693925627863223,24.693925627863223,24.48814212929894,24.565311431884766,655200
2005-12-06,24.637333512395408,24.70935714359733,24.38525080318868,24.54473114013672,429800
2005-12-07,24.48814212929894,24.59103387858108,24.3955397511947,24.565311431884766,1547000
2005-12-08,25.07977061487195,25.851455864560318,25.00260130490428,25.501625061035156,1204600
2005-12-09,25.481049714919497,25.697122634146677,25.337002410432934,25.496484756469727,314100
2005-12-12,25.619950114444904,25.82573363443928,25.51705835444772,25.630239486694336,505500
2005-12-13,25.630242580191364,25.722844979115965,25.53764018126676,25.645675659179688,260300
2005-12-14,25.645677875741317,25.733136576727997,25.563364843193707,25.62510108947754,304600
2005-12-15,25.645672489711014,25.825733559810036,25.357577917547918,25.378156661987305,503800
2005-12-16,25.37816738026814,25.594238400646457,25.35244295760584,25.393600463867188,501200
2005-12-19,25.41417425203004,25.56336527683635,25.120933945948718,25.12607765197754,319000
2005-12-20,25.12606501398376,25.333717249102403,24.980706271029604,25.037811279296875,319200
2005-12-21,25.04821052423812,25.640022849821893,25.04821052423812,25.63483238220215,797800
2005-12-22,25.64520789030703,25.64520789030703,25.385641016843753,25.567337036132812,637600
2005-12-23,25.61923840233052,25.74383131839362,25.61923840233052,25.69710922241211,312000
2005-12-27,25.676350907059064,25.800943859518927,25.458315715676544,25.484272003173828,334500
2005-12-28,25.588107776045685,25.603681157736503,25.437558485239563,25.541385650634766,247300
2005-12-29,25.588090382744593,25.650385847501482,25.286992005801586,25.328523635864258,298800
2005-12-30,25.33372180831086,25.52580070495605,25.177982108859684,25.525800704956055,603300
2006-01-03,25.64519691128043,25.96705914208702,25.380437704705255,25.826892852783203,650200
2006-01-04,25.795762733770992,25.89958990966039,25.61406666121854,25.749040603637695,588300
2006-01-05,25.75423305161843,25.904782357641125,25.640022960106226,25.749040603637695,661400
2006-01-06,25.8269097771141,25.99822490308258,25.702316778197154,25.993032455444336,547900
2006-01-09,25.956695999139544,26.06052317920385,25.89440048323646,26.03456687927246,468000
2006-01-10,25.982643096013977,26.636752712496243,25.842476749624918,26.475820541381836,566800
2006-01-11,26.55368813943782,26.60041024917445,26.294121303198303,26.470626831054688,332800
2006-01-12,26.465438251679213,26.527733746982868,26.2681668728232,26.371994018554688,257200
2006-01-13,26.371999893497286,26.382382808417265,25.769804690508163,25.878822326660156,438000
2006-01-17,25.723065751779945,25.826892852783203,25.546560274175576,25.826892852783203,373900
2006-01-18,25.723078280826417,25.90996675759338,25.515425958015054,25.60367774963379,447400
2006-01-19,25.629626178368568,26.055315586904246,25.546564878662522,26.050125122070312,328600
2006-01-20,26.13837674056295,26.1539520956529,25.83208782829499,25.8372802734375,480600
2006-01-23,25.884008725317333,26.128002218070396,25.85285998783671,26.02936553955078,247200
2006-01-24,26.164332990132795,26.626361555346627,26.12280135354226,26.481002807617188,433200
2006-01-25,26.481010686010418,26.590030274326388,26.252592557817852,26.330463409423828,485900
2006-01-26,26.086464298637072,26.434282872056855,26.01378590898742,26.429092407226562,610100
2006-01-27,26.55888175964355,27.02610291250925,26.465437529070414,26.558881759643555,608200
2006-01-30,26.558884542772446,26.766538850325933,26.423910629099453,26.699050903320312,243600
2006-01-31,26.631545432513708,27.119532140063196,26.579632879953394,27.098766326904297,469800
2006-02-01,26.943049317480895,27.410268623936904,26.82364678170336,27.280485153198242,729000
2006-02-02,27.02090753599385,27.223369353501067,26.927463315553933,26.994951248168945,400600
2006-02-03,26.994959518181634,27.01572534693838,26.730202132717604,26.891132354736328,531900
2006-02-06,26.81844295336513,26.994948464848797,26.761337937835467,26.95341682434082,378500
2006-02-07,26.95342809551202,27.02091604939025,26.699053622210013,26.72500991821289,331000
2006-02-08,26.735392432551826,26.74058289953934,26.190302303295635,26.25259780883789,302200
2006-02-09,26.309686790557002,26.470618893690716,26.179903411353518,26.325260162353516,329400
2006-02-10,26.314886269061265,26.506967161926315,26.164339002668562,26.34603500366211,330000
2006-02-13,26.3460357939349,26.429097108357432,26.102042316420857,26.273357391357422,503500
2006-02-14,26.278547542541084,26.532923928855148,25.92034599969516,26.423906326293945,1100000
2006-02-15,26.53810939476725,26.54330183981834,26.346030514965467,26.53291893005371,482000
2006-02-16,26.636745629372747,26.8132511319266,26.465430591450986,26.750953674316406,332600
2006-02-17,26.865176058959605,26.93266401224982,26.68348000818414,26.891132354736328,388100
2006-02-21,27.155902473716456,27.155902473716456,26.828847472475147,26.97939682006836,309600
2006-02-22,26.994949149507434,27.784032516133554,26.96899286370044,27.7373104095459,824300
2006-02-23,27.77364991115077,27.893050411446037,27.565995661736064,27.784032821655273,571700
2006-02-24,27.78922618912569,27.939775436658262,27.71135732271559,27.841140747070312,613100
2006-02-27,27.893050934759138,28.007260972113738,27.872285113360533,27.960538864135742,350800
2006-02-28,27.929385570653572,28.0799347806994,27.815177532288978,27.851516723632812,421300
2006-03-01,27.90342674214787,28.033210122343906,27.773643361951834,27.93976593017578,1030900
2006-03-02,27.93977000464775,27.95534337883444,27.778837876814446,27.88785743713379,336900
2006-03-03,27.79960670985877,27.861902193696817,27.514083596901866,27.565996170043945,568000
2006-03-06,27.61271664638756,27.91900556263796,27.477742775991036,27.711353302001953,316000
2006-03-07,27.711358244226297,27.73731453389281,27.20779790727649,27.29085922241211,389500
2006-03-08,27.29086008983475,27.332391738891598,26.953422372430943,27.3323917388916,307800
2006-03-09,27.384309310076375,27.82557226985694,27.218186644252743,27.716554641723633,339600
2006-03-10,27.752890582269583,28.074754942188648,27.5400458179815,28.007266998291016,405500
2006-03-13,28.033220183200854,28.188959899262162,27.571191500739207,27.820375442504883,389800
2006-03-14,27.820373303342166,28.168191909790036,27.685399421224222,28.16819190979004,326100
2006-03-15,28.168187966441767,28.723662734471613,28.16299750184523,28.53158187866211,530600
2006-03-16,28.656177141372027,28.967656531251137,28.599072124482067,28.889787673950195,492200
2006-03-17,29.113032847451777,29.34664154052734,28.967673994916773,29.346641540527344,491500
2006-03-20,29.2635650425379,29.279140399597125,28.54716198862409,28.770387649536133,334800
2006-03-21,28.77037946460236,28.978033670054945,28.272011747920878,28.41217803955078,278300
2006-03-22,28.323937597298777,28.630226583436464,28.220110453121276,28.495250701904297,702200
2006-03-23,28.495239325664365,28.54196142287433,28.318733845130847,28.41217803955078,306000
2006-03-24,28.464096220797767,28.500435414348086,28.308354556624945,28.381032943725586,462600
2006-03-27,28.396605142240922,28.396605142240922,27.98129870472632,28.0124454498291,478300
2006-03-28,28.017656038351994,28.36028431872831,27.752896651497494,28.069568634033203,620400
2006-03-29,28.230490358015896,28.697709486532002,28.230490358015896,28.619840621948242,391600
2006-03-30,28.604259428373954,28.61464233760084,28.007257000358905,28.126657485961914,397000
2006-03-31,28.111084422360296,28.3187366681761,27.88785682236364,28.17337989807129,334500
2006-04-03,28.163004407677725,28.163004407677725,27.41026011499939,27.451791763305664,496400
2006-04-04,27.58270744231576,27.608893498814844,27.038072227386778,27.226600646972656,545900
2006-04-05,27.68744226515277,27.68744226515277,27.252781349276937,27.430835723876953,291000
2006-04-06,27.388940367894055,27.457020512335962,27.127095809887965,27.289440155029297,323700
2006-04-07,27.258032264582674,27.331348459318406,26.69244876396669,26.833845138549805,414100
2006-04-10,26.812886397199918,26.812886397199918,26.414881501951417,26.58769989013672,344000
2006-04-11,26.58770871399075,26.786711227659396,26.519628538682678,26.545812606811523,392500
2006-04-12,26.708156604484973,26.750052711003683,26.29967955450913,26.577234268188477,556400
2006-04-13,26.551037081362836,26.551037081362836,25.95403184247116,26.022109985351562,442300
2006-04-17,26.022123309099335,26.16875768682433,25.922623050910094,25.969755172729492,352300
2006-04-18,26.074484351582008,26.5091453255007,25.974982130370666,26.331090927124023,959000
2006-04-19,26.28920022493385,26.634835043127957,26.27348818930054,26.598176956176758,921900
2006-04-20,26.619126571992055,26.812891042669786,26.23683164662925,26.734336853027344,522400
2006-04-21,26.91763238713676,27.001422600109198,26.729103908519704,26.797182083129883,362000
2006-04-24,26.83908163911248,26.83908163911248,26.540578842163086,26.540578842163086,310400
2006-04-25,26.509153754898833,26.56675990176711,26.320625273408567,26.425363540649414,263400
2006-04-26,26.839081385506642,26.839081385506642,26.15304756164551,26.153047561645508,334500
2006-04-27,26.15303236641372,26.692433486136856,25.98545201787313,26.38869285583496,301600
2006-04-28,26.393932660613366,26.608645121641775,26.179220199584957,26.17922019958496,598700
2006-05-01,26.315387390767075,26.44107370207629,25.82312016671462,25.90167236328125,760300
2006-05-02,25.81264884379024,25.823122870639082,25.13708909491254,25.603172302246094,729100
2006-05-03,25.60316810954349,25.838828680760454,25.28371733497338,25.817880630493164,456400
2006-05-04,25.849308348783644,26.472497997407327,25.817886266523285,26.21065330505371,432300
2006-05-05,26.446312348835374,26.69768299876171,26.42012828070653,26.545812606811523,398100
2006-05-08,26.472489584451072,26.833836423601586,26.462015560359596,26.770992279052734,206800
2006-05-09,26.765749757146317,26.833829898327714,26.535325278598613,26.676721572875977,170900
2006-05-10,26.676736042367256,27.02760896241724,26.6243679039557,26.844316482543945,306500
2006-05-11,26.912395937866215,27.18995065988274,26.399180603893974,26.43583869934082,488300
2006-05-12,26.435836429755717,26.498678588309954,26.011647364653157,26.257781982421875,392500
2006-05-15,25.760278576648098,26.566760660401137,25.760278576648098,26.545812606811523,313900
2006-05-16,26.52486194402946,26.60341413477284,26.26825332641602,26.268253326416016,299300
2006-05-17,26.00116691934911,26.10590315046272,25.72361031329449,25.770742416381836,423000
2006-05-18,25.89119602134131,26.022118334956396,25.398928841326345,25.43558692932129,267000
2006-05-19,25.47223771746818,25.833584478029074,25.089944910995733,25.430343627929688,380900
2006-05-22,25.189458482381653,25.215644549662372,24.7233752519018,24.959035873413086,624500
2006-05-23,25.21564898904742,25.231359034008545,24.51390501350952,24.53485107421875,547300
2006-05-24,24.35155251597164,24.948557999954424,24.225866204636034,24.90666389465332,892400
2006-05-25,25.058530735795607,25.582220005072138,25.011398621652077,25.47748374938965,388800
2006-05-26,25.713146517259666,25.91738704367898,25.48272392036439,25.81264877319336,377900
2006-05-30,25.838828680760454,26.037831162867672,25.70267034945511,25.817880630493164,907400
2006-05-31,25.948803687469233,26.137332149814693,25.456536478457483,25.885961532592773,1654200
2006-06-01,25.95928071351671,26.472496032714844,25.870254483627583,26.472496032714844,396600
2006-06-02,26.655788497711484,26.964765291612053,26.551050229018415,26.629602432250977,472000
2006-06-05,26.629592410164324,27.064255362453792,26.446302007220307,26.477724075317383,335200
2006-06-06,26.530098339280812,26.566756428364897,26.168753462145105,26.315385818481445,322500
2006-06-07,26.372990834968675,26.619125420667622,26.06925011238564,26.200172424316406,478500
2006-06-08,26.20017353980802,26.367753946396988,25.775986509630457,26.184463500976562,273500
2006-06-09,26.268257833510187,26.50915445613507,26.074493332504634,26.441076278686523,168700
2006-06-12,26.44107215907675,26.44107215907675,25.796932598066235,25.974987030029297,292300
2006-06-13,25.922608933309192,26.236821575838956,25.681712440855357,25.875476837158203,419600
2006-06-14,25.82311858720352,25.87548671504476,25.304665331624705,25.47748374938965,244600
2006-06-15,25.608411784423275,25.85978245007484,25.487961467606045,25.791702270507812,345800
2006-06-16,25.755037724580014,25.854537963867188,25.556035248289696,25.854537963867188,266300
2006-06-19,25.938330906073457,25.954042943833205,25.184219018239503,25.189455032348633,509100
2006-06-20,25.210404545461557,25.404169042189185,24.99045598123824,25.16851043701172,654700
2006-06-21,25.24182168563171,25.645062638849076,25.215637623259862,25.550798416137695,262100
2006-06-22,25.45130425808713,25.472252313717842,25.147565442307943,25.231355667114258,193900
2006-06-23,25.194691460580003,25.33084979373721,25.074243166478922,25.15803337097168,339600
2006-06-26,25.18945121708922,25.461769856989996,25.173741179425136,25.425111770629883,504500
2006-06-27,25.430344032493032,25.545554278843277,25.294183744467162,25.398921966552734,546800
2006-06-28,25.38846085551529,25.58746337890625,25.268012538064994,25.58746337890625,182200
2006-06-29,25.686964340173542,25.99594116210938,25.56651601944825,25.995941162109375,500200
2006-06-30,26.13209915654804,26.72910469117207,26.064018982228152,26.472496032714844,599100
2006-07-03,26.629603465318457,27.017134475201768,26.451549000947704,26.98047637939453,409300
2006-07-05,26.917054135739544,26.938190901302082,26.515465668615903,26.71626091003418,460300
2006-07-06,26.716263233922202,27.038589866080052,26.684558082820555,26.975181579589844,506400
2006-07-07,26.895920379068873,27.323928811094188,26.790238563066612,27.080862045288086,408700
2006-07-10,27.160123933000275,27.38733913208781,27.07029368382677,27.323928833007812,235100
2006-07-11,27.397900851782477,27.429605995944026,27.128414181403574,27.292221069335938,258400
2006-07-12,28.00558431954832,28.03200427897119,27.376780416143692,27.49302864074707,672500
2006-07-13,26.47847514169405,27.392619011506415,26.446769995978578,27.186540603637695,970000
2006-07-14,27.1865469849644,27.23410370684393,26.922343422458844,27.04916000366211,466900
2006-07-17,27.049154375332957,27.19710971023483,26.81665601436258,27.133699417114258,591000
2006-07-18,27.18655067330501,27.545867728317393,27.16013071661276,27.371492385864258,638700
2006-07-19,27.345062635596868,27.709662745081562,27.29222274113686,27.683242797851562,364100
2006-07-20,27.714949364314656,27.74136931289865,26.975178709685544,27.017452239990234,563300
2006-07-21,27.01745293839052,27.01745293839052,26.57887412085003,26.72154426574707,519500
2006-07-24,26.816671456190278,27.450760642533627,26.816671456190278,27.397918701171875,293900
2006-07-25,27.424325326102778,27.519438751590386,27.228813276093348,27.47716522216797,270300
2006-07-26,27.477181171809608,27.508886337280273,27.223545895186277,27.508886337280273,377100
2006-07-27,27.6092708215946,27.714952644150024,27.260522218160876,27.31336212158203,247100
2006-07-28,27.482451120168804,27.931598343940404,27.482451120168804,27.836484909057617,230100
2006-07-31,27.741368365297095,27.788925077408972,27.49301642252253,27.70438003540039,215000
2006-08-01,27.820633748595796,27.989723854034654,27.477168338084514,27.852336883544922,350300
2006-08-02,28.05841329056532,28.45471857441914,27.984436626760004,28.33318519592285,537300
2006-08-03,28.29620497210603,28.60268211364746,28.18523994460178,28.60268211364746,325000
2006-08-04,28.77176794119825,29.06767463684082,28.692506067315026,29.06767463684082,345800
2006-08-07,28.983135274947358,29.0306920054813,28.497001599012503,28.660808563232422,365100
2006-08-08,28.666088933023506,28.814042295391474,28.343760237253246,28.375465393066406,357600
2006-08-09,28.58683189519962,28.639673830508606,27.98973314406104,28.005584716796875,321600
2006-08-10,27.952744797201614,28.137686531498744,27.704392740533702,28.005584716796875,287700
2006-08-11,28.005577970496965,28.037283124044862,27.646260959807115,27.79949951171875,167500
2006-08-14,27.931605064893724,28.13768355148906,27.75194653529793,27.794218063354492,319400
2006-08-15,28.2433727813606,28.248655967856752,27.899907203403487,28.195816040039062,534000
2006-08-16,28.65024197654827,28.65024197654827,28.232799761830822,28.24336814880371,192800
2006-08-17,28.24336278831225,28.24336278831225,28.005579165837005,28.010862350463867,406700
2006-08-18,28.005589242796514,28.206384597993857,27.852350629206068,28.201099395751953,186400
2006-08-21,28.19052167439306,28.375465393066403,28.03199992675404,28.375465393066406,136100
2006-08-22,28.31205541576239,28.63438207667699,28.190520000219703,28.629098892211914,118800
2006-08-23,28.692494117887687,28.798175900481468,28.275052185284057,28.401870727539062,152000
2006-08-24,28.50755251013284,28.523404072022583,28.243349061504567,28.401870727539062,220600
2006-08-25,28.322628021240234,28.449446649173037,28.19581140902114,28.322628021240234,153300
2006-08-28,28.269777646238644,28.792901521372464,28.232789313379108,28.771764755249023,244800
2006-08-29,28.79819113838704,28.893304591477317,28.597395846783854,28.882736206054688,182600
2006-08-30,28.930299720018986,29.257911682128903,28.866891408320203,29.257911682128906,320700
2006-08-31,29.14166136964172,29.60665830990994,29.14166136964172,29.500978469848633,385500
2006-09-01,29.574957382144984,29.617228918196904,29.337173692747026,29.347742080688477,217700
2006-09-05,29.183938920953313,29.51683612979631,29.178655734146226,29.43229103088379,814100
2006-09-06,29.353013045341058,29.57494506827986,29.268467992724624,29.474546432495117,346700
2006-09-07,29.40585606712869,29.47983273898149,29.178640851744728,29.279037475585938,300400
2006-09-08,29.273755689884563,29.66477583570363,29.1786422456122,29.58551597595215,240800
2006-09-11,29.421709391499213,29.43756096049589,29.131085870851756,29.353015899658203,357500
2006-09-12,29.379438629509085,29.886711058184442,29.220916877422667,29.881425857543945,367400
2006-09-13,29.802165787525087,30.187902787417936,29.775743815928426,30.11920928955078,276800
2006-09-14,30.066357681237903,30.066357681237903,29.73874390545256,30.029369354248047,190000
2006-09-15,30.172049030165937,30.22489095734609,29.97653893888291,30.11392593383789,388500
2006-09-18,30.119209493530295,30.198471377430224,29.839154330987174,29.881425857543945,247100
2006-09-19,30.018821325325884,30.700465253224337,29.95012780760864,30.57893180847168,494900
2006-09-20,30.700452871380556,30.99107840000475,30.409829358469562,30.462671279907227,450900
2006-09-21,30.489105297210838,30.56836519235966,29.664789083949834,29.907855987548828,278400
2006-09-22,29.939543474375853,30.061076854404366,29.601363283737737,29.80744171142578,266200
2006-09-25,29.69648666208872,29.69648666208872,29.09938592913715,29.331884384155273,599700
2006-09-26,29.79687707037584,29.79687707037584,29.226198430936815,29.236766815185547,347700
2006-09-27,29.263191814307305,29.56966694751847,29.062396510381244,29.532678604125977,260900
2006-09-28,29.55910018400006,29.564385385182547,29.24205664731458,29.358306884765625,266000
2006-09-29,29.363582607428185,29.511535951516986,29.12051582336426,29.120515823364258,624800
2006-10-02,29.07824331865009,29.220913483672025,28.792905004319437,29.083528518676758,546600
2006-10-03,29.08352850415012,29.881422372155864,29.07296011981527,29.812728881835938,604600
2006-10-04,29.855356541494245,29.988544246944574,29.7967536259308,29.839372634887695,807800
2006-10-05,29.791431475829047,30.05248032963948,29.301301588392043,29.700864791870117,2474100
2006-10-06,29.56766163850319,29.69552269114425,29.136132872157393,29.24268341064453,357700
2006-10-09,29.125488013112854,29.45046635699138,29.04024795834826,29.434484481811523,559500
2006-10-10,29.381215109656008,29.55702186280374,29.0935291147413,29.445144653320312,278000
2006-10-11,29.38121968418475,29.786109566809696,29.38121968418475,29.599647521972656,278200
2006-10-12,29.668892202339894,30.11107635498047,29.658236942149184,30.11107635498047,350300
2006-10-13,30.137706951631802,30.62251000758524,30.137706951631802,30.59587287902832,397600
2006-10-16,30.665140312719153,30.85160230128924,30.478676291865806,30.57457160949707,479700
2006-10-17,30.569243814977884,30.697102878694796,30.350816051535247,30.526622772216797,415900
2006-10-18,30.713079915199067,30.8995418548584,30.55858171817692,30.8995418548584,738900
2006-10-19,30.888878675247067,31.038048188720726,30.638485249960105,30.6597957611084,310200
2006-10-20,30.590553200589945,30.64382950560267,30.34548829438112,30.553260803222656,352200
2006-10-23,30.420063796642854,30.452029569885845,29.967226519921528,30.44670295715332,361800
2006-10-24,30.28688325778984,30.473347263874665,30.185661333766483,30.350814819335938,239100
2006-10-25,30.34015349629811,30.54792594909668,30.28687720565573,30.54792594909668,255500
2006-10-26,30.57456501145506,30.83028512585918,30.57456501145506,30.803647994995117,262700
2006-10-27,30.739721761437043,30.7450483752663,30.478672973576696,30.579896926879883,277400
2006-10-30,30.73972129886758,31.09133674251545,30.56924120693425,30.995441436767578,304200
2006-10-31,31.149937197109267,31.23517723634959,30.67578935181731,31.117971420288086,370700
2006-11-01,31.219195352626855,31.219195352626855,30.755702736273257,30.808979034423828,258000
2006-11-02,30.808979819255704,33.15308212595443,30.64382633920626,30.888891220092773,865200
2006-11-03,30.899544592067922,31.19255710846716,30.441378605709925,30.798322677612305,440500
2006-11-06,30.952832527278428,31.208554797672544,30.888902975821797,31.112659454345703,330600
2006-11-07,31.048711406585866,31.17657247398278,30.856920821631853,30.8995418548584,240600
2006-11-08,30.7716791208192,30.89954018129096,30.36146287578662,30.75569725036621,341800
2006-11-09,30.840939099942815,31.000763910752333,30.563908479474378,30.718406677246094,406500
2006-11-10,30.702418298522414,30.75569254673995,30.5745572576051,30.601194381713867,245900
2006-11-13,30.58521539250528,30.777005955792177,30.499975367964712,30.702421188354492,377900
2006-11-14,30.787681016658485,31.229863293302223,30.745059960831533,31.112659454345703,449800
2006-11-15,31.13396128971644,31.26182239756111,31.027412737509803,31.17658233642578,344500
2006-11-16,31.309768114372904,31.432300567626953,31.22452805853169,31.432300567626953,425000
2006-11-17,31.43228240414176,31.485556646151206,31.283112900689652,31.458919525146484,230800
2006-11-20,32.231431070176555,32.88671446624166,32.09824333848161,32.662960052490234,532900
2006-11-21,32.76417816662398,32.86540009925661,32.08225771039724,32.497802734375,1601900
2006-11-22,32.497805803583354,32.76950787593318,32.46584001707254,32.710906982421875,398900
2006-11-24,32.593688284950616,33.00923318439864,32.567051156164936,32.98792266845703,62400
2006-11-27,32.90802158546044,33.03055404206507,31.869156979293667,31.879812240600586,378400
2006-11-28,31.87980833930348,32.034306560922126,31.61343293607811,31.84251594543457,351600
2006-11-29,31.95437813923015,32.25271918253124,31.901103896485928,32.17280578613281,573300
2006-11-30,32.23142890888016,32.82278272311752,32.20479177078404,32.64164733886719,542900
2006-12-01,32.65760894167243,32.92398422183661,32.29533839806657,32.68424606323242,341000
2006-12-04,32.849415460540015,33.44076919555664,32.849415460540015,33.44076919555664,672000
2006-12-05,33.50469030715181,33.57394846534981,33.24897022182375,33.32355499267578,370800
2006-12-06,33.312900693861344,33.32355595175867,32.854734765689486,33.04119873046875,346500
2006-12-07,33.296924272659005,33.296924272659005,32.78548400357888,32.854740142822266,191200
2006-12-08,32.81211937614441,33.06251288357155,32.65762116806031,32.966617584228516,153000
2006-12-11,32.924018037297564,33.27563368695891,32.924018037297564,33.13711929321289,172600
2006-12-12,33.15308680402463,33.291603170007086,32.939987672773384,33.16374206542969,217300
2006-12-13,33.264954492258816,33.44076320676607,32.742859026340895,32.94530487060547,350800
2006-12-14,32.94530244626797,33.163730145857016,32.870717675522826,32.97726821899414,198600
2006-12-15,33.11047183524168,33.11047183524168,32.38593022945899,32.524444580078125,412200
2006-12-18,32.53507325093662,32.60965799663925,31.890445626184547,31.9437198638916,418100
2006-12-19,31.911776423435004,31.911776423435004,31.432299850096527,31.645401000976562,734400
2006-12-20,31.301784343178873,31.951443535173,31.1299736816291,31.6829891204834,386000
2006-12-21,31.688356336439078,31.838690138935014,31.360841654020554,31.3823184967041,613200
2006-12-22,31.40915542603661,31.414523611250896,30.64674614068463,30.845401763916016,691700
2006-12-26,30.872248955598263,31.119226455688473,30.872248955598263,31.119226455688477,307500
2006-12-27,31.113864601093223,31.452117710218587,31.03332746382474,31.210508346557617,240300
2006-12-28,31.1138634515261,31.409162863692618,31.006481288517072,31.301780700683594,354700
2006-12-29,31.32325415989633,31.677613825852983,31.231978614346183,31.468219757080078,328500
2007-01-03,31.570236853839617,31.806478035331125,31.054804900276448,31.3662109375,720800
2007-01-04,31.35546945889964,31.366205830724414,30.915204480893188,31.129966735839844,419300
2007-01-05,30.968885745250336,30.979624162172296,30.287011631782804,30.469560623168945,401900
2007-01-08,30.340708499327988,30.711176798042384,30.077624394010297,30.378293991088867,1571000
2007-01-09,30.383659378638885,30.818556105197356,30.34607593848315,30.754125595092773,420500
2007-01-10,30.75412440352587,31.285664826502835,30.593052230792907,31.205127716064453,396800
2007-01-11,31.37693986905562,32.04270747715065,31.37693986905562,31.661502838134766,388500
2007-01-12,31.661509079969093,31.924593215830665,31.64003223879631,31.806474685668945,195200
2007-01-16,31.994388117822755,32.27894906099067,31.97291127920599,32.16619873046875,297900
2007-01-17,32.080294656008576,32.40243905505393,31.774256862472242,32.085662841796875,272900
2007-01-18,32.08030199066142,32.16620731992401,31.758157517962825,31.865537643432617,224000
2007-01-19,31.747402022683673,32.24135688826864,31.69908017295093,32.21451187133789,269900
2007-01-22,32.08565933466956,32.230624912837726,31.538014325781685,31.607810974121094,405700
2007-01-23,31.500419522473972,32.1071266780456,31.1782752538951,31.924577713012695,874900
2007-01-24,31.86552822759917,32.56351112577593,31.78499315729385,32.50981903076172,993400
2007-01-25,32.57424263295225,32.73531684580079,32.34874201199421,32.54739761352539,1061800
2007-01-26,32.5151915006443,32.62794183571282,32.096401323306154,32.40243911743164,836600
2007-01-29,32.45075956241342,32.53666486844198,32.214520482870896,32.52592849731445,405000
2007-01-30,32.63332502330728,32.63332502330728,32.20916851332657,32.477622985839844,479300
2007-01-31,32.429291125061724,32.74069715236711,32.34875398881933,32.6708984375,689600
2007-02-01,32.69774737699066,32.99304681312124,32.42929297175476,32.96620178222656,463400
2007-02-02,32.95007857173535,33.07893753051758,32.751422973083756,33.07893753051758,305400
2007-02-05,33.07893852570474,33.07893852570474,32.89101929049972,33.052093505859375,509800
2007-02-06,33.05746035720571,33.34202124274762,32.950078234011755,33.229270935058594,567200
2007-02-07,33.22927545010379,34.73262128279988,33.16484698669062,34.695037841796875,1161900
2007-02-08,34.496376479625035,34.764830771295266,34.362149333789915,34.73798370361328,695500
2007-02-09,34.737993911142155,35.00108214361265,33.793035427976385,34.75410461425781,1076700
2007-02-12,34.7541066261674,34.7541066261674,34.045385162584914,34.12055206298828,579200
2007-02-13,34.24939576709295,34.82925796508789,33.87892756899279,34.82925796508789,415200
2007-02-14,34.63061886143898,35.103097147985196,34.211830637590644,34.35679626464844,1815900
2007-02-15,34.426576624258544,34.743350692636234,34.109798459593826,34.45878982543945,456900
2007-02-16,34.35678564008653,34.512487593018626,33.809138567716325,34.437320709228516,326200
2007-02-20,34.3514070234446,34.59838650038128,33.87892695016894,34.410465240478516,913100
2007-02-21,34.38364638009212,34.555457063903425,33.938011010856926,34.27626419067383,356300
2007-02-22,34.28699063896005,34.32457408490789,33.911154131337476,34.13128662109375,370800
2007-02-23,34.07760417040442,34.07760417040442,33.320562800366325,33.508480072021484,397000
2007-02-26,33.43867121456789,33.44404144821287,32.36485387770296,33.0145149230957,678900
2007-02-27,32.57963740966578,32.70312623057485,31.785012356764813,32.042728424072266,620200
2007-02-28,32.171559867119626,32.23599036885291,31.473579150157942,31.570222854614258,1043300
2007-03-01,31.01720909682804,31.409152116781573,30.496407115724992,31.37156867980957,5688300
2007-03-02,31.371580572950105,31.371580572950105,31.113864601093223,31.210508346557617,1294000
2007-03-05,30.496417539004685,30.974266013665734,30.179641284725143,30.308500289916992,1323200
2007-03-06,30.555478860468586,31.129971096342242,30.399774821324836,30.94742202758789,1205400
2007-03-07,30.947415505676975,31.054797649633958,30.437351857989334,30.560840606689453,841800
2007-03-08,30.79171076244801,31.23197569880571,30.732652530421873,30.829294204711914,773500
2007-03-09,31.12459460188185,31.25882176225133,30.89372372219482,31.19439125061035,409000
2007-03-12,31.01720163677301,31.462834588607617,30.899081121474175,31.35008430480957,434500
2007-03-13,31.231979177184392,31.231979177184392,30.496414806198516,30.587690353393555,644400
2007-03-14,30.55009502517101,30.84539429591583,30.383652649810674,30.770227432250977,933900
2007-03-15,30.77023818788471,31.46284885099876,30.77023818788471,31.38768196105957,836400
2007-03-16,31.414535481319486,31.457489171839644,31.07091414973701,31.3930606842041,968800
2007-03-19,31.521914631299467,31.650773642336308,31.25346023577184,31.47359275817871,822400
2007-03-20,31.409164682286143,31.640035629272457,31.140710283292247,31.64003562927246,794200
2007-03-21,31.61318536251383,31.989021868479682,31.382314453769556,31.795734405517578,783400
2007-03-22,31.59707314297976,32.68162885865881,31.52190625989752,31.70982551574707,690800
2007-03-23,31.92458103021731,32.04270156343672,31.677603595434473,31.72592544555664,436100
2007-03-26,31.784994144719615,31.86016103193063,31.226608628089117,31.446741104125977,654300
2007-03-27,31.425254433080752,31.425254433080752,30.888345923111732,31.16217041015625,770400
2007-03-28,31.16217129241661,31.67223480095673,30.872240197270415,31.23196792602539,763900
2007-03-29,31.473588801782952,31.73667497751229,31.060168838862133,31.17828941345215,626500
2007-03-30,31.248073770168613,31.61317169837003,31.06015457433781,31.564849853515625,829900
2007-04-02,31.564852752379917,31.967534147100434,31.500422254561325,31.929950714111328,573500
2007-04-03,32.1357155567928,32.579713494905945,32.10864291481228,32.422691345214844,843900
2007-04-04,32.43894539916296,32.482263293271224,32.04909261423213,32.25484848022461,793300
2007-04-05,32.27108447917102,32.3685476537234,32.21152548628717,32.26567077636719,322600
2007-04-09,32.24940899899512,32.34687211732474,32.10862802118156,32.27648162841797,286600
2007-04-10,32.341474705522465,32.52557158178344,32.216938887097456,32.411865234375,252000
2007-04-11,32.43352254705842,32.855861567935975,32.11406039740456,32.35230255126953,1684800
2007-04-12,32.352298939449966,32.352298939449966,31.962446308002995,32.16278839111328,572700
2007-04-13,32.14654363965242,32.85044262832561,32.14654363965242,32.73673629760742,755500
2007-04-16,32.86667922735112,32.94789712844304,32.63926456017273,32.84502029418945,421800
2007-04-17,32.83961081595147,33.57058234730994,32.57429401438228,33.50560760498047,1179400
2007-04-18,33.43521754676442,33.6355575431958,33.218632315399255,33.343170166015625,1402100
2007-04-19,33.29984379654607,33.343161657969794,32.89916184041394,33.191551208496094,711900
2007-04-20,33.348585845904864,33.64638900756836,33.348585845904864,33.64638900756836,560800
2007-04-23,33.646387374493735,34.01999679935589,33.456876844136026,33.9333610534668,1078100
2007-04-24,33.982101523659054,34.00917623409198,33.402738247173346,33.63556671142578,513900
2007-04-25,33.835904265112575,33.895463249706275,33.23488212753414,33.597660064697266,581600
2007-04-26,33.57058689255257,33.73844057059897,33.35400163478368,33.543514251708984,312200
2007-04-27,33.381065955199794,33.73301430768402,33.31067545849917,33.60847854614258,551900
2007-04-30,34.01458691272424,34.01458691272424,32.98039627075195,32.98039627075195,508800
2007-05-01,33.02911279601963,33.061601191533484,32.53638349102725,32.83418655395508,832900
2007-05-02,32.75296639773774,33.159062018777334,32.547210704735114,33.083255767822266,702500
2007-05-03,33.104924232219474,33.41355682786747,32.99121792129858,32.99663162231445,464000
2007-05-04,33.110350778214446,33.110350778214446,32.4660106755373,32.56888961791992,625600
2007-05-07,32.623046071076196,32.79631353642028,32.56890076272284,32.7584114074707,419200
2007-05-08,32.62304833791693,32.62304833791693,32.363147121841344,32.482269287109375,385800
2007-05-09,32.48225844600962,33.0670354706299,32.319818432855115,32.866695404052734,406000
2007-05-10,32.73132770689286,32.89376564264334,32.244011834131015,32.26567077636719,281100
2007-05-11,32.368539200538066,32.80712337148556,32.368539200538066,32.704246520996094,319800
2007-05-14,32.704236196030294,32.866674038076596,32.27106586322786,32.27648162841797,358400
2007-05-15,32.200686006368635,32.43351439926242,31.697127116203905,31.735029220581055,628400
2007-05-16,31.870394517630892,31.946198726500345,31.096105129018998,31.258543014526367,612200
2007-05-17,31.13942302417143,31.247715643613162,30.72249984741211,30.72249984741211,578000
2007-05-18,30.760396946095785,30.798299046902827,30.083570766670675,30.197277069091797,757700
2007-05-21,30.246010107454765,30.84703211449271,30.126888033120128,30.359716415405273,656800
2007-05-22,30.538405527852237,30.819963469863946,30.321820271140062,30.646696090698242,1091100
2007-05-23,30.80912667750414,31.04195503459128,30.327224731445312,30.327224731445312,606300
2007-05-24,30.327226293120926,30.34888522640933,29.590841150901227,29.866985321044922,984900
2007-05-25,29.872407594900295,30.28933288556532,29.444654899993207,29.628751754760742,979500
2007-05-29,29.93738333592018,30.73874547915126,29.93196756848391,30.516746520996094,1065100
2007-05-30,30.484261291288966,31.458890914916992,30.419286533849842,31.458890914916992,854100
2007-05-31,31.62132588787548,31.8541543027142,31.18274169737487,31.32352066040039,1185900
2007-06-01,31.361427422597078,31.78376850537184,31.323525309022585,31.778352737426758,1174400
2007-06-04,31.837898087559605,32.368529481376186,31.772923362839624,32.1573600769043,742600
2007-06-05,32.15736785507472,32.36853731062392,31.55634582589022,31.621322631835938,616200
2007-06-06,31.437226278103836,31.881224131090864,31.17732524700239,31.805419921875,736700
2007-06-07,31.67005256182419,31.67005256182419,30.825372717904248,30.998640060424805,918100
2007-06-08,31.12860863079858,31.32894871791269,30.727926391059583,31.301876068115234,471600
2007-06-11,31.10694242081235,31.112356123303346,30.430116006371307,30.435529708862305,705800
2007-06-12,30.435515168824804,30.435515168824804,29.737030147088234,29.76410484313965,543500
2007-06-13,29.921134170197174,30.48425411004154,29.861575194789435,30.446352005004883,483600
2007-06-14,30.424701994484884,30.641287285811448,30.137728239161042,30.278507232666016,513500
2007-06-15,30.484243052477066,30.847022867606395,30.381366242624093,30.50048828125,458300
2007-06-18,30.50591011509359,30.576300617188885,29.715377620978998,29.73162078857422,517700
2007-06-19,29.677462932694308,29.90487544461495,29.390487345330836,29.89946174621582,495500
2007-06-20,29.980691591277036,29.980691591277036,29.206402283855375,29.21723175048828,898300
2007-06-21,29.092690955817925,29.444641331293735,28.56205957554567,29.298446655273438,642500
2007-06-22,29.2768034786802,29.314705592985785,28.865293923857983,29.04939079284668,858000
2007-06-25,29.119772194318568,29.287625849488887,28.356312259721644,28.45377540588379,990200
2007-06-26,28.562069205600263,28.589141843878,27.982706071315135,28.24260711669922,961800
2007-06-27,28.01519422137144,29.038555223721595,27.901485836824847,28.995237350463867,1186200
2007-06-28,28.95192409910449,29.374263073109482,28.692023033139108,28.9031925201416,642200
2007-06-29,29.016904617494006,29.477145792682663,28.68119926540922,28.816564559936523,1067300
2007-07-02,29.88866129368879,30.30017093321997,29.19017578825685,30.213537216186523,924600
2007-07-03,30.344653926921364,30.51402318292885,29.84200464090181,29.978593826293945,561300
2007-07-05,30.251757608222103,30.86367836429479,30.23536758081849,30.44844627380371,610900
2007-07-06,30.524951794227704,30.699785791818893,29.902105417285888,30.661540985107422,485300
2007-07-09,30.66153098932034,30.8582196935355,30.371962665995223,30.819974899291992,450600
2007-07-10,30.65060383575917,30.683385981434142,29.65623500965318,29.765506744384766,548100
2007-07-11,29.667163219726476,29.76550757531177,29.191833557187604,29.57974624633789,510600
2007-07-12,29.79829770574124,30.317337036132816,29.57975417162302,30.317337036132812,483000
2007-07-13,30.361038316953017,31.065838882731644,30.251766572119983,30.87461280822754,670200
2007-07-16,30.847301487107416,31.25706904804408,30.841838836669922,30.841838836669922,615500
2007-07-17,30.923778952747178,30.962023743345426,30.142488943351935,30.229907989501953,1222100
2007-07-18,30.005915603326756,30.612372007993635,29.51419571502979,30.574127197265625,1331700
2007-07-19,30.688864159657335,30.885552964866893,30.519494865093804,30.78174591064453,1057500
2007-07-20,30.63968015224914,30.776269306813337,30.02229659004715,30.43752670288086,1034600
2007-07-23,30.508564744504625,30.688861410337136,30.290021184031307,30.459392547607422,1255400
2007-07-24,30.26815842967284,30.77627026724301,29.951270580785998,30.115177154541016,1674700
2007-07-25,30.32279325952946,30.814515064979677,29.847463570384356,30.115177154541016,1937700
2007-07-26,29.634396985417215,29.978600306393925,28.9077413616499,29.923965454101562,1506400
2007-07-27,29.44862188939835,30.41567124768345,28.792993545532227,28.792993545532227,1373600
2007-07-30,28.831232642993307,29.169973088104427,28.481564817822516,29.055238723754883,983800
2007-07-31,29.28472015787216,30.011375615720713,28.94597956579563,29.109886169433594,946900
2007-08-01,28.738359408597635,29.10441945363484,28.028096169256866,28.995147705078125,1101200
2007-08-02,28.99515103936074,29.465018153257066,28.432404283230973,28.77114486694336,1571200
2007-08-03,28.80391525557979,28.896794859876564,27.743982315063473,27.743982315063477,1079700
2007-08-06,27.44350471296337,28.42694664001465,27.159398896848824,28.42694664001465,1322800
2007-08-07,28.34498935656227,29.31204107405454,28.11551843306608,28.754756927490234,1159000
2007-08-08,28.284900278406333,30.126122663645887,28.284900278406333,29.432249069213867,1130400
2007-08-09,27.31782968045975,29.45954652699899,27.31236703156506,28.96782684326172,1625900
2007-08-10,28.410549051425285,28.93505099524709,27.951609329534843,28.159225463867188,1379700
2007-08-13,27.798627713012863,28.181077795545843,27.558229446411133,27.558229446411133,1128100
2007-08-14,27.50905861821692,27.738529512714155,27.08290106524611,27.203100204467773,1511400
2007-08-15,27.148461722132023,27.82048016474663,26.656741977972324,26.79879379272461,1981200
2007-08-16,26.27976165454376,27.580091442314522,26.27976165454376,27.454429626464844,2681400
2007-08-17,28.186550899259966,29.098965868273815,27.645656682979226,28.131916046142578,1900800
2007-08-20,28.137373608361308,29.164524917830757,28.137373608361308,28.858564376831055,962900
2007-08-21,28.90228592437527,29.503277786348495,28.700132335224872,29.437715530395508,902200
2007-08-22,29.6562402797407,30.04961776100591,29.393989320292345,29.66716766357422,505400
2007-08-23,29.814685405352495,30.01683680385263,29.16998432282028,29.328428268432617,546200
2007-08-24,29.06617027644517,29.530572532633357,28.956898544346497,29.295639038085938,606700
2007-08-27,29.312038679345683,29.541507499909294,28.984223398873485,29.038860321044922,583900
2007-08-28,28.79300008511793,29.03339629598844,28.48703956604004,28.48703956604004,771000
2007-08-29,28.68372640150234,29.257400512695312,28.552599878053904,29.257400512695312,482700
2007-08-30,29.07164491471297,29.683566033156243,29.044327491468454,29.503267288208008,520100
2007-08-31,29.896640642982675,30.350115640714183,29.525117903446127,30.038692474365234,638300
2007-09-04,29.989504577486983,30.9674831026614,29.770963252585304,30.7325496673584,706700
2007-09-05,30.470307245009288,30.535869452174246,29.689017155328152,29.765506744384766,583700
2007-09-06,29.896638866842704,30.016835921891577,29.607068402704307,29.902101516723633,720000
2007-09-07,29.503266312449828,29.699955088002543,29.257405343008934,29.443166732788086,399100
2007-09-10,30.191665645816677,30.191665645816677,29.022462822490844,29.279251098632812,792900
2007-09-11,29.43223799909291,29.57429192345782,29.20276916091432,29.40492057800293,634600
2007-09-12,29.39398944107904,29.73819473860052,29.23008285127346,29.53057861328125,714300
2007-09-13,29.727261035815584,30.623285481531074,29.410375307440923,30.34464454650879,822200
2007-09-14,30.05507969621463,30.645145904082526,29.86385569413817,30.481239318847656,517100
2007-09-17,30.344657375610282,30.59598100509036,30.087869010949532,30.503101348876953,419300
2007-09-18,30.721632862806334,31.912690475497765,30.546798909033754,31.17510986328125,1181100
2007-09-19,31.442835801249284,32.50276940729315,31.35541879000519,32.26237106323242,1102700
2007-09-20,32.164017770211,32.22958207365195,31.45375448975033,31.57395362854004,498900
2007-09-21,31.841658630860135,32.02741993868277,31.524772919977284,31.639507293701172,984400
2007-09-24,31.66136900109761,32.48090399465052,31.66136900109761,32.45358657836914,624400
2007-09-25,32.26236598807302,32.3716377559852,31.787036194468502,31.96733283996582,529200
2007-09-26,32.098464374380214,32.202271423752116,31.78157640653027,32.01104736328125,528500
2007-09-27,32.136698461552896,32.45358632364844,31.86352013251271,32.34431457519531,525200
2007-09-28,32.398938815438854,32.781388767901284,32.164005362534134,32.677581787109375,1142200
2007-10-01,32.76499931558999,33.56814193725586,32.655727600941994,33.56814193725586,885700
2007-10-02,34.27296029224228,34.824781802886484,33.99978190437089,34.29481506347656,1177200
2007-10-03,34.31132086131379,34.6968417453348,34.06899446894734,34.592201232910156,610300
2007-10-04,34.696846746723345,35.0768590738086,34.34987769099848,35.038307189941406,661800
2007-10-05,35.2200440282849,35.83136749267578,34.999745808038426,35.83136749267578,639400
2007-10-08,35.69369779238332,35.7267452715796,35.198029723769196,35.247596740722656,343500
2007-10-09,35.34121992050518,35.91399383544922,35.10990859000106,35.91399383544922,513700
2007-10-10,35.92499833196328,36.45371155798675,35.68266986101282,36.25544357299805,732000
2007-10-11,36.39314595320978,36.75663462272496,36.10125245448852,36.431697845458984,657400
2007-10-12,36.59140774950825,36.82271906331319,36.07370739798639,36.09022903442383,473400
2007-10-15,36.194862580481704,36.48124734445781,35.511941834200734,35.671653747558594,790400
2007-10-16,35.42384277107888,35.67718442718139,34.58120538838442,34.84005355834961,1125800
2007-10-17,35.38527574255164,35.79282482361598,34.62524899826723,34.8069953918457,1064600
2007-10-18,34.75192900929246,35.66616563077907,34.53163277475983,35.21455383300781,1142700
2007-10-19,35.18702172444255,35.31919906247594,34.14611625851579,34.1516227722168,790000
2007-10-22,33.74405438530902,34.69133387446479,33.4962193909462,34.55915451049805,748500
2007-10-23,34.575684048834034,35.49542489264281,34.575684048834034,35.18150329589844,987000
2007-10-24,35.09889271950083,35.13744460709977,34.322344253561624,34.93367004394531,921400
2007-10-25,35.264129636353026,35.638635639345985,34.718894376736415,35.253116607666016,995800
2007-10-26,35.622095901429105,35.80384229626542,35.25309870113005,35.68818664550781,828600
2007-10-29,35.69369237095542,35.77079614096737,35.06033847377143,35.220054626464844,573900
2007-10-30,35.04933382209232,35.71573329165307,35.04933382209232,35.418331146240234,543400
2007-10-31,35.522965236928606,35.99109649658203,35.16498102595579,35.99109649658203,805100
2007-11-01,35.572529425377745,35.71572394722499,34.20668756139638,34.23973083496094,1210400
2007-11-02,34.30582597336641,34.779465896983034,32.98404023773494,33.562320709228516,2167800
2007-11-05,33.14375786868274,33.644934579387595,33.14375786868274,33.336517333984375,1056800
2007-11-06,33.61188530083987,33.81566197014779,33.050126508788466,33.7220344543457,1314300
2007-11-07,33.347523840652876,33.67797125407861,33.14374930130505,33.27042007446289,988700
2007-11-08,33.42462931944536,33.75507674980247,33.0115716071891,33.66695785522461,1264800
2007-11-09,33.34753819271528,33.86523873294673,32.939988938619194,33.45768737792969,954000
2007-11-12,33.633915226034844,34.11306162308703,33.275931005837485,33.87073516845703,983100
2007-11-13,34.16813393590993,35.016279596236515,34.063491305827476,34.999755859375,1016600
2007-11-14,35.13745014322288,35.6110921960358,34.592215017892464,34.81801986694336,910400
2007-11-15,34.68032757740158,35.06584644349045,34.311328247247616,34.60873031616211,1008300
2007-11-16,34.7519332086866,34.88961915975259,33.76059478119568,34.04698181152344,1286600
2007-11-19,33.760598180667905,33.91480789001593,33.34203377168579,33.57334518432617,954200
2007-11-20,33.50175547276282,34.223228702367734,31.987209610903843,32.598533630371094,1078200
2007-11-21,32.218508108754115,32.394745933753995,31.728346526665668,32.064300537109375,1469700
2007-11-23,32.246053498754286,32.76926060080003,32.20199508118179,32.637081146240234,297500
2007-11-26,32.5104051294521,32.5104051294521,30.957307815551758,30.957307815551758,1278800
2007-11-27,31.078456673087235,31.392380308094598,30.604816914747765,31.35382843017578,1658900
2007-11-28,31.64022366871084,32.488369408836526,31.612686905910984,32.08081817626953,1424100
2007-11-29,31.88805914785948,32.93447085421976,31.62920895217082,32.69765090942383,1359100
2007-11-30,33.02809890598865,33.8542144195878,32.576489259961406,33.6834831237793,1294900
2007-12-03,33.507237580235454,33.58434134089083,32.928957274400226,33.43013381958008,540300
2007-12-04,33.14376327498223,33.19883681664594,32.19097671793768,32.21851348876953,811900
2007-12-05,32.73070249642728,33.3750717004062,32.62606193621176,33.29246139526367,572000
2007-12-06,33.18230884756413,34.27278115177196,32.92896724274142,34.16263198852539,605800
2007-12-07,34.42147739509598,34.955699396562345,34.11306020130463,34.60873031616211,741200
2007-12-10,34.76844581282593,35.423829973605955,34.360894603830815,35.29165267944336,547400
2007-12-11,35.247597167962674,35.39629611970497,33.43564987182617,33.43564987182617,723900
2007-12-12,34.45452291496549,34.81801363375315,33.20433459859515,33.56782531738281,933800
2007-12-13,33.35303609346844,33.53478040490758,32.6480827951013,33.28694534301758,683500
2007-12-14,33.22635900645283,33.45216377537783,31.612680255018176,31.629201889038086,922100
2007-12-17,31.68978810524721,31.695294616991283,30.825120797936545,30.962806701660156,599700
2007-12-18,31.44746958713554,31.645737687799535,29.894372266495356,30.560773849487305,1092100
2007-12-19,30.666365864132395,30.955356878976616,30.366259565637602,30.560773849487305,1631900
2007-12-20,30.677484512329105,31.09429815483351,30.416280617952054,30.6774845123291,970100
2007-12-21,30.966473247242696,31.638932031478845,30.49964191768544,31.444419860839844,958000
2007-12-24,31.577792108722615,32.60593127681507,31.55556154551485,32.594818115234375,243400
2007-12-26,32.52256973920599,32.589259308589526,31.4444128674089,31.700057983398438,414800
2007-12-27,31.538879443137944,31.81119845395908,31.26100385333056,31.388826370239258,567400
2007-12-28,31.538896258439976,31.755638994844855,30.849763495489213,31.094295501708984,411000
2007-12-31,30.994256289375016,32.02795424781936,30.905336148864933,31.989051818847656,496300
2008-01-02,31.944590103356717,32.189119955273824,30.855317872057785,31.361051559448242,725000
2008-01-03,31.305472439097624,31.46108212813241,29.238076878958857,29.410358428955078,1272400
2008-01-04,29.188057602393453,29.288093002814747,28.126572737943373,28.359987258911133,1545200
2008-01-07,28.42667247492192,28.86571427690647,27.837575486405388,28.515592575073242,1298800
2008-01-08,28.582287240041133,29.693789751044022,28.065438402822966,28.109899520874023,1220700
2008-01-09,28.14324296382438,28.148801663537732,26.159211170712734,27.83202362060547,1665000
2008-01-10,27.64307550895255,29.082471716636647,27.292951534104166,28.543392181396484,1547400
2008-01-11,28.371111239402644,29.11026168918499,27.715324355543743,28.610084533691406,966300
2008-01-14,28.960200794015446,29.138041041714313,28.209935261514307,28.871280670166016,1038000
2008-01-15,28.46558135992856,28.79903128132418,28.03209391808678,28.26551055908203,1118400
2008-01-16,27.99874937293252,29.477047655599005,27.99874937293252,29.021331787109375,1613400
2008-01-17,29.149168808971005,29.365911571199725,27.60417808022023,27.876497268676758,1399000
2008-01-18,28.093231684269337,28.637867779344457,27.137340757413714,27.41521644592285,1691100
2008-01-22,26.281474781674078,27.893151991185565,26.27591608245617,27.46522331237793,1772400
2008-01-23,26.74275987060435,30.34958780700428,26.631609153730924,30.093942642211914,1966500
2008-01-24,30.277326955258257,30.544087293011135,28.904620729716946,29.44925880432129,1272500
2008-01-25,29.721576412115493,30.088372150050223,28.79902942761161,29.182497024536133,1162300
2008-01-28,29.265869933135672,30.69415092468262,28.79903865169465,30.694150924682617,985500
2008-01-29,30.927558510421107,30.98313278848999,29.293648446913043,29.549293518066406,1100800
2008-01-30,29.638221953995966,29.638221953995966,27.18179976516308,27.41521644592285,2600000
2008-01-31,27.076209857487957,28.35443769932656,26.859467142918277,28.10434913635254,3334300
2008-02-01,28.276628046059972,29.254749446510793,27.826468709021334,29.121370315551758,1190700
2008-02-04,29.121366365845464,29.338109014274572,28.232163093287177,28.899065017700195,1945300
2008-02-05,28.29330568758395,28.460030695355236,27.376314964806628,27.404104232788086,1848600
2008-02-06,27.493024055152695,28.004314355645445,27.015077483808234,27.576385498046875,1556700
2008-02-07,27.526359803476826,28.43223496977596,26.970608531886192,28.421119689941406,1451300
2008-02-08,28.298855272601575,28.365546955240138,27.6319554063997,27.826467514038086,1359900
2008-02-11,27.82091611356903,27.98208240989431,27.23181886072054,27.30962371826172,1406300
2008-02-12,27.404107147026398,28.493379574993835,27.387433160459658,28.38222885131836,806000
2008-02-13,28.72678660870759,28.89351371025088,27.765337024584262,28.343318939208984,1050200
2008-02-14,28.493370977017715,28.493370977017715,27.737548828125,27.737548828125,868200
2008-02-15,27.609730711816923,28.198827980153133,27.342970284652438,28.10434913635254,1069300
2008-02-19,28.382217364528326,28.510039903014754,27.426324495819387,27.55970573425293,786800
2008-02-20,27.38187039760809,27.49302109619445,26.681622480530272,27.43744468688965,1322700
2008-02-21,27.648629208518354,27.95985072261653,27.026188300345115,27.098434448242188,1091000
2008-02-22,27.120669811555754,27.40410423278809,26.526015941156615,27.404104232788086,996200
2008-02-25,27.437441396314217,28.365547180175785,26.931707792421033,28.36554718017578,1130900
2008-02-26,28.19326259460459,29.182499209144883,28.009865771919475,29.010217666625977,1060500
2008-02-27,28.826833619888895,29.282549742075414,28.526729380417198,28.882410049438477,471800
2008-02-28,28.6712157344608,28.87684316547867,28.259958752401648,28.46002960205078,620000
2008-02-29,28.10990515452791,28.465585690128997,27.832029471086663,27.887603759765625,955200
2008-03-03,28.00430856722298,28.00430856722298,27.198468732336877,27.948734283447266,969800
2008-03-04,27.459671513262055,27.693088160526983,26.676062268913633,27.28738784790039,1385800
2008-03-05,27.39296837847841,27.74308999586248,27.048401218481846,27.381853103637695,935200
2008-03-06,27.176246439305043,27.387430461450332,25.92024698959028,25.986936569213867,963500
2008-03-07,25.803528316179012,26.698288084975328,25.42561733159395,26.492658615112305,1097900
2008-03-10,26.58715438146013,26.709420401533027,26.14811014576558,26.476003646850586,1208300
2008-03-11,26.73162295008898,27.843124979115913,26.498208541603823,27.79866600036621,1305600
2008-03-12,27.78201176326631,28.765689817027898,27.44855967112288,27.887603759765625,1167500
2008-03-13,27.598609370164077,28.065440545222156,26.74831056274588,27.75421905517578,1023800
2008-03-14,27.926508888791677,28.098792592408575,26.681624773675036,27.5263671875,1360300
2008-03-17,26.926153659751552,27.770895976452277,26.815002964391923,27.687532424926758,1147600
2008-03-18,28.265523019262407,28.949097143476774,27.85982465871358,28.83238983154297,1345300
2008-03-19,28.921301521117233,29.51039661074839,28.732345972361927,29.17694664001465,1522500
2008-03-20,29.315874986603962,30.899765014648438,29.054671251444077,30.899765014648438,1694700
2008-03-24,31.033163341479185,31.666719701999842,30.972030338266894,31.366613388061523,1309700
2008-03-25,31.26656994226382,31.499986611109048,30.532978331647087,30.92200469970703,1219800
2008-03-26,30.82197882141464,30.82197882141464,30.17730714236677,30.2884578704834,1198100
2008-03-27,30.41071885416196,30.760840727794875,30.082825426457237,30.188417434692383,1133700
2008-03-28,30.17730215171656,30.571885157252773,29.738258014277047,30.188417434692383,1057200
2008-03-31,30.305109558777005,30.799727743525263,29.849393784962494,30.243976593017578,1301100
2008-04-01,30.582992223869226,31.827876022408887,30.482956823985553,31.80008888244629,1228400
2008-04-02,32.035648008363786,32.035648008363786,30.734480378939814,30.953210830688477,1323600
2008-04-03,30.69521073894538,31.844948709392284,30.69521073894538,31.704736709594727,1266300
2008-04-04,31.615008205759178,31.867390289890842,31.065377300020117,31.188764572143555,973700
2008-04-07,31.441146458794087,31.480405656138448,30.549397860107135,30.936382293701172,613400
2008-04-08,30.77934349156056,30.784951031043434,30.240927704181644,30.358707427978516,1210400
2008-04-09,30.35870376954778,30.639127778142807,29.792246074085206,30.061452865600586,763800
2008-04-10,30.00538826856954,30.84666083684719,29.797874967445082,30.53819465637207,808700
2008-04-11,30.12877108081596,30.510148092431336,29.758611291832384,30.08951187133789,769300
2008-04-14,30.11755095767708,30.274587780465744,29.60717914414766,29.685697555541992,637500
2008-04-15,29.954908011946962,30.190465413571975,29.663266635369876,30.00538444519043,899300
2008-04-16,30.577435650160837,32.24315502735165,29.623993546390583,32.187068939208984,2424400
2008-04-17,31.97956093951693,32.276809766670986,31.665485213462897,32.243160247802734,919900
2008-04-18,32.57966959364677,32.916177632762114,31.945910575864733,32.07490539550781,889500
2008-04-21,31.850574139124554,32.310469554743705,31.71036206998539,32.20390701293945,735700
2008-04-22,32.07489890238916,32.4674929615258,31.81690931532942,32.187068939208984,809000
2008-04-23,32.33290441116354,33.28634478188253,32.33290441116354,32.94422912597656,881700
2008-04-24,33.41533862027849,33.41533862027849,32.47872096225641,33.40412139892578,1221100
2008-04-25,33.43216560615575,33.51629156269698,32.910576545628,33.3704719543457,810900
2008-04-28,33.32560109671538,33.47142283591629,32.93300904378885,33.08443832397461,620200
2008-04-29,33.09004567867158,33.095653219624865,32.65258474246409,32.848880767822266,700400
2008-04-30,32.98348456312795,33.19660534614897,32.38898468017578,32.38898468017578,786000
2008-05-01,32.30485485394684,32.64136505126953,31.783265866642825,32.64136505126953,1427500
2008-05-02,33.24708870008971,33.25269838155551,32.59089717338792,32.781585693359375,1002200
2008-05-05,32.34410556190513,33.14611843328871,32.34410556190513,33.09003448486328,739600
2008-05-06,32.86569856518705,33.48824031291591,32.46188937867392,33.33681106567383,928600
2008-05-07,33.325600653307696,33.49946437405201,32.52919719714886,32.60771560668945,871000
2008-05-08,32.6694043133469,32.8544852273876,32.18707456829454,32.495540618896484,743000
2008-05-09,32.29364642077057,32.37777238281964,31.687929224578085,31.957136154174805,705900
2008-05-12,31.98517162028818,32.70866629952092,31.98517162028818,32.64697265625,558300
2008-05-13,32.60211618757228,32.899365137587964,32.26560588353936,32.79280471801758,497200
2008-05-14,32.921791499313244,33.53311615504262,32.921791499313244,33.43777084350586,491500
2008-05-15,33.30877165907164,33.65088937671614,32.97787116128863,33.510677337646484,653600
2008-05-16,33.42655280701102,33.58919930307033,33.140521158308566,33.26951599121094,664800
2008-05-19,33.34243692283261,33.746246305276195,33.13492361939168,33.4770393371582,824400
2008-05-20,33.44338469766901,33.56116232709007,32.6806306680473,32.82084274291992,572900
2008-05-21,33.07321944816872,33.297557447267,31.929088592529297,31.929088592529297,701700
2008-05-22,31.867396666906224,32.51237299547999,31.75522659157171,31.973957061767578,1027000
2008-05-23,31.85618545465793,31.979572774747837,31.52528484670769,31.654279708862305,574900
2008-05-27,31.687912235664392,32.540401458740234,31.687912235664392,32.540401458740234,516400
2008-05-28,32.804009098164286,32.927394235813296,32.45628170619788,32.7367057800293,633200
2008-05-29,32.86569931352308,33.2975526270912,32.6918377637968,33.20220947265625,717600
2008-05-30,33.35363212829771,33.35363212829771,32.76474000112338,33.05638122558594,674700
2008-06-02,32.98910079077007,32.98910079077007,32.48994608622797,32.79280471801758,775200
2008-06-03,33.090045864959464,33.11808784881618,32.59089127812467,33.08443832397461,1014300
2008-06-04,33.078824476345275,33.084434156089664,32.310463090242784,32.57966995239258,953900
2008-06-05,32.65258054253374,33.07882420254296,32.52919326277,32.89374542236328,1042800
2008-06-06,32.66380517313606,32.921794871659564,31.446763277939365,31.54771614074707,966800
2008-06-09,31.687908203205986,31.912248232112056,30.712031858769166,30.751293182373047,867400
2008-06-10,30.319457733220403,31.026125600094133,30.17363598738742,30.919565200805664,1024800
2008-06-11,30.82421015355965,31.037333024325314,30.38674933308887,30.392356872558594,767900
2008-06-12,30.67838916805963,31.093415532440154,30.117541110652567,30.588653564453125,679500
2008-06-13,30.75690335007788,30.96441650390625,30.100710100074835,30.96441650390625,625500
2008-06-16,31.26166882417565,31.990770804744262,31.05415352135227,31.91225242614746,988700
2008-06-17,32.14782041537534,32.17586239901955,30.1175504191145,30.341888427734375,1093900
2008-06-18,30.190460112796792,30.437232554511247,29.52865905512071,29.94368553161621,756100
2008-06-19,29.915651734074284,31.054173225043847,29.618402786650712,30.930788040161133,596500
2008-06-20,30.734476181667066,30.756910619671373,29.76981888160518,29.837120056152344,961300
2008-06-23,29.977330235438547,30.145584231161205,28.934152466706188,28.962194442749023,1004300
2008-06-24,28.60326860490849,29.53988441267414,28.60326860490849,29.01268768310547,1153500
2008-06-25,29.152885932202263,29.999767817977183,29.029498657316044,29.37161636352539,1043800
2008-06-26,28.9958558067396,29.35479835499484,28.541567940654236,28.653738021850586,796000
2008-06-27,28.760291957587512,28.934155651334365,28.053624241986952,28.199443817138672,1248900
2008-06-30,28.68178078583777,28.788343328626755,27.991937656034292,28.255537033081055,1151700
2008-07-01,28.14785541719274,28.77688980102539,27.773835264883967,28.77688980102539,1643400
2008-07-02,29.03190194436903,29.03190194436903,28.017513275146484,28.017513275146484,976500
2008-07-03,28.261195933439478,28.521878354571022,27.819172696991025,27.898509979248047,621300
2008-07-07,28.051516084408533,28.414202007090044,27.603824702820397,27.6774959564209,1180200
2008-07-08,27.60383023156085,30.25597427458765,27.388486772949435,29.609939575195312,1432300
2008-07-09,29.615603775229488,29.615603775229488,26.782116908944353,26.991796493530273,1827400
2008-07-10,27.09381254592281,28.35754791173265,27.003141018028195,27.541501998901367,1244900
2008-07-11,27.263819591744948,28.538889084640093,26.58944812085257,27.59817123413086,1796900
2008-07-14,28.09119155808532,28.31787139581314,26.470436555135112,26.583776473999023,1972800
2008-07-15,26.306094801855547,27.161809168799596,25.444716573328236,26.340097427368164,1999300
2008-07-16,26.459105070220012,28.00052293714068,25.371046925414387,27.966520309448242,2666800
2008-07-17,27.110786648423073,28.980886459680445,26.57242402472443,28.674869537353516,3293200
2008-07-18,28.65789015539372,28.952573091705286,27.858846829506696,28.204532623291016,2198300
2008-07-21,28.3915391977155,28.810896229660678,28.10252447161609,28.669221878051758,1068900
2008-07-22,28.181854214462565,29.128239753857283,27.881505361265774,29.065902709960938,1423300
2008-07-23,28.924227637231592,30.397639595949936,28.72021628502601,30.102956771850586,1329700
2008-07-24,30.3126477304759,30.64133112928938,26.742452044994447,27.099472045898438,1912700
2008-07-25,27.354476674070845,28.045848014812027,27.042793617135846,27.983510971069336,978700
2008-07-28,27.734183935698166,28.26688114333026,26.48178257022206,26.697128295898438,1196300
2008-07-29,26.98045254054297,30.437304403985813,26.63476692184306,28.465198516845703,1459200
2008-07-30,28.482210728143336,28.98657323632982,27.66616724020334,28.6522216796875,1210900
2008-07-31,28.41421725548404,28.41421725548404,27.224153162819118,27.745513916015625,1555500
2008-08-01,27.694505037123637,28.147862585409015,27.133475746676513,27.977853775024414,1249000
2008-08-04,27.52449448707605,28.01185463134688,27.161808471371018,27.275148391723633,1321500
2008-08-05,27.671834243676273,28.130857740270407,27.348814746598126,28.006183624267578,2385600
2008-08-06,27.768168578566844,28.317865668728068,27.263808311493797,27.70583152770996,1144000
2008-08-07,27.365817200584804,27.75683761742437,26.34009415698961,26.5271053314209,1364100
2008-08-08,26.646112272335152,28.204530137829295,26.515772128452763,27.926847457885742,1172200
2008-08-11,28.011843700439115,29.184906770505517,27.445146481594346,29.156572341918945,1154300
2008-08-12,28.90723714686683,29.116916768360245,27.932518963305974,28.448213577270508,1311100
2008-08-13,28.385866247699596,28.44253510980238,27.241137506639507,27.484817504882812,991500
2008-08-14,27.24681175122772,27.960849516748436,27.07680080354179,27.524492263793945,1009200
2008-08-15,27.603826071470284,27.78516904180237,27.110800005991106,27.473485946655273,642900
2008-08-18,27.68317029783845,27.68317029783845,26.334431887751066,26.544109344482422,1191100
2008-08-19,26.226760857012586,26.340100794765124,25.64306309598934,26.028417587280273,1230500
2008-08-20,26.226752991598644,26.311758459864752,25.371040933665405,25.773395538330078,1046000
2008-08-21,25.580719017615817,25.745061774267636,24.61166703064777,24.895015716552734,1533400
2008-08-22,25.17270411442483,25.626063883507737,24.64000919606588,25.405052185058594,1558000
2008-08-25,25.17835934977933,25.17835934977933,24.396316528320316,24.396316528320312,1148800
2008-08-26,24.424650010578027,25.059352471474348,24.282975701556627,25.019683837890625,1340000
2008-08-27,24.91202744561177,25.235044923709644,24.651347053073117,25.059370040893555,1184500
2008-08-28,25.138693183495207,26.1530818939209,25.06502192741067,26.1530818939209,1697200
2008-08-29,25.78473391582756,26.14741993711057,25.53538781664029,25.722396850585938,811300
2008-09-02,26.23241692760869,26.74244316927357,25.762057159791063,26.328754425048828,1046200
2008-09-03,26.317423987695857,27.43948447411689,26.02274110816425,27.37714958190918,1823300
2008-09-04,27.139139739312398,27.297814328893146,26.719784849197804,26.782119750976562,1686900
2008-09-05,26.59510920741443,26.78211822565831,25.84706881088087,26.714115142822266,993400
2008-09-08,27.60383969496377,28.36888275529623,27.241153575300885,28.329214096069336,2186400
2008-09-09,28.261200355491614,28.538883048619233,26.209756254993522,26.583776473999023,2086300
2008-09-10,26.782119750976562,27.105139276847467,25.864070514177854,26.782119750976562,1112800
2008-09-11,26.368425776815187,27.025794585756845,26.0000738135218,26.986125946044922,1094700
2008-09-12,26.742448503934696,27.195808136001205,26.30042524062668,26.884122848510742,892700
2008-09-15,25.909415719520524,26.578119079968296,24.97436378753411,25.070703506469727,1689300
2008-09-16,24.87234880895408,27.258144369914557,24.821345955931644,27.15047264099121,2089300
2008-09-17,26.46476544595752,28.051517519770616,26.153082350315817,26.986125946044922,3374900
2008-09-18,25.076347837626223,28.9355560457925,24.31130758186746,28.58987045288086,7595600
2008-09-19,29.638279930294345,32.37542999570377,26.09642042232945,26.64044952392578,3470400
2008-09-22,26.504433247839458,26.623439163213337,23.44426693225135,23.96562957763672,1466700
2008-09-23,24.39632023109639,25.47304604959558,24.10730553678869,24.79300880432129,1426200
2008-09-24,24.81568675172732,25.393718524215966,23.05325698852539,23.05325698852539,842500
2008-09-25,23.07591316087145,24.14697063833177,23.06457895623745,23.461267471313477,1427500
2008-09-26,23.23460012350298,25.048032760620117,23.109925967656157,25.048032760620117,1383600
2008-09-29,24.362319629818487,26.606440580342536,22.82090217122235,23.942962646484375,1700700
2008-09-30,24.8610131180966,27.768171243363124,23.988300807685736,25.671390533447266,1048300
2008-10-01,25.036686327189607,25.036686327189607,24.158305964183544,24.605995178222656,785200
2008-10-02,23.889049518775177,24.634685653487274,22.558375195539853,22.6214656829834,1075500
2008-10-03,22.8853052420158,23.189294800368017,21.273582517731217,21.54315948486328,1427100
2008-10-06,19.501256980121155,22.16834153053645,18.623701116169975,20.476320266723633,1711400
2008-10-07,20.53368347307397,20.86635314532221,17.568344160650437,18.096025466918945,2734700
2008-10-08,17.81497130217484,18.64090718853834,16.553125933499178,17.981306076049805,2691400
2008-10-09,18.28529329670309,18.491778610284932,16.32369649256196,16.748136520385742,2519300
2008-10-10,16.518712139388047,20.06908961093048,15.566591988095034,19.644649505615234,4537700
2008-10-13,20.183797944016085,21.474322159597257,18.480307467276603,21.46285057067871,1619200
2008-10-14,21.990535904234523,22.225698041150636,16.960358304363343,18.744150161743164,2229400
2008-10-15,18.067342967037913,18.159113510462305,15.233924430334122,16.013975143432617,2533900
2008-10-16,15.578066083190683,16.58180746016942,13.358364336449966,15.847641944885254,4119900
2008-10-17,15.268342775851155,16.048392577410805,14.740661480741561,14.901259422302246,2414700
2008-10-20,14.620206120287289,15.090530351929166,13.931927157149541,14.803747177124023,1460500
2008-10-21,14.654623471091998,14.671830859733577,13.192029350287108,13.387042045593262,2074900
2008-10-22,13.289531694838717,13.289531694838717,11.092772730241304,11.534419059753418,2710800
2008-10-23,11.54015485423953,11.729431696317445,10.094767463467665,11.534419059753418,4147100
2008-10-24,10.697013441375079,10.955118766214316,9.97431962581634,10.272574424743652,2680300
2008-10-27,9.991526530259051,10.542149738038828,8.643645298643753,8.787036895751953,2128500
2008-10-28,9.234418137371259,10.662598168654265,8.827186020945671,10.58229923248291,3462600
2008-10-29,10.438908140266987,11.717960854464936,9.968582808337073,11.0927734375,2734300
2008-10-30,11.236168433050196,12.062104544245999,10.897764092143282,11.930183410644531,1886600
2008-10-31,11.947388624986452,14.017963775552019,11.540156987125256,13.782801628112793,3355700
2008-11-03,13.71970774375945,14.413722532899595,13.450131941149742,13.845891952514648,1916800
2008-11-04,14.040906162767573,14.889784229845382,13.570581857872872,14.798013687133789,2308600
2008-11-05,14.746405049661055,15.147902332934438,13.289545635653461,13.45014476776123,2549900
2008-11-06,13.421453326094248,13.501753364721207,11.781054192299097,11.90150260925293,2096900
2008-11-07,12.044897613985666,13.169087532841798,11.643400589256258,12.922454833984375,2043500
2008-11-10,13.025695771315801,13.18055900173091,10.358611543684871,10.536417961120605,2104200
2008-11-11,10.461850703394918,11.081302353793596,9.377810588694997,10.869083404541016,2974500
2008-11-12,10.610977748654925,10.616713543581769,7.462098537224899,7.599754333496094,4547300
2008-11-13,7.984044381754132,9.681800411269418,7.387535343898734,9.60150146484375,5906700
2008-11-14,9.463844073020805,9.561350389047929,8.310975663755725,8.460103034973145,3343800
2008-11-17,7.45636424064114,8.993522582211911,7.45636424064114,8.58629035949707,3164900
2008-11-18,8.385542787039775,8.580555499039997,7.261352341681744,8.179059028625488,3421500
2008-11-19,8.150380390977187,8.247886744571222,6.320703405939547,6.458359241485596,3954000
2008-11-20,6.4124751542286464,6.894271215139704,5.51197516533697,5.827436923980713,6198900
2008-11-21,5.890528732752167,6.722200121092235,5.007235720382254,6.441152095794678,5273300
2008-11-24,6.481298216005019,8.460101510835198,6.269078786118427,8.035662651062012,6128700
2008-11-25,8.115963928358438,10.066089370361121,7.720203373168049,8.855864524841309,5103700
2008-11-26,9.062350936302801,10.725694137792635,8.60349762047817,10.20374870300293,3958200
2008-11-28,10.209482386241042,10.352873998935388,9.268833757043303,9.876813888549805,2048800
2008-12-01,9.515469715203402,9.532677106558735,7.404744511239066,7.542400360107422,4425600
2008-12-02,7.817711289046633,9.188535390876511,7.7431475800437735,9.022200584411621,4908400
2008-12-03,8.723947675506565,10.886293390685676,8.029932094068002,10.628189086914062,4654300
2008-12-04,10.473324441060639,11.247639436321396,9.704745242089668,9.90549373626709,4265500
2008-12-05,9.876818644461405,11.207494369968005,9.435173096133795,10.943653106689453,3335400
2008-12-08,11.190279606271243,13.151876564663059,11.184543811499248,12.876564979553223,3728400
2008-12-09,12.813477783814388,12.830685175452963,10.536418801899682,11.052628517150879,4240300
2008-12-10,11.121455150744099,12.32594513497429,11.098513057420917,12.222702980041504,3451200
2008-12-11,12.062100604925286,12.062100604925286,9.159854664384788,9.314717292785645,5210200
2008-12-12,9.0852886403417,10.834665102120953,8.924690258475758,10.633917808532715,4836600
2008-12-15,10.697016631640752,11.006743113820297,9.89402362842217,10.312726974487305,3142200
2008-12-16,10.4790589346563,12.916716261225446,10.433173664033466,12.893773078918457,3967100
2008-12-17,11.941651475658883,13.478809500066761,11.362349319057943,12.945392608642578,3962700
2008-12-18,13.163353571994975,13.192031463667238,11.293526372387515,11.540160179138184,3604700
2008-12-19,11.729434017791105,12.859359499405802,11.551627635503277,12.733175277709961,3153000
2008-12-22,12.704494675853555,12.824944180524676,11.717960928886662,12.601252555847168,3740600
2008-12-23,12.756115934765308,13.478809692088104,12.543896990546132,12.698759078979492,3864900
2008-12-24,12.715970623711918,12.83641907567273,12.30300309614306,12.578314781188965,967700
2008-12-26,12.635671557460908,13.002753801333705,12.2341745327315,12.922454833984375,790300
2008-12-29,12.945392593717182,12.945392593717182,11.7236967260502,12.06783676147461,1694600
2008-12-30,12.331678417438752,12.847887992858887,12.056366789746836,12.847887992858887,1506000
2008-12-31,12.847891790412682,13.593529036627851,12.44066002416521,13.432929992675781,2314400
2009-01-02,13.765593712082453,13.954870581863943,12.974072554993795,13.232176780700684,1773800
2009-01-05,13.105990585473181,13.685292697948668,12.767586370324223,13.060105323791504,2390100
2009-01-06,13.157616433573164,14.929937089236315,13.157616433573164,14.849637031555176,4167100
2009-01-07,14.689038608527579,14.866843919551664,13.759860384934408,13.954873085021973,2445500
2009-01-08,13.725443827707812,14.035169108077815,13.077313197207532,13.582052230834961,2093500
2009-01-09,13.616467714008236,13.691031966908154,12.922452818197415,13.083050727844238,2435700
2009-01-12,13.014227199581397,13.083054582855864,11.603252714556445,11.79826545715332,2214300
2009-01-13,10.955119743861133,12.171080041861304,10.22669006785665,12.021952629089355,2517400
2009-01-14,11.586043692422066,11.586043692422066,10.610980208627367,10.708486557006836,2529100
2009-01-15,10.748631593915343,11.362347317807325,9.796511688701287,10.616711616516113,3771500
2009-01-16,10.794517237018614,11.459854035683525,10.347136237842022,11.230427742004395,3322100
2009-01-20,11.12144961348799,11.465589593923035,8.890277175619309,9.07381820678711,4816500
2009-01-21,9.412225330796,10.559358227604688,9.136913698119798,10.507737159729004,5162500
2009-01-22,9.89975677591812,10.960854896951721,9.630180945943787,10.295517921447754,3621700
2009-01-23,9.699007509450318,11.121451885596462,9.486788559052863,10.897761344909668,4055200
2009-01-26,10.937913848549949,11.230432918058078,9.796516554189623,10.352875709533691,2759300
2009-01-27,10.473325737139307,11.236169234222709,10.226691936113827,10.55936050415039,1700800
2009-01-28,10.892027032795545,12.044895758060258,10.788784894116434,11.993274688720703,3305900
2009-01-29,11.758113824367484,11.758113824367484,9.848137329827443,10.014471054077148,4103300
2009-01-30,10.100504400648854,10.502000214180406,9.085291635563348,9.245890617370605,3176500
2009-02-02,9.263095942532779,9.263095942532779,8.471574894313767,9.045141220092773,3678400
2009-02-03,9.113970688349598,9.234419659455384,8.603496373283065,8.936164855957031,2096000
2009-02-04,8.941899991201902,9.423695840048536,8.689530476570079,8.809979438781738,1914700
2009-02-05,8.746887435435575,9.618708609590945,8.190527884744201,8.930428504943848,2965400
2009-02-06,9.062348303493609,10.169330970435563,8.815714601653747,10.020203590393066,2765400
2009-02-09,9.991523306398973,10.433169545548724,9.813718089672847,10.215213775634766,1804900
2009-02-10,10.002998121612588,10.29551711102228,8.993521146588284,9.131176948547363,3429500
2009-02-11,9.326190202968979,9.469581809237276,8.689531121060575,9.079556465148926,4202200
2009-02-12,8.718209667964594,9.280305056469164,8.196264301707505,9.142648696899414,4117400
2009-02-13,9.125444129875355,9.245893679621597,8.316715345834236,8.379807472229004,3751700
2009-02-17,7.823446861701035,8.012723753379674,7.364593575481818,7.513720989227295,3118000
2009-02-18,7.817709198388272,7.86933025596972,6.940152860490096,7.8291802406311035,2851500
2009-02-19,7.840653561411318,8.310977884139687,7.255615508948183,7.330179214477539,4925800
2009-02-20,7.054868221396495,7.857861121036958,6.905740796693204,7.7488837242126465,4494400
2009-02-23,7.886537146931491,7.920951367887024,6.957359745077929,7.0663371086120605,4696000
2009-02-24,7.198260220678094,7.794769403238914,7.003247508630112,7.743148326873779,4086000
2009-02-25,7.611228496517234,7.886540182135673,7.0491329845527115,7.467836856842041,2947400
2009-02-26,7.662848948424661,8.029931739132001,7.072075552204457,7.140903472900391,2818300
2009-02-27,6.859856149177335,7.267088432794724,6.613222350832863,6.831177711486816,3811000
2009-03-02,6.515713717665982,6.65337006115548,5.9822973695029065,6.091274738311768,4199200
2009-03-03,6.286289203453004,6.630429340950533,5.689780032920777,5.965091705322266,4202100
2009-03-04,6.1773105894043185,6.481300638030948,5.942147898358218,6.240402698516846,4658600
2009-03-05,6.022447073841663,6.137160242039541,5.775813351969577,5.936412334442139,4620400
2009-03-06,6.039655127925434,6.114218839010395,5.230926445612948,5.575066566467285,6806400
2009-03-09,5.569331835389327,5.988035200417561,5.33416961152462,5.902000427246094,4177500
2009-03-10,6.223199318093926,7.106492071597979,6.154370828266091,7.077813625335693,7160800
2009-03-11,7.2154660377432025,7.456363995193725,6.727934326951526,7.1867876052856445,5118700
2009-03-12,7.181051179160586,8.173320731756313,6.968831141962441,8.087285995483398,5271400
2009-03-13,8.196264062737981,8.196264062737981,7.34165023417923,7.668582916259766,4110100
2009-03-16,7.789030934203387,7.972571989867934,6.9860382686754985,7.014716148376465,4670500
2009-03-17,7.014718193517515,7.783297408685312,6.877062361635548,7.7488837242126465,5191200
2009-03-18,7.47930545592022,8.448632382227014,7.347385453148773,8.316712379455566,6645100
2009-03-19,8.32818758030087,8.592027700237407,7.909483663497216,8.012725830078125,4951100
2009-03-20,8.08155283785664,8.087288634678783,6.710728576118728,6.911477088928223,4546000
2009-03-23,7.169581009805029,8.65511828255593,7.169581009805029,8.442898750305176,6363900
2009-03-24,8.173322902569272,8.437163523409229,6.7680850392459675,7.060604095458984,5119500
2009-03-25,7.008982034694212,8.13317227652571,6.980303603357553,8.115964889526367,29707200
2009-03-26,8.167590817022347,8.546144804354048,7.857864777660419,8.477316856384277,7117700
2009-03-27,8.305242921734056,8.574819338471377,7.829182755344376,8.213472366333008,6181400
2009-03-30,8.024193144560032,8.058607366406768,7.450626791748099,7.588282585144043,6499600
2009-03-31,7.634165132561049,8.414214841950871,7.634165132561049,8.25935173034668,7571400
2009-04-01,8.15611491123339,8.580553944579993,7.920952758892585,8.402748107910156,5007800
2009-04-02,8.817916209118026,9.303252403935172,8.695120270811648,9.221388816833496,7494100
2009-04-03,9.361726762729688,10.490279870208468,8.923169925023906,10.443500518798828,7557300
2009-04-06,10.227142913713484,10.449345617077487,9.636553044140404,10.221295356750488,4918600
2009-04-07,9.776890970964308,10.057568125941742,9.151216880959657,9.157064437866211,4818800
2009-04-08,9.297404611861966,9.659945416915125,8.975796714638635,9.238930702209473,4644600
2009-04-09,9.741806975101484,10.946375843638426,9.619011623083614,10.846969604492188,5338800
2009-04-13,10.694941565806138,11.139344913648944,10.355789822739558,10.922990798950195,3834100
2009-04-14,10.548750979269764,10.788495218316136,9.531298458307898,9.741806030273438,5694000
2009-04-15,9.659947945423436,11.028245708130756,9.379271767254753,10.952228546142578,5815900
2009-04-16,10.94052751593392,11.507728240940859,10.180362998579275,11.063323974609375,6139700
2009-04-17,11.045783433926253,11.60713671050832,10.659853544223159,10.852818489074707,4005600
2009-04-20,10.30900657847196,10.461039715031141,9.32663986316327,9.373419761657715,4702100
2009-04-21,9.157064715412531,10.51366673024291,8.964099792877304,10.40841293334961,6565200
2009-04-22,9.841217444391368,10.770958223307975,9.841217444391368,10.075114250183105,5254700
2009-04-23,10.121889118994476,10.461039615696027,9.601468817669884,10.221295356750488,4382100
2009-04-24,10.291467740145908,11.279682831061201,9.852910885724699,10.87621021270752,4767800
2009-04-27,10.67739605760683,10.91129278796853,9.8470618283421,10.268075942993164,4280200
2009-04-28,10.07511050734198,10.952224039699711,9.928924918615692,10.531209945678711,4095200
2009-04-29,10.27392567712517,11.180277232828951,10.086808253196288,10.928837776184082,5345000
2009-04-30,11.010703675107145,11.642225670712403,10.952229189062425,11.162736892700195,6954500
2009-05-01,11.162737034450425,11.162737034450425,10.332402444933932,10.478588104248047,4417800
2009-05-04,10.665703537103235,11.624680922548027,10.57214482219681,11.531122207641602,5504500
2009-05-05,11.466799641148214,11.694848836562723,10.858666966299257,11.051631927490234,4324600
2009-05-06,11.232900033492788,11.56620411060301,11.028241102777114,11.536966323852539,5511900
2009-05-07,11.677300921894334,11.694843588788107,9.981548824581497,10.355783462524414,4869400
2009-05-08,10.490279313439714,11.507730989079228,10.490279313439714,11.443408966064453,5226500
2009-05-11,11.110105453979303,11.24459593653786,10.694938890783515,10.852818489074707,3843800
2009-05-12,10.92299027530826,11.186123735865884,10.279773290654354,10.730025291442871,3002100
2009-05-13,10.490282107441145,10.490282107441145,9.44943992246452,9.648252487182617,4887200
2009-05-14,9.589777085811198,10.373332150272992,9.367575419389842,10.232994079589844,3958300
2009-05-15,10.197907408511394,10.256381869509982,9.314946281824705,9.54299545288086,3929400
2009-05-18,9.64824926469576,10.782649793558232,9.630706591794675,10.694938659667969,4630500
2009-05-19,10.537059456655584,10.864514923827228,10.279772460509708,10.501974105834961,2438800
2009-05-20,10.618921206054612,11.250442912483145,10.26222800829054,10.361634254455566,3152500
2009-05-21,10.303162691252256,10.572143688948682,10.040028136716414,10.332399368286133,2811600
2009-05-22,10.326547620998287,10.54290273533386,9.81197495290019,9.887990951538086,2252500
2009-05-26,9.835368585749842,10.431806198220567,9.78274167198432,10.256383895874023,5639500
2009-05-27,10.162824395633468,10.35578938050917,9.75350530529813,9.847064018249512,4559000
2009-05-28,9.999095345155723,10.332398337442976,9.624859447674005,10.273923873901367,3146900
2009-05-29,10.344094833536873,10.455195102252846,9.999096679442951,10.437653541564941,4341800
2009-06-01,10.648156115650632,11.642218412772856,10.624767004998713,11.215356826782227,3745300
2009-06-02,11.139348956457964,11.507737514029355,11.01070595279478,11.297229766845703,2958700
2009-06-03,11.145190892197054,11.384935209784508,11.022395511860529,11.1978178024292,1880100
2009-06-04,11.267990565078401,11.905360110668944,11.197820959880564,11.788411140441895,2934100
2009-06-05,11.788406492213802,12.133404591510269,11.677305125836737,11.817643165588379,2915400
2009-06-08,11.5954393621095,12.06323273975747,11.554507580978727,11.899505615234375,2786300
2009-06-09,11.928743995972573,12.016455127462784,11.455102993679391,11.712389945983887,2038600
2009-06-10,11.905356407098836,11.905356407098836,10.899598698884201,11.180275917053223,3265600
2009-06-11,11.20951388310378,11.355699509583847,10.975617103797239,11.028244018554688,2139600
2009-06-12,11.028248966164192,11.484347611604784,10.952231781718547,11.460958480834961,2091700
2009-06-15,11.361544659252491,11.361544659252491,10.577989778248348,10.665700912475586,3036900
2009-06-16,10.718329687897159,11.028243605950786,10.414263328520896,10.507822036743164,2711800
2009-06-17,10.478581793455511,10.683241816299084,10.215447319041287,10.38502311706543,2832700
2009-06-18,10.443499257956988,10.712480217261474,10.227144086740596,10.694938659667969,3062700
2009-06-19,10.753415134677143,10.940532572176993,10.60138193788154,10.911295890808105,3463100
2009-06-22,10.7826505675369,10.91714105684287,9.899689377006453,9.952316284179688,3551800
2009-06-23,9.999093429868454,10.25638035098465,9.870449411656649,10.0049409866333,3183700
2009-06-24,10.028332513815663,10.291467055075456,10.028332513815663,10.209602355957031,2431300
2009-06-25,10.227145890847899,10.455195102252846,10.075112711475342,10.437653541564941,2997500
2009-06-26,10.402567502866352,10.829429173713537,10.32070281104221,10.765107154846191,2148600
2009-06-29,10.806038850257705,10.952224444385566,10.443499201392848,10.905445098876953,2031500
2009-06-30,10.958076374471768,11.145193831169697,10.88206032592874,10.999008178710938,2971200
2009-07-01,11.717233300177984,11.717233300177984,10.975260564866609,11.105847358703613,2294100
2009-07-02,10.993070045877198,10.993070045877198,10.387619926985742,10.41136360168457,2517200
2009-07-06,10.423233626238792,10.874353226612039,10.340133034540786,10.779380798339844,3705700
2009-07-07,10.743768030650426,10.743768030650426,10.2095477585303,10.268904685974121,2996800
2009-07-08,10.328263717070021,10.559760058086914,9.78810747496548,10.120511054992676,2979800
2009-07-09,10.286712772470958,10.381685218011256,9.936501454980787,9.960245132446289,2080300
2009-07-10,9.900885241404598,9.989921751125877,9.443829724098553,9.859334945678711,2195000
2009-07-13,9.930563597716816,10.441041241999518,9.817784548246488,10.435105323791504,2877700
2009-07-14,10.381683305972413,10.458849111362484,10.019600216435874,10.405426979064941,1916800
2009-07-15,10.476657948606276,10.725960907972945,10.304520810941202,10.524144172668457,3217800
2009-07-16,10.393554947706319,10.83280270223921,10.245160390141399,10.708151817321777,2388000
2009-07-17,10.67254091889687,10.761577465467557,10.227357053882317,10.3223295211792,2182500
2009-07-20,10.441040898600413,10.809058758108222,10.328260720678719,10.791252136230469,2194800
2009-07-21,10.892163258271022,11.01087825234603,10.316391517836083,10.524144172668457,2239800
2009-07-22,10.476655891661649,10.743766557168533,10.40542713563359,10.577564239501953,2197300
2009-07-23,10.702219541003515,11.343284202544561,10.524145332032607,11.034623146057129,3244800
2009-07-24,10.945584523597505,11.372960505864878,10.82686840688728,11.313602447509766,2285400
2009-07-27,11.283926651835031,11.65194466274356,11.111788355129287,11.586651802062988,2109100
2009-07-28,11.509483660505744,11.509483660505744,10.625052068981452,11.200823783874512,3808000
2009-07-29,11.123656593787913,11.22456494451938,10.832803378658557,11.016812324523926,2300800
2009-07-30,11.135529929706456,11.735044196257956,11.099915545878295,11.521355628967285,2395800
2009-07-31,11.497610690864136,11.812206424832615,11.378894593263562,11.758784294128418,2165400
2009-08-03,11.871560360353639,12.144605705204867,11.78252388408303,12.138670921325684,1802300
2009-08-04,12.025895370992446,13.118079431587264,11.853757136627957,12.791610717773438,4633100
2009-08-05,12.797547915094905,13.521714170436697,12.666961095814619,13.450484275817871,2513100
2009-08-06,13.664176164030064,14.370533702994468,13.486101950081247,13.610754013061523,4586200
2009-08-07,13.800694706401867,14.412080728929993,13.800694706401867,14.115291595458984,4780300
2009-08-10,13.937215183169206,14.139031851879263,13.539517763318273,13.676041603088379,1735500
2009-08-11,13.610756631557402,13.610756631557402,12.720388787003655,12.738195419311523,3247800
2009-08-12,12.767869009498932,13.302089238030788,12.767869009498932,12.916263580322266,2911500
2009-08-13,13.159635924592259,13.325838318918398,12.839102978140675,13.124021530151367,1990000
2009-08-14,13.124015577798634,13.402996950016739,12.696638509698607,13.183372497558594,2184100
2009-08-17,12.631346731788705,12.631346731788705,12.132740865260153,12.310813903808594,4061500
2009-08-18,12.393917185131123,12.815358461361086,12.221780028253711,12.732257843017578,2783900
2009-08-19,12.471079914038894,12.696639164375,12.30487758652337,12.518566131591797,1748500
2009-08-20,12.471078883264394,13.023106824290474,12.376106456008364,13.017170906066895,1899600
2009-08-21,13.201181671810478,13.889732430918231,13.112145150439108,13.492034912109375,2047200
2009-08-24,13.646363641617832,13.860052170933674,13.373318193857054,13.438611030578613,1975700
2009-08-25,13.52765344422384,13.711662447062707,13.379258831446455,13.587010383605957,2137100
2009-08-26,13.509844314849422,13.646367073059082,13.355513797332051,13.646367073059082,1135800
2009-08-27,13.575136364783814,13.83631000442992,13.201181397762028,13.818503379821777,1326500
2009-08-28,13.978768378843947,14.067806028723554,13.569200170905049,13.901603698730469,1420000
2009-08-31,13.658239714053721,13.782890640039337,13.385193049451278,13.551395416259766,2370100
2009-09-01,13.432671475058207,13.753204182239436,12.554176186884998,12.607598304748535,3279500
2009-09-02,12.512633245150809,12.518569165303505,12.233651790940083,12.245522499084473,2404600
2009-09-03,12.41765540592695,12.46514161440971,12.025893902904057,12.281132698059082,2333200
2009-09-04,12.310814441116587,12.382044338941267,11.990282731307571,12.370172500610352,1712900
2009-09-08,12.4651444624578,12.928135950069827,12.4651444624578,12.827227592468262,2837500
2009-09-09,12.850970770021172,13.408934723823716,12.714448024225486,13.284282684326172,3090400
2009-09-10,13.266474177524335,13.575135140722447,13.011235347655154,13.52764892578125,1445400
2009-09-11,13.527644512712444,13.65229536170849,13.141817868501137,13.21898365020752,2054200
2009-09-14,13.040912140156545,13.723527949384941,12.993425931286446,13.699784278869629,1361600
2009-09-15,13.729467000022886,14.269624350445222,13.616687926521001,14.00844955444336,2454500
2009-09-16,14.162779953905426,15.005661265750613,14.144972195625568,14.851330757141113,3020500
2009-09-17,14.756359795835438,15.409295148228066,14.234010155328159,14.542671203613281,2282000
2009-09-18,14.679186881931743,14.904747205322384,14.257746953104633,14.75041675567627,2733300
2009-09-21,14.239940078449527,14.655445247862964,14.044059328791308,14.429884910583496,2369200
2009-09-22,14.691062529194403,14.934429535064764,14.002511810318149,14.898815155029297,2423000
2009-09-23,14.952235284524937,14.958171202427684,14.275555361699304,14.28149127960205,2923800
2009-09-24,14.412078827312902,14.512987164665013,13.391123618300812,13.44454574584961,2253800
2009-09-25,13.408936299820525,13.76508357032304,13.129954856210052,13.391128540039062,1838700
2009-09-28,13.4682933361819,14.014385473916228,13.4682933361819,14.00844955444336,2058900
2009-09-29,14.008451387636782,14.228074776069223,13.6107537881975,13.741340637207031,1592100
2009-09-30,13.818501349616861,13.877858265804353,13.266473424652595,13.622620582580566,2951400
2009-10-01,13.61660990520657,13.664682621927087,12.72726407280499,12.751299858093262,4351100
2009-10-02,12.534976148563308,13.268085537187838,12.444838780676218,12.745293617248535,3832900
2009-10-05,12.90753725687264,13.220010507580941,12.823410284045037,13.021710395812988,2628800
2009-10-06,13.201984561364885,13.41230316751188,12.79336696325645,12.925566673278809,2903600
2009-10-07,12.81740228989555,13.135884804614475,12.727266075131828,12.955611228942871,1533300
2009-10-08,13.093818377805919,13.484409318286957,13.093818377805919,13.274090766906738,2233000
2009-10-09,13.19597362062053,13.340192926175595,13.003682741405841,13.334183692932129,1502600
2009-10-12,13.520468146270233,13.80289529049149,13.424322686699409,13.658677101135254,1677000
2009-10-13,13.586567762839424,13.676703982500937,13.292122167334893,13.496430397033691,1977600
2009-10-14,13.78486631269082,14.06128417388492,13.724775124474338,13.995184898376465,2121000
2009-10-15,13.79087438355159,13.893029051064712,13.598582368240308,13.742801666259766,2352800
2009-10-16,13.598578648849196,13.75481522385085,13.280097413703695,13.580552101135254,1883200
2009-10-19,13.6947280011066,13.941100803442845,13.574545643123303,13.856972694396973,1218500
2009-10-20,13.838952307508823,13.868997337316138,13.201987131065101,13.466387748718262,2016900
2009-10-21,13.905047783881006,14.421830406894161,13.298128950053584,13.30413818359375,5016300
2009-10-22,13.364223662318851,14.57806081130111,13.310141729710677,14.271596908569336,5050700
2009-10-23,14.355734684677095,14.415825893610652,13.862988834481998,13.941107749938965,1883200
2009-10-26,13.995189669194,14.475917046512754,13.94711578531765,14.055279731750488,2521100
2009-10-27,14.103349513965494,14.157431475848425,13.796885445343632,13.850967407226562,1841000
2009-10-28,13.808908236180079,14.025236151425535,12.877498416463638,12.895524978637695,2321700
2009-10-29,12.979647609847316,13.56252951016136,12.979647609847316,13.46037483215332,2424300
2009-10-30,13.292116836952498,13.35220686186683,12.69721550423556,13.207988739013672,3766400
2009-11-02,13.370236588840973,13.658672878379628,12.715245131673653,13.141891479492188,1926000
2009-11-03,12.919556167971567,13.502438056891437,12.835429192248556,13.472393035888672,1986400
2009-11-04,13.670690090477429,13.74279972932389,12.943590200649425,13.003680229187012,2621800
2009-11-05,13.238035774941155,13.38826313947054,12.9796445245676,13.370235443115234,1777300
2009-11-06,13.135884082626399,13.328174969191894,12.87749277399998,13.153910636901855,1365100
2009-11-09,13.37625045475353,14.175460333521304,13.292123461034079,14.145415306091309,2199900
2009-11-10,14.007201741206092,14.433848131457099,13.959129021501871,14.23554801940918,2978600
2009-11-11,14.469901029337723,14.83044696641992,14.409809848800034,14.788383483886719,2440700
2009-11-12,14.722287278103249,14.830451204754029,14.415823201307461,14.457886695861816,1735500
2009-11-13,14.523987577322274,14.830451663599888,14.487933316037937,14.740315437316895,1712100
2009-11-16,14.836458426963187,15.455394584853563,14.836458426963187,15.148930549621582,2447900
2009-11-17,15.052786518809091,15.33521479243382,14.926596040406379,14.962650299072266,2480800
2009-11-18,15.004711272909386,15.251084100363386,14.896548515069894,15.209020614624023,1513300
2009-11-19,15.004712669737122,15.004712669737122,14.451875778246139,14.499948501586914,2014600
2009-11-20,14.427837932616951,14.517974132761832,14.32568326681436,14.445865631103516,1377500
2009-11-23,14.656185138980469,15.040768071850804,14.39178573367827,14.499948501586914,1635900
2009-11-24,14.439860930253715,14.48192442711344,14.031242138797532,14.145415306091309,1339000
2009-11-25,14.217526285722574,14.27761749710454,14.013216854710606,14.121380805969238,1048100
2009-11-27,13.628630434891052,13.995185671737422,13.508448051816922,13.64665699005127,956500
2009-11-30,13.67670444957081,14.18747790662165,13.568540523825424,14.151422500610352,2459300
2009-12-01,14.241555867823388,14.4038005647088,14.049263861560497,14.211509704589844,2436100
2009-12-02,14.151419876713058,14.66219323905843,14.103347157089026,14.560038566589355,1375900
2009-12-03,14.668207222127846,15.16095304437079,14.51197054622128,14.61412525177002,2478800
2009-12-04,14.980680147432931,15.293153490349779,14.680225274507745,15.046780586242676,2132700
2009-12-07,14.956641226761032,15.070814384273227,14.686232564624861,14.842469215393066,1379100
2009-12-08,14.734308030798623,14.878526239973107,14.578071350990156,14.692244529724121,927400
2009-12-09,14.770362328308837,14.866507801298514,14.47591667400989,14.53600788116455,1325300
2009-12-10,14.68021810570372,14.722281583989249,14.331690669152993,14.451871871948242,1329500
2009-12-11,14.566047135200053,14.956638107591688,14.523983650716277,14.91457462310791,1246000
2009-12-14,15.028752211825736,15.341225540824006,14.596097626697286,15.293152809143066,2021000
2009-12-15,15.335215529710178,15.449387545331941,15.076824180202749,15.233060836791992,1484100
2009-12-16,15.353244013160582,15.701771630467002,15.275126248136909,15.551544189453125,1873700
2009-12-17,15.38328311059785,15.515482785247816,15.064800669582706,15.257091522216797,2014100
2009-12-18,15.016726206923762,15.2630989764259,14.866498852537397,15.251080513000488,2644100
2009-12-21,15.299690332950632,15.439440997378263,15.111330691377331,15.421212196350098,1339800
2009-12-22,15.475904961448814,15.658189583528408,15.342230499067774,15.615656852722168,1188800
2009-12-23,15.597417624687575,15.901223966298996,15.354372783184282,15.797929763793945,1422000
2009-12-24,15.846543991137956,16.296177386872632,15.846543991137956,16.271873474121094,548000
2009-12-28,16.34479386174139,16.666829255520163,16.290108584327445,16.35087013244629,1359600
2009-12-29,16.381241141511577,16.527069238797992,15.901227614286208,15.937684059143066,1165300
2009-12-30,15.91945345534285,15.992366331495608,15.481971562709216,15.81615924835205,1178700
2009-12-31,15.876929748967063,15.919463639350123,15.396916003944078,15.524514198303223,1730400
2010-01-04,15.652112691131796,15.81616849680046,15.342229888956526,15.415143966674805,1169700
2010-01-05,15.402988744789823,15.652109965303513,15.257161773679107,15.639957427978516,1048200
2010-01-06,15.646034883170598,15.797938134463516,15.396913643764599,15.500207901000977,1163400
2010-01-07,15.421213435934195,15.700715946185786,15.281462760273163,15.627801895141602,950500
2010-01-08,15.512368422924656,15.731108429292053,15.43945431484857,15.585281372070312,1072700
2010-01-11,15.633887238126407,15.797943079013253,15.415147275874142,15.603507041931152,876600
2010-01-12,15.40299291944754,15.579200122698262,15.111338898179412,15.257165908813477,962200
2010-01-13,15.354385223313068,15.7068008187524,15.311852486456106,15.670344352722168,989200
2010-01-14,15.542743181237448,15.670342535944974,15.421220096652188,15.609580993652344,766700
2010-01-15,15.506279064039937,15.64602973106757,15.46374635311235,15.536659240722656,739900
2010-01-19,15.53667036958547,15.87693345966489,15.53667036958547,15.840476989746094,956200
2010-01-20,15.536662584757753,15.573119036409615,15.178170859880295,15.46982479095459,1192600
2010-01-21,15.457675124154026,15.548816842837716,14.710310249516175,14.734615325927734,2000900
2010-01-22,14.75283924464627,14.910818712182888,14.321433552732922,14.38827133178711,2069300
2010-01-25,14.607017287676758,14.661701392252699,14.060164652618933,14.400428771972656,1571600
2010-01-26,14.321438298369854,15.032345558390364,14.278905573579454,14.734615325927734,1891300
2010-01-27,14.686009958457449,14.977663993835451,14.436888658372474,14.97766399383545,1801300
2010-01-28,15.062724190526952,15.111333175663889,14.44903502884212,14.59486198425293,1328300
2010-01-29,14.64347753656254,14.983740585119147,14.461192891352464,14.58271598815918,2014700
2010-02-01,14.80752962550112,14.965507988902957,14.667777751830497,14.941204071044922,2266300
2010-02-02,15.026269440492404,15.202477769459858,14.783224468580265,15.001965522766113,3403700
2010-02-03,14.880443963783895,14.880443963783895,14.266754623247047,14.497648239135742,1532900
2010-02-04,14.321434043332326,14.388271824676131,13.768506467477634,13.853571891784668,2093300
2010-02-05,13.877884374241708,14.151310754043491,13.67129581148705,14.066244125366211,2099100
2010-02-08,13.865728412417619,14.108773379542196,13.640912252426068,13.68344497680664,1721000
2010-02-09,13.944720979324504,13.975101170470918,13.476858618517712,13.665218353271484,2011700
2010-02-10,13.598376544820105,13.829270101810204,13.343179073842961,13.622681617736816,1431600
2010-02-11,13.640911744634817,13.640911744634817,13.318876450851574,13.452550888061523,2218600
2010-02-12,13.337109177896808,13.78674277224662,13.245966277761884,13.750285148620605,1838300
2010-02-16,13.950794444659152,14.212068229844315,13.853576453743258,14.15738296508789,2016500
2010-02-17,14.272825512670973,14.327510761139138,14.13915110470964,14.254596710205078,739100
2010-02-18,14.205988479460189,14.600937774572333,14.151304387033617,14.528023719787598,1435400
2010-02-19,14.449038372569156,14.54625636534075,14.32751530213972,14.436885833740234,1272700
2010-02-22,14.497646049288411,14.637396756310354,14.406503175297784,14.564482688903809,969800
2010-02-23,14.449032843751878,14.61308741944847,14.357889996340003,14.38827133178711,1082900
2010-02-24,14.418656595978764,14.53410339355469,14.34574368303702,14.534103393554688,950100
2010-02-25,14.309283642047799,14.783222131550517,14.224218205058719,14.75284194946289,1146200
2010-02-26,14.758920731317303,14.98373689848626,14.649550202887061,14.789300918579102,1332000
2010-03-01,14.862205505371094,14.977652238363293,14.764987569881622,14.862205505371094,1014600
2010-03-02,14.89867045823278,15.056649971155222,14.801452474731242,14.971583366394043,761900
2010-03-03,14.989816520419371,15.056654338060422,14.79538049702371,14.856142044067383,858800
2010-03-04,14.929049356691026,14.977658344252013,14.76499358907406,14.91689682006836,910800
2010-03-05,15.068804935673354,15.475905773058557,14.916901655439025,15.439449310302734,1198900
2010-03-08,15.409061460922349,15.755400582328686,15.354376214497192,15.682486534118652,825200
2010-03-09,15.59135507004416,15.90123795007475,15.52451724525416,15.804019927978516,1460900
2010-03-10,15.834392657145184,16.174656732929954,15.706794497923166,16.162504196166992,1518100
2010-03-11,15.992371343977906,16.3994720333709,15.980218807833724,16.3569393157959,1760700
2010-03-12,16.405545327541486,16.59998123488364,16.32655617478227,16.56960105895996,1503300
2010-03-15,16.47847159826716,16.764049404190857,16.314415745129377,16.630374908447266,1491000
2010-03-16,16.660746081451038,17.055694242181918,16.48453778081115,17.001008987426758,1975600
2010-03-17,17.086081932894075,17.523562974588728,16.92810237810515,17.365583419799805,1299900
2010-03-18,17.32304606275749,17.432416583726887,17.183295356598716,17.377731323242188,1366400
2010-03-19,17.049619674682617,17.49925313501929,17.001010683265946,17.049619674682617,1943100
2010-03-22,16.84302901733693,17.195444449769067,16.721507133801836,17.067846298217773,1490500
2010-03-23,17.122527569147255,17.371648705223702,16.96454811425718,17.298734664916992,1373500
2010-03-24,17.158994676293666,17.566095520324197,17.1529184059135,17.487106323242188,1744600
2010-03-25,17.54786355004968,17.98534566722133,17.53571217040703,17.553939819335938,1629400
2010-03-26,17.6572312707093,17.754449245965795,17.45671905187656,17.535709381103516,1393500
2010-03-29,17.657235731911083,17.693693351040757,17.280516272344247,17.316972732543945,1513500
2010-03-30,17.298741485482605,17.44456846466348,16.806575285880918,16.8734130859375,1641800
2010-03-31,16.854993297631495,17.149618989013355,16.69540589366412,16.71995735168457,2417800
2010-04-01,16.86726961200861,16.910235541594734,16.603334706569537,16.71995735168457,1880100
2010-04-05,16.80589186972406,17.14962170226224,16.76292593334028,17.03299903869629,1696300
2010-04-06,16.89796907514793,17.76342978067893,16.867278273445255,17.579288482666016,1719300
2010-04-07,17.346035608026444,17.346035608026444,16.74451024292373,16.897960662841797,14614100
2010-04-08,16.879546190987462,16.971616208791545,16.74451024292373,16.897960662841797,2879300
2010-04-09,16.940930493891464,17.131208730597553,16.75065225718538,17.125070571899414,3068100
2010-04-12,17.143488361241314,17.180316149813635,17.033003824790054,17.05141830444336,1706900
2010-04-13,17.03914105665616,17.462664699741136,16.95934615323873,17.358318328857422,2098700
2010-04-14,17.548591413151165,17.548591413151165,17.137344210530976,17.40741729736328,2997900
2010-04-15,17.303075894774,17.38286962667847,16.750654418730296,16.830448150634766,2603000
2010-04-16,16.775207538879176,16.96548581888804,16.468306558533246,16.48672103881836,3120700
2010-04-19,16.351682700822547,16.69541261740947,16.271888966703518,16.676998138427734,1929500
2010-04-20,16.818170683827827,17.10052014743689,16.5296842318816,17.02072525024414,2161100
2010-04-21,16.959348398700385,17.333767985692692,16.79976091220418,17.002315521240234,2459900
2010-04-22,16.769062433580817,17.149620006718237,16.640164637173307,17.112791061401367,1752900
2010-04-23,17.192597427902825,17.407428402877855,16.897972692886313,17.376737594604492,2023800
2010-04-26,17.37058835093123,17.659075910979556,17.21713791966599,17.40741729736328,1820600
2010-04-27,17.284660740427427,17.419696731729424,16.879551595787266,16.904104232788086,1992100
2010-04-28,17.051421098945053,17.241699403609484,16.891832427998132,17.09438705444336,1427800
2010-04-29,17.29079777940178,17.81866773337685,17.23555552046327,17.73273468017578,2044500
2010-04-30,17.732736287206528,17.90460123844985,17.063692131193786,17.100521087646484,2417800
2010-05-03,17.266245446868577,17.800253569063493,17.266245446868577,17.72659683227539,1620300
2010-05-04,17.364455032017386,17.456525076078755,16.959344730825944,17.204866409301758,2133800
2010-05-05,17.002309677626602,17.56700735884536,16.75678803043533,17.149621963500977,2499400
2010-05-06,17.039138070569905,17.186450361754,14.66372459473308,16.314851760864258,3697400
2010-05-07,16.27802714785833,17.075969173039248,15.547602537564444,15.63353443145752,4178000
2010-05-10,16.529683081783023,17.235554935591484,16.49899228856193,16.922515869140625,4120900
2010-05-11,16.578786502040625,17.253968705743436,16.554233868468085,16.95934295654297,2515300
2010-05-12,17.082105360999496,17.794115410103306,16.98389715910477,17.72659683227539,2435300
2010-05-13,17.70205313789437,17.708191299549043,17.266253026289643,17.376737594604492,1423800
2010-05-14,17.241701700906383,17.260116186031137,16.179824310806215,16.333274841308594,2232800
2010-05-17,16.443748894279942,16.818167153153645,15.829947164816424,16.290298461914062,1896300
2010-05-18,16.5971994618635,16.74451173764683,15.958845096068488,16.081605911254883,2444300
2010-05-19,16.038643157007634,16.62175543121499,15.461670213032221,16.09388542175293,2434700
2010-05-20,15.504632831644914,15.719463685027847,15.234559725371113,15.259112358093262,3543400
2010-05-21,14.927660608067072,15.89746747146417,14.755796841600564,15.694912910461426,3566000
2010-05-24,15.222285169791439,15.394150106524418,14.933798726340394,15.056559562683105,2654100
2010-05-25,14.645308849142982,15.050417875064133,14.20337087851349,15.032003402709961,2369700
2010-05-26,15.246838012801689,15.823812078288174,14.97062671263951,15.136353492736816,2503600
2010-05-27,15.590569334900326,16.075473438567258,15.357325108439253,16.044782638549805,2237700
2010-05-28,16.038640816760974,16.265748002101983,15.85450074163457,15.915881156921387,1910600
2010-06-01,15.799258914214457,15.879053807475554,15.369598337000989,15.412564277648926,1572000
2010-06-02,15.590574689817515,15.756301554631264,15.154775716494006,15.744025230407715,2614900
2010-06-03,15.8606393745868,15.903605315352356,15.504634360156942,15.701050758361816,1426400
2010-06-04,15.283667044477308,15.61512063174929,14.761935196401529,14.823315620422363,2760700
2010-06-07,15.00745661413815,15.240700816210234,14.731245296534452,14.768073081970215,1685100
2010-06-08,14.86014337921791,15.222286592467333,14.418206434402068,15.173182487487793,2652900
2010-06-09,15.345046906605617,15.964986942120584,15.345046906605617,15.449393272399902,1913500
2010-06-10,15.836082009353031,16.327124028929596,15.658080140672654,16.23505401611328,2256500
2010-06-11,16.032507087013062,16.468305899717645,15.946574019854614,16.462167739868164,1174700
2010-06-14,16.677000751373413,16.934797643837992,16.443756501398045,16.640172958374023,2428500
2010-06-15,16.71996818195778,17.051421860434615,16.61562178363002,16.996179580688477,1764000
2010-06-16,16.867279047727088,17.033005872325983,16.548101719773907,16.640172958374023,1389500
2010-06-17,16.713823839676998,16.77520425788791,16.413061078251022,16.53582191467285,1468700
2010-06-18,16.449892827340275,16.541964062224242,16.23506306790271,16.388513565063477,3121100
2010-06-21,16.69540587189185,16.726095487060835,16.22277830559329,16.28415870666504,1666000
2010-06-22,16.345539646403132,16.47443861920731,15.480079295910446,15.529183387756348,2359800
2010-06-23,15.486221221901902,15.731741740872437,15.28366664740944,15.590567588806152,2736000
2010-06-24,15.480080856721477,15.621256159404892,15.154766654467121,15.185456275939941,1724300
2010-06-25,15.271390347784573,15.786984023631506,15.14249251418993,15.60898208618164,2622500
2010-06-28,15.67649728725218,15.682634274518184,15.295939686393702,15.394147872924805,1161900
2010-06-29,15.050421259603633,15.210009877026598,14.7312440247577,14.854004859924316,2527500
2010-06-30,14.847867516162806,15.099526188408433,14.54710474130179,14.553241729736328,2126800
2010-07-01,14.658835546799933,14.708526466562985,14.0376984573993,14.54081916809082,1954800
2010-07-02,14.689887103307298,14.702310125349658,14.068750217884372,14.130864143371582,1762900
2010-07-06,14.404168539891556,14.621566744618296,13.720917547061044,13.814087867736816,2411700
2010-07-07,13.882412765266727,14.795483766803049,13.838933363011405,14.733369827270508,2801600
2010-07-08,14.969403419203841,15.199223468514555,14.783061589917532,15.137110710144043,3190500
2010-07-09,15.099844564950457,15.317242815627933,15.019097252557476,15.255128860473633,1128800
2010-07-12,15.16816820786214,15.404199787360358,15.01288393103502,15.335875511169434,1113600
2010-07-13,15.584324510741013,15.8141444943222,15.478731193096399,15.714762687683105,1856200
2010-07-14,15.67129193013291,15.764462277102647,15.354511802655608,15.447683334350586,1992000
2010-07-15,15.416618026593945,15.447675583150225,14.91970896893989,15.130895614624023,2073300
2010-07-16,15.025308302599313,15.031519816395463,14.16813835433269,14.286154747009277,3749000
2010-07-19,14.304789177214893,14.876235410042748,14.106024291458374,14.783063888549805,2875000
2010-07-20,14.528394614843878,14.98803587051902,14.360688518724801,14.932134628295898,2347900
2010-07-21,15.019087319784578,15.019087319784578,13.69606533345278,13.975577354431152,3820900
2010-07-22,13.751973628588907,14.342054287994477,13.751973628588907,14.255095481872559,3909600
2010-07-23,14.21782502577785,14.627775335859075,14.14328925197659,14.534605026245117,3975500
2010-07-26,14.578089908780004,15.255129563228085,14.497342592667254,15.230284690856934,1932200
2010-07-27,15.360720379404766,15.565695577427565,15.205436102577645,15.335875511169434,2312500
2010-07-28,15.342087444642479,15.602965084246705,15.186803163561988,15.267550468444824,1598800
2010-07-29,15.447678659338075,15.50979141537023,14.907288914894213,15.043938636779785,1782300
2010-07-30,14.801690289964155,15.571899800265449,14.770633923028607,15.50357437133789,2724200
2010-08-02,15.789303204212066,16.230309922772474,15.745823802069474,16.186830520629883,2234100
2010-08-03,16.106082543562405,16.230309232295642,15.950798294102258,15.975643157958984,2128800
2010-08-04,16.031553078154968,16.211683460417273,15.870057241041458,16.124723434448242,1853800
2010-08-05,15.919739613178123,16.199251716428357,15.90110626277792,16.037755966186523,1314900
2010-08-06,15.776878507101285,16.143349407351206,15.528423960675426,15.919739723205566,2054600
2010-08-09,16.025339031599877,16.261371827297374,15.789307420627548,16.224103927612305,1111300
2010-08-10,15.963228428199894,16.14956913665579,15.752041660096369,15.901114463806152,886000
2010-08-11,15.224067659114668,15.51600161584367,15.081206436761631,15.19922161102295,1673000
2010-08-12,14.944560246225077,15.224072451622897,14.845178392022554,14.876235961914062,1797800
2010-08-13,14.845179201663683,15.161959323483028,14.838967687346612,15.025309562683105,1032400
2010-08-16,14.925923452538788,15.248913811970585,14.851386486685369,15.043938636779785,790200
2010-08-17,15.23028215553799,15.5097931429918,15.068786365470784,15.335875511169434,1019400
2010-08-18,15.329661425348457,15.590539014027273,15.137109286119392,15.385563850402832,1043200
2010-08-19,15.279973364451102,15.286184877808148,14.72716052292424,14.80790901184082,1486900
2010-08-20,14.696102529349378,14.888654683403221,14.62156674668817,14.857598304748535,1250400
2010-08-23,14.956978449829466,15.13710874292399,14.590507536390401,14.61535358428955,1436000
2010-08-24,14.335843723379535,14.683680155592006,14.267518265637369,14.515974044799805,2043100
2010-08-25,14.391746262747237,14.981826965579405,14.34826685648644,14.919713020324707,1822800
2010-08-26,14.9942428947259,15.050145304940704,14.590504186849154,14.602927207946777,1440900
2010-08-27,14.795489092909436,14.838968510816557,14.342059185127644,14.832756996154785,2000300
2010-08-30,14.72716304520476,14.950772825455353,14.67126178486735,14.677472114562988,1053100
2010-08-31,14.602930960814769,14.913499459722633,14.503549135942237,14.776849746704102,1768600
2010-09-01,15.074998016535408,15.236493808079105,14.845176763451102,15.217859268188477,2678800
2010-09-02,15.323451776641347,15.67128820893868,15.180590532895563,15.621597290039062,1597700
2010-09-03,15.925951324540605,16.09987010037937,15.745822221640399,16.00048828125,1394800
2010-09-07,15.894899833769594,15.95701378599008,15.565696716308592,15.565696716308594,1033200
2010-09-08,15.596752010382072,15.752036275926379,15.596752010382072,15.689922332763672,785800
2010-09-09,15.932168946178255,15.969436846462507,15.466316046086929,15.559486389160156,1449900
2010-09-10,15.627812243139585,15.832787476812294,15.503584326181791,15.776885032653809,1298300
2010-09-13,15.98807365753313,16.174415554845037,15.944594236911293,16.124723434448242,1234600
2010-09-14,16.03775752058187,16.26136722485453,15.96322174230754,16.161985397338867,996700
2010-09-15,16.068816663593854,16.453920986937028,15.969433641572282,16.34832763671875,1437000
2010-09-16,16.317267787234034,16.453917488279316,16.217885971069336,16.217885971069336,1142100
2010-09-17,16.329692478808493,16.391805231713843,15.876261563415627,15.963221549987793,1225500
2010-09-20,16.00049455684331,16.516038390051403,15.950803627789224,16.472558975219727,1268600
2010-09-21,16.435284185821477,16.503609633829623,15.963221116005446,16.00670051574707,1333800
2010-09-22,15.963224764462687,16.193044839830346,15.752038044828858,15.8141508102417,1209700
2010-09-23,15.63401759537788,15.882472146640938,15.441465466239604,15.528424263000488,1724000
2010-09-24,15.807938801919708,16.130929175814632,15.75203637120762,16.062604904174805,1275800
2010-09-27,16.031549043361824,16.031549043361824,15.689924094690955,15.8141508102417,1182300
2010-09-28,15.851420423141906,16.26137084919514,15.62159915533626,16.199256896972656,1554300
2010-09-29,16.149558958334683,16.37938012632826,16.006697759575623,16.29863166809082,1638300
2010-09-30,16.447707407526988,16.75206439409913,16.242732245765144,16.441495895385742,3065000
2010-10-01,16.598442536260837,16.83071961210493,16.410108509948166,16.69888687133789,2586400
2010-10-04,16.667499448132148,17.01277794283417,16.661222724085984,16.95627784729004,1906100
2010-10-05,17.15088415728491,17.18227375629929,16.85582911089435,17.012773513793945,3058200
2010-10-06,16.906053462108183,16.94999770903053,16.585886695028474,16.69888687133789,3275000
2010-10-07,16.836999893188477,16.950000085339987,16.730277622533286,16.836999893188477,1800800
2010-10-08,16.874666855362328,16.89977854228599,16.541945385361792,16.742834091186523,3016100
2010-10-11,16.705163220484433,16.94999611452924,16.604718894856266,16.918607711791992,1103000
2010-10-12,16.887224838498433,16.899780683551135,16.560780051475906,16.793058395385742,3170600
2010-10-13,16.893495899548075,17.345495361339275,16.84327373712683,17.075551986694336,1554500
2010-10-14,17.019058170653516,17.094390843327204,16.749113499225103,16.887224197387695,1119600
2010-10-15,17.050444049420484,17.150888396310858,16.843277434285202,16.906055450439453,1335800
2010-10-18,16.943722004415548,16.975111611601776,16.717721622239033,16.95627784729004,1393000
2010-10-19,16.680052408166826,16.94999699635803,16.48544166681142,16.623552322387695,2022400
2010-10-20,16.74910707523261,17.791217827524527,16.686329073821735,17.464773178100586,3257400
2010-10-21,17.514996177984695,17.55894042185816,17.232496954202055,17.45849609375,1490200
2010-10-22,17.502441044942845,17.546386487983103,17.3580524671261,17.496164321899414,1492400
2010-10-25,17.65311257678817,17.671945144792762,17.43966802520107,17.53383445739746,1164500
2010-10-26,17.37688819424827,17.53383263068853,17.081831887410324,17.245054244995117,1626600
2010-10-27,17.1006730630937,17.57778450036194,17.094395139228016,17.28900718688965,1905500
2010-10-28,17.439666523870294,17.64055521456631,17.138332290435223,17.38944435119629,1084200
2010-10-29,17.33922080761725,17.79749824670825,17.332942886855477,17.697053909301758,1703100
2010-11-01,17.941886908394647,18.149053504850855,17.753554074303896,17.904220581054688,1638700
2010-11-02,18.05488792322332,18.111388015543053,17.847721317181303,17.935609817504883,1128800
2010-11-03,17.9544507893409,18.167895402158557,17.828894712133515,18.042339324951172,1791700
2010-11-04,18.25577895832397,18.776834501046007,18.123946190867255,18.739168167114258,1692300
2010-11-05,18.726609186594565,19.2916088904969,18.657553254794056,18.92749786376953,1873000
2010-11-08,18.889825960114933,19.235103122414188,18.789381651177308,19.134658813476562,2237200
2010-11-09,19.09072046349079,19.291609143298245,18.21810981155554,18.368776321411133,2406800
2010-11-10,18.43155154927504,18.808217168326497,18.38132938690879,18.77682876586914,1806500
2010-11-11,19.115835702031063,19.115835702031063,18.626168555896395,18.75800132751465,1507900
2010-11-12,18.601052090272912,18.764274430397634,18.268330686941383,18.312274932861328,1717400
2010-11-15,18.3876136249894,18.594780265607913,18.149057373737048,18.186723709106445,1183900
2010-11-16,18.061169435059004,18.0988357716303,17.326669286266878,17.433391571044922,1835000
2010-11-17,17.50871762906565,18.01721836891764,17.50871762906565,17.803773880004883,1830300
2010-11-18,18.08627679297266,18.4127215130673,17.92933235416459,17.998388290405273,1398500
2010-11-19,17.973275685323095,18.42527641228085,17.910498870926503,18.368776321411133,1648000
2010-11-22,18.28716492206684,18.469221040246943,18.13022048807337,18.299720764160156,1472200
2010-11-23,18.02977866119547,18.32483500459269,18.02977866119547,18.167890548706055,1418000
2010-11-24,18.34366058617527,18.814493774502683,18.29971634684723,18.682661056518555,1010700
2010-11-26,18.525716660409415,18.852161291690194,18.494327062753158,18.682661056518555,554000
2010-11-29,18.582221291353818,18.726609883774955,18.36249884349195,18.506887435913086,1402100
2010-11-30,18.18043555400269,18.488047578116845,18.161602995613624,18.324825286865234,2017900
2010-12-01,18.626169811837443,18.68266991702392,18.406447313600182,18.607336044311523,2052600
2010-12-02,18.657550652133807,19.16605139236378,18.607328489845873,19.140939712524414,1273500
2010-12-03,19.046777173305347,19.341832286952272,18.952610749578973,19.310443878173828,1547500
2010-12-06,19.304161881040393,19.800106777284622,19.153495395411852,19.66199493408203,2195900
2010-12-07,19.963335474383374,20.07005775850757,19.674558233453926,19.781280517578125,1927300
2010-12-08,19.781276392106804,19.875442812014928,19.505053855970782,19.599220275878906,2097700
2010-12-09,19.737334740200737,20.001001469078286,19.618056620677493,19.712223052978516,1788500
2010-12-10,19.73733418259406,20.101445255291555,19.68711200695962,19.938222885131836,1325700
2010-12-13,20.038661484758556,20.20188380806902,19.925661322667406,19.97588348388672,1187900
2010-12-14,19.938218172724653,20.026106659964665,19.36694061088291,19.448551177978516,1399100
2010-12-15,19.42972168743143,19.58666612368729,19.084443209233935,19.090721130371094,1428300
2010-12-16,19.191161637907264,19.291605961243196,19.071883554924298,19.12838363647461,1317700
2010-12-17,19.197444068811198,19.32927802253723,19.09699972187282,19.24138832092285,2338400
2010-12-20,19.30416398426748,19.724775084828455,19.24766389632713,19.67455291748047,1388800
2010-12-21,19.8329148195743,20.01661215439887,19.668221032271866,19.984939575195312,810600
2010-12-22,19.94059896199948,20.206642583574187,19.89625855976792,19.991273880004883,1040600
2010-12-23,19.927931065546776,20.054618971869104,19.699894525626167,19.718896865844727,890700
2010-12-27,19.668220824650927,20.086289200241847,19.547868649503933,19.991273880004883,911000
2010-12-28,19.997607442353715,20.086288242588804,19.579539086695018,19.889923095703125,1297300
2010-12-29,19.972270110781032,19.991272448556582,19.782238275728734,19.940597534179688,974600
2010-12-30,19.92792207494143,20.105284822137307,19.88358169018868,20.035606384277344,676800
2010-12-31,19.96593059372305,20.219305102133756,19.96593059372305,20.08628273010254,873800
2011-01-03,20.250984442866642,20.548699456545858,20.16863814825254,20.466354370117188,1953900
2011-01-04,20.580364916125056,20.65637666374434,20.111620570338047,20.4283390045166,2804600
2011-01-05,20.32699556832994,20.78307102962109,20.32699556832994,20.776735305786133,1976700
2011-01-06,20.770402842454455,20.90975735966866,20.650048248405362,20.75139808654785,1557600
2011-01-07,20.73239256575314,20.94142793405537,20.409340761360138,20.586702346801758,1786000
2011-01-10,20.479020740026435,20.840079660873798,20.269985356182932,20.707056045532227,1980600
2011-01-11,20.76406226983833,20.890750142026807,20.301653590265044,20.542360305786133,1111200
2011-01-12,20.745064368023574,20.93509500873133,20.47268623033987,20.56136703491211,1208000
2011-01-13,20.618371669033728,20.66904778349,20.384000680598813,20.460012435913086,1093600
2011-01-14,20.48535252421078,20.605704683421823,20.339662305259395,20.586702346801758,1735500
2011-01-18,20.561362675925487,21.049109414041723,20.529691311916938,21.042776107788086,1650100
2011-01-19,20.94142605698508,21.131456655263605,20.593033807709265,20.69438362121582,985600
2011-01-20,20.605701862195712,21.13778896204033,20.51702108161662,20.98576545715332,1236900
2011-01-21,21.06811297619941,21.11878909466066,20.85274430547975,21.09978675842285,1143900
2011-01-24,21.049117765181325,21.277155542708094,21.049117765181325,21.09345817565918,890200
2011-01-25,21.030106009434352,21.175796209560815,20.80840163990882,21.017436981201172,1573900
2011-01-26,21.118796423865316,21.118796423865316,20.72606603497622,20.814746856689453,1242900
2011-01-27,22.265316082317863,22.829074741304066,21.410174507138606,21.543195724487305,8469200
2011-01-28,21.587532834124048,21.587532834124048,20.776731879282746,20.859079360961914,2681800
2011-01-31,20.992102894236474,21.365830840490116,20.865415004318702,21.251811981201172,6025500
2011-02-01,21.283480407349202,21.441839643762126,20.966761934523348,21.042776107788086,2661400
2011-02-02,20.91609027513981,21.13779226119041,20.859080847816735,20.871749877929688,1528600
2011-02-03,20.865421224800535,21.11246377115622,20.73239998809679,20.960437774658203,1849500
2011-02-04,20.9731020813822,21.042780546721655,20.827411843113662,20.966766357421875,1215400
2011-02-07,21.05544789292769,21.289818916915493,21.0301098318559,21.22014045715332,2420500
2011-02-08,21.270818593997543,21.429177866139735,21.245480530525814,21.346830368041992,1738100
2011-02-09,21.283473309041888,21.391158810400697,21.16945450354168,21.340482711791992,1733900
2011-02-10,21.29578011449624,21.717352146942627,21.29578011449624,21.608766555786133,1834200
2011-02-11,21.589608410551712,21.908981323242188,21.391598764121667,21.908981323242188,1467500
2011-02-14,22.119765688049185,22.215576087204397,21.896203216777092,22.004791259765625,1454600
2011-02-15,21.877036361390424,22.158083542572154,21.65347638052098,22.151697158813477,1306300
2011-02-16,22.196412377323664,22.547722013957024,22.177250786644823,22.515785217285156,2165900
2011-02-17,22.419975750801978,22.99484792353916,22.419975750801978,22.892648696899414,1706800
2011-02-18,22.892644270924517,22.930969887237858,22.49023382780896,22.611597061157227,1995200
2011-02-22,22.34332530376615,22.68185976035271,22.304999682849687,22.381650924682617,1815200
2011-02-23,22.394431434434953,22.56050429115421,22.164482527729707,22.35610580444336,1791200
2011-02-24,22.317775822574973,22.54133829899892,22.03672856730618,22.241127014160156,2078300
2011-02-25,22.432749852573583,22.784059524536133,22.40081305269001,22.784059524536133,1505200
2011-02-28,22.87986757516801,23.237565994262695,22.796829963541878,23.237565994262695,1571400
2011-03-01,23.231177434815404,23.29505345856173,22.44552061739429,22.458295822143555,2501300
2011-03-02,22.5030010723264,22.59881386090327,21.992005218697415,22.119754791259766,1644600
2011-03-03,22.47107103282779,23.071491036474878,22.439134239256774,22.937355041503906,1930300
2011-03-04,22.88625638427343,22.988455584446076,22.503007556160167,22.758506774902344,1219000
2011-03-07,22.828771979963587,22.97568319592955,22.343323892177295,22.45191192626953,1099900
2011-03-08,22.554113909088134,23.154534052861262,22.47746266268343,22.95652198791504,1168600
2011-03-09,22.892646020341186,23.071494036894784,22.707409182269828,22.764896392822266,877500
2011-03-10,22.477465206447626,22.54134125234703,22.02395624536085,22.14531707763672,1382900
2011-03-11,22.17725789784035,22.375267562671095,21.813172938469172,22.324169158935547,1122700
2011-03-14,22.10699324242163,22.164480463744656,21.65348429455215,21.774845123291016,1499400
2011-03-15,21.059441272895896,21.525725225573257,20.893366067677682,21.34048843383789,2114300
2011-03-16,21.26384360176635,21.710966050997616,21.116932392391465,21.308555603027344,2783500
2011-03-17,22.451909209912518,22.451909209912518,21.270228367136465,21.36604118347168,2363000
2011-03-18,21.64070713815234,21.87065600274981,21.321334256571788,21.327720642089844,2501600
2011-03-21,21.69180073387935,22.11337274684799,21.42352874227257,21.94729995727539,1179400
2011-03-22,21.93453909341512,22.062288788636877,21.64710288832185,21.80678939819336,1693200
2011-03-23,21.806779099611738,21.81316792149813,21.39798221726084,21.67902946472168,1594600
2011-03-24,21.768458169857034,22.151704677607555,21.532120468009737,22.062280654907227,950900
2011-03-25,22.106990565094247,22.419974614797773,21.992016136372484,22.215576171875,854500
2011-03-28,22.24112859776919,22.375264631201276,22.0942173559214,22.13892936706543,1062500
2011-03-29,22.087829397330516,22.311389437132775,21.838716505894403,22.241127014160156,1216100
2011-03-30,22.31777095663384,22.777668580094698,22.23473578088097,22.771282196044922,1219500
2011-03-31,22.637146340219022,23.00123118800713,22.637146340219022,22.975683212280273,1135000
2011-04-01,23.128977044086643,23.307827464758216,22.83515465982618,23.0203914642334,1782900
2011-04-04,23.026783690222516,23.212020541627208,22.994846890199348,23.109821319580078,1060800
2011-04-05,22.9948519045604,23.256737620453002,22.9948519045604,23.02678871154785,1782600
2011-04-06,23.15452546421205,23.15452546421205,22.835152699188438,23.09703826904297,949600
2011-04-07,23.033168941765567,23.058716915850848,22.53494567947281,22.64353370666504,1570200
2011-04-08,22.745732138203845,22.854317725076626,22.311384917470324,22.39442253112793,666900
2011-04-11,22.356101269166174,22.69463573723747,22.349714883774233,22.509401321411133,955100
2011-04-12,22.381652152470426,22.579661779847058,22.253902512362515,22.46468734741211,1282400
2011-04-13,22.59243080249425,22.764892403932656,22.273058007968547,22.31777000427246,1430100
2011-04-14,22.24751483118242,22.924583742066183,22.04950277871593,22.86071014404297,1504100
2011-04-15,22.92458109405469,23.28866592129916,22.8543186823722,23.256729125976562,1707000
2011-04-18,22.924583373630174,23.065108210968674,22.643536135574713,22.879871368408203,1398500
2011-04-19,22.918199340329743,23.237572231328567,22.828775320709557,23.071496963500977,1347200
2011-04-20,23.422795689822003,23.461121295981822,22.413579093819965,22.796825408935547,2328400
2011-04-21,22.84793637710764,23.071496420900367,22.649924312161417,22.95652198791504,1278100
2011-04-25,23.05234159547658,23.275901704903635,22.84155426091183,23.186477661132812,1636400
2011-04-26,23.237564231380468,23.493060994247113,23.071489020727245,23.326988220214844,1695300
2011-04-27,23.326993109188084,23.41641711676433,22.943744229633715,23.154531478881836,1649400
2011-04-28,23.16090594603191,23.671904189164696,23.16090594603191,23.595252990722656,1898100
2011-04-29,23.550555994188958,23.569720024302853,22.975686259828983,23.250347137451172,1960300
2011-05-02,23.448354411498954,23.665528050198844,22.956519922777982,23.224794387817383,1587300
2011-05-03,23.199248685144067,23.38448556330398,22.60521485974986,23.039562225341797,2364900
2011-05-04,23.052334004125733,23.167308433003896,22.66908753227961,22.784059524536133,1491900
2011-05-05,22.66270574531656,23.135378814834766,22.61799372427567,22.95014190673828,1578400
2011-05-06,23.243957118190806,23.243957118190806,22.630761791803074,22.69463539123535,1880300
2011-05-09,22.64353370666504,22.777669707942547,22.356097677769462,22.64353370666504,1480200
2011-05-10,22.675471225620836,23.429191309176815,22.675471225620836,23.3717041015625,2059400
2011-05-11,23.38447440070734,23.38447440070734,22.675466467771216,22.75211524963379,1672100
2011-05-12,22.694182263383382,22.880886763625245,22.27570699814159,22.777877807617188,1669400
2011-05-13,22.765001598108153,22.855134128483385,22.423784888565546,22.43665885925293,1216400
2011-05-16,22.33365092265793,22.6362408221088,22.269271242570557,22.385156631469727,1407200
2011-05-17,22.301460063690076,22.43665885925293,22.114755561668655,22.43665885925293,2347200
2011-05-18,22.41090948576251,22.73924978369025,22.26927124245816,22.71993637084961,1561900
2011-05-19,22.835817411785293,23.099777979367623,22.72636902936355,23.009645462036133,1434100
2011-05-20,22.964575423805996,23.003204695833073,22.732807159423828,22.732807159423828,1285200
2011-05-23,22.35296064592817,22.61692119119954,22.269265120083094,22.481719970703125,1530000
2011-05-24,22.211323352974258,22.661988375959094,22.204886368842054,22.578292846679688,1826900
2011-05-25,22.51390849649636,22.87443847511635,22.359393894283304,22.803619384765625,1599500
2011-05-26,22.758552911885793,23.36373243730239,22.668420418124068,23.28003692626953,1959800
2011-05-27,23.421686901904753,23.67277110553567,23.30580150700933,23.49250602722168,2814700
2011-05-31,23.698523861573555,24.10412028607368,23.67920799188725,23.814409255981445,3776600
2011-06-01,23.704958704550478,23.865910353796977,22.93239029698182,22.945266723632812,3992400
2011-06-02,23.03539487110358,23.305794867468357,21.928049405023117,21.934486389160156,47686200
2011-06-03,21.470946246790202,21.915174312979882,21.40656657779918,21.889421463012695,6393500
2011-06-06,22.108317136325752,22.108317136325752,21.18123658380116,21.187673568725586,5971900
2011-06-07,21.554636896383354,22.13406360969731,21.52244706918289,21.960235595703125,6649400
2011-06-08,21.863666212965985,22.21132228157831,21.67052477126803,21.696277618408203,3894400
2011-06-09,21.82504349050117,21.82504349050117,20.782075089101742,21.033159255981445,5553100
2011-06-10,20.93658696685564,21.129728419140246,20.447293896042783,20.65974998474121,5781400
2011-06-13,20.698382667153975,21.20055101700006,20.621124108772104,21.136171340942383,4836700
2011-06-14,21.34218857274034,21.664091854646365,21.200550342805005,21.52889060974121,3434900
2011-06-15,21.303555196806386,21.490259653819756,21.026718231145647,21.200546264648438,4659600
2011-06-16,21.37437835163351,21.664091795746696,21.007408807732517,21.35506248474121,5409000
2011-06-17,21.56751583863401,21.747780856761874,21.28424188787212,21.696277618408203,4364100
2011-06-20,21.55464047097814,21.95379979749807,21.522450638439352,21.934486389160156,3448800
2011-06-21,22.27571240001287,22.468856388301816,21.9087427517484,22.05681800842285,3806000
2011-06-22,22.031054039715155,22.314327949026456,21.985987791777593,22.063243865966797,2853700
2011-06-23,21.59326762768842,21.9731135086499,21.503135123041044,21.779972076416016,26332600
2011-06-24,21.940924587964712,22.29501763771295,21.799286385694757,21.992427825927734,8013400
2011-06-27,22.043931450892988,22.295015545223126,21.89585382282126,22.12762451171875,3684800
2011-06-28,22.166259765625,22.204889042850507,21.98599471709349,22.166259765625,3878700
2011-06-29,22.275701487634944,22.81006200318795,22.108312896502735,22.790748596191406,4972900
2011-06-30,23.06759484355274,23.177040801827225,22.880890314337616,23.074031829833984,5079900
2011-07-01,23.016076603966884,23.498931357896257,22.945257513775704,23.305789947509766,4271800
2011-07-05,23.267160683061956,23.7950816842173,23.10620909841883,23.305789947509766,4512300
2011-07-06,23.26716689657365,23.337986005677116,22.97101649116545,23.177034378051758,5681200
2011-07-07,23.44743777191846,24.11699729897957,23.44743777191846,23.988235473632812,4440100
2011-07-08,23.5955118546733,23.750024056689764,23.131970336769573,23.6792049407959,3352500
2011-07-11,23.337989481602737,23.52469398687811,22.977456897891045,22.99677276611328,3260400
2011-07-12,22.687745953812907,23.41524565281884,22.642677231785314,22.964580535888672,4377000
2011-07-13,23.01608740988955,23.138409787514526,22.41091005163752,22.43022346496582,4250100
2011-07-14,22.14694220141124,22.59760473822018,22.063246677749596,22.27570152282715,4099900
2011-07-15,22.385152902334706,22.47528542181283,22.185571997828173,22.398029327392578,3330500
2011-07-18,22.365838348956448,22.430218015026554,21.90873387852207,22.146944046020508,2691500
2011-07-19,22.23707816388382,22.604047689976042,22.22420173855621,22.591171264648438,2963800
2011-07-20,22.655551338389113,22.713494025430602,22.468849307635033,22.610485076904297,2125600
2011-07-21,22.82293709978081,23.292915471480764,22.65554606245253,22.835813522338867,2495100
2011-07-22,22.829377365903994,23.09333792648485,22.69417859349286,23.080461502075195,1718300
2011-07-25,22.797182261505572,23.048266339619204,22.67485994178839,22.822935104370117,1873600
2011-07-26,22.75212464075563,23.093341342338686,22.57829656940373,23.0611515045166,1853700
2011-07-27,23.00321239153502,23.028965248168664,22.018188956610214,22.050378799438477,4096800
2011-07-28,22.21132854800887,23.119095790429526,22.21132854800887,22.71993637084961,3958200
2011-07-29,22.41734147351954,23.003205273033593,21.96023946139989,22.938825607299805,5242900
2011-08-01,23.138396099792658,23.312224084700215,21.754214114376598,22.13405990600586,4706700
2011-08-02,21.87654607950388,22.076126992360596,21.000968786351528,21.02028465270996,4910900
2011-08-03,21.084663420684578,21.535328473533458,20.24771544020921,20.762760162353516,5072500
2011-08-04,20.518112527083698,20.588930403036464,19.133927648522956,19.17899513244629,7133800
2011-08-05,19.539531309079525,19.539531309079525,18.193975364954873,18.515878677368164,8078500
2011-08-08,18.090964013964417,18.193972962095287,16.262553342696172,16.28186798095703,8548500
2011-08-09,16.706771513118905,17.814117743797006,16.211040440493015,17.76261329650879,10669800
2011-08-10,17.369890383144018,18.110267242056022,16.822654886395895,16.996482849121094,7524700
2011-08-11,17.07374373118769,18.258347446435174,16.78403039888577,17.839872360229492,7061600
2011-08-12,17.9815155581541,18.232599697646016,17.633859462275968,17.872068405151367,3878800
2011-08-15,17.94932553697339,18.97941623176422,17.859193015616878,18.92791175842285,6062400
2011-08-16,18.58025451339478,18.863528466856334,18.129589507853495,18.73476791381836,5200700
2011-08-17,18.908595951892483,19.29487883901289,18.63175898228307,18.895719528198242,3519300
2011-08-18,17.762622579257446,18.25191569818159,17.5630428952106,17.827003479003906,7221700
2011-08-19,17.53729735180367,18.058780523917907,17.080195106263005,17.138137817382812,4986100
2011-08-22,17.67893117301481,17.704684030117612,16.738973992111195,16.861297607421875,3763900
2011-08-23,16.880608889877657,16.99649427627366,16.53295395865331,16.764724731445312,5611100
2011-08-24,16.816224711501537,16.990051516619364,16.25611256978335,16.545825958251953,6190200
2011-08-25,16.72609345376288,16.887045087216247,15.805449913935444,16.095163345336914,5425900
2011-08-26,15.856961115462633,16.217493811502113,15.412735302784755,16.185302734375,5970400
2011-08-29,16.46857226688907,17.041559730127066,16.28830598242647,17.01580810546875,5031700
2011-08-30,16.835535778224546,17.337705172435737,16.578013484255923,17.215381622314453,3038400
2011-08-31,17.38277804947787,17.666053294854734,17.08018939216498,17.530853271484375,3892800
2011-09-01,17.47291096883247,17.82056712698611,17.254016623616547,17.65317726135254,4786500
2011-09-02,17.19607014177628,17.466468906997523,16.790472607926098,16.835538864135742,3486500
2011-09-06,16.17241664062081,16.629518576326856,15.979273991816807,16.481443405151367,2895200
2011-09-07,16.848416729669513,17.479346826511197,16.66815046144468,17.460033416748047,4337000
2011-09-08,17.389216988717997,17.569483284749435,17.144569784963643,17.26689338684082,3405600
2011-09-09,16.944993846128575,17.1188219672648,16.339815143634283,16.513643264770508,4462000
2011-09-12,16.217487457104973,16.56514235811012,16.095163867879293,16.462133407592773,4560000
2011-09-13,16.54582480051336,16.745404438624963,16.35268214572769,16.674585342407227,4396600
2011-09-14,16.803346500686594,17.183192357180562,16.462128682558546,17.099496841430664,6167000
2011-09-15,17.268672308057205,17.88680412283907,17.079978615271823,17.82173728942871,4678300
2011-09-16,17.98440959500118,18.43336952623436,17.633050566114317,18.426862716674805,8731900
2011-09-19,18.075495857864016,18.303227888564642,17.893308992257026,18.16008186340332,6451600
2011-09-20,18.264193474027852,18.615553691504523,18.042966946219614,18.39432716369629,4002900
2011-09-21,18.374809603235523,18.42686283901053,17.314224458927143,17.36627769470215,7584300
2011-09-22,16.8782845822203,17.02793753702839,16.149537762339264,16.35124397277832,6225100
2011-09-23,16.331714924707402,16.65704788639063,16.084461178841963,16.598487854003906,4766600
2011-09-26,16.81971572450253,16.969368601101863,16.468355501829116,16.949848175048828,3445900
2011-09-27,17.38579470384016,17.515928397494065,16.95635525224789,17.099502563476562,3730500
2011-09-28,17.171075435850987,17.171075435850987,16.26665008808829,16.299182891845703,3227900
2011-09-29,16.68957853301367,16.70909895497316,16.266645985597457,16.546432495117188,4104400
2011-09-30,16.305688403570286,16.676567797505037,15.77214252169596,15.77864933013916,4272200
2011-10-03,15.602970587815111,15.96734444617178,14.71806566006287,14.724571228027344,4950600
2011-10-04,14.568413884805716,15.368734147643654,14.145481159220521,15.316680908203125,5900000
2011-10-05,15.349205281355394,15.40125849218686,14.46429945617401,15.101951599121094,4441400
2011-10-06,15.03689737654312,15.960843497615533,14.789643507511801,15.928309440612793,6165000
2011-10-07,16.07795483121519,16.2080885160347,15.297156445438524,15.30366325378418,4554500
2011-10-10,15.661529316954315,16.103982364319265,15.661529316954315,15.993369102478027,4894800
2011-10-11,15.856729179856176,16.051928461448906,15.628995857300147,15.915287971496582,3116700
2011-10-12,16.123506313139117,16.526918597859954,15.92179892973161,16.18857192993164,3399000
2011-10-13,16.03891479599569,16.292675350546027,15.628995809486321,16.084461212158203,2651100
2011-10-14,16.370760178887256,16.787186116332023,16.247133263315646,16.774173736572266,2899900
2011-10-17,16.533418645897584,16.76765874190165,16.422805405123064,16.4943790435791,4980000
2011-10-18,16.52041166649533,17.65907732665103,16.50739928786076,17.561477661132812,5425900
2011-10-19,17.476892010918643,17.652570916409424,16.949851571304983,17.06046485900879,3450600
2011-10-20,17.053953004168264,17.216619482610373,16.722114480267496,17.138540267944336,4260100
2011-10-21,17.327234845428542,17.971395270541706,17.27518161563673,17.95838165283203,4134600
2011-10-24,17.98440533416095,18.758698113645426,17.977898526142976,18.622058868408203,3534800
2011-10-25,18.5049378774843,18.511444685175718,17.457365419052394,17.86077880859375,5205000
2011-10-26,18.22514967790476,18.342269723498852,17.81522951832544,18.029949188232422,5164800
2011-10-27,19.539503270560658,19.72819579267862,18.687129792952256,19.27923583984375,7402700
2011-10-28,19.168616324831316,19.526483305246618,19.012456661777012,19.474430084228516,5040500
2011-10-31,19.142586939914388,19.884345518133383,19.051494129549656,19.363813400268555,4381400
2011-11-01,18.602537364897486,18.869310272920565,18.036457510649342,18.062484741210938,5621700
2011-11-02,18.53096642090599,19.044993129944785,18.12755421681815,18.39432716369629,4571600
2011-11-03,18.680620278555672,19.103554171716006,18.127555170971064,19.031980514526367,3397800
2011-11-04,18.758700963201285,19.12307358023094,18.57000846620352,19.044994354248047,2884200
2011-11-07,19.084032283841275,19.36381884120173,18.745685691635753,19.136085510253906,2289100
2011-11-08,19.37032548475632,19.49395112077978,18.504939827358093,19.337791442871094,3604300
2011-11-09,18.752196583524885,18.752196583524885,17.92585034836417,17.990917205810547,4970100
2011-11-10,18.283713276261878,18.3162460770461,17.659073324621087,17.724140167236328,3905300
2011-11-11,18.016940354144715,18.550486230169295,17.8542738679886,18.53096580505371,2463000
2011-11-14,18.39432581005481,18.426858609554404,18.075499658981137,18.199125289916992,2626100
2011-11-15,18.02995245083787,18.47240548490328,17.880299583741273,18.303232192993164,2508600
2011-11-16,18.114547932301427,18.64809404203394,17.99092100117766,18.166601181030273,3631700
2011-11-17,18.042964459766832,18.426857426233926,17.743658752241526,17.86077880859375,4879800
2011-11-18,18.055981303828577,18.08851410705636,17.724141498508263,17.919342041015625,3041700
2011-11-21,17.659070700033766,17.659070700033766,16.96285844193319,17.053951263427734,4716700
2011-11-22,16.98238433147438,17.112516798212187,16.65705130305934,16.709104537963867,3386500
2011-11-23,16.47485805489056,16.539924883879717,16.208085172976897,16.21459197998047,3263000
2011-11-25,16.234117721570662,16.79368965576017,16.234117721570662,16.403289794921875,1206300
2011-11-28,16.98888291976967,17.151549355260236,16.74813604918321,17.02141571044922,3851700
2011-11-29,17.099499519634076,17.15155273962039,16.878273024430577,16.95635223388672,2513100
2011-11-30,17.594002059602648,18.1340545696885,17.262162386025114,18.101520538330078,4810600
2011-12-01,18.036450816651104,18.042957621876585,17.56797200983221,17.8933048248291,3575600
2011-12-02,18.10803093599223,18.439870675383993,17.945364470077443,18.088510513305664,3074700
2011-12-05,18.355284034922462,18.732671439931057,18.231658410226565,18.543977737426758,3039200
2011-12-06,18.543976654376134,18.59602987253603,18.192616501011898,18.45939064025879,2377600
2011-12-07,18.361788230900256,18.82376158925474,18.16008218257188,18.765201568603516,2702500
2011-12-08,18.60254392341667,18.635076732041785,18.075504729197803,18.179611206054688,3548200
2011-12-09,18.316247191656974,18.804246679397643,18.218647542318216,18.674114227294922,2373500
2011-12-12,18.40083818531753,18.439877804737783,17.73065163985963,17.932357788085938,3134900
2011-12-13,18.036449534061937,18.32924954315633,17.457357561682034,17.633037567138672,2570800
2011-12-14,17.574485329915447,17.78920501776809,17.340245219150145,17.548458099365234,3148100
2011-12-15,17.857482553760132,18.021855553153408,17.712834765757975,17.91008186340332,2678800
2011-12-16,18.074456288089323,18.376903282937494,17.949532447560735,18.08760643005371,4116100
2011-12-19,18.232256147833564,18.232256147833564,17.61421445927651,17.653663635253906,2404900
2011-12-20,18.002131460231947,18.587300227193648,17.982407501681845,18.57415008544922,2656200
2011-12-21,18.580724716186523,18.68592333951696,18.251978704762276,18.580724716186523,2155100
2011-12-22,18.71879125083454,19.23163531058048,18.666191956557988,18.929189682006836,2959600
2011-12-23,19.100142829818942,19.139593254257566,18.830571199820938,19.01466941833496,1332800
2011-12-27,18.909466655867462,19.22506245790207,18.764818893451494,19.067264556884766,1609800
2011-12-28,19.10013672635034,19.10013672635034,18.70564264055724,18.725366592407227,1916200
2011-12-29,18.902892737574728,18.916042876976785,18.70564566280917,18.784543991088867,2568100
2011-12-30,18.81741655139522,18.975214438639828,18.758242186920224,18.797691345214844,2030100
2012-01-03,19.349992897410086,19.626139632337924,18.889747921174802,19.225069046020508,3104800
2012-01-04,19.15931604510345,19.15931604510345,18.560998438969317,18.738521575927734,3068000
2012-01-05,18.547851724775256,19.317117539640897,18.514977621072738,19.225069046020508,4350600
2012-01-06,19.001512927845784,19.067262359207998,18.804265887825242,18.929189682006836,3674100
2012-01-09,18.922622300987744,18.994945576208817,18.712223784338732,18.758249282836914,1987300
2012-01-10,19.027820107145075,19.40916544255545,18.994944752500572,19.27109146118164,2964000
2012-01-11,19.20533790187167,19.51435989916074,19.106714367146633,19.474910736083984,1690600
2012-01-12,19.612985376012006,19.77735836818578,19.185615847173477,19.540660858154297,2861100
2012-01-13,19.310543728176963,19.599839352236042,19.126445486812095,19.442041397094727,3701000
2012-01-17,19.659011527782372,20.336228772957142,19.626137427772534,20.07980728149414,3790900
2012-01-18,20.119257570333634,20.480877706802946,20.060083183774424,20.204730987548828,4062000
2012-01-19,20.25074855015311,20.632093774342152,20.066651634102925,20.57949447631836,3724800
2012-01-20,20.579500596479214,20.895097732543945,20.382253483746997,20.895097732543945,3710100
2012-01-23,20.888518785139198,20.947693158790745,20.645246220786575,20.914817810058594,7750300
2012-01-24,20.72414975270512,21.15809440612793,20.6715504387771,21.15809440612793,2846600
2012-01-25,21.059465040771542,21.434235228217194,20.993716853130497,21.28301239013672,3311900
2012-01-26,21.46053392587703,21.6840812587771,21.256713054322415,21.40135955810547,3918600
2012-01-27,21.171236581999246,21.434231798615247,21.085761945236257,21.381633758544922,3535100
2012-01-30,21.066045505163356,21.177817947749674,20.612375647682157,20.776748657226562,4291300
2012-01-31,20.94112123891496,21.00687069220268,20.697848637970353,20.849071502685547,3991500
2012-02-01,21.05289074882885,21.4013606500791,21.03316554054315,21.394786834716797,2690300
2012-02-02,21.407944095216767,21.59204108419397,21.315893092594802,21.572317123413086,2849400
2012-02-03,21.973377895443598,21.973377895443598,21.651208271910438,21.802431106567383,4793400
2012-02-06,21.690665986351927,21.861612832743567,21.664365699789098,21.68408966064453,2055300
2012-02-07,21.592031393905252,21.901053350831035,21.552580981915078,21.887903213500977,3184300
2012-02-08,21.868183802541736,22.8346978887281,21.78928546126113,22.47307777404785,4087200
2012-02-09,22.479648502680437,22.512525106152975,22.15747885696426,22.433624267578125,3945000
2012-02-10,22.170626327599074,22.328422969486187,21.638057017932166,21.743255615234375,3419100
2012-02-13,22.00625266643517,22.249523944726334,21.901054072460695,22.190349578857422,1879900
2012-02-14,22.15090809466231,22.262683056641432,21.762987652734772,21.95366096496582,3256200
2012-02-15,22.08515092424145,22.275824159087986,21.67750668722621,21.86817741394043,2731200
2012-02-16,21.920780148445015,22.27582637805084,21.789281266205908,22.262676239013672,2390400
2012-02-17,22.328428415956513,22.420476897532353,22.118031170030864,22.35472869873047,1843100
2012-02-21,22.341567413810857,22.35471754863881,21.993097619331298,22.13117027282715,2149200
2012-02-22,21.993107803810304,22.21007885861618,21.618337566127764,21.6380615234375,3011700
2012-02-23,21.644625316719978,22.13117027282715,21.598601098888025,22.13117027282715,2632600
2012-02-24,22.256099038643377,22.38759791570205,22.085152254159826,22.27582550048828,2689100
2012-02-27,22.203503705950684,22.32185245895237,21.993106480199412,22.28240203857422,2409500
2012-02-28,22.328424886585513,22.354725165202286,21.979954973377446,22.085153579711914,1891000
2012-02-29,22.078572241647105,22.26266911297491,21.81557456135159,22.13117027282715,3325600
2012-03-01,22.13117997855766,22.269252692605935,21.966806983319373,22.223228454589844,2465500
2012-03-02,22.242953136685415,22.49937458740266,22.052279875540354,22.183778762817383,1745300
2012-03-05,22.236377026747387,22.663747787475586,22.085154182770573,22.663747787475586,2372600
2012-03-06,22.394173681432566,22.551970323468,22.111451980642304,22.15089988708496,3132600
2012-03-07,22.24952465812259,22.505946082398857,22.045701278453873,22.492795944213867,2902700
2012-03-08,22.645275153108827,22.651903219361756,22.26741215591504,22.27404022216797,4220000
2012-03-09,22.340334164402886,22.685051782476602,22.22100873780694,22.632017135620117,2605600
2012-03-12,22.598868284234,22.68504830775984,22.439766896865585,22.532577514648438,2765300
2012-03-13,22.612126116919175,23.175605224280496,22.59886745772082,23.14908790588379,2774600
2012-03-14,23.096059829035994,23.25516123835463,22.976734404254795,23.089431762695312,2520900
2012-03-15,23.089430724772892,23.36785501752581,23.04302414714974,23.202125549316406,2869000
2012-03-16,23.195493722547607,23.420885863922415,23.102683111179854,23.374479293823242,3202000
2012-03-19,23.294934428895594,23.560102598464553,23.19549826193055,23.520326614379883,2582500
2012-03-20,23.334705169471547,23.427513249316586,23.2087491792557,23.387737274169922,3002200
2012-03-21,23.41424667388505,23.566717400479963,23.301551908987367,23.48053741455078,2356600
2012-03-22,23.255157571783897,23.281672361797238,23.009876165722485,23.222009658813477,2766300
2012-03-23,22.91043652387163,23.394366139331254,22.817625922053203,23.33470344543457,2490900
2012-03-26,23.5534670364327,23.679423028390445,23.4474002967386,23.672792434692383,2326500
2012-03-27,23.480538000334114,23.692673939181997,23.35458457839512,23.50042724609375,2842600
2012-03-28,23.42751055565508,23.46065593338437,22.910435582353546,23.23526382446289,4118700
2012-03-29,23.049650907021242,23.454031146784335,22.936953572397318,23.40762710571289,2753100
2012-03-30,23.606495970848037,23.88492014700739,23.507057320031166,23.878292083740234,3158200
2012-04-02,23.831896412938004,24.136838006777968,23.765603112865737,24.030771255493164,2921800
2012-04-03,23.944590192835392,23.977735577020674,23.785491337213763,23.964479446411133,2670900
2012-04-04,23.785491031215457,23.818636414974325,23.606502924320754,23.679424285888672,2213100
2012-04-05,23.546843937102995,23.71920147714106,23.308193090257152,23.520326614379883,1688800
2012-04-09,23.10268008359963,23.25515337502134,22.956839913937948,23.1424560546875,1931900
2012-04-10,23.155714693469232,23.155714693469232,21.955832785981702,21.96246337890625,5056900
2012-04-11,22.26741652380159,22.360224642533904,22.03539622697081,22.128204345703125,2930700
2012-04-12,22.108300098231915,22.472906787273917,21.942570704605497,22.45964813232422,2744900
2012-04-13,22.413248769653524,22.433135491802492,22.14145260868599,22.19448471069336,2249200
2012-04-16,22.380104135277094,22.671789589898907,22.25415066185543,22.545833587646484,2382600
2012-04-17,22.671784340909515,23.069533922976454,22.50605492690993,22.9899845123291,2072000
2012-04-18,22.824260643226538,22.963472777886967,22.625385803878665,22.658531188964844,2080000
2012-04-19,22.724814575417124,22.864029193674888,22.539198456180053,22.777849197387695,2665200
2012-04-20,22.88392640801096,23.15572264819219,22.79774637219805,23.056283950805664,2212700
2012-04-23,22.72482353706024,22.757971453278866,22.075164334704308,22.207748413085938,4123100
2012-04-24,22.280663840586936,22.506055955076395,22.22100114766825,22.466279983520508,3071800
2012-04-25,22.724816438397696,23.09605123613563,22.625380307296044,22.9899845123291,3352700
2012-04-26,22.956842199233545,23.288301071470926,22.79774082787418,23.21537971496582,2383100
2012-04-27,23.30818949532725,23.533581646048265,23.122573322556075,23.4672908782959,2670800
2012-04-30,23.414257314732996,23.725829500884352,23.328077289638426,23.70594024658203,3793400
2012-05-01,23.20212403498186,24.276050210814102,22.864037054586262,23.825265884399414,4806500
2012-05-02,23.599874452952168,23.858414538719263,23.420888858789358,23.798751831054688,3234800
2012-05-03,23.652899706470212,23.964471781585832,23.593237022487006,23.765594482421875,2540000
2012-05-04,23.6860519601777,23.699310619228555,23.08279688193238,23.228639602661133,1897500
2012-05-07,23.142457470433996,23.573354999340314,23.04964939438166,23.48717498779297,2311000
2012-05-08,23.261785637079555,23.400997767764757,23.009876165722485,23.222009658813477,2334100
2012-05-09,22.930328369140625,23.202124584549253,22.572352125773882,22.930328369140625,3165800
2012-05-10,23.155720508139364,23.20212455494278,22.81763099133633,22.93695640563965,2356800
2012-05-11,22.777852433799303,23.142456660747225,22.578977630812286,22.95684051513672,2579700
2012-05-14,22.60549622060865,22.632013539823795,22.31381329573429,22.380104064941406,3318600
2012-05-15,22.426507427362964,22.426507427362964,21.97572318056358,22.19448471069336,2650000
2012-05-16,22.320440291867325,22.552463030638737,21.916062572946334,21.942577362060547,3081800
2012-05-17,21.982352502591894,21.988980567410607,21.23325473655095,21.239885330200195,4964000
2012-05-18,21.239878640207767,21.306169382837197,20.41785977592225,20.504039764404297,5849900
2012-05-21,20.58359285189843,21.39898127081972,20.477526127376073,21.345949172973633,4024700
2012-05-22,21.418875248969925,21.418875248969925,20.961461608222766,21.080785751342773,2501400
2012-05-23,20.88853173911894,21.226619834662383,20.56370229777285,21.186843872070312,3511100
2012-05-24,21.25314520694162,21.412244060015876,20.789102249285474,21.067527770996094,1905000
2012-05-25,21.041006597741216,21.193477357683552,20.736065077856537,20.881906509399414,1867300
2012-05-29,21.041014255598128,21.45865198144232,21.021126263161523,21.425506591796875,2451400
2012-05-30,21.127187264589008,21.233252729058915,21.02774859989602,21.074153900146484,3368900
2012-05-31,21.10729760281274,21.425497764202266,20.73606408119162,21.200105667114258,3980800
2012-06-01,20.623371697055685,20.862021228294104,20.218991463179215,20.258766174316406,4035100
2012-06-04,20.245512922203055,20.285287641477677,19.907424647329947,20.16596221923828,4035900
2012-06-05,20.033373988566794,20.676405016536563,20.02011659449675,20.656517028808594,2963200
2012-06-06,20.64988713606158,21.458646315366877,20.57696704521277,21.213367462158203,5582200
2012-06-07,21.681503383720074,21.72831959020636,21.1464896332341,21.21336555480957,3217100
2012-06-08,21.126430435435946,21.340436489864874,21.059553224532728,21.31368637084961,3160000
2012-06-11,21.574506631652262,21.661447395821547,20.86561247333635,20.892362594604492,3729900
2012-06-12,20.858920927111996,21.420686129944425,20.858920927111996,21.413999557495117,3353800
2012-06-13,21.293620217311258,21.50762624553323,21.072926341260278,21.233430862426758,4733200
2012-06-14,21.28693359600586,21.387248768067863,21.006050348886276,21.24011993408203,5479100
2012-06-15,21.11305215265776,21.28024452165325,20.959235479320284,21.233430862426758,5132700
2012-06-18,21.106360685785233,21.467495477592994,20.899042540940474,21.300304412841797,2835600
2012-06-19,21.494249957686122,21.821948114396207,21.373871251233684,21.58787727355957,2617200
2012-06-20,21.65475553834025,21.949013178373832,21.500938870744083,21.708255767822266,4265600
2012-06-21,21.821944146864727,21.875444367142606,21.086297622187836,21.139799118041992,3557900
2012-06-22,21.34043294893028,21.407308873160332,20.89904521601418,21.092988967895508,3009400
2012-06-25,20.75861046003529,20.85892565199349,20.62485602037311,20.664981842041016,2860500
2012-06-26,20.745231546000067,20.932486201815433,20.591414857129823,20.84554672241211,3895800
2012-06-27,20.939172821280813,21.0461758399166,20.72516678400924,20.838857650756836,3694600
2012-06-28,20.725168663303098,21.13980635479728,20.671667149133853,21.106367111206055,2965200
2012-06-29,21.66144291922341,22.243271649014314,21.66144291922341,22.223209381103516,4722900
2012-07-02,22.310148290335363,22.370337640264978,21.90219853538495,22.30345916748047,2612400
2012-07-03,22.336902737075146,22.490719418805657,22.082769608012324,22.410465240478516,849200
2012-07-05,22.316834757315554,22.403775495951002,22.049328520891443,22.136266708374023,1507900
2012-07-06,21.848696367759253,22.16970794379038,21.781820444258656,22.122894287109375,1468900
2012-07-09,22.17639825919729,22.17639825919729,21.78851324534104,21.868764877319336,1578800
2012-07-10,22.03595444932139,22.136268338686115,21.494250262600872,21.63469123840332,1571200
2012-07-11,21.654758578686472,21.895516023040585,21.49425276539928,21.815261840820312,2217400
2012-07-12,21.581192922866897,21.882139719974774,21.46750077678024,21.721633911132812,2743600
2012-07-13,21.748388877543082,22.122900792267966,21.648072411641543,21.928956985473633,2045000
2012-07-16,21.86207389831543,21.96907691559255,21.728322040083906,21.86207389831543,1629500
2012-07-17,21.989135606753415,22.20314158166298,21.64806183032399,22.102825164794922,1857100
2012-07-18,21.989135606753415,22.14963881235936,21.902194882211266,22.102825164794922,1732700
2012-07-19,22.142961678385362,22.22990243997885,21.574505992463074,21.855390548706055,2039900
2012-07-20,21.634696858134436,21.801889268324512,21.36050268304572,21.474193572998047,3159700
2012-07-23,21.126421699398065,21.246800374130437,20.885664349933325,21.019418716430664,2496300
2012-07-24,21.066238475522876,21.11305213470957,20.751917281286126,20.965923309326172,2848900
2012-07-25,21.126421837776682,21.36717918881839,21.086296037795126,21.18661117553711,3316100
2012-07-26,21.39393745433375,21.862075367486717,21.186619253874245,21.56781768798828,3420200
2012-07-27,21.634694231331526,21.99583040577119,21.58119399316643,21.74838638305664,3603800
2012-07-30,21.728320253995523,21.84869640627823,21.52100080893345,21.574501037597656,2095300
2012-07-31,21.567810325545985,21.7082512688776,21.50093441476497,21.621313095092773,2459200
2012-08-01,21.721636892707757,21.94901866493887,21.60125815734107,21.661447525024414,2812100
2012-08-02,21.480874567121628,21.65475605719871,21.367184982277664,21.63469123840332,2467800
2012-08-03,22.109515924874213,22.544214477491714,21.895509934106563,22.51077651977539,4964500
2012-08-06,22.55759462113503,22.771600654123347,22.517467533267293,22.691349029541016,2998200
2012-08-07,22.744846235357148,22.7515353580215,22.577653884887695,22.577653884887695,3188400
2012-08-08,22.423842545469903,22.50409672955418,22.136271430384763,22.3636531829834,1840300
2012-08-09,22.276708883434033,22.537528532480383,22.236581802368164,22.236581802368164,1763900
2012-08-10,22.229899280433795,22.229899280433795,22.02257981722451,22.203147888183594,2506500
2012-08-13,22.183081659700346,22.283398098691492,21.915575407645655,22.042640686035156,1668600
2012-08-14,22.062703165559846,22.29008485883475,22.062703165559846,22.196455001831055,1942500
2012-08-15,22.129582314838427,22.303461258070733,22.109520046699,22.27671241760254,1216100
2012-08-16,22.283400746461503,22.65122348121297,22.196459992415527,22.564285278320312,2555100
2012-08-17,22.570966490818147,22.61109357188347,22.363647065376394,22.60440444946289,2168800
2012-08-20,22.510782490860226,22.604409817762054,22.296776443326525,22.564285278320312,1978500
2012-08-21,22.56428562144408,22.691350916864018,22.457282596050085,22.51746940612793,1830800
2012-08-22,22.48402906855623,22.504093887620115,22.04264131644708,22.223209381103516,1863700
2012-08-23,22.20315056229303,22.28340219755582,22.002520198559306,22.009206771850586,1875900
2012-08-24,21.975756334430013,22.47733323475516,21.888815624051084,22.35695457458496,1793500
2012-08-27,22.403779467093376,22.624474638636247,22.263338476740632,22.564285278320312,1953200
2012-08-28,22.463962986987706,22.80503423933377,22.33689772653577,22.677968978881836,1785300
2012-08-29,22.771602939013018,22.958860150031935,22.691351306378284,22.905357360839844,1514600
2012-08-30,22.731474822257614,22.8719157950632,22.631158383880482,22.784975051879883,1358600
2012-08-31,22.94547845892312,22.94547845892312,22.60440464480224,22.851848602294922,2557200
2012-09-04,22.871918393058124,23.06586216866883,22.5910338643886,23.04579734802246,1448700
2012-09-05,23.01904347954829,23.186235843755885,22.80503745745481,23.126049041748047,3056600
2012-09-06,23.293244681096496,23.788132720088896,23.28655555694198,23.64769172668457,3744500
2012-09-07,23.75468730077499,24.015506935606016,23.640995186194562,23.89512825012207,3445600
2012-09-10,23.888441679218552,23.968693285823655,23.721249343952245,23.89512825012207,3024000
2012-09-11,23.855011042470846,24.2295229468557,23.75469713049261,24.19608497619629,3087200
2012-09-12,24.42523637656946,24.42523637656946,24.189339901934126,24.310657501220703,2871000
2012-09-13,24.371313365333787,25.052037527292224,24.27021452108878,24.876802444458008,2858300
2012-09-14,25.052038317761376,25.328374824610282,24.809405711808285,24.863323211669922,3300300
2012-09-17,24.897018471435523,25.085736122055074,24.71504211425781,24.715042114257812,2195200
2012-09-18,24.654393641951394,24.667871090967218,24.283699517742797,24.411758422851562,3119900
2012-09-19,24.533071818104148,24.533071818104148,24.094980239868164,24.094980239868164,2846700
2012-09-20,24.000622706117444,24.0545402061153,23.62993121633675,23.79842758178711,4172200
2012-09-21,23.953449526222244,24.000628313887674,23.5827579498291,23.5827579498291,4218200
2012-09-24,23.474918242269514,23.886047273370036,23.39403812407356,23.48839569091797,2673700
2012-09-25,23.616451808797162,23.636670550437476,23.084002663164018,23.097482681274414,3238500
2012-09-26,23.104219270571726,23.212056834442937,22.84810666328406,22.881805419921875,3041500
2012-09-27,23.0031291153015,23.555797098431775,22.922248992610967,23.427738189697266,3333300
2012-09-28,23.252506723363325,23.670377138787345,23.191847907329887,23.609718322753906,3729700
2012-10-01,23.650148904157852,23.751247747345673,23.08400103861691,23.30641746520996,2427100
2012-10-02,23.43447824465226,23.48839575254015,23.18510430718767,23.481657028198242,2084600
2012-10-03,23.522099787887917,23.596236048363714,23.39404087123182,23.46817970275879,2895100
2012-10-04,23.879298700187917,24.047795020358,23.54904478139264,23.562524795532227,3009600
2012-10-05,23.73777180340635,23.74451052761834,23.400779029688717,23.522096633911133,1806500
2012-10-08,23.37381944137159,23.569275870948292,23.286200598621537,23.481657028198242,1464100
2012-10-09,23.441212373426872,23.602970007480266,23.31315606762861,23.319894790649414,1511800
2012-10-10,23.33337565172111,23.549050790893133,23.144660547708202,23.47491455078125,1669800
2012-10-11,23.737768465956503,23.852344758807064,23.47491455078125,23.47491455078125,2245900
2012-10-12,23.46817700846355,23.744510985397522,23.37381944137159,23.481657028198242,1782900
2012-10-15,23.555790235150514,23.8995216577562,23.387293885215318,23.88604164123535,1920200
2012-10-16,24.074755477366402,24.303910579720558,23.939957904619867,24.24325180053711,1976800
2012-10-17,24.236525764313516,24.45220098805201,24.068029335077103,24.35784339904785,2427600
2012-10-18,24.31739148213164,24.57350405154803,24.31739148213164,24.51958656311035,2040300
2012-10-19,24.539807331624452,24.560026070081317,23.933219467416972,23.97365951538086,3100800
2012-10-22,23.93322052272162,24.074759411311113,23.61644913171245,23.69732666015625,3207500
2012-10-23,23.225540415518452,23.596231937521708,23.07726534934758,23.434476852416992,4573400
2012-10-24,23.569272898985957,23.79168676893594,23.245760179299275,23.286197662353516,2973500
2012-10-25,23.454699909635135,23.69733515297414,22.800935582917475,23.10422706604004,2815800
2012-10-26,23.144657046136658,23.164875783921858,22.720045555296927,22.854843139648438,2349700
2012-10-31,22.922249913301496,23.16488514901672,22.74027605756619,23.1109676361084,3653300
2012-11-01,23.104229763587863,23.29294751435827,23.009872173728407,23.090749740600586,2316700
2012-11-02,23.31990094817441,23.40078107208236,23.151404546609417,23.164884567260742,2758000
2012-11-05,23.13118657140121,23.18510665580199,22.6998361803995,23.036828994750977,2000900
2012-11-06,23.083997911231556,23.29293429235648,22.9222402982558,23.185096740722656,1877100
2012-11-07,22.935721466421782,23.104217810009484,22.875062679888206,23.0166015625,3899500
2012-11-08,22.969425605488347,23.104220640029325,22.625691582677604,22.639171600341797,2716000
2012-11-09,22.57178128964963,22.780715202525556,22.430242344511157,22.50438117980957,1846700
2012-11-12,22.565035895056077,22.726793558243763,22.369579468594115,22.470678329467773,1353000
2012-11-13,22.32914303257028,22.659394527680966,22.29544426770912,22.49089813232422,1833500
2012-11-14,22.578518318095835,22.63243840191522,22.02585031420265,22.140426635742188,2705000
2012-11-15,22.16738214275673,22.281961011907384,21.783210622814412,21.971925735473633,1951600
2012-11-16,21.998888349119067,22.126947251469467,21.7764744504356,22.025848388671875,2871000
2012-11-19,22.335880705319838,22.59873465833035,22.221304395977135,22.470678329467773,2613400
2012-11-20,22.389806024201576,22.524601108850284,22.275227116988454,22.511123657226562,2625400
2012-11-21,22.565031175665702,22.88180514050365,22.50437238603823,22.848106384277344,2105700
2012-11-23,22.902026955201322,23.009864532235586,22.773970635926457,22.976165771484375,901700
2012-11-26,22.841372296907906,23.19858385349838,22.841372296907906,23.117706298828125,2852900
2012-11-27,22.935722916332317,22.942464210290076,22.672869015086892,22.881805419921875,3836600
2012-11-28,22.78744344656328,22.85484094674727,22.5380670395729,22.821142196655273,2857400
2012-11-29,22.955947540673623,23.050305101299443,22.780709867182214,22.928987503051758,3046700
2012-11-30,22.989649462015414,23.110967076937744,22.83463308095934,22.875070571899414,3232700
2012-12-03,23.009863580517255,23.117701153091218,22.807668453322396,22.888545989990234,2404400
2012-12-04,22.854855765951946,23.245768719428543,22.612220494283918,23.090749740600586,2054800
2012-12-05,23.117706298828125,23.232285191407836,22.949209893485282,23.117706298828125,3087900
2012-12-06,23.124441248512866,23.528831481933594,23.110961231258788,23.528831481933594,3057500
2012-12-07,23.549049722536093,23.764724851923518,23.44795345185156,23.75124740600586,3455000
2012-12-10,23.75125740496488,23.83213496977094,23.656897246464474,23.710817337036133,2692200
2012-12-11,23.778207503915365,23.87256506209747,23.704068687900673,23.744508743286133,1727200
2012-12-12,23.798423424980182,23.879300946375555,23.56252701192277,23.77146339416504,2068000
2012-12-13,23.893760161850096,23.893760161850096,23.717122747558633,23.791854858398438,3625400
2012-12-14,23.78505482923006,24.077187971918647,23.717117973936165,23.84619903564453,2041600
2012-12-17,23.95490190370279,24.002460817013286,23.764676616961438,23.941316604614258,2442000
2012-12-18,23.941316038607535,24.355735033264427,23.941316038607535,24.34214973449707,2655500
2012-12-19,24.362526465703255,24.43046331541992,24.199474398108677,24.213062286376953,2988200
2012-12-20,24.253826613606034,25.001142347398964,24.21985818781995,24.851680755615234,3745300
2012-12-21,24.654663678330575,24.85168420349886,24.498406824735945,24.770156860351562,5272700
2012-12-24,24.647861040201477,24.89923305202886,24.579924199592337,24.8109130859375,918100
2012-12-26,24.87886315976893,24.87886315976893,24.362536158278616,24.505205154418945,2062800
2012-12-27,24.505203935759376,24.709017147484904,24.18589492935984,24.647872924804688,2299000
2012-12-28,24.49161116032199,24.736188002286106,24.29459063855922,24.3013858795166,1730700
2012-12-31,24.253830666558795,24.85168490847283,24.16551067145639,24.79054069519043,2711400
2013-01-02,25.300074033207945,25.476711425442634,25.164197720613895,25.37480354309082,3483200
2013-01-03,25.43594279146101,25.558231189773892,25.320449632845843,25.408769607543945,3071600
2013-01-04,25.42236231559476,25.646558641741144,25.334044906772263,25.619382858276367,2621400
2013-01-07,25.53106248655438,25.931893583828995,25.53106248655438,25.78922462463379,2527900
2013-01-08,25.782434744788844,25.816403178013793,25.57182631219361,25.70770263671875,2428900
2013-01-09,25.782425873225467,26.00661952866685,25.653342243112014,25.965858459472656,2599500
2013-01-10,26.108528032056057,26.108528032056057,25.67372600571091,25.843570709228516,2825800
2013-01-11,25.85715882896995,26.01341564661601,25.809602518887434,26.006620407104492,1801100
2013-01-14,26.020206451416016,26.033794337852058,25.857156997432234,26.020206451416016,1355300
2013-01-15,25.816398933828342,26.156088393483977,25.63296631461931,26.13570785522461,2014800
2013-01-16,25.999833389469533,26.14929759159501,25.884337617383917,26.122121810913086,2057400
2013-01-17,26.196847210935925,26.37348455693516,26.169671437205448,26.3055477142334,2696200
2013-01-18,26.41424844031317,26.869430991827805,26.29875269679675,26.83546257019043,3945000
2013-01-22,26.75394421264149,26.883025282260007,26.577304231452924,26.713180541992188,3090200
2013-01-23,26.6520367715391,26.957757827390004,26.556924130079953,26.93058204650879,2067800
2013-01-24,26.991729921933132,27.324626803857566,26.971349379318017,27.29745101928711,3664500
2013-01-25,27.372175174523303,27.609956741333008,27.188742569430946,27.609956741333008,3003400
2013-01-28,27.69148626540562,27.84774571245665,27.61675675408249,27.806982040405273,2755700
2013-01-29,27.80698138534855,27.86812559617265,27.657517182972963,27.677900314331055,3197800
2013-01-30,27.45370042278229,27.64392567976292,27.107218334478322,27.209123611450195,5438000
2013-01-31,27.086836566326923,27.256681294769248,26.815086555794135,27.107219696044922,5749100
2013-02-01,27.317833806011148,27.8613365839407,27.127608481642223,27.501266479492188,3918500
2013-02-04,27.249888009474294,27.60316534737786,27.1751559160452,27.35179328918457,3789200
2013-02-05,27.521643831443956,27.548819615094633,27.26348166163865,27.365386962890625,2427000
2013-02-06,27.10721530210741,27.24308898953695,26.794699082795862,27.1140079498291,3076300
2013-02-07,27.120805954514726,27.134393844266484,26.767531187468922,26.781116485595703,2338100
2013-02-08,26.77432460167453,26.86264459177243,26.577304082081156,26.815088272094727,2590800
2013-02-11,26.842268005041248,26.896619578852718,26.563722668321656,26.719982147216797,2433100
2013-02-12,26.767526729503867,26.991720394007373,26.767526729503867,26.903400421142578,1655000
2013-02-13,26.957757231127836,27.10042619016095,26.781117250932038,26.815088272094727,1554400
2013-02-14,26.71318081635536,26.753944487423333,26.536543424977673,26.63844871520996,2736500
2013-02-15,26.699585222643243,26.71317310907886,26.237607450329623,26.38707160949707,3790300
2013-02-19,26.50936786958202,26.971345779111907,26.488987329687358,26.944169998168945,2848500
2013-02-20,26.91020186436181,27.039282937825718,26.597688154949097,26.61806869506836,1845100
2013-02-21,26.81509241009218,26.81509241009218,26.237618652338693,26.3463191986084,2232600
2013-02-22,26.44822225736505,26.78791172628407,26.387078049294626,26.781116485595703,1844000
2013-02-25,26.903406288404973,26.944169959761307,26.033802032470703,26.033802032470703,2727000
2013-02-26,26.11532250254926,26.325930882594907,25.904716714128302,26.067766189575195,2345500
2013-02-27,25.986243007951348,26.522952962654553,25.986243007951348,26.25799560546875,2543300
2013-02-28,26.298739375328207,26.63163595864641,26.230802566466437,26.45499610900879,4405400
2013-03-01,26.332722258313378,26.75393899804853,26.203641213853963,26.692794799804688,2601700
2013-03-04,26.6180626200296,27.046072006225586,26.577298957469417,27.046072006225586,2263900
2013-03-05,27.10042303152031,27.229506676993296,26.95775408911572,27.19553565979004,2119500
2013-03-06,27.263485366065648,27.29745380443177,26.94417634384751,27.073257446289062,1284300
2013-03-07,27.052871733623693,27.168367511955957,26.740358013754413,26.801502227783203,2196100
2013-03-08,26.9246556599324,27.047818211990133,26.66464814794412,26.8288631439209,2842800
2013-03-11,26.96571517962949,26.986241404988235,26.650967543425313,26.76728630065918,2393800
2013-03-12,26.767285153923304,26.787813988553307,26.43201130672383,26.555173873901367,2347400
2013-03-13,26.82202272411537,27.061504021145268,26.603067649645073,26.69886016845703,3898600
2013-03-14,26.692013399919656,26.849389789292868,26.623590925527022,26.63043212890625,3445300
2013-03-15,26.52779028330809,26.76043027912058,26.459365219746015,26.541475296020508,6413600
2013-03-18,26.267799801283026,26.44570248872744,26.213062319866363,26.377277374267578,4162500
2013-03-19,26.384121613103826,26.527810440542634,25.994107589969193,26.21990394592285,2886900
2013-03-20,26.425164765265052,26.534642301443633,26.288317192504234,26.500431060791016,2287100
2013-03-21,26.295163483200785,26.54148861533906,26.295163483200785,26.35674476623535,2293900
2013-03-22,26.390959656432685,26.69886611414761,26.274640889157578,26.609914779663086,2507700
2013-03-25,26.67148420458864,26.883598027785926,26.562006691681933,26.685169219970703,2670400
2013-03-26,26.828868934008785,27.478893074565423,26.78781648122998,27.465208053588867,3487000
2013-03-27,27.259935585683767,27.30783184985589,27.040980489425316,27.27362060546875,1862200
2013-03-28,27.23257317638556,27.39679084966673,27.10256936722852,27.355735778808594,1840400
2013-04-01,27.287310757571955,27.37625948767826,27.082040642490373,27.314678192138672,1518400
2013-04-02,27.424155600810064,27.608896858616408,27.335204269537886,27.465208053588867,1672100
2013-04-03,27.574678245618717,27.574678245618717,27.09571307998188,27.123083114624023,1959000
2013-04-04,27.150457175111992,27.389938488365406,27.03413581570994,27.13677215576172,4144300
2013-04-05,26.726235356348788,26.986242926050497,26.5825439402863,26.92466163635254,3516500
2013-04-08,26.90413773673956,27.41731432522287,26.828871419471163,27.403629302978516,2294800
2013-04-09,27.369426784517366,27.41048186434884,27.082049056152865,27.26679039001465,2267400
2013-04-10,27.30783425557614,27.773114528652503,27.280464213594975,27.54731559753418,1868200
2013-04-11,27.608894233874857,28.1836520094944,27.4925754818587,28.14944076538086,3226500
2013-04-12,28.115219327937407,28.22469683549942,28.053638066799422,28.128904342651367,2871300
2013-04-15,27.944175471803298,28.258923147742234,27.732061545765635,27.76627540588379,3524900
2013-04-16,28.087853840179037,28.36154895841407,27.65678494251139,28.334178924560547,2750800
2013-04-17,28.033122225133813,28.128914753435605,27.65679070659014,28.060489654541016,3988800
2013-04-18,28.053640683493843,28.1152219503758,27.54730553244775,27.793630599975586,2164700
2013-04-19,27.855223774344893,28.518932977776903,27.80732750297877,28.457351684570312,3270600
2013-04-22,28.42997891251424,28.5326152613924,28.169968742800133,28.40260887145996,2115300
2013-04-23,28.464196292764054,28.819999072692525,28.34103369162915,28.696836471557617,2582600
2013-04-24,28.64893347912667,29.565808955908103,28.64893347912667,29.20316505432129,3882300
2013-04-25,28.464194576188582,28.53261968944335,28.3615608215332,28.361560821533203,28065700
2013-04-26,28.471037160221044,28.5189334323506,28.39577084397429,28.46419334411621,6023600
2013-04-29,28.532617773678055,28.553144001200703,28.464192665017553,28.546302795410156,3905500
2013-04-30,28.498402333564304,28.717357428777255,28.40260719552684,28.703672409057617,3493100
2013-05-01,28.72419630889527,28.80630381041746,28.49840002717164,28.676300048828125,3915700
2013-05-02,28.778944867116493,29.018426238049166,28.66262347969835,28.997900009155273,2790200
2013-05-03,29.251060031051313,29.340011353800776,29.018419917041605,29.244218826293945,5086700
2013-05-06,29.203167601926683,29.326330184936523,29.08000501891684,29.326330184936523,2613700
2013-05-07,29.48370212968368,29.606864704811596,29.237376979427857,29.408435821533203,2437800
2013-05-08,29.367386239663468,29.511077677559065,29.346860010028927,29.497392654418945,2099400
2013-05-09,29.476857933424203,29.524754195541565,29.30579910867634,29.360536575317383,2174500
2013-05-10,29.456340753980648,29.647928488402478,29.353706984615098,29.641084671020508,1955300
2013-05-13,29.64792124118839,29.777925028000247,29.51791484422561,29.586339950561523,2520400
2013-05-14,29.647921721226172,29.7642404886542,29.517915322158427,29.675289154052734,2308000
2013-05-15,29.65475811172443,30.017401986764185,29.504225509941644,29.996875762939453,3237300
2013-05-16,29.880562658003477,30.106361623048947,29.84635140546208,30.017410278320312,2656000
2013-05-17,30.05162153086171,30.14057287559034,29.825825175967495,30.017410278320312,3489200
2013-05-20,29.935293694559313,30.229515075683594,29.880553618931323,30.229515075683594,2046800
2013-05-21,30.325317981840445,30.646909510897697,30.222681609968575,30.633224487304688,2662400
2013-05-22,30.619534525377993,31.146396103055125,29.558970164406265,29.764240264892578,4073700
2013-05-23,29.44949531587916,29.44949531587916,28.737889799177527,28.997900009155273,3606200
2013-05-24,28.854215318405412,29.121069407133973,28.498415087070914,29.04580307006836,1895500
2013-05-28,29.3468448586454,29.53158866042932,28.703664764032805,29.038938522338867,2504000
2013-05-29,28.77894125759556,28.840522546704747,28.245235881932295,28.642093658447266,3656200
2013-05-30,28.67629407577655,28.929460341991792,28.101536464537975,28.12206268310547,2727600
2013-05-31,28.053653292098,28.354715948749053,27.547317913481464,27.574687957763672,6555500
2013-06-03,27.547317934647115,27.930490724439203,27.232570255613126,27.656795501708984,3380600
2013-06-04,27.691000420973097,28.053644255367573,26.952025124301052,26.972551345825195,2481100
2013-06-05,26.883607394176277,27.047822415674823,26.438853374828874,26.589385986328125,3226400
2013-06-06,26.548329547045448,26.863077163696293,26.13778940447049,26.86307716369629,2825700
2013-06-07,26.952660964846185,27.097381855625756,26.601192939925497,26.89752769470215,3363400
2013-06-10,26.980234571018432,27.014691559311874,26.284191314552274,26.29108428955078,4682500
2013-06-11,26.118794800670024,26.201492092279832,25.794893350923985,25.815567016601562,5208800
2013-06-12,26.187711782759564,26.187711782759564,25.49167112630213,25.58125877380371,3808300
2013-06-13,25.732876824448617,26.44959389320107,25.498565576160324,26.37378692626953,3632400
2013-06-14,26.256614008306418,26.8492834302815,26.249723665006098,26.518491744995117,3172300
2013-06-17,26.821729204269015,27.042259725353404,26.33932608317772,26.50472068786621,3176700
2013-06-18,26.601197861818616,26.704571448015898,26.35999633255763,26.422019958496094,3873500
2013-06-19,26.422019160683977,26.54606640881531,25.188439653655387,25.470991134643555,4536000
2013-06-20,25.31938214490679,25.326272490909556,24.430377663269557,24.533748626708984,5613700
2013-06-21,24.692259605105825,25.064398815775473,24.18228716248431,25.05750846862793,11804700
2013-06-24,24.692261645081054,25.250471821652653,24.196072484661578,24.69915199279785,4925600
2013-06-25,24.926559704164355,25.560579210222986,24.678467858036225,25.443422317504883,5026400
2013-06-26,25.71909529653362,25.877599588958777,25.33317008743297,25.588157653808594,3895100
2013-06-27,25.732877431336203,26.22217361083366,25.69152745869828,26.201499938964844,3332800
2013-06-28,26.098125777347562,26.27730635947345,25.760443542333768,25.994754791259766,4192600
2013-07-01,26.3875616635542,26.3875616635542,25.85002272245676,25.891372680664062,2513200
2013-07-02,25.80867680028185,26.387563102249093,25.760436494192877,26.180818557739258,3385000
2013-07-03,25.994747548805563,25.994747548805563,25.6019321275346,25.815567016601562,2079000
2013-07-05,25.980966417300127,26.16014433569818,25.346946784484512,25.843135833740234,3089100
2013-07-08,25.912049342630585,26.20838417181229,25.76043806946529,25.90515899658203,3539900
2013-07-09,26.084339765362618,26.511614876307764,26.029209104243865,26.408241271972656,2190600
2013-07-10,26.31175739195847,26.54606858778391,26.02920588777776,26.36688804626465,2637300
2013-07-11,26.711462871341833,27.104280937400908,26.683898858956663,27.04225730895996,2790300
2013-07-12,27.04226429446136,27.57980079387181,26.601205806670418,26.849300384521484,2119100
2013-07-15,26.88376567853707,27.131860332965175,26.794177986916665,27.062946319580078,1367200
2013-07-16,27.083606719970703,27.173196996570223,26.95266910717126,27.083606719970703,2493100
2013-07-17,27.25590074008474,27.57290932741154,27.090506098392684,27.545345306396484,1731400
2013-07-18,27.566008933221383,27.883017405017554,27.545335267769296,27.869234085083008,2338000
2013-07-19,27.86924237683611,27.951942321048566,27.545343463154875,27.814111709594727,2097600
2013-07-22,27.80721045982728,27.96571732462484,27.655599198346202,27.869234085083008,1506000
2013-07-23,27.91058899607153,27.91747934281138,27.621147112799058,27.752084732055664,2074500
2013-07-24,27.765872642868263,27.910593608420278,27.35238078984774,27.46953773498535,4211500
2013-07-25,27.31792281213844,27.393729780582966,26.91821692702223,27.22833251953125,3162800
2013-07-26,27.09049693351564,27.331698466425152,26.890642732590884,27.32480812072754,1339800
2013-07-29,27.16630496920022,27.269678571106727,26.849296445740123,26.95956039428711,1433400
2013-07-30,27.124965308739725,27.249012614576696,26.739040065146856,26.80795669555664,1077600
2013-07-31,26.92511013348406,26.945783807472992,26.160152649086907,26.435813903808594,3422000
2013-08-01,26.59431820515837,26.690798855640793,26.29109292808496,26.435813903808594,2174100
2013-08-02,26.477152552115314,26.663223443579543,26.208384362966882,26.29108428955078,2569400
2013-08-05,26.277301956045957,26.449589532888037,26.2428449664575,26.318649291992188,1947300
2013-08-06,26.27041662519547,26.59431820515837,26.20150262596533,26.435813903808594,2621300
2013-08-07,26.35311321089962,26.4289175488044,26.07745199140874,26.256629943847656,1199000
2013-08-08,26.339323461311597,26.401347089120794,25.89826772084603,26.029205322265625,1743500
2013-08-09,25.980966023532194,26.635659313844346,25.967182702495133,26.401348114013672,1814900
2013-08-12,26.222159316716155,26.249725950114428,25.76732038124012,25.967174530029297,1727500
2013-08-13,26.01542337131734,26.01542337131734,25.539910619013714,25.595041275024414,1850100
2013-08-14,25.567473841810227,25.643280791767612,25.33316264598724,25.477886199951172,2221200
2013-08-15,25.291817636153116,25.291817636153116,24.795628557317453,24.919675827026367,2227600
2013-08-16,24.80941107949837,24.857651390729856,24.161610736604285,24.17539405822754,2462500
2013-08-19,24.182286470585147,24.30633374689251,23.954865587721642,23.96864891052246,2708000
2013-08-20,23.98931774614184,24.44415674146927,23.98931774614184,24.333892822265625,3166700
2013-08-21,24.251196335029505,24.836975624481166,23.844597582642898,24.416593551635742,2768600
2013-08-22,24.347681297929498,24.49240222961943,24.196067391073516,24.40970230102539,1626300
2013-08-23,24.513072031253955,24.892104109715337,24.361458148309666,24.864540100097656,1474600
2013-08-26,24.85764978148255,24.94724005178385,24.66468854904863,24.73360252380371,1390400
2013-08-27,24.471730009786825,24.733607902828222,24.2305284167883,24.685367584228516,2078800
2013-08-28,24.68536580539929,24.93346035683446,24.478621222169984,24.575101852416992,2012000
2013-08-29,24.42348642098059,24.581990679285138,24.26498216267604,24.492403030395508,1059400
2013-08-30,24.57509588849197,24.671576495324903,24.1753901417699,24.285654067993164,2031800
2013-09-03,24.554426250235878,24.602666561562685,23.9893232070649,24.32700538635254,2507700
2013-09-04,24.32701074092128,24.650912298751546,24.134049453141746,24.526865005493164,1629500
2013-09-05,24.533754870682483,24.864549398796694,24.451057553104093,24.58888816833496,2304600
2013-09-06,24.774966245688752,25.484790569711773,24.7680732670452,25.18845558166504,2687700
2013-09-09,25.216008720140795,25.905158996582028,24.967914199998003,25.90515899658203,2693000
2013-09-10,26.084336312319707,26.21527654433031,25.58125693754639,25.698413848876953,2766400
2013-09-11,25.69153107715824,25.83625468732406,25.491679420178052,25.794904708862305,1904400
2013-09-12,25.91988185931962,26.02403194671024,25.53104797973795,25.73240852355957,2356900
2013-09-13,25.711567484605965,25.82960738790153,25.59353023002359,25.66990852355957,1408100
2013-09-16,25.947650040608195,26.71143048615094,25.79489607047064,25.912933349609375,1979700
2013-09-17,25.97542594342592,26.28788147777224,25.899047629617495,26.072633743286133,1702400
2013-09-18,26.07957513746587,27.336336734965233,25.71157082522559,27.19052505493164,4316800
2013-09-19,27.253016151402974,27.593246053504124,26.97527734769944,27.0030517578125,2522600
2013-09-20,27.01000224625808,27.10026512464102,26.447582244873047,26.447582244873047,3326700
2013-09-23,26.4684123243626,26.76003839969293,26.3087134028279,26.48924446105957,2368200
2013-09-24,26.496181088651415,26.704483870187,26.260103896587463,26.280933380126953,2785500
2013-09-25,26.315652212414598,26.628105054362464,26.14900840115735,26.378143310546875,2713000
2013-09-26,26.350370855103723,26.746146956393865,26.176784752828617,26.73225975036621,2732200
2013-09-27,26.63505494856811,26.85030004438905,26.315657120198058,26.593393325805664,2254600
2013-09-30,26.454516015747092,26.62115980842647,26.05179771056787,26.121231079101562,3333100
2013-10-01,26.232333215823626,26.940564892713248,25.905993116213175,26.57256317138672,2698100
2013-10-02,27.322453161686166,27.343285296398268,26.63505363660609,26.905847549438477,4345000
2013-10-03,26.773917056549177,26.968332612198566,26.162893333305437,26.537839889526367,3040600
2013-10-04,26.482297500870203,26.62116692376802,26.128182988759004,26.45452308654785,2234200
2013-10-07,26.176786819272632,26.468410222733517,26.06569181099507,26.204561233520508,1948700
2013-10-08,26.204558566460612,26.37119973755951,25.975423645307554,26.044857025146484,2024700
2013-10-09,26.107350211932356,26.461467364053163,25.919879541649422,25.975425720214844,2503700
2013-10-10,26.260106122042547,26.801693929675523,26.21844450271932,26.787809371948242,1965500
2013-10-11,26.787811756044434,27.15581348898655,26.52396010760898,27.148868560791016,1651200
2013-10-14,26.891955666892468,27.121090567889258,26.801690162071303,27.0585994720459,1951500
2013-10-15,26.91973310762942,27.211356488599403,26.711430314263183,27.086374282836914,2680500
2013-10-16,27.141932816901683,27.780728631578423,27.134990535748532,27.759899139404297,2288100
2013-10-17,27.66962847758882,27.940425069370942,27.64185670939496,27.801555633544922,3346400
2013-10-18,27.773778295771052,27.877931023865756,27.614079388416037,27.64879608154297,2267100
2013-10-21,27.655741801612223,27.732117469193742,27.52381465575128,27.704345703125,1980200
2013-10-22,27.8918069490277,28.30147015803925,27.773769699188428,28.24592399597168,3391700
2013-10-23,28.009857809094022,28.294538953970687,27.787667776444636,27.864046096801758,2644900
2013-10-24,28.01680860249522,28.1626230078114,27.67658117042562,28.065412521362305,1879300
2013-10-25,28.037628880794657,28.461179407731123,27.9681928484283,28.412572860717773,2693700
2013-10-28,28.32925286004194,28.32925286004194,27.85015614595757,28.183441162109375,2661200
2013-10-29,28.169550175454123,28.169550175454123,27.90569857980415,28.07928466796875,2308500
2013-10-30,28.058462368158843,28.245935709216845,27.690460614626943,27.801555633544922,2682200
2013-10-31,27.808490916980492,27.9195859079477,27.461318739118777,27.739057540893555,2771800
2013-11-01,27.850154063854127,28.245930156490424,27.59324737974421,28.169551849365234,2057000
2013-11-04,28.2320357525781,28.39173460461599,28.037620219438573,28.38479232788086,1657400
2013-11-05,28.18344291660146,28.218159611311297,27.648797342185127,27.711288452148438,2025300
2013-11-06,27.84322809183977,27.919606450962068,27.537717304066028,27.697416305541992,1656600
2013-11-07,27.72517134587802,27.78766244611803,27.14192195987578,27.246074676513672,2240600
2013-11-08,27.16276082489888,27.405783031415137,26.461473923303508,27.044723510742188,2156000
2013-11-11,27.009998352438682,27.35717055414759,26.836412251584225,27.093318939208984,1480400
2013-11-12,27.093320241880072,27.190528039238213,26.57256191427818,26.780864715576172,2003200
2013-11-13,26.718374892562725,27.079434334873376,26.600337604024176,26.926677703857422,1809000
2013-11-14,27.100275821659118,27.3710698611239,26.97529354979612,27.0725040435791,1992100
2013-11-15,27.02388712603741,27.294683710540866,27.02388712603741,27.204418182373047,2222500
2013-11-18,27.169700079870278,27.280795090050443,26.933622852148186,27.02388572692871,2162500
2013-11-19,27.010008209820995,27.141932741079696,26.683665373526452,26.815589904785156,1932500
2013-11-20,26.801696776232014,27.093322845040056,26.336487230259053,26.447582244873047,1529000
2013-11-21,26.572559157223004,26.83641075747172,26.37814358267845,26.746145248413086,1865400
2013-11-22,26.69754246139475,26.753088635546927,26.503124230077976,26.690597534179688,1232600
2013-11-25,26.697550476818442,26.85724941743376,26.565623307260324,26.635059356689453,1642100
2013-11-26,26.59339520318867,26.725322360226258,26.426753997802738,26.426753997802734,2358200
2013-11-27,26.496178296998647,26.746142667990387,26.419800000449694,26.725313186645508,1787000
2013-11-29,26.808635458645384,26.912785520679353,26.322593889679798,26.33648109436035,1239800
2013-12-02,26.329543247657917,26.378149801466854,25.961541495164923,26.10735321044922,2114100
2013-12-03,26.058744798996674,26.142068035076417,25.912933108927696,26.003198623657227,1968800
2013-12-04,25.787952375849784,26.253164533357666,25.69074457692052,25.892105102539062,2118800
2013-12-05,25.801840422902522,26.01708816233685,25.55882091766534,25.843502044677734,2066300
2013-12-06,26.162893740410365,26.322592613423524,26.058741034712796,26.273988723754883,1560800
2013-12-09,26.31565161169625,26.440633805107787,26.024025610831515,26.33648109436035,2007300
2013-12-10,26.30176587890276,26.440635284766195,26.218442646156532,26.225387573242188,1888400
2013-12-11,26.169846989646917,26.24622531935129,25.288029030839553,25.33663558959961,2093400
2013-12-12,25.27413839234347,25.503270677645343,25.003341838857537,25.392175674438477,3216400
2013-12-13,25.475499663710124,25.7879552296416,25.07972349643498,25.197763442993164,2339100
2013-12-16,25.204752640484784,25.337702899434586,24.987831268116324,25.288721084594727,2800500
2013-12-17,25.309717038580658,25.54063363766909,25.19076194400239,25.42167854309082,3772000
2013-12-18,25.400680824864427,26.037447110280528,25.183762113905118,26.002460479736328,5075400
2013-12-19,25.946478410895768,25.946478410895768,25.323704738111214,25.701566696166992,3082700
2013-12-20,25.596619068093883,25.848524491353718,25.596619068093883,25.771554946899414,2602400
2013-12-23,26.184390089946884,26.184390089946884,25.827522221168476,25.883502960205078,2199000
2013-12-24,25.82752890019706,25.97447437420558,25.63859786105357,25.86951446533203,929500
2013-12-26,25.974478807388433,26.20539545107849,25.883514071367834,25.981477737426758,2132100
2013-12-27,25.995466960338725,26.065440228799787,25.848518825675953,26.023454666137695,2480800
2013-12-30,26.051445041245756,26.23337981013906,26.002463219461198,26.023454666137695,1117800
2013-12-31,26.016458997625747,26.142413019162266,25.743559507399677,25.855518341064453,2593200
2014-01-02,25.883512574405355,25.897505095053347,25.57562373395857,25.827531814575195,1985500
2014-01-03,25.778546553526457,26.142413436067017,25.77155029413359,26.05844497680664,1840100
2014-01-06,26.3243442497202,26.408315374165394,25.99546668822491,26.17040252685547,3030600
2014-01-07,26.233378783628098,26.53426596168423,26.170401776753792,26.401315689086914,2850100
2014-01-08,26.366329193115234,26.478288020438715,26.086430790152033,26.366329193115234,2382900
2014-01-09,26.39432151864997,26.408316706763717,25.729564764447527,26.030454635620117,2916900
2014-01-10,26.163401153311323,26.40131397838633,26.093427892122303,26.310346603393555,1721500
2014-01-13,26.107418040331567,26.268358645457013,25.603602115202655,25.715560913085938,2397400
2014-01-14,25.827531231753806,26.14941258558504,25.764554213020784,26.044452667236328,1597000
2014-01-15,26.07943476574337,26.352334242966137,26.023454016923814,26.247371673583984,1909400
2014-01-16,26.226379837938126,26.29635577292334,25.988466997606352,26.093429565429688,2250400
2014-01-17,26.14940433672478,26.22637652081856,25.757549827605363,25.87650489807129,2432500
2014-01-21,26.030456222638968,26.26137016732112,25.79254334881863,26.128419876098633,1522300
2014-01-22,26.240379762965325,26.5272744749347,26.19139793428588,26.415315628051758,1995700
2014-01-23,26.233379326616568,26.32434404007751,26.037449373780532,26.18439483642578,2216800
2014-01-24,25.981471872776453,26.03744995389892,25.54762906485911,25.708572387695312,2849400
2014-01-27,25.645596628088743,25.82053247775017,25.421678954066856,25.547630310058594,3319400
2014-01-28,25.589612622343076,26.121419032531353,25.53363454560735,26.051443099975586,2752900
2014-01-29,25.78554215920941,26.037450199913415,25.561624493985658,25.89750099182129,3230200
2014-01-30,25.54063338028068,27.387955477134806,25.54063338028068,27.157041549682617,4294300
2014-01-31,26.72319774059502,27.401949648465983,26.63223302643572,27.122051239013672,4104500
2014-02-03,27.16403410833861,27.213015924740628,26.597241086575348,26.709199905395508,2916100
2014-02-04,26.702202640203456,27.241005269618285,26.63222938207008,27.11505126953125,3044000
2014-02-05,27.03108961435082,27.41594796935302,26.87714520462619,27.37396240234375,3138900
2014-02-06,27.408960511041048,27.765831306699393,27.283009095920406,27.695858001708984,3014100
2014-02-07,27.79381036197511,28.08070506633557,27.61187557229712,27.94075584411621,2452200
2014-02-10,27.940760656987738,28.290632438147806,27.814806602225328,28.2276554107666,1942400
2014-02-11,28.164670152641424,28.619504402954295,28.052711322161052,28.423574447631836,2496600
2014-02-12,28.423574276192866,28.57751866816575,28.318614374736942,28.48655128479004,1673000
2014-02-13,28.34661333461939,28.724475536224507,28.304630425092235,28.570533752441406,1759300
2014-02-14,28.49355788554725,28.675490031978153,28.423581929758615,28.458568572998047,2022800
2014-02-18,28.479560562752635,28.556532773704035,28.19266583876715,28.54953384399414,2594100
2014-02-19,28.465558972996213,28.9343857243934,28.388586779349755,28.493549346923828,2051700
2014-02-20,28.51455386363954,28.619516479327938,28.122696456954415,28.262645721435547,2063400
2014-02-21,28.24163676592691,28.493544752034648,28.136674215279168,28.41657257080078,2416500
2014-02-24,28.416582792912532,28.871414447613088,28.381596153213952,28.47256088256836,3029000
2014-02-25,28.472568070755827,28.75246659762669,28.444580353516884,28.62651252746582,1804800
2014-02-26,28.696480836769823,28.85042526672261,28.53554014605087,28.703479766845703,2009300
2014-02-27,28.745466611827613,28.89940837928512,28.395594833218084,28.6195125579834,1900700
2014-02-28,28.61950988769503,28.962382703927773,28.563529127071963,28.822433471679688,3511300
2014-03-03,28.633494465153277,28.829424403670338,28.32560837506767,28.640493392944336,2779900
2014-03-04,28.857412844760553,29.459189798380937,28.857412844760553,29.36822509765625,3041200
2014-03-05,29.35423399617564,29.39621688871747,29.011358580999477,29.221281051635742,2682300
2014-03-06,29.242280942874277,29.312254223803816,28.79444553858229,28.913400650024414,2472700
2014-03-07,28.79444838229179,28.864421670131815,28.395594769122027,28.59851837158203,2214400
2014-03-10,28.57734610269275,28.640835750097455,28.281062875495785,28.443313598632812,2178900
2014-03-11,28.415092846032312,28.711378737849557,28.415092846032312,28.535018920898438,1385000
2014-03-12,28.436267855709524,28.704332934213515,28.408049629223356,28.66200828552246,1875300
2014-03-13,28.64788690305984,28.78191938490886,28.436255677126688,28.471527099609375,1669500
2014-03-14,28.471526711021447,28.640830613042443,28.330438331979284,28.351600646972656,1542300
2014-03-17,28.570293426513672,28.803089701686986,28.478585558320773,28.570293426513672,1131700
2014-03-18,28.51386603604543,28.887750836849712,28.499759612804567,28.810152053833008,1218000
2014-03-19,28.739602877050142,29.000614706436526,28.097653118696954,28.231685638427734,2035700
2014-03-20,28.125870318176776,28.40804717660016,27.935401342396684,28.393938064575195,3269100
2014-03-21,28.647892450386646,28.767815848256937,28.450370293406134,28.6337833404541,2887100
2014-03-24,28.619673181108077,28.725490156203332,28.210519772217168,28.2951717376709,1588900
2014-03-25,28.485647453527847,28.690222861112805,28.295178467675832,28.549137115478516,2084600
2014-03-26,28.612612134318564,28.626721239868978,28.147022415301752,28.154075622558594,1519300
2014-03-27,28.034163884132155,28.316338039011974,27.928346894153574,28.302228927612305,1650900
2014-03-28,28.415106382294468,28.732554742238573,28.372781728327606,28.598522186279297,1250800
2014-03-31,28.76076943144585,29.057052736891958,28.44332111058345,28.803096771240234,1891000
2014-04-01,28.852468941930468,28.88774036932875,28.535020713271102,28.838359832763672,2301600
2014-04-02,28.859529077782764,29.00061751227698,28.704331530735324,28.788986206054688,2634700
2014-04-03,28.91595858766234,28.93006500579172,28.640834995465948,28.838359832763672,2430100
2014-04-04,28.944182729999902,29.23341282641307,28.78898786504727,28.95123863220215,1720300
2014-04-07,28.95123407607701,29.268682349265138,28.87363531029349,28.98650550842285,1568300
2014-04-08,28.979447298670955,29.078208368615602,28.796031576456045,29.03588104248047,1809100
2014-04-09,29.155807946391402,29.261622228168765,28.908902573502743,29.141698837280273,3628300
2014-04-10,29.148750330397903,29.26867640526403,28.34454999566676,28.535018920898438,3711700
2014-04-11,28.358666573314046,28.556188759192594,28.18935992039104,28.252849578857422,2552700
2014-04-14,28.44331205318343,28.5209108059104,28.020049554174758,28.288114547729492,2318600
2014-04-15,28.344566470794547,28.725504542676124,28.245805346463506,28.718448638916016,3184400
2014-04-16,28.873630808501034,28.91595813533931,28.59145401165395,28.852468490600586,2850100
2014-04-17,28.64084282809776,29.162869245882124,28.626736406110588,29.12759780883789,3288700
2014-04-21,29.064102863154492,29.240462707359267,28.91596123987152,29.198135375976562,2791200
2014-04-22,28.076489398087986,29.23340965836425,28.076489398087986,29.085268020629883,3451500
2014-04-23,29.289836114830553,29.36037895891649,28.70432028297667,28.880680084228516,3600300
2014-04-24,28.98650692880697,29.21224733612732,28.82425617923534,29.085268020629883,2104900
2014-04-25,29.042940141505984,29.049996042811507,28.64083988030307,28.732547760009766,2092200
2014-04-28,28.92300740530228,28.937116512326867,28.42919942358972,28.880680084228516,3318500
2014-04-29,28.887748176341837,29.092326277992186,28.676116863720644,28.845420837402344,2194200
2014-04-30,28.76782259828829,28.81014993801754,28.471539293298132,28.66200828552246,2455400
2014-05-01,28.661995652939915,28.894789191253103,28.471526744663482,28.880680084228516,1833800
2014-05-02,28.79604178061438,29.12054332286203,28.662009236913384,28.774879455566406,2403700
2014-05-05,28.64084131138347,29.120540364688754,28.53502700585431,29.057050704956055,2025800
2014-05-06,28.704332934213515,28.923020152924007,28.52797305523227,28.66200828552246,2887600
2014-05-07,28.831311117343432,29.106432087061787,28.633788921861147,29.078216552734375,2659800
2014-05-08,29.0852726201327,29.346284502803282,29.05000118048073,29.191089630126953,3137200
2014-05-09,29.212249543827557,29.38860941856475,28.908910343996528,29.06410789489746,2758700
2014-05-12,29.148758189648415,29.254575184764953,28.986507437230905,29.212247848510742,2070700
2014-05-13,29.233405183218935,29.480310566017053,29.07115445848518,29.176971435546875,1825500
2014-05-14,29.155805030008672,29.28983751660136,28.94417110554835,29.11347770690918,1812800
2014-05-15,29.057051779860263,29.191087005942094,28.57029949792853,28.915966033935547,2402800
2014-05-16,28.880685777035772,29.247514558871387,28.781924699433404,29.240461349487305,2380300
2014-05-19,29.15581569572466,29.15581569572466,28.880692031488536,29.007671356201172,3133900
2014-05-20,29.000611915234604,29.071154773348095,28.767815639592516,28.79603385925293,2326600
2014-05-21,28.86657324908679,28.97944611416692,28.626726483903177,28.640832901000977,1549100
2014-05-22,28.676110404508368,28.753706471861936,28.513856987306493,28.570293426513672,2382800
2014-05-23,28.662005208558508,28.958288481741647,28.612624663027987,28.93712615966797,1477500
2014-05-27,29.04293477393767,29.38860121600144,28.979447820148533,29.247512817382812,1862400
2014-05-28,29.184032275150205,29.20519729071873,28.86658395200448,28.95123863220215,2385000
2014-05-29,29.064107402143527,29.16992171056899,28.887747530396343,29.16286849975586,2223500
2014-05-30,29.13464759753942,29.360387997351772,29.05704883053433,29.28278923034668,2843300
2014-06-02,29.332172465653603,29.45209587572486,29.205193154379426,29.28278923034668,1611200
2014-06-03,29.24046119055699,29.24046119055699,28.831305081528154,28.958284378051758,2103600
2014-06-04,28.95124007303988,29.289850737567804,28.84542306304563,29.191089630126953,1660700
2014-06-05,29.22636353681983,30.030564269337216,29.127602421042404,30.00234603881836,2991000
2014-06-06,30.079951102252206,30.09406022045496,29.691959770313453,29.762502670288086,2247400
2014-06-09,29.74115022828698,29.968670156094095,29.414087958844203,29.456748962402344,1801900
2014-06-10,29.371441834601004,29.527860154607207,29.115481131723897,29.25057029724121,1953800
2014-06-11,29.143919584983497,29.321669758145198,29.143919584983497,29.286117553710938,2183000
2014-06-12,29.222136434565677,29.264797465749787,28.944846512502057,29.122596740722656,2018700
2014-06-13,29.200798041761097,29.264788212176846,28.95194888584005,29.087038040161133,1695200
2014-06-16,29.058597361698048,29.27900855140839,28.90217905465584,29.087038040161133,1499400
2014-06-17,29.023042371889378,29.207904034628573,28.83818342140205,29.172351837158203,2026700
2014-06-18,29.115480708929134,29.485201417465838,28.980388833120927,29.42121124267578,1958700
2014-06-19,29.428305923294978,29.64871702221689,29.335875112488853,29.634496688842773,2154700
2014-06-20,29.59185137872191,29.677173424205517,29.25768286012891,29.35011100769043,3112300
2014-06-23,29.307450271111808,29.52785875640048,29.271898065643654,29.300338745117188,1852500
2014-06-24,29.222118747127272,29.534960695281974,29.222118747127272,29.41408920288086,1709400
2014-06-25,29.378549157234158,29.570519674646317,29.35010847785773,29.549190521240234,1733900
2014-06-26,29.48519627927592,29.48519627927592,29.108364110179167,29.222124099731445,1930600
2014-06-27,29.136808183768633,29.321669883508513,29.08703835205076,29.279008865356445,1768700
2014-06-30,29.30033663876023,29.378547145563765,28.930615968940415,29.215017318725586,2297400
2014-07-01,29.335885926816854,29.335885926816854,29.00882627539929,29.243457794189453,2017300
2014-07-02,29.271900177001953,29.27901170350952,28.84530080313863,29.271900177001953,1956400
2014-07-03,29.25767376756551,29.286111728302863,28.930611452693327,29.079923629760742,1076000
2014-07-07,29.122586272077235,29.279007284604013,28.987497123601006,29.243457794189453,2250400
2014-07-08,29.22213067225966,29.328781873062788,29.058600820013513,29.236351013183594,2368800
2014-07-09,28.7173165114456,29.314557180325416,28.7173165114456,29.18657684326172,1445600
2014-07-10,29.0728157952405,29.399875439370465,29.01593715429504,29.314556121826172,1988100
2014-07-11,29.335891642535405,29.428322505424028,29.25057230646664,29.357223510742188,2822900
2014-07-14,29.42121279670381,29.591851463655377,29.271900572805297,29.57052230834961,1653300
2014-07-15,29.60606105940265,29.655830878554482,29.314550956262583,29.47808074951172,1422800
2014-07-16,29.52785007554713,29.670050718856928,29.40698129169739,29.65583038330078,1548900
2014-07-17,29.463864350881526,29.634505690955603,29.342995548861957,29.470975875854492,1482900
2014-07-18,29.470971445574218,29.79803102661058,29.449639586114156,29.65583038330078,1596600
2014-07-21,29.520745053544754,29.670054527674008,29.37854439198031,29.54207420349121,1805200
2014-07-22,29.726940021673368,30.125098674861892,29.726940021673368,29.847808837890625,2736000
2014-07-23,30.011330804125105,30.132202300905867,29.84069220099563,29.87624168395996,2463500
2014-07-24,29.997123775854565,30.061113958478455,29.748274572457714,29.769603729248047,1909800
2014-07-25,29.712713225008837,29.819361678684555,29.542071901975145,29.598953247070312,1576800
2014-07-28,29.59896427966891,30.032675204797876,29.54208291337201,29.975793838500977,1916400
2014-07-29,29.99000309261891,30.053993249919024,29.691381454467773,29.691381454467773,1842000
2014-07-30,29.726929893767597,29.897568483497196,29.435419816749015,29.456748962402344,2526600
2014-07-31,29.328780973849838,29.463870140106323,28.966171784291575,29.015941619873047,2401500
2014-08-01,28.973280173573905,29.186579853260127,28.8168591427528,28.831079483032227,2610000
2014-08-04,28.859517396456805,29.01593841227981,28.610668246058687,28.93061637878418,1991600
2014-08-05,28.774194574752983,28.838184735963967,28.44002343151208,28.553783416748047,2420800
2014-08-06,28.46847015527729,28.617779659079698,28.31916065147488,28.40447998046875,2574400
2014-08-07,28.525347297020716,28.610669333760065,28.297827290220642,28.347597122192383,1665300
2014-08-08,28.461361753642322,28.59645364432045,28.148522371485083,28.58934211730957,1881300
2014-08-11,28.60356171049997,28.759982753611354,28.575121027706484,28.681772232055664,1641900
2014-08-12,28.660434797851067,28.845293758108767,28.582224298885574,28.639102935791016,1560500
2014-08-13,28.77419421763812,29.136803318498703,28.738642018988372,29.065704345703125,1456300
2014-08-14,29.079932648319602,29.165251981495455,28.89507092881044,29.030162811279297,1387000
2014-08-15,29.151027887961966,29.257679074892035,28.92350788728001,29.008827209472656,2255400
2014-08-18,29.165252000314688,29.364331348604363,29.151031659400754,29.35011100769043,1699900
2014-08-19,29.342988967895508,29.47096926618497,29.222117480732585,29.342988967895508,1854200
2014-08-20,29.307440757852152,29.442529873122485,29.10835877841236,29.41408920288086,1682900
2014-08-21,29.414100143578786,29.520751340528445,29.158139440701678,29.25057029724121,1622100
2014-08-22,29.22212719448222,29.307449229871477,28.84529769772967,29.087038040161133,1502600
2014-08-25,29.28612081080685,29.29323233738558,28.923511610619958,29.030162811279297,1335900
2014-08-26,29.079928904843484,29.243458735817867,28.980386531324324,29.008827209472656,813700
2014-08-27,29.00882753761567,29.08703804728211,28.866626857517808,28.973278045654297,1251700
2014-08-28,28.944839398172903,29.07993127425851,28.902181089726984,28.966171264648438,1343800
2014-08-29,29.07280890198517,29.129690241696085,28.923499453621346,29.10835838317871,1844300
2014-09-02,29.151028210576886,29.23634753371376,28.973278038561173,29.087038040161133,2108500
2014-09-03,29.151029406143834,29.26478941240942,28.92350939361267,28.951950073242188,1960400
2014-09-04,28.909285971718173,29.015937152832315,28.759976487960135,28.859516143798828,2693900
2014-09-05,28.85952061461521,29.350110156785846,28.845300274113544,29.33588981628418,3584400
2014-09-08,29.342995548861957,29.620285353261757,29.229235559563264,29.470975875854492,2294900
2014-09-09,29.478091883193734,29.54208206230787,29.300341687015884,29.39988136291504,2104900
2014-09-10,29.286119969757817,29.371442012736058,28.88084975849534,28.90218162536621,1855700
2014-09-11,28.866631764598438,28.95906262921236,28.660443591271314,28.731542587280273,2202300
2014-09-12,28.63910450007647,28.731535341379956,27.487284239245025,27.76457405090332,3802000
2014-09-15,27.75035416268529,27.899666358673553,27.48017587180638,27.608156204223633,2113400
2014-09-16,27.629479652959976,27.856999594242325,27.49438782315058,27.72191047668457,2377300
2014-09-17,27.721916719950595,28.08045159875772,27.67172205574992,27.807964324951172,2925700
2014-09-18,27.843821987079195,28.051770152711885,27.463773128362412,27.470945358276367,2543000
2014-09-19,27.600017325978186,27.80796548545752,27.535480935683452,27.71474838256836,4010600
2014-09-22,27.678895537134846,27.72192071353531,27.377727508544922,27.377727508544922,1865500
2014-09-23,27.334701769091847,27.571336131313434,27.11958136232956,27.219970703125,2952700
2014-09-24,27.16259995807589,27.535476515994997,27.09806357813982,27.270158767700195,2999700
2014-09-25,27.255812880814243,27.255812880814243,26.85425567626953,26.85425567626953,2505600
2014-09-26,26.86143431946257,27.34187251266543,26.732361535342655,27.27733612060547,2884400
2014-09-29,27.083728974986187,27.399238729042935,26.933144960691223,27.377727508544922,2132300
2014-09-30,27.3920660781145,27.3920660781145,27.01918946515036,27.033531188964844,2913000
2014-10-01,27.019193142264502,27.212802337002604,26.818414452345504,26.93314552307129,2548600
2014-10-02,26.87577921861417,27.040704965493116,26.617633619880323,26.925973892211914,2105300
2014-10-03,27.033532069627547,27.205627290199363,26.81841167621067,26.98333740234375,2547600
2014-10-06,27.04069673043039,27.28450052882971,26.961818628683005,27.055038452148438,2302100
2014-10-07,27.01201532010924,27.10523515059105,26.732358564067727,26.746700286865234,2516000
2014-10-08,26.81841288887317,27.327531814575195,26.667826144808405,27.327531814575195,2258000
2014-10-09,27.284505406046534,27.513967523745098,26.954653953780376,26.98333740234375,2977800
2014-10-10,27.055042791748292,27.320357847579064,26.718019115825307,26.73236083984375,2359000
2014-10-13,26.732347159727333,27.004834305825767,26.62478838773781,26.65346908569336,2039100
2014-10-14,26.854260235196357,27.736255619000833,26.78255162549451,27.449426651000977,3465400
2014-10-15,27.241482953796872,27.549820451770778,26.997679111949157,27.392066955566406,4252300
2014-10-16,27.004844371663864,27.650208185766214,27.004844371663864,27.549816131591797,3295900
2014-10-17,27.650210184147927,28.066109211313933,27.556990351950517,28.030256271362305,3876500
2014-10-20,27.994396463606893,28.395953669198306,27.886834934735877,28.381614685058594,3368200
2014-10-21,28.438989970093843,28.84771956329681,28.331428399080693,28.833377838134766,3059900
2014-10-22,28.840537624518436,28.933754694744557,28.62541457531182,28.689950942993164,3431800
2014-10-23,28.66127148966506,29.077170416425083,28.65409926216386,29.005464553833008,3953800
2014-10-24,28.962445423932017,29.249274404814013,28.847714378659997,29.206249237060547,2371300
2014-10-27,29.062845988621334,29.3640168085858,28.983967851597185,29.227771759033203,3287000
2014-10-28,29.31380597647709,29.44287872314453,29.141708069119357,29.44287872314453,2626000
2014-10-29,29.399860152589746,29.55044414565482,29.134545107369753,29.392690658569336,2659800
2014-10-30,29.256451063274287,29.435718536376953,29.177572937444385,29.435718536376953,2027400
2014-10-31,29.715366732823814,29.908975875834418,29.43570999360975,29.86595344543457,3341600
2014-11-03,29.91615324033212,30.08107896778713,29.830102893952283,29.995031356811523,2284600
2014-11-04,29.980679024929472,30.03087367485619,29.643655459361568,29.779897689819336,2109600
2014-11-05,29.894634153899883,30.009365193972418,29.543271540416896,29.86595344543457,3203800
2014-11-06,29.86594667711266,29.93765253513136,29.744043435997103,29.815752029418945,2546200
2014-11-07,29.83728126782986,29.92332889652406,29.600646869664818,29.693866729736328,2770500
2014-11-10,29.70819520715481,30.002193648190325,29.622147616838056,29.887462615966797,2406700
2014-11-11,29.91614810450357,29.937659319703496,29.708197239558427,29.86595344543457,1959300
2014-11-12,29.830101147168403,29.880295811915236,29.378349164446885,29.399860382080078,2662500
2014-11-13,29.507426650945202,29.686694120913508,29.36401212788965,29.47157096862793,1910700
2014-11-14,29.4141878562188,29.543260570298088,29.177553635272524,29.234920501708984,1618700
2014-11-17,29.234931100001457,29.49307662174334,29.163222490959964,29.407026290893555,1834600
2014-11-18,29.46438955551897,29.744046257888016,29.39268369069736,29.672340393066406,1650400
2014-11-19,29.600633477813005,29.62214742680686,29.256440383350476,29.285123825073242,2254800
2014-11-20,29.220595345212395,29.42137402072129,29.134547732194914,29.364009857177734,3117600
2014-11-21,29.64366060081833,29.69385525945091,29.43570973768121,29.57195472717285,5249300
2014-11-24,29.69385762601083,29.865955566041176,29.600637794519223,29.751224517822266,2669800
2014-11-25,29.736883913589065,29.908979124689782,29.71536996064843,29.830101013183594,3455700
2014-11-26,29.88030702762314,30.152794406673948,29.787089892620443,30.116941452026367,1720500
2014-11-28,30.181461001369623,30.56150703202136,30.023704806576717,30.317703247070312,1668500
2014-12-01,30.25317541916622,30.49697927300832,30.152786079714353,30.33922576904297,2809400
2014-12-02,30.281852382046903,30.654728945420942,30.138437898379387,30.583023071289062,3014000
2014-12-03,30.539997631783173,30.719265050909534,30.44677780792442,30.62604522705078,3050200
2014-12-04,30.5184882985906,30.547169008512437,30.188634148152413,30.504146575927734,2595300
2014-12-05,30.403764116362307,30.597370577508077,30.253177362109067,30.5328369140625,2211700
2014-12-08,30.597352941726584,30.877012332489215,30.54715829770833,30.69057273864746,2936500
2014-12-09,30.468290102719912,30.85550562808565,30.3750702839265,30.798141479492188,2416000
2014-12-10,30.77662166817991,30.805305104715018,30.43960086280312,30.60452651977539,2834200
2014-12-11,30.93439250604357,30.977417681253268,30.704930375733902,30.755125045776367,2648100
2014-12-12,30.554348987822447,30.740785958922693,30.26751993261712,30.289033889770508,3057300
2014-12-15,30.43356340846656,30.5058338871843,29.819253311597645,29.8409366607666,3122200
2014-12-16,29.797566737807692,30.137243984866736,29.55907200036096,29.898746490478516,3549200
2014-12-17,30.00717162306768,30.70097839012354,30.00717162306768,30.628707885742188,2888700
2014-12-18,30.80215949812647,30.925022669088193,30.607025819735362,30.816614151000977,2942700
2014-12-19,30.635932009127536,30.881655569112283,30.61425141049275,30.715431213378906,5500800
2014-12-22,30.81660452397688,31.373096079554735,30.81660452397688,31.344186782836914,2258600
2014-12-23,31.546548202926985,31.66940857505923,31.373095184510767,31.42368507385254,2704600
2014-12-24,31.495957846933454,31.68386275356996,31.156280517578125,31.156280517578125,1088200
2014-12-26,31.293600557138305,31.51041479403057,31.293600557138305,31.40923500061035,1294400
2014-12-29,31.315285285515184,31.64773398047492,31.315285285515184,31.445371627807617,2246800
2014-12-30,31.438153520413177,31.720012386726626,31.293609734447884,31.53933334350586,1858000
2014-12-31,31.691093739748563,31.835637483121236,31.0478769765299,31.098466873168945,2428400
2015-01-02,31.300836634297127,31.438151706723477,31.120157601499866,31.387561798095703,1971000
2015-01-05,31.308058545117568,31.63328131360109,31.120153588295363,31.365877151489258,3034000
2015-01-06,31.510416559718276,31.756140110483337,31.41646546453072,31.474281311035156,3641400
2015-01-07,31.60436396335819,32.09581096461446,31.46704894360272,31.95126724243164,2574000
2015-01-08,32.095816860776836,32.131952108725216,31.806729363304374,31.9585018157959,2414000
2015-01-09,32.016309387094324,32.153627153530685,31.640496840279095,31.90790367126465,2246800
2015-01-12,31.99462899741155,32.2909423669915,31.929584464726098,32.233123779296875,2328800
2015-01-13,32.1897679555281,32.27649309456902,31.394778784001865,31.58991241455078,3051100
2015-01-14,31.35865693687281,31.61160927281577,31.13461666888588,31.59715461730957,3255900
2015-01-15,31.691093736243523,31.864546779660067,31.4525989031062,31.633277893066406,2422300
2015-01-16,31.63327089533391,31.958493556706895,31.329728825738464,31.90790367126465,3229500
2015-01-20,32.06690313135984,32.13917637421873,31.481505027385616,31.68386459350586,2173300
2015-01-21,31.55379136188527,31.97296811018056,31.45983747744948,31.821195602416992,2881000
2015-01-22,32.05245605860269,32.630631110360085,31.91514100012894,32.60894775390625,4264100
2015-01-23,32.616176301053294,32.905261068594676,32.536677093972955,32.74626541137695,4720800
2015-01-26,32.883582299537856,33.14376053466708,32.67399397046787,33.136531829833984,4010700
2015-01-27,33.28829397095536,34.3723677761591,33.25938467448378,34.06159973144531,7773400
2015-01-28,34.206143635377494,34.30732341661379,33.54124359777256,33.54846954345703,4958800
2015-01-29,33.541256418286835,33.66411959742324,33.10762783097283,33.41839599609375,3201700
2015-01-30,33.20880651056446,33.2883057254623,32.56558960012659,32.62340545654297,4935700
2015-02-02,32.79685101834041,32.81853161490661,31.951271912004746,32.6306266784668,4428200
2015-02-03,32.601721800850484,32.919715873708704,32.088594061598705,32.68122100830078,2705400
2015-02-04,32.59447924034168,32.83297676130631,32.33430388602816,32.64506912231445,2976200
2015-02-05,32.65229785790902,33.10760955308275,32.551118093857475,33.09315490722656,3874400
2015-02-06,32.991987730314676,32.99921367752872,32.095818643915976,32.26204299926758,4204100
2015-02-09,32.25480409561392,32.49329885507639,32.07412516146833,32.29093933105469,3971000
2015-02-10,32.334328885852905,32.507779256167964,31.980196681298455,32.435508728027344,3425600
2015-02-11,32.413796204602036,32.56556858827329,31.770579709178286,32.095802307128906,2112100
2015-02-12,32.211451428945395,32.3632211250623,31.88622868230724,32.355995178222656,1694900
2015-02-13,32.319864838331796,32.35600009190304,31.517649527111725,31.662193298339844,3539900
2015-02-17,31.691092202922267,31.87177118414062,31.409233433332428,31.58991241455078,2801000
2015-02-18,31.60436171006475,31.80672125252777,31.41645681448366,31.770586013793945,2427500
2015-02-19,31.640492444061284,31.640492444061284,30.84550627733334,30.968366622924805,3235400
2015-02-20,30.881659223843926,31.214107974654777,30.823843368327907,31.09124755859375,3098000
2015-02-23,31.192420763718086,31.488734197424122,31.1056956203497,31.40923500061035,2863400
2015-02-24,31.315291419944064,31.3514266752674,30.729890358710236,30.852750778198242,3980700
2015-02-25,30.852749844733108,31.358651674783324,30.852749844733108,31.0045223236084,2886100
2015-02-26,31.055100281022316,31.062326226310535,30.657604366617317,30.664833068847656,4129200
2015-02-27,30.75157019780506,30.94670388004323,30.585345821885845,30.867204666137695,2736200
2015-03-02,30.867201762247685,31.30083304540779,30.838292458648425,30.859975814819336,3509200
2015-03-03,30.74435139932072,30.90334710716318,30.607033540843894,30.823850631713867,2381400
2015-03-04,30.794932251373716,30.874431460359016,30.484164120036464,30.628707885742188,2526700
2015-03-05,30.802158733908676,31.040656365006047,30.74434288078824,30.83106803894043,3883200
2015-03-06,30.08666117138866,30.296246669575016,29.85539232329588,29.92043685913086,3911800
2015-03-09,30.01438459082961,30.11556435598492,29.775889823955207,29.963794708251953,3178800
2015-03-10,29.884306164911532,30.101123175309954,29.739765167236328,29.739765167236328,2379800
2015-03-11,29.927673251340934,30.289031297243117,29.754220176252925,30.151716232299805,3335900
2015-03-12,30.39019676373171,30.809373222444737,30.274562353904283,30.7587833404541,3261000
2015-03-13,30.78048012544306,31.257472661561412,30.54921118410951,30.67930030822754,4341300
2015-03-16,30.992719375945565,31.466501042003408,30.934406246294905,31.196809768676758,3194100
2015-03-17,31.080182903133036,31.284273273624773,30.978137717887165,31.182228088378906,4146900
2015-03-18,31.131192375736877,31.801779108417215,31.051013255256684,31.707021713256836,3735100
2015-03-19,31.553977680892835,31.94029251801809,31.46650796716647,31.838247299194336,3884900
2015-03-20,31.86010440227748,32.39948969689278,31.84552612074486,32.35575485229492,8011000
2015-03-23,32.35575524682295,32.72020394801361,32.28286661879399,32.603580474853516,3777400
2015-03-24,32.51609951819056,32.77121238660634,32.348453521728516,32.348453521728516,3197000
2015-03-25,32.40678976420293,32.48696895284448,31.787227856466505,31.79451560974121,2522200
2015-03-26,31.60498514800943,31.750765153851564,31.28426857905227,31.393604278564453,3573500
2015-03-27,31.386314804324396,31.524804272974908,31.269691362165492,31.371736526489258,2906100
2015-03-30,31.415464474379085,32.064185240923756,31.276975023825138,32.04231643676758,2765800
2015-03-31,32.01317128748832,32.1370852867701,31.67059141293406,31.750770568847656,2655900
2015-04-01,31.75077559114798,31.9329999632219,31.43734944873898,31.626861572265625,1918600
2015-04-02,31.67788278041515,31.838241110553078,31.58312811308195,31.772640228271484,2387500
2015-04-06,31.8673859461093,32.421346585507116,31.787206810553357,32.34116744995117,3176500
2015-04-07,32.239138372342545,32.35576186937304,31.59041999632771,31.597707748413086,3329300
2015-04-08,31.619554845697348,31.845511151936165,31.619554845697348,31.707021713256836,3044100
2015-04-09,31.67059138673173,31.677879137025656,30.82507054597272,30.883380889892578,3317300
2015-04-10,31.01458396286875,31.313431787083296,30.88338220779671,30.97085189819336,2030600
2015-04-13,30.992711535998072,31.182223598377433,30.905244644170857,30.92711067199707,2047100
2015-04-14,31.072901505413764,31.40819369134547,31.036457186164373,31.225969314575195,2393300
2015-04-15,31.298844078222114,31.400892019614968,31.116619782232302,31.160354614257812,1681100
2015-04-16,31.058311502143262,31.553961842372807,30.95626633454111,31.320714950561523,2718100
2015-04-17,31.131205327656186,31.371742789170693,30.95627151975722,31.25511932373047,3453900
2015-04-20,31.255115213706556,31.71431848444852,31.102044676270193,31.379026412963867,8130300
2015-04-21,31.634143002002588,31.67058730982643,30.98542208843939,31.167646408081055,5015400
2015-04-22,31.23324720467745,31.262403763080442,30.76675339231933,30.876089096069336,2952600
2015-04-23,30.87608395018147,31.262398552808392,30.861505673409628,31.02186393737793,4120000
2015-04-24,31.116618565611937,31.262398552808392,30.985416855187324,31.02186393737793,4549800
2015-04-27,31.131206354539067,31.28427413663039,30.890671665613112,30.941694259643555,2510200
2015-04-28,30.8396508663357,30.905251745410112,30.693870826112228,30.78133773803711,2479400
2015-04-29,30.489790385523637,30.60641389964668,29.928538854892764,29.943117141723633,3649000
2015-04-30,29.89937727594388,29.94311212911508,29.148613703240645,29.301681518554688,4598900
2015-05-01,29.44745681660695,29.666125486030058,29.287098494785944,29.462032318115234,3155500
2015-05-04,29.593232765591836,29.753591080312756,29.30896322987593,29.425586700439453,3073700
2015-05-05,29.287103181328206,29.432883244445765,28.76229606631436,28.79874038696289,3139700
2015-05-06,28.784149484655806,29.04655012126456,28.674813800677367,28.87161636352539,4173900
2015-05-07,28.97366180503739,29.40371123613178,28.806015793664592,29.323532104492188,3379200
2015-05-08,29.65883701975762,30.205510121639147,29.65883701975762,29.702571868896484,2779100
2015-05-11,29.600524188969548,29.746304226699774,29.418299836937496,29.47661018371582,3966300
2015-05-12,29.22878259019346,29.491186080784452,28.9590913495406,29.411006927490234,3410000
2015-05-13,29.491188814738763,29.68799145092642,28.98825059816341,29.090295791625977,2418000
2015-05-14,29.301676683100386,29.607812263209013,29.21420977171549,29.352699279785156,2934400
2015-05-15,29.49847430138316,29.746299491920823,29.418295154367662,29.687986373901367,3541600
2015-05-18,29.55678071425927,29.658825876721,29.44744780327404,29.578649520874023,2442000
2015-05-19,29.425585743163673,29.760880643083464,29.425585743163673,29.556787490844727,2402700
2015-05-20,29.600526668095643,29.88479623619033,29.37456745166293,29.702571868896484,3039600
2015-05-21,29.74630135773281,29.74630135773281,29.27980472588409,29.39643096923828,2607500
2015-05-22,29.36727779022166,29.564080427760864,29.243363782649713,29.359987258911133,1722700
2015-05-26,29.27252889551688,29.338129793854527,29.046569627793033,29.119461059570312,2870000
2015-05-27,29.13402941429208,29.549500701957307,29.104872851520483,29.425586700439453,2390700
2015-05-28,29.37456977640788,29.49119326948476,29.19234539469254,29.345413208007812,1537900
2015-05-29,29.32354579984429,29.425591003946174,28.791450963796414,28.857051849365234,4352700
2015-06-01,28.76957703999782,29.316250009662706,28.76228650997635,29.243358612060547,2589300
2015-06-02,29.20691941459877,29.287098575730873,28.929937616285034,29.279808044433594,2373600
2015-06-03,29.250662856245604,29.33084204093871,29.068438447588125,29.119461059570312,2610100
2015-06-04,29.0684270845683,29.265229702649933,28.944513089247543,29.199628829956055,3184200
2015-06-05,28.915358175285405,29.294385152385686,28.70398004502725,29.14131736755371,3446500
2015-06-08,29.214211664985694,29.323544616171553,29.01011848449707,29.01011848449707,3936200
2015-06-09,29.08366855417311,29.08366855417311,28.657047901046525,28.737958908081055,2222300
2015-06-10,28.782099044953913,29.238139683291994,28.708542293026365,28.97334098815918,2338100
2015-06-11,29.186646918096724,29.34111186478241,29.105735906241527,29.164581298828125,2681800
2015-06-12,29.157229527487658,29.22342920324243,28.87771947364493,28.89978790283203,2321400
2015-06-15,28.679133408046876,28.833598437538914,28.57615391581459,28.708553314208984,2536800
2015-06-16,28.715893949477614,28.936558551791403,28.67911698340909,28.833581924438477,2458100
2015-06-17,28.91450176502865,29.061609674235648,28.51730367600133,28.980701446533203,2674700
2015-06-18,29.032188703544705,29.458806675112896,28.93656632136945,29.238142013549805,3606500
2015-06-19,29.186652697488135,29.267563725364916,28.826231611283376,28.907142639160156,5699000
2015-06-22,29.12045199676655,29.18665167125597,28.83358767594681,28.848299026489258,3513800
2015-06-23,28.907137243876022,28.921848592189985,28.480519366382296,28.53936195373535,3385300
2015-06-24,28.554070194920293,28.70118085614918,28.406959533691406,28.406959533691406,2956900
2015-06-25,28.392253801110613,28.465810549221015,28.024478478267714,28.031835556030273,2614900
2015-06-26,28.031838101461332,28.259857026551245,27.847950423341963,28.127460479736328,3370200
2015-06-29,28.053900496835595,28.186299834318856,27.29628424805036,27.33306121826172,3460300
2015-06-30,27.61991769890214,28.127449284278917,27.237431143945063,27.28891944885254,5014400
2015-07-01,27.42868433842858,27.803813934326172,27.252150948304212,27.803813934326172,3097200
2015-07-02,28.01712494485912,28.252500933210165,27.759683334444883,27.899436950683594,2513800
2015-07-06,27.6640627960395,27.972992749013944,27.627285821528726,27.87001609802246,2991900
2015-07-07,28.068614631243225,28.524655280101772,28.068614631243225,28.46581268310547,3257100
2015-07-08,28.340768462972914,28.39961386765414,28.03183850610649,28.105392456054688,2008500
2015-07-09,28.31870673684513,28.443749030148062,27.987708304714246,28.13481903076172,2189200
2015-07-10,28.311333747330117,28.605552199021353,28.20835434304123,28.370176315307617,2259200
2015-07-13,28.590845073667605,28.774732685317463,28.348114885358974,28.576133728027344,3272000
2015-07-14,28.642342998279144,28.708542672938396,28.35547867672346,28.605566024780273,1672800
2015-07-15,28.598210460194633,28.82622936912622,28.495233816689648,28.68647575378418,2307400
2015-07-16,28.752671287359878,29.08366959806218,28.68647162521942,29.05424690246582,2275800
2015-07-17,28.980692969377618,29.105735216808103,28.693825896167162,29.05424690246582,2333000
2015-07-20,28.914493992140596,29.238135233658618,28.723249272136908,29.164581298828125,3225500
2015-07-21,29.09102163049597,29.738306854294688,28.79680311488017,29.650041580200195,4231300
2015-07-22,29.90749011818528,30.150223186023183,29.348472843802817,29.52500343322754,3893900
2015-07-23,29.627976914943996,29.66475668922539,29.10573666862107,29.363178253173828,3005600
2015-07-24,29.2822671484187,29.46615477802366,29.164579177707626,29.31904411315918,2195000
2015-07-27,29.267563995241748,29.517651353756353,29.13516464038676,29.385251998901367,2170500
2015-07-28,29.48086961955437,29.745665480614395,29.311690511070264,29.68682289123535,3057600
2015-07-29,29.686830792158453,30.017829213954794,29.532365797288037,29.892784118652344,2050100
2015-07-30,29.753036756489166,29.885436153153236,29.429392539797345,29.569149017333984,1948100
2015-07-31,29.878068459978277,30.06195613381894,29.72360348736889,29.87071418762207,3344200
2015-08-03,29.90749547138814,30.061960466258554,29.745673397198008,29.892784118652344,1916100
2015-08-04,29.73830226644326,30.12814307229551,29.694168233253517,29.753013610839844,2236500
2015-08-05,29.914846706554066,30.0104690866732,29.627982372099996,29.77509307861328,2516100
2015-08-06,29.723595025370038,29.981036573094745,29.517641787190275,29.929548263549805,3190700
2015-08-07,29.929556445666336,30.01046747018561,29.70153752846096,29.98104476928711,1931400
2015-08-10,30.150215721642976,30.15756999192198,29.85599440423886,29.95897102355957,2323400
2015-08-11,29.92219507557661,30.3414586432659,29.84128407025016,30.260547637939453,2985900
2015-08-12,30.08402094063039,30.29732848411725,29.958975878404264,30.289974212646484,3371800
2015-08-13,30.061958736941133,30.42973411646883,29.981047704500483,30.341468811035156,2428900
2015-08-14,30.25321023080702,30.437097961448607,30.01783416005812,30.415029525756836,1985900
2015-08-17,30.260555212574854,30.85635228701287,30.260555212574854,30.848995208740234,2375000
2015-08-18,30.812210567197045,31.253542558919154,30.716588214771875,31.077009201049805,3117100
2015-08-19,30.90783179231558,31.165273340336867,30.532699472738926,30.974031448364258,2756800
2015-08-20,30.72395402512914,30.951975759300552,30.576843319402528,30.606266021728516,3210100
2015-08-21,30.451810152949143,30.64305216347094,29.885435590309427,29.907501220703125,3448500
2015-08-24,28.79680250937601,29.149866404232654,27.943564061996845,28.009763717651367,5956100
2015-08-25,28.752674784289898,28.752674784289898,26.788753105870526,26.810821533203125,5158100
2015-08-26,27.443386356360634,27.664050914554934,26.86965513797294,27.605205535888672,5367200
2015-08-27,27.95091542879482,28.576132151551747,27.656694144025604,28.480512619018555,4500100
2015-08-28,28.451101052543095,28.811519321096515,28.281924729725723,28.605566024780273,3089200
2015-08-31,28.4805193272937,28.532007643370505,27.90678796744779,27.9509220123291,3579100
2015-09-01,27.37719594179775,27.575794952924582,26.869664200283722,27.171239852905273,4152400
2015-09-02,27.60521257386171,27.61256965102173,27.031484015103512,27.539012908935547,2980300
2015-09-03,27.671416059044745,27.95092610575519,27.546373789089373,27.811172485351562,2527900
2015-09-04,27.36983470544583,27.50959110272804,26.671061136742615,26.97999382019043,3249700
2015-09-08,27.39926341134237,27.50959713804464,26.928511415098725,27.41397476196289,3169200
2015-09-09,27.892077636003197,27.92150033366339,26.788751726872004,26.847597122192383,3771600
2015-09-10,26.715207045935852,27.333069881386294,26.715207045935852,27.031494140625,2743100
2015-09-11,27.009418620154964,27.38454818725586,26.84024232080336,27.38454818725586,2636400
2015-09-14,27.36248779296875,27.509598500556887,27.252154060801807,27.36248779296875,1884900
2015-09-15,27.4066130509077,27.759679794311527,27.12710585407524,27.759679794311523,3582700
2015-09-16,27.81171015620032,28.168556138510823,27.729932420178372,28.034738540649414,2333600
2015-09-17,28.079354658579714,28.90456250691308,27.967839011414394,28.39159393310547,3304000
2015-09-18,28.05705403883117,28.688968507847918,28.02731615333463,28.361860275268555,4761800
2015-09-21,28.384156984885397,28.800478796414794,28.376721096915766,28.741003036499023,2505100
2015-09-22,28.436205113294708,28.688971494406886,28.250347563534614,28.354427337646484,3380400
2015-09-23,28.361855348736594,28.815345261962527,28.317248528240114,28.57744789123535,2050500
2015-09-24,28.49567072624973,28.622052453745663,28.07934894234051,28.257770538330078,2524400
2015-09-25,28.42876380482222,28.91199159231637,28.28751029300244,28.741003036499023,3885100
2015-09-28,28.532848305009185,28.659230061956965,28.11652642408085,28.265213012695312,2770700
2015-09-29,28.272646170285874,28.874825580214477,28.242911121221876,28.80048370361328,3059700
2015-09-30,29.112728022610316,29.14246591277734,28.674104068511273,28.919437408447266,2860100
2015-10-01,29.07556444724485,29.21681520739705,28.76332219327418,29.201946258544922,2432700
2015-10-02,28.964036943556355,29.64055824279785,28.741008473601298,29.64055824279785,2534600
2015-10-05,29.774372738942137,30.15352365007951,29.65542404516504,30.138654708862305,2303400
2015-10-06,29.99740118527912,30.317076331547668,29.90819037393644,30.138654708862305,1920600
2015-10-07,30.079181504442978,30.369118792957632,29.975101743023444,30.294776916503906,3299400
2015-10-08,30.31708054557852,30.718533506362814,30.190698781606216,30.65162467956543,2417900
2015-10-09,30.696235332139555,30.889525946980477,30.510377771885807,30.785446166992188,3501900
2015-10-12,30.889518804616156,31.26866972800375,30.748268112429773,31.157154083251953,2457700
2015-10-13,31.001032198052787,31.253798516634912,30.59214625692417,30.703659057617188,2298000
2015-10-14,30.79288029826129,30.79288029826129,30.383994218598488,30.443470001220703,2479800
2015-10-15,30.584709263410904,30.889515445160566,30.458327526667055,30.852344512939453,2348700
2015-10-16,31.0010273092447,31.179448896600928,30.88951169017706,30.98615837097168,2083200
2015-10-19,30.919251750083347,31.499126203878873,30.711092271481917,31.447086334228516,3066300
2015-10-20,31.261237309702096,31.818809923439808,30.859784347180312,31.789072036743164,2980200
2015-10-21,31.885714628127236,32.012099212267636,31.677555120084925,31.811372756958008,2720300
2015-10-22,32.01210244687114,32.24256397235865,31.87084890703207,32.12361526489258,2873500
2015-10-23,31.967489877709827,32.19795419777394,31.766763438162453,31.989791870117188,2508800
2015-10-26,32.01954384576027,32.183099424639714,31.692435523963006,32.138492584228516,2114000
2015-10-27,31.855975214492183,32.27229704653178,31.789066399270826,32.05670166015625,3068300
2015-10-28,32.04184551530787,32.48046951559827,31.67013035695877,32.22770309448242,2670600
2015-10-29,32.04927772506089,32.220266337944345,31.803944387470757,32.086448669433594,1922200
2015-10-30,32.14591457679277,32.15334762900002,31.647815000094976,31.76676368713379,3256500
2015-11-02,31.766774592547534,32.4730339050293,31.62552386443573,32.4730339050293,2451700
2015-11-03,32.30203741266947,32.39124822784,32.04927107305239,32.153350830078125,1934700
2015-11-04,32.235133249759976,32.33177996780235,31.937760041611646,32.09387969970703,1832300
2015-11-05,32.026973938053445,32.16822465317036,31.848549444677396,32.07901382446289,1693200
2015-11-06,31.56604627340134,31.714732883711964,30.837485002436626,31.127422332763672,4238000
2015-11-09,30.99359610828454,31.060504922649574,30.168391179063,30.376550674438477,3120200
2015-11-10,30.40628945521638,30.7556996419415,30.3468136913718,30.5847110748291,2349300
2015-11-11,30.577282602660027,30.83748201855542,30.56984671308534,30.733402252197266,1643300
2015-11-12,30.532669181769865,30.659053753607534,30.279902874054855,30.525236129760742,1962400
2015-11-13,30.614449784792836,30.76313636246536,30.354250400836357,30.458330154418945,2233300
2015-11-16,30.45089513533092,31.07537651062012,30.18325985506974,31.075376510620117,3165600
2015-11-17,30.971294062087182,31.201758385827294,30.844912321815798,30.926687240600586,2543800
2015-11-18,31.105121823216972,31.454534948783778,30.85235542437401,31.42479705810547,2120200
2015-11-19,31.513999081248347,31.707292480641282,31.409919328941637,31.43965721130371,2012300
2015-11-20,31.53630685071124,32.10131537522613,31.528873796739685,32.041839599609375,3681400
2015-11-23,32.041836455193106,32.36151162785926,32.041836455193106,32.13105010986328,1721000
2015-11-24,32.15334418418422,32.316899674824874,31.930315774376115,32.220252990722656,2772800
2015-11-25,32.27229007050076,32.40610767201724,32.01209075419641,32.14590835571289,2245200
2015-11-27,32.03439568600961,32.42097958858375,32.03439568600961,32.413543701171875,914500
2015-11-30,32.435858429031725,32.458160426155175,31.737032268913218,31.781639099121094,5793800
2015-12-01,31.900574551904242,32.48044892379509,31.900574551904242,32.465579986572266,2466200
2015-12-02,32.33178100818246,32.33178100818246,31.365319468581887,31.484268188476562,5791100
2015-12-03,31.4396716211441,31.766779969169832,30.69624123711683,30.837491989135742,4270600
2015-12-04,31.04563692109056,31.759331907889816,30.948993058720664,31.744462966918945,3392700
2015-12-07,31.714736938476562,31.841121565985432,31.4991414677601,31.714736938476562,2173100
2015-12-08,31.640385909890448,31.855978482421975,31.313274852602643,31.551172256469727,2175300
2015-12-09,31.25379850638894,31.69242232860941,31.16458486271124,31.320707321166992,2825900
2015-12-10,31.402496134230184,31.610655704189238,31.13486078087629,31.216638565063477,2918800
2015-12-11,31.051507624113416,31.41929324769518,30.841346046773406,31.081531524658203,3545300
2015-12-14,30.713742141631396,31.0965396686301,30.37598332317376,30.991458892822266,3651300
2015-12-15,31.224131899152447,31.44930822611942,30.871361189160336,31.194110870361328,4848100
2015-12-16,31.41928498694225,31.877139328542643,31.246651899053514,31.764551162719727,2944200
2015-12-17,31.794577615274605,31.81709410495768,31.389263621561916,31.524368286132812,2394200
2015-12-18,31.31419300331387,31.591906752715918,31.239133298586985,31.29167366027832,5734700
2015-12-21,31.629451776866777,31.674487623343797,31.216633205488407,31.44931411743164,1772800
2015-12-22,31.58440979341815,31.86212360946535,31.53937395977442,31.576902389526367,2496600
2015-12-23,31.81708526611328,31.869625636268793,31.584407302063276,31.81708526611328,2381800
2015-12-24,31.8246035533874,32.04226964851516,31.599427189156106,31.86963653564453,707900
2015-12-28,31.832103576783584,32.214898187805524,31.704506327521607,32.207393646240234,1366800
2015-12-29,32.38002438250462,32.72529053414784,32.357507896208354,32.70277404785156,2115200
2015-12-30,32.62771500398066,32.65773602929059,32.372517677814855,32.455081939697266,1408000
2015-12-31,32.267440397979485,32.48510645523178,32.102311856473136,32.21489715576172,1951800
2016-01-04,31.794580350712714,31.839613333953263,31.119056969739763,31.44931411743164,2852100
2016-01-05,31.51685762549962,32.22990638390828,31.479326332332285,32.10981369018555,3262700
2016-01-06,31.614448805603864,32.01225840435912,31.606944260678194,31.937198638916016,3385000
2016-01-07,31.31419685231224,31.584406096071973,31.051492148330134,31.104032516479492,3902800
2016-01-08,31.20162995726209,31.42680352596408,30.77379931775713,30.826339721679688,4161500
2016-01-11,30.93891972763108,31.096540897572055,30.563629591636477,30.788803100585938,3435100
2016-01-12,31.119056216314608,31.119056216314608,30.270902602472283,30.541109085083008,3781300
2016-01-13,30.676206637104364,31.111544451744038,30.330940492329564,30.39849281311035,3601400
2016-01-14,30.466069549713826,30.50359801061535,29.677960417829688,29.76052474975586,4010800
2016-01-15,29.14502827332495,29.542834832146212,28.927359345079502,29.130016326904297,5192500
2016-01-19,29.490299332822463,29.66293245038192,29.1900660811838,29.302654266357422,3768300
2016-01-20,28.97990135246597,29.069970172809096,27.53128136878154,28.079204559326172,3712300
2016-01-21,28.214310478322968,28.544564743117068,27.981629580232124,28.31939125061035,3422200
2016-01-22,28.62712598451543,29.145028111832218,28.58959755028975,28.964887619018555,2648800
2016-01-25,29.00242576911268,29.28013971130062,28.58210258379838,28.687183380126953,4385300
2016-01-26,28.897333928560148,29.918123325452996,28.83728614604369,29.910615921020508,5814900
2016-01-27,29.70045550354081,30.000688700718943,29.43024619872768,29.625398635864258,3901200
2016-01-28,29.888108255119928,29.933144105298773,29.115011438088366,29.18256378173828,2699800
2016-01-29,29.662927069702533,30.113274002233766,29.16754429862379,29.625398635864258,5184800
2016-02-01,29.40772971107191,29.85807664360314,29.34017738486863,29.625398635864258,4245200
2016-02-02,29.49779724840011,29.647913840492812,29.25010730519762,29.47528076171875,4369500
2016-02-03,29.722970638977202,29.805534907606802,29.317659563432738,29.662925720214844,4000500
2016-02-04,29.542831599461977,29.865581254099542,29.392715014917762,29.70796012878418,3370300
2016-02-05,29.452770233154297,29.580367501141946,29.35519399906958,29.452770233154297,2740300
2016-02-08,29.287644046217512,29.287644046217512,28.00415240301256,28.259349822998047,3564100
2016-02-09,27.97412672134172,28.251840616704698,27.733941266448905,28.07170295715332,4151000
2016-02-10,28.221814648595657,28.62712864770589,27.97412466907469,27.996641159057617,3919700
2016-02-11,27.52377435179575,27.651374473715,26.4579518501979,26.698137283325195,5411900
2016-02-12,26.990868625968254,27.110961367114623,26.69814274837628,27.07343292236328,4164100
2016-02-16,27.336132742026123,27.921587314254236,27.155995076137913,27.891563415527344,4086100
2016-02-17,28.049177413092995,28.29687021936709,27.914072766622734,28.116729736328125,3954100
2016-02-18,28.094222974579843,28.37944431177368,27.809001637386007,28.27436065673828,4016900
2016-02-19,28.086708784083807,28.31188512725239,27.786478431919267,28.0191593170166,3160100
2016-02-22,28.401956650650728,28.642142100544213,28.214311588969164,28.304380416870117,4119200
2016-02-23,28.131744770233233,28.71719639371967,28.131744770233233,28.45449447631836,3211100
2016-02-24,28.2668464458867,28.73220530608873,28.139249203265113,28.649641036987305,2789500
2016-02-25,28.86731046773251,29.580362147950247,28.86731046773251,29.325164794921875,3458500
2016-02-26,29.325158825338896,29.475275390073996,28.96488078791585,28.97989273071289,3017700
2016-02-29,28.927366908438394,29.362702015516142,28.769745724663867,28.867319107055664,3606900
2016-03-01,29.182557414163913,30.240875324931935,29.024933404549547,30.233367919921875,4798800
2016-03-02,30.113283163331566,30.390999957341254,29.88060508480709,30.375988006591797,2046000
2016-03-03,30.375984523639172,30.811319592509932,30.270903743678524,30.788803100585938,2386700
2016-03-04,30.728759090617306,31.171601620183804,30.70624259591902,31.14158058166504,2784900
2016-03-07,30.91639857346006,31.276676739462086,30.773789360845615,31.224136352539062,2025300
2016-03-08,31.15658515363433,31.366749572226745,30.976447495682496,31.028987884521484,3093700
2016-03-09,31.126562025727285,31.42679238986406,31.126562025727285,31.314207077026367,2764700
2016-03-10,31.34423261538662,31.674489785623717,30.68372400138576,31.074026107788086,2450000
2016-03-11,31.501862057041308,31.914680727363685,31.33673344361749,31.89216423034668,2400100
2016-03-14,31.742028412529816,31.869625636268793,31.486831101816428,31.81708526611328,1806400
2016-03-15,31.651958962161757,31.8996517501039,31.464313951867027,31.787063598632812,2845500
2016-03-16,31.66577672935977,32.21918832293551,31.62028977534335,32.09031295776367,1660200
2016-03-17,32.1888685505145,32.82567154338012,32.09031780646304,32.57550048828125,4828400
2016-03-18,32.64371821060041,32.65129792217263,32.40112695346684,32.40870666503906,4232300
2016-03-21,32.30257797241211,32.52242723436253,32.02966204611728,32.30257797241211,1918300
2016-03-22,32.1661253227658,32.42387897440948,32.014505017343026,32.264678955078125,1979100
2016-03-23,32.28742097156161,32.44662099080836,31.97660064697266,31.976600646972656,2261400
2016-03-24,31.764329347289404,32.14337860970615,31.589964141691297,32.08272933959961,2233600
2016-03-28,32.27983759861125,32.59823760101287,31.984176735345727,32.560333251953125,1939300
2016-03-29,32.56791873577495,33.25778842180102,32.49968973861119,33.23504638671875,4437600
2016-03-30,33.30326259693039,33.38665388276949,32.96211774209582,33.10615539550781,2751800
2016-03-31,33.10616592909438,33.55344423843161,33.0303572225288,33.4927978515625,3781500
2016-04-01,33.341161112899805,33.88699278526927,33.31841909052286,33.82634353637695,3710800
2016-04-04,33.8794256156608,33.94765460578606,33.530700951428,33.65199661254883,1989500
2016-04-05,33.37908240765336,33.59135199471684,33.310853413939526,33.44731140136719,2067500
2016-04-06,33.43973592795217,33.66716497186694,33.27295327951999,33.394248962402344,2253400
2016-04-07,33.27295312488263,33.40941112898073,32.9393907214857,33.09101104736328,1984100
2016-04-08,33.25778674015286,33.788456369936334,33.25020702614769,33.44731140136719,2268900
2016-04-11,33.50796910509316,33.75814021699318,33.32602411214241,33.3336067199707,1846100
2016-04-12,33.44731981013706,33.55345318439268,33.17440376666972,33.3336067199707,4262800
2016-04-13,33.591338009850396,33.78086259216117,33.15163959076992,33.75811767578125,5301900
2016-04-14,33.75054743130402,33.826356128724946,33.56102279583528,33.659576416015625,2199300
2016-04-15,33.71265298232068,34.22816037352782,33.644423977839814,33.98556900024414,3858600
2016-04-18,33.924910531735165,34.22056850718219,33.864261258865774,34.205406188964844,2210000
2016-04-19,34.26605763785662,34.72091564559623,33.81877934374877,34.705753326416016,4550200
2016-04-20,34.819474141974744,34.84979878457447,34.02347107119307,34.137184143066406,3315800
2016-04-21,33.977979998616675,34.167504654071664,33.326014721144844,33.53828430175781,3602300
2016-04-22,33.77329516956318,34.1220198636974,33.62925746335563,34.038631439208984,4853800
2016-04-25,33.87184700298986,34.71333694458008,33.788455691024446,34.71333694458008,3501000
2016-04-26,34.78155456261151,34.85736324401622,34.48589665645097,34.72090530395508,2918100
2016-04-27,34.667860112836614,34.940776161932064,34.50866004817014,34.8725471496582,3024500
2016-04-28,34.54655515729702,34.84221316730426,34.19783047328423,34.60720443725586,2338700
2016-04-29,34.36461986588897,34.5162373117981,33.95524582133254,34.42526626586914,3624800
2016-05-02,34.470740690669636,34.940760964162855,34.470740690669636,34.88011169433594,2468200
2016-05-03,34.72850010525669,34.87253780728368,34.50865080328117,34.60720443725586,2274200
2016-05-04,34.281214110529845,34.85736768153406,33.94006921694752,34.781558990478516,2479000
2016-05-05,34.73607571181423,35.12270759604119,34.62235977129654,34.95592498779297,2397100
2016-05-06,34.73607661269677,35.350137501968334,34.63752298781988,35.327392578125,2081100
2016-05-09,35.50174695128548,35.91111786050001,35.47900203439001,35.85047149658203,2754000
2016-05-10,36.02484877532682,36.23711547533267,35.888390784775375,36.19921112060547,2416000
2016-05-11,36.14613547667099,36.14613547667099,35.5472369880683,35.600303649902344,3737000
2016-05-12,35.7140328066762,36.07034014689901,35.532087833053396,35.97178649902344,2726000
2016-05-13,35.85806571742245,36.13098169527693,35.63063669984933,35.96419906616211,2779500
2016-05-16,35.979359647287566,36.525191576615164,35.94903500856565,36.45696258544922,2138000
2016-05-17,36.47212228727233,36.5403512735416,35.88838604739438,36.009681701660156,3156800
2016-05-18,35.729188774993794,35.804997480236985,35.02415682694856,35.52450180053711,3470000
2016-05-19,35.12270503181988,35.44110501495744,34.95592243574804,35.26674270629883,2257700
2016-05-20,35.46384380240081,35.64578869892841,35.25915687827577,35.50933074951172,2495600
2016-05-23,35.44110229257236,35.67611385153802,35.2136733375273,35.28190231323242,2710700
2016-05-24,35.58513702052582,35.94144418558437,35.35012837286237,35.827728271484375,2718700
2016-05-25,35.88080508950223,35.99451813472862,35.58514423131423,35.69886016845703,3381800
2016-05-26,35.69128155872296,35.835319243895015,35.56998301299934,35.71402359008789,3134200
2016-05-27,35.78983680369106,36.09307742241715,35.71402809496797,36.070335388183594,1617600
2016-05-31,36.23711189234632,36.23711189234632,35.85048288529021,36.03242492675781,1973100
2016-06-01,35.941448291880846,36.259851152588745,35.89596134266082,36.22952651977539,2124400
2016-06-02,36.05517065528115,36.39631271362305,35.8808083233527,36.39631271362305,1770300
2016-06-03,36.58583697777721,36.95730656233425,36.50244856141064,36.737457275390625,2766600
2016-06-06,36.76778274983149,36.88149869860796,36.30534213295168,36.631324768066406,2615000
2016-06-07,36.654058826217266,37.222632662561374,36.63131679817665,37.15440368652344,2748000
2016-06-08,37.12408841521579,37.47281306821134,37.12408841521579,37.41974639892578,2946500
2016-06-09,37.39679795090761,38.169047046776946,37.35856831746075,38.13081741333008,3295200
2016-06-10,37.88616444449741,38.35257380455524,37.77912024712066,38.1690673828125,3075700
2016-06-13,38.2302277438401,38.543715494670195,38.04672136730631,38.214935302734375,2950900
2016-06-14,38.16905877757211,38.21493610184862,37.66441987747029,37.73323440551758,3807600
2016-06-15,37.74088636815185,38.32963230454856,37.74088636815185,38.13848114013672,3267800
2016-06-16,37.9702612033477,38.513129724781436,37.74088042551856,38.482547760009766,3038600
2016-06-17,38.56664947749934,38.56664947749934,37.94732170647569,38.1231803894043,3917700
2016-06-20,38.43666869170595,38.796033741245616,38.1461181640625,38.1461181640625,3258300
2016-06-21,37.99319559673687,38.581941396896084,37.99319559673687,38.2072868347168,3749900
2016-06-22,38.31433978595203,38.38315432167422,38.138481065047614,38.253170013427734,2960400
2016-06-23,38.50548916031555,38.66605543062604,38.13847929243365,38.29904556274414,3817400
2016-06-24,37.04508429511234,37.46561613780202,36.25753976842816,36.80805587768555,7883700
2016-06-27,36.61690370148921,36.65513333757038,35.75289992573015,35.87523651123047,8797300
2016-06-28,36.28813454929821,36.678084538699196,35.95935432950333,36.67043685913086,6806600
2016-06-29,36.876875600170685,37.71029464252316,36.876875600170685,37.54972839355469,4307100
2016-06-30,37.54207877828241,37.58795609707874,36.86922893634398,37.4962043762207,4841000
2016-07-01,37.35857070973881,37.748517662641824,37.06037546633045,37.26681900024414,2705100
2016-07-05,37.26682272119141,37.99319462592312,37.121546006857436,37.87850570678711,3550300
2016-07-06,37.771460013743415,37.939671004986494,37.38915779869231,37.74851989746094,3069600
2016-07-07,37.68735843410966,37.74088051851051,37.05273526659271,37.274471282958984,2209400
2016-07-08,37.756172803719636,37.92438381825707,37.46562226335885,37.88615417480469,2862300
2016-07-11,37.909097101241215,38.268459276384334,37.67971339007257,38.161415100097656,1919500
2016-07-12,38.10024964475046,38.29904556274414,37.90145081002163,38.29904556274414,4402200
2016-07-13,38.42136431118469,38.73485194312401,38.23021324495989,38.72720718383789,2489200
2016-07-14,38.887781751574764,39.017763104559,38.581938813076846,38.96424102783203,3517000
2016-07-15,39.04835161758824,39.254795182786346,38.673697045614965,39.24715042114258,3933700
2016-07-18,39.24715421915842,39.49947221210578,39.094232720872306,39.46888732910156,3554300
2016-07-19,39.468882318722564,39.61415903618296,39.01776556024979,39.537696838378906,3397600
2016-07-20,39.70591127400448,39.736496153524484,39.04070618648492,39.453590393066406,3374300
2016-07-21,39.208918598190024,39.59122085571289,39.170688955784684,39.59122085571289,2895900
2016-07-22,39.54535392963784,40.271726022902115,39.54535392963784,40.19526672363281,3328400
2016-07-25,40.27935952835334,40.56226233617714,40.264067090533906,40.516387939453125,3171300
2016-07-26,40.631082671421446,40.791648916437126,40.47816118804403,40.67695999145508,2990200
2016-07-27,40.58521547376711,40.73048930456401,39.88942245502952,40.15703582763672,3840000
2016-07-28,40.12644848983803,41.20454084390383,40.05763396014298,41.00574493408203,2370200
2016-07-29,40.92928078766481,41.7244702227804,40.92928078766481,41.66330337524414,3940800
2016-08-01,41.75505828857422,41.95385420414307,41.49509260407026,41.75505828857422,2321200
2016-08-02,41.4797999289847,41.76270281688365,41.25806389294237,41.44157028198242,3116500
2016-08-03,41.525677213565494,41.55625918109542,41.105142346759116,41.33452606201172,2119700
2016-08-04,41.418624247900745,41.47979400776051,41.14336907873588,41.28864288330078,2154500
2016-08-05,41.31923856690711,41.51803450496083,41.0363327286868,41.38040542602539,1985900
2016-08-08,41.166310561345995,41.34981694327407,40.97515941700779,41.097496032714844,2366700
2016-08-09,41.08983909051418,41.5180156602019,40.98279203135812,41.47214126586914,1953000
2016-08-10,41.58683474415533,41.75504865317469,41.45685339026542,41.594482421875,1991300
2016-08-11,41.586850268020456,41.64802004567395,41.08221126932123,41.31159210205078,2330300
2016-08-12,41.29628589098552,41.793279960166416,41.24276381174875,41.556251525878906,1784200
2016-08-15,41.57154636317053,41.701530646482404,41.33452083194522,41.41862487792969,1800700
2016-08-16,41.27335106891688,41.37275047182825,41.02103309750769,41.19689178466797,1960900
2016-08-17,41.14337262880028,41.27335400461571,40.73048546432489,40.97515869140625,2538400
2016-08-18,40.28701944636865,40.952227616485736,39.20128220330278,40.84518051147461,3211700
2016-08-19,40.8222217118238,40.84515890668315,40.51638175234171,40.768699645996094,2120100
2016-08-22,40.837529528012894,41.17395448517162,40.722837677051885,40.98280334472656,1894800
2016-08-23,41.173961071913666,41.44921922486615,41.12043897736573,41.151023864746094,1179900
2016-08-24,41.1586685652853,41.303942394721865,40.64638194732499,40.66931915283203,1741500
2016-08-25,40.66167084171609,41.03632544373574,40.60814875571328,40.761070251464844,1939900
2016-08-26,40.88340831507002,41.03632689951149,39.828253165360714,40.187618255615234,2955500
2016-08-29,40.302293587087156,40.91397646854176,40.302293587087156,40.646366119384766,3800700
2016-08-30,40.63108825683594,40.70755046740299,40.2258487494034,40.63108825683594,2182900
2016-08-31,40.63873154840497,40.79165011955792,40.32524381076577,40.60814666748047,3439200
2016-09-01,40.63107360226698,40.73047298178584,40.202897044463995,40.53932189941406,1900000
2016-09-02,40.776362365375896,41.71682561910617,40.70754783867686,41.273353576660156,2390900
2016-09-06,41.48744275887665,41.67859390171778,41.13572535606535,41.38804626464844,2350800
2016-09-07,41.2504143549351,41.71682357788086,41.112785308271285,41.71682357788086,1555700
2016-09-08,41.52567653096659,41.6250730280914,41.16631143859751,41.31923294067383,4185000
2016-09-09,40.868115871807085,40.868115871807085,39.36949157714844,39.36949157714844,2854300
2016-09-12,39.30066691423736,40.3634665524059,39.27772679909879,40.12643814086914,3957100
2016-09-13,39.835907416605494,39.84355509769023,39.01013578033372,39.109535217285156,2307800
2016-09-14,39.25479200752667,39.491820433596374,39.09422577538322,39.37712860107422,2694500
2016-09-15,39.56215420997759,39.59299057782723,38.90689756712114,39.515899658203125,2613700
2016-09-16,39.26920949691339,39.72403557111428,39.14586698225133,39.67778396606445,4221300
2016-09-19,39.88592228645302,40.48721663676826,39.777995020368074,40.410125732421875,2352100
2016-09-20,40.67994803891504,40.818708755193605,40.29450225830078,40.29450225830078,2023100
2016-09-21,40.33305230849201,41.11936217197883,39.955317033535174,41.08081817626953,2109800
2016-09-22,41.32749657656387,41.944209230069966,41.32749657656387,41.92879104614258,2357800
2016-09-23,41.67439295671727,42.23714336383086,41.258110866835715,42.01358413696289,2466300
2016-09-26,42.00587077918061,42.136920896586574,41.67438726481397,41.890235900878906,2440100
2016-09-27,41.936498903324924,42.1369294000163,41.45854405456032,41.54334259033203,1884600
2016-09-28,41.78232295435607,42.10609599657179,41.62043643324821,42.021297454833984,1670800
2016-09-29,41.766890880462434,42.1215001727855,41.22726638217428,41.466243743896484,1789000
2016-09-30,41.74377716720708,42.021295645420224,41.24269650072425,41.27353286743164,4293900
2016-10-03,41.111642270597095,41.111642270597095,40.47180095818989,40.572017669677734,1960200
2016-10-04,40.525747660881535,40.556584012760474,39.28461243455973,39.44649887084961,3239400
2016-10-05,39.585274039869745,39.75487109672318,38.775838620672154,38.92230987548828,3038800
2016-10-06,38.883763726237895,39.014816802069056,38.31330569935169,38.706459045410156,2496300
2016-10-07,38.906891086402474,39.37713532526831,38.26704979333128,38.3903923034668,2523300
2016-10-10,38.506030181819625,38.82209557236724,38.452068013242055,38.62166213989258,1650900
2016-10-11,38.629367258404706,38.899178063274505,38.25162919086977,38.32872009277344,2114700
2016-10-12,38.374980369386435,38.73730033845745,38.29789239077119,38.6833381652832,1505900
2016-10-13,38.513737788494254,39.670075013101936,38.39039526883147,39.477352142333984,3417300
2016-10-14,39.59298236926219,39.59298236926219,39.107319968832314,39.21524429321289,1437600
2016-10-17,39.54672678535632,39.93217247125788,39.4465100836211,39.46963882446289,1816100
2016-10-18,40.070935664083486,40.41783739127345,39.839668826195975,40.140316009521484,2655600
2016-10-19,40.0863438581589,40.50262582707331,39.978419556747745,40.325321197509766,2217200
2016-10-20,40.54118372463455,41.01913562677731,40.0401030780194,40.633689880371094,2544800
2016-10-21,40.117185377736526,40.52575684016866,40.06322322008387,40.39470672607422,2199400
2016-10-24,40.66451511775105,41.13475927019614,40.54117263028323,40.71076965332031,2413400
2016-10-25,40.65681808554082,40.880374380545575,40.40242248474273,40.57972717285156,1611500
2016-10-26,40.3176234517731,40.39471436350751,39.708618482300416,40.14802932739258,1709200
2016-10-27,40.286778136698345,40.502629700882075,39.24607605559269,39.31545639038086,2282600
2016-10-28,39.48505779697499,39.70090644438094,39.13815608456025,39.369422912597656,2305200
2016-10-31,39.65465870303565,40.340754625569595,39.454228201888476,40.20970153808594,3139000
2016-11-01,40.055518528776254,40.09406251264445,38.99169045857018,39.14586639404297,2870500
2016-11-02,39.269207767747986,39.269207767747986,38.4212283843756,38.42893600463867,2366400
2016-11-03,38.4443547164562,38.559989607019865,37.86618614507275,37.98952865600586,3237200
2016-11-04,38.097455464169016,38.220800923844614,37.843062805382125,38.03578567504883,2852500
2016-11-07,38.63707602556011,39.20753695371817,38.52915170040739,39.176700592041016,3024300
2016-11-08,39.29233412573535,39.49276458830445,39.076482542141086,39.35400390625,2772600
2016-11-09,38.305596275953576,38.4058129909524,37.11071507966062,37.44990921020508,6625800
2016-11-10,37.54241335300874,37.54241335300874,35.89270615788058,36.23960494995117,7230900
2016-11-11,36.06229150115738,36.301268845772604,35.73851858979165,35.753936767578125,5865700
2016-11-14,35.74622834114865,36.92569401609516,35.40703723175839,36.86402130126953,6921700
2016-11-15,37.01049400052361,37.63491707935461,36.66359523077919,37.03362274169922,4519000
2016-11-16,36.840899340373575,37.172382865291524,36.70213865828154,37.11071014404297,2959900
2016-11-17,37.103002256096865,37.57324645970832,37.00278555515085,37.01820373535156,2202700
2016-11-18,37.05674594412517,37.789093294706966,37.01820196582445,37.75054931640625,4118400
2016-11-21,37.92785914843415,38.32101248593612,37.550121051783876,37.70429992675781,3079200
2016-11-22,37.866195620617084,38.37498397312378,37.866195620617084,38.34415054321289,3214000
2016-11-23,38.035785382782784,38.35185076897883,35.715403343741215,38.321014404296875,2430700
2016-11-25,38.228506372772685,38.93772508130761,38.213088191189215,38.31330490112305,1191000
2016-11-28,38.59853042643619,39.31545963144342,38.59853042643619,39.01481246948242,3244300
2016-11-29,39.122730119727656,39.74715307783353,39.045642172625705,39.65464401245117,3825600
2016-11-30,39.26921385868106,39.654659627402495,38.93773026232321,39.238380432128906,3820200
2016-12-01,39.0764852287081,39.13044739313735,38.374974150410516,38.50602722167969,2336000
2016-12-02,38.66791371496742,39.19982773893458,38.22079821816548,38.50602722167969,3304000
2016-12-05,38.72187397680903,39.03023170758285,38.49831476903387,39.007102966308594,2579300
2016-12-06,39.19983760573033,39.43110744374448,38.868353974676076,39.084205627441406,1931900
2016-12-07,39.20754102872879,40.50263894660121,39.20754102872879,40.487220764160156,3533100
2016-12-08,40.201986312632876,40.664519960541725,40.063225630116776,40.45637893676758,2255400
2016-12-09,40.587426786412585,41.07308617212361,40.34844943261418,40.386993408203125,1778300
2016-12-12,40.41783501528191,40.864950483484776,40.24053035196722,40.81869888305664,2229300
2016-12-13,41.16560389378549,41.250399481615126,40.47950804495785,41.01142501831055,2382600
2016-12-14,41.03455186642244,41.15018676115575,39.81654489462792,39.90134048461914,2838200
2016-12-15,39.823628921066046,40.492016745843095,39.637100086744965,39.88580322265625,2908200
2016-12-16,40.390972479732014,41.043818780467376,40.29770660478807,40.7873420715332,4241300
2016-12-19,41.02826367695563,41.37022956748481,40.74069841867392,40.79510498046875,2344600
2016-12-20,40.8028859402625,41.25366210326569,40.47646427583212,40.7640266418457,2639900
2016-12-21,40.8184403107493,41.22258363637357,40.32880472867709,40.336578369140625,2550800
2016-12-22,40.25885678838106,40.561963541405476,39.839169146604874,40.336578369140625,2081100
2016-12-23,40.422063752193935,40.59304824855644,40.025694105360245,40.219993591308594,1233100
2016-12-27,40.352111472006825,40.585273201849,40.11118203283927,40.445377349853516,1757600
2016-12-28,40.445384444566635,40.585280321101905,39.90134525412672,40.06455612182617,1129200
2016-12-29,40.1733654091917,40.701860310796775,39.97129522435458,40.624141693115234,1286000
2016-12-30,40.64744629141519,41.21480035678165,40.033459288499294,41.02827453613281,1995300
2017-01-03,41.40133670276538,41.57232120689677,40.63968303901421,41.03605270385742,1738900
2017-01-04,41.238122007415306,41.859879739980094,41.051593205258506,41.76661682128906,1429600
2017-01-05,41.5567765537666,41.82102398310593,41.308073439656056,41.782161712646484,1817900
2017-01-06,41.78216288300018,42.15522052939065,41.60340770002458,42.05418395996094,1573100
2017-01-09,42.13190050655006,42.16298913635326,41.65780927876349,41.735530853271484,1912200
2017-01-10,41.57232535077595,41.7510805480155,40.76403866039036,40.77958297729492,2344200
2017-01-11,40.725173865756325,40.99719196301328,40.554189367609155,40.60859298706055,3205800
2017-01-12,40.61636236292842,41.02050564076537,40.35211494914176,40.950557708740234,3314000
2017-01-13,41.02827776812547,41.23812155646666,40.63190517966722,40.6474494934082,1816800
2017-01-17,40.678535867381285,41.05936412100144,40.63967656756891,40.826202392578125,2469300
2017-01-18,40.83398354288154,41.39356408561944,40.83398354288154,41.074913024902344,3233400
2017-01-19,40.911696190385975,41.19925857768748,40.80288896085431,41.00495910644531,2241500
2017-01-20,41.05937295080687,41.207039507759355,40.75626323162781,40.8572998046875,2725700
2017-01-23,40.802891393124796,41.07490948316903,40.67853984270817,41.05936813354492,3834700
2017-01-24,41.37802220165184,41.75884755564535,39.947977784586804,40.28217315673828,4960100
2017-01-25,40.328794340594186,40.45314587300328,39.91688044538429,40.251075744628906,2716400
2017-01-26,40.46091775542155,40.600813593906956,39.55936844339018,39.5904541015625,3180200
2017-01-27,39.543833961878754,39.74590413171448,38.230367481234005,38.277000427246094,4714200
2017-01-30,38.33917741563916,38.378036721318416,37.79513824180472,37.88063049316406,3636100
2017-01-31,37.91949169035287,38.3236350120816,37.78736648672274,37.966121673583984,4725200
2017-02-01,37.95834509433765,38.12155593981276,37.5619754746446,37.647464752197266,3907800
2017-02-02,37.663001630846225,38.331392159160906,37.6552309579753,38.12932205200195,3003600
2017-02-03,38.502384454447025,39.10082718975236,38.30808498057287,39.02310562133789,4524400
2017-02-06,38.89875371026152,39.10859749584205,38.300310980592926,38.38580322265625,2915500
2017-02-07,38.455754608676266,38.906530847438816,37.841767510268625,37.87285614013672,2627100
2017-02-08,37.958344405496405,38.440206258772314,37.841763538115714,38.37025833129883,2593000
2017-02-09,38.43244042231714,38.55679197961488,38.230367288723954,38.409122467041016,1825100
2017-02-10,38.36248658813523,38.95315565329542,38.36248658813523,38.94538497924805,1935300
2017-02-13,39.06196733421479,39.186318886578725,38.805493554553195,38.83658218383789,2183800
2017-02-14,38.696684454943956,38.84435098977901,38.183733955526456,38.7977180480957,2778100
2017-02-15,38.97647586441876,39.03865015472556,38.04383779161914,38.40134811401367,2537600
2017-02-16,38.51792284577751,39.20185475401827,38.43243061605386,38.95315170288086,2586200
2017-02-17,38.96869761783899,39.09304914852509,38.41688788571782,39.0075569152832,3262900
2017-02-21,39.00755157550365,39.58267917918108,38.992007265698966,39.44278335571289,2767000
2017-02-22,39.34175615242999,39.574914925235035,39.04642309043843,39.124141693115234,1922900
2017-02-23,39.36507579998305,39.411705777687004,38.821036663496976,39.295127868652344,2530500
2017-02-24,39.20186675118501,39.76145026988377,39.11637746007282,39.699275970458984,2586000
2017-02-27,39.76922176529999,40.13450578806644,39.55938090623756,40.11119079589844,2032700
2017-02-28,40.05677734237381,40.15004025293737,39.388386726323596,39.67594909667969,3511600
2017-03-01,39.71480750729051,39.85470335239371,39.38061220674111,39.62931823730469,2490800
2017-03-02,39.62931912378514,39.70703772179236,39.29512381576003,39.67594909667969,2197600
2017-03-03,39.6448626456697,39.761443513848235,39.256263704774085,39.74589920043945,2283000
2017-03-06,39.54383140901858,39.62155001591306,39.054195884213875,39.318443298339844,2275900
2017-03-07,39.32621663640117,39.41170888863976,38.98425059222181,39.287357330322266,1689600
2017-03-08,39.11636890992215,39.17854319575673,38.75885564846898,38.80548858642578,2964300
2017-03-09,38.88321493164802,39.077514431350075,38.2303684940581,38.315860748291016,1964600
2017-03-10,38.31586742748116,38.922083988273805,38.05161994323195,38.39358901977539,2367300
2017-03-13,38.79350827994024,38.87976883144971,38.43278206531713,38.6523551940918,2916600
2017-03-14,38.57393990873392,38.801353574140194,38.26810918214851,38.707252502441406,2463800
2017-03-15,38.8562492225495,39.914897581641796,38.76998865350279,39.758060455322266,3437700
2017-03-16,39.711008420000596,39.93057860199631,39.57769880705159,39.758060455322266,3147300
2017-03-17,39.99330317841807,40.330501856294674,39.83646609708174,39.97761917114258,5150100
2017-03-20,40.0325186268357,40.61281503075035,39.97762608758393,40.39324188232422,2634900
2017-03-21,40.44028342251442,40.62064500347481,39.51494801312229,39.53063201904297,4896800
2017-03-22,39.69530789014341,39.69530789014341,39.16206367740318,39.452213287353516,2785700
2017-03-23,39.39731842151824,40.212865705952744,39.33458240425977,39.88351058959961,2754500
2017-03-24,39.969781410693905,40.18935154480666,39.93841339398673,40.01683044433594,2177000
2017-03-27,39.81293536507926,40.00113744016024,39.01306906743998,39.10717010498047,2368300
2017-03-28,39.1307029196199,39.507110112294285,38.76997674248248,39.444374084472656,2949300
2017-03-29,39.34244694593053,39.718857296603375,39.16992877591024,39.71101379394531,2524900
2017-03-30,39.70316822141426,40.1972011347818,39.491438547934145,40.13446807861328,1972600
2017-03-31,40.08741867490215,40.73044824780004,39.98547707800781,40.68339920043945,3736800
2017-04-03,40.612807928302225,41.083316180010875,40.51086337691189,40.96569061279297,3512500
2017-04-04,40.879435671668865,41.240158913514875,40.70691455973429,41.16958236694336,2711600
2017-04-05,41.24800967086549,41.61657650469191,41.20880113334388,41.30290222167969,2389000
2017-04-06,41.216627675357536,41.70281992168422,40.950005541936115,41.60871887207031,2470400
2017-04-07,41.5459986004247,42.36938982749686,41.5459986004247,42.016510009765625,3280900
2017-04-10,42.071397164601635,42.62032258465592,41.91456004826362,42.5026969909668,2683200
2017-04-11,42.4634871399189,42.91831147260154,42.37722657904312,42.80068588256836,3089500
2017-04-12,42.941836941445764,43.2241431500356,42.777159316908076,43.07514953613281,3473700
2017-04-13,43.098662064636954,43.22413112338656,42.7849909134721,42.79283142089844,3119800
2017-04-17,42.99672383422243,43.35744703208057,42.84772725884122,43.333919525146484,3327500
2017-04-18,43.52212258671986,43.8593212532818,42.72225619102075,42.78499221801758,4335600
2017-04-19,42.745801014028444,42.847745610623114,42.259608539485896,42.58112335205078,3160900
2017-04-20,42.69089424997653,42.79283881263801,42.15764991032718,42.761470794677734,2336600
2017-04-21,42.74578845176766,42.94183408453225,42.51837779123914,42.62031936645508,2842900
2017-04-24,43.1378810396074,43.263350128766,42.05571126739662,42.61248016357422,3960700
2017-04-25,42.73794984013874,43.043780562202585,42.612480749255646,43.02025604248047,2240800
2017-04-26,42.94183276077065,43.122197369802684,42.58110952554431,42.69873809814453,2056500
2017-04-27,42.69873775981277,43.33392367084812,42.69873775981277,43.05162048339844,2375400
2017-04-28,42.95751269022694,42.95751269022694,42.58894898115835,42.66736602783203,3105900
2017-05-01,42.7771672849735,43.184942663179314,42.7771672849735,42.94184494018555,2423000
2017-05-02,42.98889305968843,43.15357069987966,42.67521880001229,42.81637191772461,1876600
2017-05-03,42.816369581802064,42.97320670308361,42.15765606555499,42.204708099365234,2072400
2017-05-04,42.04787048380358,42.4634892990269,41.67930669325664,42.43212127685547,2336400
2017-05-05,42.55757649711053,42.863407135009766,42.51052447919593,42.863407135009766,1918600
2017-05-08,42.92615652525977,43.03594160982716,42.69089935385056,42.97320556640625,2113200
2017-05-09,42.91831280655624,42.949680828107674,42.22823128952047,42.5026969909668,1826700
2017-05-10,42.52622291274945,42.96536625468276,42.42427833505758,42.83989715576172,1965000
2017-05-11,42.56541676223181,42.91045890880606,42.38505518171266,42.83203887939453,1263300
2017-05-12,42.800683981047186,42.949677585037456,42.447801243787126,42.62031936645508,1686200
2017-05-15,42.71442343081475,43.25550830042048,42.57327033588822,43.13003921508789,2010000
2017-05-16,43.02025532377247,43.12219989323033,42.6516885667149,42.99673080444336,1958800
2017-05-17,42.847717721635846,43.63189997273875,42.816349713651434,43.3888053894043,3152700
2017-05-18,43.29471574181984,43.365292287511345,42.471324703031556,42.949676513671875,3005300
2017-05-19,43.01241122992576,43.72601722345239,42.816365594435815,43.31824493408203,3047800
2017-05-22,43.3417682704748,43.59270643774138,43.26334822356718,43.45155334472656,1789100
2017-05-23,43.61623477740082,43.827964435473056,43.435873140839846,43.67112731933594,1695600
2017-05-24,43.7809251545662,43.89855077432656,43.67113705480208,43.81229019165039,2790900
2017-05-25,43.93774555919043,43.992638096178034,43.67896688359447,43.8358039855957,1589100
2017-05-26,43.91422750091043,43.91422750091043,43.46724363887542,43.749549865722656,1282800
2017-05-30,43.726014964736386,44.03184865309447,43.66328192015803,43.78091049194336,2290900
2017-05-31,43.84365168571702,43.922068753870015,43.31825074796927,43.553504943847656,3606700
2017-06-01,43.52996141900737,43.922052598391545,43.294707309660524,43.84363555908203,3213500
2017-06-02,44.024012616353836,44.73761869399725,43.92206803628496,44.60430908203125,7702500
2017-06-05,44.627828115906105,44.627828115906105,44.1965283183094,44.23573684692383,2048000
2017-06-06,44.19652546499561,44.494515647781306,44.00832035181023,44.290626525878906,2169200
2017-06-07,44.3611992881103,44.51019287109375,44.11026115286526,44.51019287109375,3281300
2017-06-08,44.51020229780603,44.541570319209654,43.678970670544174,44.27494812011719,2623700
2017-06-09,44.259258543314196,44.80818688316701,44.17300098243084,44.80034637451172,2165500
2017-06-12,44.87938341329166,45.306129455566406,44.82406481684539,45.306129455566406,2684600
2017-06-13,45.22710328041567,45.298227624796304,45.01373024727376,45.195491790771484,1778800
2017-06-14,45.543205203552496,45.77238093193621,45.329832202943834,45.70125961303711,2763900
2017-06-15,45.37725020792748,46.404602448119434,45.369348843379605,46.238643646240234,4389500
2017-06-16,46.293964741540954,46.404601931804514,45.74867714004579,45.9383430480957,4335100
2017-06-19,45.890920567758414,46.349278034573715,45.78818475370723,46.30186080932617,2912500
2017-06-20,46.32556615209504,46.38878911668635,45.33772994013255,45.57481002807617,2200600
2017-06-21,45.60641907035685,45.890916366522895,45.53529474631534,45.8751106262207,2639400
2017-06-22,45.70915607711222,45.7486689215885,45.44046451418202,45.55110168457031,1850800
2017-06-23,46.001551811328106,46.68118354568788,45.91462175023977,46.24653625488281,3165400
2017-06-26,46.42039302078627,46.712791647694345,46.2623386497475,46.67327880859375,2390300
2017-06-27,46.93408475366249,47.013113478148036,46.39670148571117,46.404605865478516,5484300
2017-06-28,46.562643265442304,46.80762771562775,46.26234324672855,46.77601623535156,3740200
2017-06-29,46.83134301411584,46.94198321444481,46.33347567850292,46.380889892578125,3400200
2017-06-30,46.44411308033719,46.64168034560255,46.301864408175156,46.34137725830078,2594000
2017-07-03,46.562643265442304,46.87085067618013,46.270244609479256,46.77601623535156,1009500
2017-07-05,46.83133627473109,46.87875349661981,46.03316596807672,46.25444030761719,2244200
2017-07-06,46.06478648443587,46.16751929672283,45.211294410856546,45.2666130065918,2529500
2017-07-07,45.45626571302295,45.74076298824476,45.26659985799625,45.63802719116211,2305100
2017-07-10,45.70916478711115,45.89092631804659,45.19548866712685,45.2666130065918,1955300
2017-07-11,45.25871123724158,45.369348427722514,44.7213280137879,44.997920989990234,2615100
2017-07-12,45.424662736252955,45.74077154891369,45.36144278250305,45.669647216796875,1829600
2017-07-13,45.74866437558604,45.74866437558604,45.33772420166655,45.47997283935547,1514600
2017-07-14,45.64592635562444,46.00945230903598,45.64592635562444,45.8988151550293,1754900
2017-07-17,45.89091464799262,46.49152069843752,45.72495890298941,46.24653625488281,2019400
2017-07-18,46.254454389873715,47.78757853670027,46.254454389873715,47.510982513427734,3501900
2017-07-19,47.526788258869395,47.64532984236301,47.23438950479289,47.510982513427734,3074900
2017-07-20,47.526781539002805,47.613711619321954,46.76021957397461,46.76021957397461,2345200
2017-07-21,46.65748617783794,46.886664929497115,46.452014533372044,46.61797332763672,2643000
2017-07-24,46.59426798667583,47.763865957536005,46.34928648150928,47.653228759765625,2848400
2017-07-25,47.819171827965064,47.819171827965064,47.21066740219902,47.62950897216797,2487700
2017-07-26,47.66901924061424,48.562023931105344,47.55047770116764,48.317039489746094,2026000
2017-07-27,48.14317412628787,48.63314295564826,47.73223700080068,48.33283996582031,1508800
2017-07-28,48.38026506569223,48.712176570682665,48.19850357277318,48.64105224609375,1591900
2017-07-31,48.83864316401337,48.846547545376936,47.96934812158977,48.056278228759766,3284900
2017-08-01,48.26173227317782,48.57784110971457,48.00884640980334,48.47510528564453,2091100
2017-08-02,48.49880043965958,48.66475919598767,48.12737611510752,48.36445617675781,1380800
2017-08-03,48.356553781805886,48.56992675042796,48.056253764903715,48.30123519897461,1751000
2017-08-04,48.38816614219295,48.68056480171155,48.30123607769471,48.490901947021484,1631500
2017-08-07,48.451398487778285,48.451398487778285,47.763862216111015,47.9298210144043,1576900
2017-08-08,47.834979754713636,48.34075141280482,47.692731099045886,48.03254699707031,1929700
2017-08-09,48.03255070031462,48.13528651835921,47.77966485177188,48.00094223022461,1675800
2017-08-10,47.74805359764413,47.898206643504565,47.17115756445506,47.36872482299805,1769300
2017-08-11,47.447752349470925,47.447752349470925,46.91036917849231,47.18696212768555,1747000
2017-08-14,47.510977151449545,48.53832637211177,47.510977151449545,48.46720504760742,2134400
2017-08-15,48.396078809235725,48.94136337816502,48.17480142134669,48.909751892089844,1585800
2017-08-16,48.94925232240453,49.68420260666774,48.94135096020918,49.194236755371094,2393800
2017-08-17,49.13102612912852,49.360204880582344,48.4434928894043,48.4434928894043,1588100
2017-08-18,48.277531162271956,48.538318352947854,47.898202421065385,48.38816833496094,1993900
2017-08-21,48.47510444662666,49.13102620132724,48.29334292388705,49.067806243896484,1779100
2017-08-22,49.15473227731053,49.23375797125378,48.54622478710916,48.75959777832031,1317800
2017-08-23,48.74379775672874,49.77114697173618,48.64106193083679,49.636802673339844,1415800
2017-08-24,49.786948516044795,49.850171484995734,49.154733899720846,49.210052490234375,1889500
2017-08-25,49.47083889067202,49.70792200571964,49.20214730630349,49.45503616333008,1303300
2017-08-28,49.549867439869416,49.66050461872641,49.04409575673059,49.33649444580078,1348100
2017-08-29,49.249560815886696,49.58937670619973,49.02038209644083,49.13892364501953,1398500
2017-08-30,49.075701664036224,49.38390909358172,48.8702330589761,49.360198974609375,1821500
2017-08-31,49.581479518004095,50.24530561373962,49.51035518579539,50.07144546508789,2991100
2017-09-01,50.1267541197456,50.68784428782654,50.071435540618545,50.40334701538086,1757500
2017-09-05,50.774783760236865,50.814299622343555,50.126763414895855,50.18998336791992,2263500
2017-09-06,50.419164269570814,50.55351157430321,49.83436686676999,49.897586822509766,1799600
2017-09-07,50.07144097935066,50.62462683070793,49.921287950007866,50.3480339050293,2314900
2017-09-08,50.21369284828908,50.76687873508977,50.00031985710724,50.55350875854492,1410200
2017-09-11,50.743176374151865,51.47022247314453,50.711564887768546,51.47022247314453,1828500
2017-09-12,51.438602889043565,51.651978881221616,50.743168385912924,51.098793029785156,1596300
2017-09-13,51.00396276653142,51.00396276653142,50.37964952343402,50.585121154785156,1864200
2017-09-14,50.78268455790995,51.7547119927484,50.51398997893257,51.59666061401367,2548700
2017-09-15,51.676229584633866,52.058135124892196,50.99198645805039,51.87513732910156,4189000
2017-09-18,51.795558256526355,52.066075855723675,51.23861918491514,51.739864349365234,3528400
2017-09-19,51.80351355668197,51.922859371557536,51.35796232267218,51.517086029052734,2334400
2017-09-20,51.47731544316334,51.67622316291309,51.07154806540479,51.41366958618164,2540100
2017-09-21,51.37387263803838,51.72395207883235,51.16700696209828,51.206790924072266,1673500
2017-09-22,51.17497472983152,51.4773122598896,50.59416458828951,50.665771484375,1807400
2017-09-25,50.42709045374411,51.06359460663648,50.33161255449184,50.9362907409668,2035800
2017-09-26,50.681686344874166,50.92833300389205,50.498691611444464,50.64986038208008,1633900
2017-09-27,50.52255337438201,50.65780914704479,49.41662710109269,50.053131103515625,2549400
2017-09-28,50.15658073793139,50.76921699375598,50.05314785445672,50.56235122680664,1830100
2017-09-29,50.37140270836707,50.68169833126824,50.01336812998436,50.490745544433594,2515000
2017-10-02,50.665768879708956,50.91241551689935,50.24408553282303,50.59416198730469,1669200
2017-10-03,50.62598541099228,50.82489309825131,50.33955785572481,50.67372131347656,1394700
2017-10-04,50.68963846123369,51.02380194646605,50.5066437381173,50.98402404785156,1358000
2017-10-05,51.08746229701766,51.48527776988356,50.952206493087026,51.3738899230957,1665500
2017-10-06,51.190881218720676,51.35001101604353,50.5782481920257,51.3340950012207,1201200
2017-10-09,51.29432950685859,51.61258310827297,51.29432950685859,51.58075714111328,940600
2017-10-10,51.700102290353634,52.14565368410492,51.41367466003281,51.49323654174805,1526900
2017-10-11,51.35002130886148,51.56483899057994,51.023809711598204,51.31819534301758,2123700
2017-10-12,51.262494207168565,51.77965545654297,51.18293233884514,51.77965545654297,2671600
2017-10-13,52.010391008278305,52.21725065937796,51.668269498928346,51.883087158203125,1696500
2017-10-16,51.91491112342248,52.08199286758183,51.445491852238774,51.71600341796875,1949400
2017-10-17,51.692138173989946,51.692138173989946,50.71351257607378,51.16701889038086,2389300
2017-10-18,51.198852907752475,52.034267873943335,51.13520097181394,51.9626579284668,3551400
2017-10-19,51.9547097347281,52.074049535488136,51.095426748156925,51.35798645019531,2404100
2017-10-20,51.35797046548069,51.48526823673214,51.007890971722,51.270450592041016,2558500
2017-10-23,51.461397617448036,51.461397617448036,51.00788832866057,51.28635787963867,1579500
2017-10-24,51.21476148823617,51.517099034757706,50.56234137999112,50.95220184326172,2649400
2017-10-25,50.92832299749363,51.54095596790992,50.7214573150679,50.94423294067383,2062600
2017-10-26,51.1670302852357,51.27046620544445,50.61009098481592,51.13520431518555,2267100
2017-10-27,51.08746245494493,51.564839809823255,50.8249058202892,51.46936798095703,1304400
2017-10-30,51.42161735369926,51.44549137708562,50.91241715314596,50.98402404785156,1852700
2017-10-31,51.07950753278756,51.421629103993155,50.74534397119589,51.38185119628906,1906400
2017-11-01,51.3977498752065,51.755787387132074,51.17497421632736,51.71600341796875,1727400
2017-11-02,51.89104254899793,52.710541314431005,51.676218830377174,52.463897705078125,2383400
2017-11-03,52.18542267231249,53.17200926157525,52.06608290522392,52.7264518737793,2414200
2017-11-06,52.813984119432284,53.10836977762276,52.71851228340078,52.941287994384766,1491500
2017-11-07,53.052664932459585,53.3868284301699,52.69463348065305,52.933319091796875,2267700
2017-11-08,52.90149396181715,53.34705136928838,52.829890098402075,53.08449172973633,1714200
2017-11-09,52.71055687576769,53.195892300162996,52.44004523341393,52.8935546875,1599600
2017-11-10,52.535504220952866,53.219747239738325,52.5116362666062,52.686676025390625,1587600
2017-11-13,52.73440040681703,53.48229518716495,52.551408750038505,53.36294937133789,1613700
2017-11-14,53.32318462524147,53.50618241814667,53.06063102002275,53.45844650268555,1869500
2017-11-15,53.25156941300266,53.37091524642527,52.12177513965525,52.185420989990234,2068200
2017-11-16,52.26498382136652,53.45842989867453,52.1138120424497,53.347042083740234,2509400
2017-11-17,52.92536940765433,53.179971075026394,52.662815801120615,52.750335693359375,1304300
2017-11-20,52.89354318751081,53.19588073444028,52.66280950557179,52.861717224121094,1402000
2017-11-21,53.06857735450762,53.72895244282866,53.04470939929778,53.62552261352539,1437200
2017-11-22,53.537999181441975,53.625519058196815,53.1720097287315,53.21974563598633,1269000
2017-11-24,53.339085783545386,53.57777136453558,53.323169769370864,53.35499572753906,451300
2017-11-27,53.49822555635114,53.5061835658262,53.08450011638795,53.2038459777832,1211500
2017-11-28,53.22771257193826,53.26749047792883,52.73441919023161,53.060630798339844,1812800
2017-11-29,53.03674829206522,53.10039413822778,52.19337557596719,52.61505889892578,1872600
2017-11-30,52.87762135081222,52.94923127810286,52.376376140502394,52.69462966918945,3133500
2017-12-01,52.82988921328388,53.3470504755056,51.81943464291223,52.66280746459961,1679600
2017-12-04,53.195876595544426,53.291354478284916,52.45593969730441,52.463897705078125,2027800
2017-12-05,52.39228686130579,52.40024486894065,51.159062765878026,51.270450592041016,2242400
2017-12-06,51.21476692065349,51.50119455097431,50.96016525705526,51.49323654174805,1415100
2017-12-07,51.48526896290999,52.38432959252965,51.40570709598299,52.3684196472168,1808100
2017-12-08,52.51163125117912,52.829884775828546,52.440027394978074,52.63893508911133,1518800
2017-12-11,52.55141940551166,52.75032711549439,52.08995206150813,52.296817779541016,1282100
2017-12-12,52.43207108716255,52.82192848065036,52.04221369367474,52.646888732910156,1761300
2017-12-13,52.662815527560205,52.97311111836485,52.26500004497144,52.32069396972656,2233000
2017-12-14,52.432078764842345,52.72645831989234,52.11382518327446,52.44003677368164,2029900
2017-12-15,53.36115138235873,53.56139586292915,52.263809428881224,52.84852600097656,4537900
2017-12-18,52.84053041961989,53.40121268963362,52.60023452619777,52.75242233276367,2353000
2017-12-19,52.688324878758564,52.8565295031469,50.70190006870452,50.7659797668457,3145700
2017-12-20,50.95021969330483,51.39076011226669,50.46162254172102,50.501670837402344,2446100
2017-12-21,50.65385119862891,50.966232136745404,50.453606694145144,50.46962356567383,1823800
2017-12-22,50.63781829804701,51.214520245475164,50.477622124405016,51.12641525268555,1670900
2017-12-26,51.2145285153327,51.246568366332305,50.84607939530237,51.118412017822266,905300
2017-12-27,51.33467821844665,51.58298555938527,51.09438847973557,51.48686599731445,1227200
2017-12-28,51.462837392467186,51.903377744497895,51.30264423407999,51.871337890625,1269700
2017-12-29,51.97545859286258,52.01550993468105,51.58298110914408,51.67108917236328,1541500
2018-01-02,51.735161923507526,51.93540640739349,51.18249130344642,51.270599365234375,1532200
2018-01-03,51.23056010659669,51.382747905755465,50.950218985234315,51.17449188232422,1650100
2018-01-04,51.10239752411789,51.23055388624998,50.149234771728516,50.149234771728516,2128500
2018-01-05,50.3975337755637,50.47763340803389,50.04510455916058,50.10918426513672,2825800
2018-01-08,50.01307165580487,50.71793324204465,49.91695513897321,50.693904876708984,2333300
2018-01-09,50.854088344596626,51.238557370914684,50.08514723647229,50.18126678466797,2306100
2018-01-10,49.981030776973,49.981030776973,49.19606961116084,49.21208953857422,2791700
2018-01-11,49.36428250010517,49.604575325537795,48.94777351012707,49.38030242919922,2161600
2018-01-12,49.42835276312269,49.70869690274798,49.15602011475195,49.540489196777344,2441900
2018-01-16,49.852877198915905,50.6538552814111,49.660641114701946,49.77277755737305,2432500
2018-01-17,50.005058876444735,50.453607675186056,49.70869785958301,50.34947967529297,2394200
2018-01-18,50.269385617653825,50.269385617653825,49.18005793779532,49.20408630371094,3680700
2018-01-19,49.276167836935116,49.48442077636719,48.93174704613356,49.48442077636719,3790300
2018-01-22,49.580530659375356,50.58976141658981,49.484411116411664,50.549713134765625,3172200
2018-01-23,50.773996408399654,52.04755464316217,50.56574346675548,52.03954315185547,3554300
2018-01-24,52.03153022743384,52.055558589714785,51.38274000193963,51.647064208984375,3171700
2018-01-25,51.87134499057772,51.87134499057772,51.070363811563276,51.43881607055664,1625200
2018-01-26,51.54293801836747,51.66308595207949,51.12643210727394,51.57497787475586,1611900
2018-01-29,51.46283987454527,51.46283987454527,50.7339499689697,50.77399826049805,1462600
2018-01-30,50.605788356629745,50.790012922953146,49.99704338874606,50.38151550292969,2621700
2018-01-31,50.509671948611526,52.19973290072339,50.413552392144815,52.151676177978516,3976900
2018-02-01,52.07158097715267,52.21575726016881,50.92618220401811,51.0383186340332,3474200
2018-02-02,50.669855088385106,51.42277313236824,50.381505642414965,51.12641525268555,2646800
2018-02-05,50.87011925012668,51.43881603965979,48.93175365899428,49.027870178222656,3496700
2018-02-06,48.178835744916036,49.02787060725978,47.39387448863317,48.65141296386719,4659500
2018-02-07,48.499214729703326,49.58854524109988,48.034649103071516,48.09071731567383,4137500
2018-02-08,48.11475426119365,48.89971243316525,46.69702265639664,46.72105407714844,4594200
2018-02-09,47.017411251244674,48.76354361145073,46.68099888779324,48.31499481201172,3365000
2018-02-12,48.563286741182466,48.69144307190214,46.80914333606496,48.17881774902344,3650500
2018-02-13,48.09872226991942,49.20407262713478,47.93051764428549,48.98780822753906,2438900
2018-02-14,48.69145544610663,48.69145544610663,47.970573992927264,48.4912109375,2679500
2018-02-15,48.6674351411235,49.21210057335341,48.33102575647589,49.188072204589844,3054200
2018-02-16,49.22811003692473,50.045108011550305,49.19607018172638,49.64461898803711,2867800
2018-02-20,49.43636485539525,50.0611267393459,48.97980762397151,49.04388427734375,3633300
2018-02-21,48.97980539279103,49.26815490306395,47.946543050641914,47.98659133911133,2689900
2018-02-22,48.19484851946915,48.52325245812819,47.85043076389057,48.010623931884766,3353200
2018-02-23,48.33101848762734,49.25214452122861,48.18684218575081,49.06791687011719,3275300
2018-02-26,49.284180477265245,49.30821189749162,48.77956648484502,49.107967376708984,2467700
2018-02-27,49.260152807821925,49.26816124435115,47.922520856748285,48.34703826904297,2471300
2018-02-28,48.643399887118015,49.20408517099111,48.5232550048167,48.60335159301758,4644000
2018-03-01,48.46717210757954,49.156013600733246,48.24289926999025,48.635379791259766,2161200
2018-03-02,48.499218772758354,48.56329848135343,47.45794795199791,48.23489761352539,2436600
2018-03-05,47.87446042526725,49.22811228662718,47.850432060514784,48.9317512512207,1704700
2018-03-06,48.87567485655121,49.42034010677735,48.60334223143814,49.340240478515625,1920200
2018-03-07,49.34023730481896,49.61256991241487,48.93974835573606,49.59654998779297,2284800
2018-03-08,49.74874715659833,50.02107981572055,49.444374642170246,49.96501159667969,1433900
2018-03-09,50.125203057127884,51.022297532069736,49.66063436578126,51.014286041259766,2445500
2018-03-12,50.894143952389946,51.15846510924397,50.581763014522174,50.91016387939453,3159400
2018-03-13,51.15045326401478,51.278606560532005,50.50166001327381,50.757972717285156,1917400
2018-03-14,50.88710394881728,51.16958774055307,50.7256850790838,51.02431106567383,1719800
2018-03-15,51.12923924443551,51.371369128837195,50.91132727456899,51.20187759399414,1842700
2018-03-16,51.242220952621146,51.637693911162685,50.870956665726254,51.516632080078125,2825400
2018-03-19,51.51664618960958,51.51664618960958,50.7983322483496,51.12117004394531,1436900
2018-03-20,51.24221915528381,51.6054077146071,50.95166584477843,51.314857482910156,1578000
2018-03-21,51.226094596414356,51.44400965430734,50.21723029810028,50.54813766479492,1652600
2018-03-22,50.3382985803606,50.943617236474445,49.708768163221364,49.80561828613281,1989200
2018-03-23,49.84596207753857,49.86210427453202,48.35284426195093,48.51426315307617,2407400
2018-03-26,49.1518667044761,49.563481957208964,48.699894419341966,49.41820526123047,1819900
2018-03-27,49.91053391882406,50.90325600358226,49.55541479967128,50.07195281982422,2950300
2018-03-28,50.346368237979554,50.806410143073784,50.28987207972656,50.467430114746094,2137900
2018-03-29,50.73376896102163,51.13731468539653,50.556207857077624,50.83869171142578,2455500
2018-04-02,50.98396525987595,50.992037898484156,49.08730158980715,49.555416107177734,2424200
2018-04-03,49.56347026016943,50.039654189316884,49.200278605936866,49.821739196777344,2205600
2018-04-04,49.43434501066458,50.233366798982374,49.2083604186919,50.160728454589844,2592900
2018-04-05,50.26565041357854,50.33021920213121,49.45048947036148,49.84596252441406,1865700
2018-04-06,49.95089241749172,50.46743048462469,49.240651035779024,49.42628479003906,1921500
2018-04-09,49.6118981967945,50.24142836213745,49.474691088640284,49.4908332824707,2350300
2018-04-10,49.78139236065647,50.112299675358905,49.59576172839012,49.71682357788086,2048900
2018-04-11,49.531205939906314,50.201093382304656,49.49085197948939,49.73297882080078,1716000
2018-04-12,50.67726358962928,50.74182929280623,49.6119033173332,49.749107360839844,1842100
2018-04-13,49.91859677222429,50.289861118290936,49.6038316509055,50.24950408935547,1899900
2018-04-16,50.28179895126382,50.74184085188047,49.902468046515686,50.52392578125,2392400
2018-04-17,51.1938047336737,53.066256425106566,51.12923594764745,52.703067779541016,3776200
2018-04-18,52.96132218325911,53.389079497069005,52.67883536158089,52.99360656738281,2820000
2018-04-19,52.99363316361373,53.09855284645994,52.36409659367727,52.646583557128906,2104500
2018-04-20,52.63850697856124,52.82413456952272,52.27531212028215,52.45287322998047,2391300
2018-04-23,52.525511947021045,52.75149656308311,52.06547007643214,52.36408996582031,1533000
2018-04-24,52.598143182016614,53.17117731664068,52.25109364610418,52.63850021362305,2272700
2018-04-25,52.4125209819594,52.49322889581827,51.82334151131332,52.17039108276367,1943400
2018-04-26,52.63850955389636,53.5424481091394,52.372167876318144,53.16312026977539,1349500
2018-04-27,53.07433410858602,54.075125756665635,53.04204971250359,53.736148834228516,1687500
2018-04-30,51.74262631414158,53.09854001201664,51.57313787160948,52.388301849365234,9085700
2018-05-01,52.57393695151398,52.8241333324372,52.3883093648997,52.51744079589844,4037700
2018-05-02,52.372151371932134,52.72727349679108,51.984751015374776,52.259159088134766,3940200
2018-05-03,52.09774576065971,52.50935788924734,51.968608197294074,52.29951858520508,2319100
2018-05-04,52.170378308875264,52.912900786761234,52.13002128301766,52.66270446777344,2514700
2018-05-07,52.88063036848332,52.98555620038709,52.630433983394475,52.85641860961914,3248200
2018-05-08,52.84027675932342,53.06626137387145,52.5335780759063,52.61429214477539,2979200
2018-05-09,52.614288457706586,52.79184954458529,52.38023122114996,52.63850021362305,2875800
2018-05-10,52.791844194798735,53.001683496555835,52.70306366035617,52.93711471557617,2893600
2018-05-11,53.02591486855814,53.05013278859907,52.654653476992515,52.727294921875,2249800
2018-05-14,52.86448555404954,52.920981704520116,52.243027898873194,52.630428314208984,2897900
2018-05-15,52.27531371389896,52.28338635302751,51.57314805020187,51.831417083740234,3709300
2018-05-16,52.008961815635516,52.008961815635516,51.072733015465914,51.169586181640625,2876300
2018-05-17,51.27451531079671,51.41979200812117,50.919396205564304,51.0727424621582,2823900
2018-05-18,51.088882190093905,51.25030107696429,50.65305211918661,51.04045867919922,2386500
2018-05-21,51.242229275367094,51.6538444940027,50.636910785203,51.508567810058594,2878400
2018-05-22,51.46014330472091,51.62156219105802,51.242231348796366,51.46821594238281,2633600
2018-05-23,51.4762879484597,52.33180285274264,51.39558004085882,52.275306701660156,2421100
2018-05-24,52.26723672544588,52.42057989234593,51.69420261490158,52.04125213623047,2143200
2018-05-25,52.08966466060975,52.283364816570085,51.86368011905321,51.984745025634766,1643800
2018-05-29,51.68612934125556,52.210739935544986,51.54892221462839,51.9040412902832,3202800
2018-05-30,52.00896522525032,52.662707206339554,51.807192400704956,52.29951858520508,3035100
2018-05-31,52.16231348832188,52.29145106432243,51.75070131946183,51.93632888793945,4961500
2018-06-01,52.17038682658933,52.63850130944774,51.64577927168619,52.549720764160156,2951400
2018-06-04,52.75957972908849,53.510175157992066,52.23496896133951,53.469818115234375,2716500
2018-06-05,53.46980813586422,53.55858868726537,53.066262414084115,53.30031967163086,2608700
2018-06-06,53.22768241786237,53.67158520971231,52.92098986197847,53.2196159362793,2693900
2018-06-07,53.29224062426873,53.510158736090354,52.848344078263935,53.23574447631836,2477600
2018-06-08,53.268033425425934,53.4133101265273,52.83220332212183,53.22767639160156,1752800
2018-06-11,53.22767064747467,53.35680821568155,52.71920532730093,52.84834289550781,2187000
2018-06-12,52.743424821291256,53.2761081318812,52.57393635636329,52.872562408447266,2388300
2018-06-13,52.99451599777935,53.384782114055895,51.96194374768687,52.22212219238281,2409100
2018-06-14,52.400981194923304,52.68555317501446,52.238373951787246,52.376590728759766,1938300
2018-06-15,52.466027657167615,52.466027657167615,51.92128655803382,51.99446105957031,4504400
2018-06-18,51.95381180049513,52.29529075675306,51.57167792908162,52.17333221435547,2725000
2018-06-19,52.03511780002901,52.28716091689069,51.547289811267625,51.636722564697266,2617300
2018-06-20,51.71802932240889,52.39286124544386,51.66924528289507,52.12455368041992,2329900
2018-06-21,52.132680940932325,52.44163719050025,51.701763053424344,51.99446105957031,2698800
2018-06-22,52.13268393394626,52.653034596286794,51.79933099550385,52.28715896606445,7940400
2018-06-25,52.37659750581045,52.56360144237535,51.734291368632064,52.14894485473633,3159500
2018-06-26,52.3603311517626,52.4172443057172,51.97819731675238,52.051368713378906,3397400
2018-06-27,52.157074841465175,52.6936837526823,51.98633225894923,52.36846923828125,3420900
2018-06-28,52.36846899844603,53.03516867482564,52.36846899844603,52.970123291015625,3045800
2018-06-29,52.94574210200377,53.84822680056016,52.498562763774814,53.4091796875,4552600
2018-07-02,53.32786288849312,53.48234413120571,51.84811755883888,52.45790100097656,3457100
2018-07-03,52.661161800616654,53.49860717586783,52.587990394768994,52.88882064819336,1744400
2018-07-05,53.311597953847134,53.67746735291379,52.98637726408305,53.64495086669922,2207000
2018-07-06,53.758786649224774,53.945784391714206,53.25469418112276,53.82382583618164,2129600
2018-07-09,53.856344850053404,54.01082609004034,53.24655831713999,53.49860763549805,2263100
2018-07-10,53.42542692241389,53.709992713962215,53.21403253309126,53.52299499511719,2775100
2018-07-11,53.457955256401895,53.63682697370534,53.10021182179501,53.17338943481445,2372600
2018-07-12,53.189644015682894,53.46608379694235,53.059559450378465,53.392906188964844,2168100
2018-07-13,53.52299269228777,53.718122626229864,53.0839456886165,53.279075622558594,1942100
2018-07-16,53.1733857392187,53.31160252823075,52.43350845144378,52.88068771362305,3073500
2018-07-17,53.8157014821064,53.87261464937563,51.22207385282991,51.56355285644531,6336600
2018-07-18,51.14076445144879,51.78307056704175,50.65293337071081,51.19767761230469,4784200
2018-07-19,50.9944126712558,51.87250360649782,50.85619278700713,51.62858963012695,3099100
2018-07-20,51.33589265581678,51.44971897365565,50.70171568412334,50.76675796508789,3159600
2018-07-23,50.80742093504186,50.99442178707248,50.54724246533074,50.87246322631836,2402800
2018-07-24,50.7992938182937,50.7992938182937,50.31146572929377,50.70172882080078,3221800
2018-07-25,50.88059400409234,51.86438228087416,50.80741949002803,51.839988708496094,3879800
2018-07-26,51.91316055724812,53.018907334544465,51.27085441292183,52.96199417114258,4999200
2018-07-27,53.157119866551454,53.34412379019553,52.7993826694679,52.84816360473633,4940300
2018-07-30,52.96198992240869,53.083948463648824,52.69368237229422,52.84816360473633,3523200
2018-07-31,53.043298098216766,53.7018717961694,52.896949076790584,53.35226058959961,3501200
2018-08-01,53.043282623401694,53.783159738946544,52.82376225683996,53.75063705444336,2862000
2018-08-02,53.67746236978986,53.93763765683413,53.36850615488359,53.53924560546875,2718700
2018-08-03,53.59617316627894,54.319786071777344,53.441698118825556,54.319786071777344,2101800
2018-08-06,54.31977685784043,54.58808439384727,54.051475524902344,54.051475524902344,3236700
2018-08-07,53.97016688358194,53.97016688358194,53.24655408495172,53.3847770690918,3565500
2018-08-08,53.45795609730324,53.555524181840696,53.018909021489335,53.417301177978516,1721100
2018-08-09,53.344120563442985,53.596163651176006,53.11646794186882,53.148990631103516,1652500
2018-08-10,53.05956367231298,53.17339000216246,52.4579031253146,52.498558044433594,2430300
2018-08-13,52.482291732378116,52.69367991071234,52.197719748421875,52.38472366333008,2565600
2018-08-14,52.40912190984605,52.563603158003986,52.035120227578695,52.075775146484375,2439200
2018-08-15,52.051377348953864,52.50668885919754,51.961944593283796,52.44977569580078,2898400
2018-08-16,52.47417090391864,53.42543652219565,52.31155742019384,53.37665557861328,3046800
2018-08-17,53.441691366214165,54.87265254736306,53.36038153743175,54.82387161254883,6319500
2018-08-20,54.98647353222218,55.44991097722728,54.604345908115285,55.084041595458984,5981600
2018-08-21,54.94583508276519,54.95396110391733,52.9132132422048,53.45795440673828,27503600
2018-08-22,52.888824180671925,53.21403872136413,52.59612613159314,52.9782600402832,5330800
2018-08-23,53.092084935913746,53.132733650867316,52.335949363398036,52.466033935546875,5477600
2018-08-24,52.44977046887673,53.75064707621252,52.44977046887673,53.73438262939453,4020600
2018-08-27,53.88072424635499,53.88072424635499,53.100198388992716,53.62868118286133,2938100
2018-08-28,53.72625742038155,54.76695872196595,53.514863030038136,54.750694274902344,3429900
2018-08-29,54.86454239283821,55.238544141729996,54.555579841483954,54.645015716552734,2320800
2018-08-30,54.71817888702751,54.79135029107766,54.25474138550235,54.37669372558594,2106700
2018-08-31,54.36856618356852,54.87265238332602,54.360433960100785,54.620609283447266,3306800
2018-09-04,54.563701483896736,54.72630875080672,53.68560735521571,53.84822082519531,1926700
2018-09-05,53.40916989702306,54.83200509029558,53.40916989702306,54.66939163208008,4423600
2018-09-06,54.80761320479115,54.94582998839763,54.5311734345092,54.620609283447266,2521200
2018-09-07,54.319776505951516,54.319776505951516,53.57990548477656,53.66120910644531,2534700
2018-09-10,53.994563782221704,54.28725558917196,53.83195033050609,54.100257873535156,2592400
2018-09-11,53.783172053324215,54.157173706141805,53.69373620122988,53.978302001953125,2324600
2018-09-12,54.12464861137866,54.36856568863824,53.78316966567041,54.01082229614258,2452000
2018-09-13,54.45799128153245,55.01086450988036,54.254729156449656,54.95394515991211,2313600
2018-09-14,54.94577451395991,55.06041497700973,54.33162649872019,55.05223083496094,3185800
2018-09-17,55.084983535844,55.38796549244841,54.79838235929231,55.28969955444336,2714400
2018-09-18,55.19962331321754,55.32244791098378,54.43807956988534,54.64279556274414,3184800
2018-09-19,54.64279321480056,54.73286250014686,53.76660905291105,54.00407409667969,1883900
2018-09-20,54.20880971213329,55.18326014834103,53.9713445823681,55.158695220947266,2368000
2018-09-21,55.23238140484473,55.568118686795756,54.806574818950864,55.26513671875,4507800
2018-09-24,55.27332389437338,55.30607920637359,53.905822417408565,54.307064056396484,3019200
2018-09-25,54.49540517942323,54.78200634824024,54.12691260742687,54.35619354248047,2821100
2018-09-26,54.25793533019242,54.54453650680398,53.95495337352471,54.03683853149414,2317700
2018-09-27,54.176047875130664,54.593664037298765,54.053217019666064,54.42170333862305,2526100
2018-09-28,54.42169367027059,55.52715867818564,54.42169367027059,55.51078414916992,3617200
2018-10-01,55.42890590738367,55.67456135780583,54.97852821045499,55.0604133605957,2261100
2018-10-02,54.91301900451413,54.986720014742964,54.388946533203125,54.388946533203125,2625900
2018-10-03,54.552732251698124,54.9130282316175,53.905828819596856,54.06959915161133,2607600
2018-10-04,53.94674972678856,54.05320602868196,53.185206074681744,53.66014862060547,2384600
2018-10-05,53.61102517801193,54.04502208302825,53.32442403766495,53.42268371582031,1929400
2018-10-08,53.51276426382684,54.462649557859656,53.447253640630734,54.208797454833984,2513800
2018-10-09,54.29069645193453,55.003104274676545,53.946768755763536,54.913028717041016,3117200
2018-10-10,54.773801865014995,55.06859334778682,53.6601465406404,53.68471145629883,3068500
2018-10-11,53.75023921240541,53.75023921240541,51.22813939990826,51.457420349121094,4632500
2018-10-12,51.883222056115734,52.112502969969256,50.74500162845979,51.211753845214844,3532100
2018-10-15,51.17081623962254,52.20258357586227,51.10530561575031,51.645755767822266,3366700
2018-10-16,51.42465897356263,52.57925709755676,50.704057773340146,52.29265594482422,2847200
2018-10-17,52.03880036846133,52.259893996937144,51.14623858997063,51.473785400390625,3681400
2018-10-18,51.43285248767449,52.18620591989421,51.293643973805246,51.645755767822266,2743300
2018-10-19,51.64575026734226,52.36635143459743,51.64575026734226,52.07155990600586,2393800
2018-10-22,52.112511245655796,52.37454750987748,51.6621366117572,51.80134201049805,2525100
2018-10-23,51.53110873157052,52.5546886712192,51.32639274364079,52.44004821777344,4310800
2018-10-24,52.37454052870058,53.889437674538904,52.30084264397925,53.44725036621094,4449400
2018-10-25,53.381746124638475,54.23336543377981,52.76759812503587,53.95494842529297,3851200
2018-10-26,53.76661638598285,53.897631384984784,52.34178844442666,52.7594108581543,3131100
2018-10-29,53.22617052782555,53.8485090402027,53.07058433787183,53.471832275390625,2370700
2018-10-30,53.660162813804966,54.118724704988274,53.30805100523573,53.733863830566406,2414400
2018-10-31,53.70109952154081,54.50358269668368,52.73483980738377,52.79216003417969,3803500
2018-11-01,52.90680933481263,53.24254036291911,52.538322993425986,53.029640197753906,2981000
2018-11-02,53.20159517732427,53.20159517732427,52.03880667085466,52.69389724731445,2396200
2018-11-05,52.71845964997036,53.66015445621289,52.685704341782184,53.283477783203125,2243100
2018-11-06,53.41450474598855,54.012272004098655,53.095142018753236,53.97133255004883,2056900
2018-11-07,54.30705920546752,54.9457721138268,53.914001744011436,54.92939758300781,1753500
2018-11-08,54.724679278535305,54.978525103858765,54.405322837826404,54.96215057373047,1542500
2018-11-09,54.9703481046443,55.37159603603826,54.49541164600605,55.330650329589844,2671400
2018-11-12,55.24876142062083,55.78920847398223,55.24876142062083,55.48623275756836,2462100
2018-11-13,55.54353946632214,55.59266930081536,54.64279043181059,55.31425857543945,2472500
2018-11-14,55.54354550459568,55.6663763516177,54.92939751692196,55.32244873046875,1554600
2018-11-15,55.01128976849093,55.01128976849093,54.21699060228836,54.634613037109375,2231300
2018-11-16,54.61003376867758,55.306066812249,54.42988271676686,55.11772537231445,2358000
2018-11-19,55.19143636909079,55.71550884372532,54.60185327326776,55.43709182739258,2916000
2018-11-20,55.38794763450359,55.68273910603624,54.61821365356445,54.61821365356445,2359600
2018-11-21,54.5772912564396,55.31427016543574,54.4217050846968,54.79838180541992,1882200
2018-11-23,54.66736829213094,55.18325041875748,54.18423523129642,54.831138610839844,660300
2018-11-26,55.13411614874193,55.347016296493244,54.3234362681003,54.33981704711914,1884900
2018-11-27,54.36437914840143,54.77381113852191,53.93857262754815,54.58547592163086,2098300
2018-11-28,54.50358271978286,55.1996220778748,54.339812428135446,55.15048599243164,1723800
2018-11-29,55.183236911902966,55.26512205121491,54.61821883000992,55.01127624511719,1589200
2018-11-30,55.16686700394618,55.592673512496425,54.63460418268122,55.142295837402344,3558700
2018-12-03,55.224179468783134,56.22319435498187,55.10134864307364,56.215003967285156,3210100
2018-12-04,56.23958076100528,56.460671296029474,54.650982573829786,54.74924850463867,2787700
2018-12-06,54.2743049299802,56.33784570890851,52.93136846953833,56.075809478759766,4211200
2018-12-07,55.723691390762475,56.05123195573396,54.618220117958366,54.73286056518555,2702100
2018-12-10,54.683738162597585,54.683738162597585,53.09513996733154,53.99589538574219,2850600
2018-12-11,54.38895541651692,55.10955986784292,54.20062016032958,54.429901123046875,3210700
2018-12-12,54.8475227435754,54.97853775706301,52.915002876991814,52.93137741088867,2522300
2018-12-13,52.988691303025846,53.96314151025284,52.9559359917184,53.32442855834961,2786100
2018-12-14,53.07057571411133,53.463633196857586,52.587448935827396,53.07057571411133,2179800
2018-12-17,53.22731422792728,53.268565441299046,50.57090036152943,50.75239562988281,3696400
2018-12-18,51.70937322529938,52.2043563918897,51.19789020021923,51.66812515258789,2957300
2018-12-19,51.67637656917986,51.775372578956336,50.331667919358125,50.5296630859375,2921900
2018-12-20,50.529650693909055,50.69464610109021,49.193193875090394,49.803672790527344,3198300
2018-12-21,49.5066969795373,50.34817098376796,48.500230664185295,48.566226959228516,7768300
2018-12-24,48.401222660179194,48.533221520208116,46.149044036865234,46.149044036865234,2049500
2018-12-26,46.470788816165815,47.82374572753906,45.54681563281602,47.82374572753906,2593300
2018-12-27,47.419504814028315,47.84849166870117,46.13254425000974,47.84849166870117,3251700
2018-12-28,48.28572407466053,48.68171119128055,47.724741539359044,48.25272750854492,3606700
2018-12-31,48.351726721563736,48.475470933547825,47.49375300489272,48.442474365234375,2311400
2019-01-02,47.88149288723052,47.972240532975825,46.726528000151255,47.04826736450195,2476100
2019-01-03,46.96575708311814,47.724731442647006,46.5285219910863,46.668766021728516,3606700
2019-01-04,46.98226960410403,48.11248309511124,46.76777460325458,47.84849166870117,4063500
2019-01-07,47.897991366035605,49.05295307283115,47.8732400061648,48.623966217041016,2952800
2019-01-08,48.84670173215951,50.348153912877635,48.84670173215951,50.240909576416016,3482700
2019-01-09,50.18316405755063,50.62039921933191,49.77067710582468,50.57915115356445,2609000
2019-01-10,50.43065847735886,51.54437205177047,50.1666670649498,51.461875915527344,2524000
2019-01-11,51.21438184738638,51.5196213129431,50.89263937895956,51.44537353515625,2154500
2019-01-14,51.049390530813476,51.61862144148878,50.917394820496334,51.43712615966797,2867400
2019-01-15,51.55262729776563,52.36934980577737,51.51137607962221,52.1466064453125,2148900
2019-01-16,52.05586315073688,52.58384920504902,51.70112404483682,52.418853759765625,2070900
2019-01-17,52.22085450716034,52.864336378678715,52.22085450716034,52.8395881652832,2432400
2019-01-18,53.07881381536176,53.57380315433117,52.79007737735566,53.37580490112305,2389900
2019-01-22,53.623309708669716,55.02576298342947,52.20435342933043,53.44181442260742,3443400
2019-01-23,53.52431370855972,53.780059942153954,53.17782612065426,53.681060791015625,2507600
2019-01-24,53.59031423980285,53.755312828411405,53.07058284730424,53.40057373046875,1846200
2019-01-25,53.656302037419664,54.49777262762778,53.565554406880885,54.45652770996094,2598000
2019-01-28,54.258534308205675,55.166010694904415,53.93679496894041,55.03401184082031,2246400
2019-01-29,55.05051924176972,55.817745333773374,54.86902394993302,55.718746185302734,2977600
2019-01-30,55.70223052030236,56.55195885659974,55.421742437796105,56.419960021972656,3085000
2019-01-31,56.2879802077334,57.29444322609057,55.75999104390112,57.055206298828125,4867600
2019-02-01,57.28621138463316,57.30270809951522,56.23849060909065,57.2614631652832,3646100
2019-02-04,57.07993589468647,57.45942306518555,56.70044872418739,57.45942306518555,3715700
2019-02-05,57.34394561374536,57.73992961675093,56.84896246296228,57.69868469238281,2558800
2019-02-06,57.583174718251385,57.69041904818227,56.97268956435054,57.319183349609375,2297600
2019-02-07,57.14593639142314,58.26790134216385,57.0634402644086,58.102909088134766,3189100
2019-02-08,57.781173148576435,58.482399710073075,57.673928806623294,58.43290328979492,2506300
2019-02-11,58.449412121411775,58.812402729542484,58.26791681734642,58.60615921020508,2340400
2019-02-12,58.688631565458685,58.771127680937354,57.94615393805033,58.24314498901367,3207400
2019-02-13,58.09464610393872,58.581383857000276,57.98740178942337,58.42463684082031,2343700
2019-02-14,58.350412820003946,58.74639680875625,57.855423392985536,58.449405670166016,2432800
2019-02-15,58.639179379306874,58.738172274919386,58.25969192666412,58.72992706298828,2210100
2019-02-19,58.647399238323,58.99389310534432,58.47415545183843,58.88664245605469,1687500
2019-02-20,58.8041315339363,58.87838244893982,57.85541040388415,58.01215744018555,2680200
2019-02-21,57.789436944569026,58.680404169384495,57.657438070342884,58.59790802001953,2049700
2019-02-22,58.71339463352619,59.29088017616308,58.48240293409214,59.08463668823242,1582500
2019-02-25,59.2661158323138,59.33211524806799,58.672139972678174,58.787635803222656,1976300
2019-02-26,58.87840216630311,58.94439530901102,58.40816719397592,58.60615921020508,1457200
2019-02-27,58.25141615087218,58.30916408060442,57.37694570234055,57.88018035888672,2303100
2019-02-28,57.75643878704943,58.49891673950726,57.38519666379407,57.79768371582031,4170500
2019-03-01,57.79768076357062,58.09467192938372,57.04695764013658,57.64918518066406,3763700
2019-03-04,57.9709309551019,58.15242627578906,57.41819978322976,58.02867889404297,2489200
2019-03-05,58.02867889404297,58.39992103928124,57.88018958881161,58.02867889404297,1981200
2019-03-06,58.06166005171615,58.22665860597464,57.73167553130174,57.8884162902832,2303900
2019-03-07,57.96265025321824,58.21839006992479,57.19542450904917,57.35216522216797,2895400
2019-03-08,57.0057032460447,57.75643262173997,56.89020738733039,57.69868469238281,2924900
2019-03-11,57.937931316699746,58.68865444245475,57.70693329164558,58.56490707397461,2102100
2019-03-12,58.680394920171075,59.18362953424601,58.55665386265409,59.08463668823242,2646700
2019-03-13,59.45589178081172,60.07462244578231,59.39814383717662,59.711631774902344,2712900
2019-03-14,59.78639581349408,59.86118809173005,59.196344592324415,59.65342330932617,2226500
2019-03-15,59.478927834544365,59.71162347878877,59.32102450145818,59.53710174560547,3686400
2019-03-18,59.64512728625351,59.72823829437097,58.564753926003455,58.88055419921875,1739100
2019-03-19,58.89717369837385,59.03013988667149,58.29880999983655,58.5315055847168,1864000
2019-03-20,58.581376345407506,59.429060498759846,58.365305462810376,58.9387321472168,2510700
2019-03-21,58.76421372645887,59.93601060989964,58.714352187752624,59.88614273071289,2138500
2019-03-22,59.89443658445144,60.21854916680449,59.038446618725246,59.063377380371094,2176400
2019-03-25,59.1631161850241,59.34595025350189,58.67278787951734,58.96365737915039,1549600
2019-03-26,59.30440343736562,59.994184309305226,59.27947266809945,59.96925354003906,1936000
2019-03-27,59.960926670325506,60.14376072137165,59.07999954623761,59.49552917480469,2038300
2019-03-28,59.56202790508682,59.977557620635885,59.21298446574088,59.93600845336914,1900200
2019-03-29,60.15206780712462,60.21855407058007,59.5869472487114,59.79471206665039,2679700
2019-04-01,59.844586257540804,60.143768134222235,59.22129173786777,60.01079559326172,2226500
2019-04-02,60.20193717889067,60.8834055451355,59.794713560412255,60.78367614746094,2366100
2019-04-03,60.79200744628906,61.02470310617836,60.01912180995321,60.79200744628906,2467300
2019-04-04,60.791995370369676,60.791995370369676,60.09390218889208,60.54267501831055,1157400
2019-04-05,60.40971329510328,60.76706911130943,60.22687920209356,60.717201232910156,1182600
2019-04-08,60.75043799516139,60.82523663466904,60.21856051158603,60.5759162902832,1661100
2019-04-09,60.492829461759904,60.60917729932322,60.03574414241715,60.15209197998047,1654800
2019-04-10,60.459553615582216,61.14933423696617,60.18530257231223,61.13270950317383,2116400
2019-04-11,61.29061277181015,61.44020367355031,60.67563077153537,61.13270950317383,2075300
2019-04-12,61.09117791573822,61.86406340688396,60.667335848857014,61.855751037597656,2291200
2019-04-15,61.93053716703276,61.98871106527857,61.074547089781746,61.27400588989258,2403600
2019-04-16,61.27401511395232,61.44853683496189,60.00248884863058,60.476192474365234,3371200
2019-04-17,60.816922154109115,60.816922154109115,59.60357629055131,60.05234909057617,2842900
2019-04-18,60.102220284934944,61.24077403512159,60.0357340059867,61.14104461669922,2287300
2019-04-22,60.99145177305923,61.11611195711176,59.83627965910112,60.60916519165039,2587300
2019-04-23,60.86678416831801,61.85574680995507,60.85847814007941,61.66460037231445,2448800
2019-04-24,61.780964566642595,62.62033649648602,61.59813678968457,62.587093353271484,2197900
2019-04-25,62.163223798846836,62.877935138784046,61.92221589673054,62.71171951293945,1981300
2019-04-26,62.81976458185041,63.2685373299767,62.63693687600232,63.24360656738281,2286300
2019-04-29,63.077418168369626,63.45139241221842,62.55384661840425,62.645263671875,2180100
2019-04-30,62.794850612377125,63.841987304705796,62.34607774423627,63.71732711791992,2396700
2019-05-01,63.71731841350976,65.2880200671893,63.684075278876165,64.49020385742188,3585900
2019-05-02,64.41542681845934,64.81433184759508,63.34335924937517,63.434776306152344,2561300
2019-05-03,63.69236819576565,63.9666192173758,63.36825565767282,63.8004035949707,1767000
2019-05-06,63.318417112759356,63.56773112610021,63.03585362239707,63.35996627807617,1292200
2019-05-07,62.8696384129818,63.18543866993409,61.19089504694428,61.76432800292969,3169200
2019-05-08,61.77263298288085,62.570449068555355,61.66459122700666,61.82249450683594,1801400
2019-05-09,61.73109154467604,62.096759711567564,61.1077969913728,62.0302734375,1775300
2019-05-10,61.997051923607735,63.04418891370883,61.756043851414816,62.79486846923828,1960000
2019-05-13,62.08845630128251,62.52061080459961,61.93055296270731,62.37932586669922,1981600
2019-05-14,62.36269248408945,62.811465280268756,62.28789384781984,62.57876968383789,1692900
2019-05-15,62.73667261624874,63.63421829404966,62.33776765310171,63.168827056884766,1342200
2019-05-16,63.40982990960884,64.0414304401883,63.185440338090714,63.8835334777832,1705100
2019-05-17,63.27685108734596,63.88352713252898,63.15219093115998,63.667449951171875,2310800
2019-05-20,63.66746646665277,63.66746646665277,62.57046822051443,62.81978225708008,1370100
2019-05-21,63.17712226314219,64.09959855055385,63.17712226314219,63.850284576416016,1891200
2019-05-22,63.87523736230551,63.999897562593524,63.35997816000628,63.617610931396484,1111700
2019-05-23,63.359972342820534,64.26583046396263,63.069102795841175,63.51787567138672,1635700
2019-05-24,63.750577781129714,64.09962127294094,62.62864864860436,62.670204162597656,3072900
2019-05-28,62.961065060734065,63.0275449972862,61.80589294433594,61.80589294433594,3494200
2019-05-29,61.66461617087393,61.880693429548785,60.49282550057962,60.79200744628906,2309700
2019-05-30,61.02469799504997,61.382053825801364,60.6424113943244,60.93328094482422,2030900
2019-05-31,60.501126367678786,61.814195390311646,60.251806013499895,61.224143981933594,2831300
2019-06-03,61.839129056648886,62.54552823353664,61.224140574694225,62.41255569458008,3404600
2019-06-04,62.74498219807943,62.74498219807943,61.59812255438262,62.32945251464844,2470900
2019-06-05,62.63694076623455,64.45695629389166,62.53721136918627,64.38216400146484,1939000
2019-06-06,64.5566859602501,65.1134941633477,64.25750410833633,64.93897247314453,1538600
2019-06-07,65.22985909238089,65.5622841641092,64.91405876150348,64.98054504394531,1556100
2019-06-10,65.11350797494266,65.33789758171413,64.6564290723558,65.16337585449219,1096100
2019-06-11,65.45424674402824,65.55396982421408,64.71460431040664,65.51242065429688,1666300
2019-06-12,65.62117195941023,66.20684861289651,65.5626042940616,65.9391098022461,1930700
2019-06-13,66.01442126181777,66.93477311547609,65.98095310925234,66.87620544433594,3254000
2019-06-14,66.95987382452518,67.44515247025548,66.80927032700188,66.90130615234375,1910100
2019-06-17,67.26108691001006,67.77146512097569,67.16068244143716,67.70452880859375,1596000
2019-06-18,68.13123554792004,68.64161372687721,67.03518063084695,67.33638763427734,2069100
2019-06-19,67.14394184610202,68.51610413452816,66.96823883905446,68.21489715576172,1584700
2019-06-20,68.7838571526198,69.29423539508055,68.59142322189437,69.009765625,2844400
2019-06-21,68.71691321560398,68.71691321560398,68.04756927490234,68.04756927490234,5017900
2019-06-24,68.34038834541532,68.39895600347695,67.16066016866473,67.436767578125,2220500
2019-06-25,67.6877910320607,68.30693590007385,66.65030382934187,66.75070190429688,2059400
2019-06-26,66.84273822132556,67.08537754325113,65.05223352625853,65.3785400390625,2786800
2019-06-27,65.83035375894498,66.50806633671934,65.83035375894498,66.39929962158203,1621400
2019-06-28,66.4829625727983,67.26944819890451,66.44949442026214,67.01844024658203,3272200
2019-07-01,67.69615840182904,67.75472607225814,65.96421504043127,66.86783599853516,1812500
2019-07-02,67.17741984804167,68.34041114860443,66.94314913762588,68.26510620117188,2428500
2019-07-03,68.46590880420477,69.11015319824219,68.37387297885692,69.11015319824219,1193300
2019-07-05,68.77547811098974,69.43645977389325,67.48698932177254,68.9679183959961,1565600
2019-07-08,68.77547211716185,68.90097608484585,68.39059796408871,68.86750793457031,1847400
2019-07-09,68.85916844134235,69.2942417719147,68.51612457519569,69.12690734863281,1929000
2019-07-10,69.8213377976941,70.27314831552412,69.04322074755316,69.46156311035156,2343600
2019-07-11,69.44481566046764,69.54522010161389,67.39494112505334,67.78817749023438,2610200
2019-07-12,67.73800949396922,67.94718072130362,66.56664934421663,66.95989227294922,3177700
2019-07-15,67.3280397859967,67.78821268418554,66.85112961389572,66.88459777832031,2949100
2019-07-16,67.14394621679526,68.84241511221295,66.24032522167529,68.15633392333984,3720200
2019-07-17,68.43243331537339,68.70017212857641,67.51208154395026,68.28182983398438,2011400
2019-07-18,68.39897255852202,69.30259354452157,68.15633323542599,68.9679183959961,1885000
2019-07-19,69.16035631237733,69.34442157353477,67.4869870104575,67.55391693115234,2043900
2019-07-22,67.69614846141806,68.09775346156154,67.23596941604909,67.92205047607422,1644800
2019-07-23,68.1814318931708,69.1519891732944,67.85512538291482,69.1017837524414,2141300
2019-07-24,69.00138661061786,69.14362147426363,68.44080940679218,68.82568359375,2103800
2019-07-25,68.75874710124386,68.81731477337466,67.80492707888652,68.14796447753906,1926000
2019-07-26,68.18980945747582,68.77548624915003,67.93043921879126,68.70018768310547,1653200
2019-07-29,68.92608273293439,69.70419975300435,68.7169115596188,69.13525390625,1845100
2019-07-30,69.04322840400248,69.5452444017492,68.14797590367208,68.61652374267578,1395500
2019-07-31,68.44081683245108,69.02649361888841,66.95988121283374,67.44515991210938,3302100
2019-08-01,67.36984728191716,68.4826394326672,66.9598735781557,67.58738708496094,2340000
2019-08-02,67.64596574360257,67.72963294808586,67.08538845182615,67.36149597167969,1773800
2019-08-05,66.93478982589573,66.93478982589573,64.8430776438365,65.7968978881836,2706500
2019-08-06,65.96423126059199,67.27783261810265,65.75506004571177,66.89295196533203,2886700
2019-08-07,66.4997183697035,67.84677518008174,65.57935987701148,67.35313415527344,2040600
2019-08-08,67.47862351217299,68.88425408809945,66.93477717097922,68.75038146972656,2163700
2019-08-09,68.3989679339809,68.89260879754721,67.22760818503758,68.46590423583984,2788100
2019-08-12,68.27348044676954,68.74202828950428,67.95554251127697,68.34878540039062,1433300
2019-08-13,68.59976964225396,69.01811194881333,67.8634894807324,68.45753479003906,1820700
2019-08-14,67.93879247953079,68.31530441012099,67.0686460423121,67.15231323242188,2271000
2019-08-15,67.0602826680309,68.04757090891634,66.4244004832069,67.9471664428711,2248300
2019-08-16,68.49937503010933,69.11015125379969,67.75472619753504,68.9344482421875,4364400
2019-08-19,69.33606682781658,70.34845459904848,69.13525789380515,70.16438293457031,1730700
2019-08-20,70.2313222009643,70.35681981075442,68.93445824368162,68.98465728759766,1675200
2019-08-21,69.45320719903752,70.23132432020732,68.98465936922233,69.69584655761719,1501500
2019-08-22,69.79622997210728,70.44884295907369,69.3109513569897,70.27313995361328,1359900
2019-08-23,70.46560596273946,70.46560596273946,68.16472240077275,68.51612854003906,2183100
2019-08-26,69.19382157944246,69.44482954078023,68.40734230848618,69.13525390625,1642200
2019-08-27,69.58707481262904,69.79624601722398,68.4910197432391,68.61652374267578,2080400
2019-08-28,68.75038163417236,69.46156236663553,68.43244373987292,69.31095886230469,1550700
2019-08-29,69.84643107106261,70.37354005484733,69.59542314541463,70.04723358154297,1499400
2019-08-30,70.45724123168168,70.46560986881366,69.59545672568186,69.9636001586914,1861100
2019-09-03,69.5703321426911,71.02616169276446,69.44482816450949,70.7584228515625,2044300
2019-09-04,71.36082859416295,71.75407136810618,71.10145841705007,71.42776489257812,2226600
2019-09-05,71.36082952807766,71.65366785823056,70.47394590435833,70.775146484375,2383000
2019-09-06,70.68313463777493,71.27718007913745,70.44885753196856,70.9425048828125,2075900
2019-09-09,71.04288603769662,71.22695127102948,70.39863537914444,70.80860900878906,1500700
2019-09-10,70.40701719560836,70.5576206935516,68.70017968005088,69.67073059082031,3160500
2019-09-11,69.72930053750768,69.87154178932508,68.49101074371657,69.01811981201172,2148300
2019-09-12,69.58706915181843,70.38192349465805,69.36116707792807,70.31498718261719,1701500
2019-09-13,70.33171000282061,71.23533096154486,70.214574661882,70.44048309326172,1737600
2019-09-16,70.52415197931597,71.54490830354527,70.34008032958315,71.3022689819336,2156900
2019-09-17,71.74570650186092,72.45688715552065,71.47796767753971,72.3230209350586,2230200
2019-09-18,72.2309986933246,72.74137692053067,71.14330592440056,71.60348510742188,1872000
2019-09-19,71.78027684257025,71.98233070922952,71.15726725034122,71.57821655273438,1823300
2019-09-20,72.07494666443789,72.21806789878471,71.00573174154765,71.01415252685547,4647000
2019-09-23,70.71948325685156,71.7381798044131,70.71948325685156,71.24146270751953,2272800
2019-09-24,71.44350044917357,71.78026110187515,70.53424861383182,70.9046859741211,2185800
2019-09-25,71.13200467130177,71.83920277327334,70.86259739987833,71.65398406982422,1697600
2019-09-26,72.10019094530945,72.68110299730246,71.65398574376313,72.63058471679688,1681300
2019-09-27,72.83264448542371,73.0010216241337,71.52769917930495,72.21805572509766,2273400
2019-09-30,72.2096299718191,72.57164657599047,71.72974809402689,71.74658966064453,2017700
2019-10-01,71.77185309888347,72.12544895675259,70.49217009856724,70.9299545288086,1799400
2019-10-02,70.66054724331168,71.14042917132731,70.0712208135298,70.9299545288086,2240200
2019-10-03,70.89628239279342,72.10861846739473,70.71948445244352,71.99075317382812,2154500
2019-10-04,72.15913349699872,72.68111297940457,71.98233554888796,72.56324768066406,1503700
2019-10-07,72.1002103744907,72.77373196186878,71.79712630248837,72.20124053955078,1191700
2019-10-08,72.04124630765,72.58848155590515,70.9888733006882,71.67922973632812,1735800
2019-10-09,72.20123133671443,72.49589458494256,71.62873998736671,71.97391510009766,1225600
2019-10-10,71.73817120009757,72.47903957587036,71.56137328394188,72.2433090209961,1432200
2019-10-11,72.66426330069606,72.81580529976308,71.99074830064647,72.26856994628906,1461400
2019-10-14,72.37802575221737,72.7989750643292,72.04968580262427,72.62217712402344,1407400
2019-10-15,72.56326336427563,75.19840443163585,72.31069114199744,75.0216064453125,2744200
2019-10-16,75.02159439580646,75.02159439580646,73.9355442915304,74.96266174316406,1930500
2019-10-17,74.92056252681898,75.32467672368949,74.44068053107245,75.06369018554688,1966000
2019-10-18,75.47621974857041,75.69511520908598,74.98791696095006,75.44254302978516,1728800
2019-10-21,75.5519794218516,76.30126867049027,75.35834633863576,76.29285430908203,1773800
2019-10-22,77.05055944868424,77.05055944868424,75.96451587321052,76.45281219482422,2548500
2019-10-23,76.51173827994569,77.40415511500115,76.22549585469244,77.34522247314453,2179600
2019-10-24,77.62304300826537,77.86719435624266,77.07581409447008,77.53043365478516,1780800
2019-10-25,77.22736532538124,77.34523062151167,76.47806962401366,76.49491119384766,2179600
2019-10-28,73.85132931338865,74.4574971943307,72.24330027237986,72.31065368652344,15446600
2019-10-29,72.40329551096647,73.48092492807238,72.29385098125908,72.95053100585938,5335700
2019-10-30,73.40512143568776,73.85132654711894,72.8073743596974,73.8176498413086,3690900
2019-10-31,74.0028750347632,74.71848743258101,73.6071817355812,73.885009765625,6367000
2019-11-01,74.23860362405165,74.62587613007803,73.08520046556475,73.6156005859375,4507400
2019-11-04,73.39671555776223,74.07023696438839,73.07679642236171,73.8934326171875,2574000
2019-11-05,73.4977666415737,73.8008507186127,71.62875030755924,72.31910705566406,4955700
2019-11-06,72.87473259072122,73.97762400083802,72.74003216987408,73.72505187988281,3107600
2019-11-07,73.61563047540922,73.86819625240366,73.12732764743761,73.4640884399414,2307500
2019-11-08,73.4388145192984,73.97762908607694,73.23675423937424,73.30410766601562,2145300
2019-11-11,73.21993936696265,73.73349814673554,73.10207404929457,73.51460266113281,1548300
2019-11-12,73.38828068386809,74.5501045660789,72.8831429374688,72.93365478515625,2431800
2019-11-13,72.99259920002376,74.25544698149945,72.89157548833833,74.02813720703125,2924800
2019-11-14,74.30596553472489,75.10576656334055,74.23019132750521,75.02999877929688,2837100
2019-11-15,75.28258330248647,75.52673470628919,74.85321957255049,75.01317596435547,2520200
2019-11-18,75.02158851941718,76.10763853862369,75.01316773450574,75.67826843261719,1921200
2019-11-19,75.76244812056517,76.80640693904716,75.6193269097523,76.63802337646484,3604100
2019-11-20,76.36019440160587,77.21893450255683,76.29284740055519,77.07581329345703,2861500
2019-11-21,76.56227783204272,77.03373909788056,76.14132843806524,76.48650360107422,3375900
2019-11-22,76.56225802599069,76.81482374313362,75.6024941698596,76.2423324584961,2014200
2019-11-25,76.57067898856998,77.0674025278427,76.2507598166698,76.49491119384766,2394500
2019-11-26,76.4948987089937,77.75774646700283,76.38545421564288,77.73249053955078,5782700
2019-11-27,77.50518636544162,78.03558661689114,77.11791376370931,77.79143524169922,1811400
2019-11-29,78.11976567626748,78.12818646008984,77.05055094198995,77.07581329345703,1652200
2019-12-02,77.00846034098132,77.26102604861475,75.75403331715974,75.77928924560547,2554700
2019-12-03,75.66143417465504,76.48649125671305,75.417282794771,76.38546752929688,2562800
2019-12-04,76.5117417312641,77.1010745995904,76.19182257863658,76.69696044921875,2493600
2019-12-05,76.69696552361425,76.91586097051372,76.01502967436916,76.90744018554688,2293800
2019-12-06,77.09265013447683,77.4041549109987,76.83166363882479,76.97478485107422,2221100
2019-12-09,77.15999440164862,77.37888979763281,76.67169175798212,76.93267822265625,2174700
2019-12-10,77.51358712391706,77.66512909615365,76.53698829863984,76.73062133789062,2635200
2019-12-11,76.75590569451853,76.94954522867212,75.29942448818088,75.60250854492188,2297500
2019-12-12,75.4425301009247,76.01502137580965,74.49118704519103,74.86161804199219,2238800
2019-12-13,74.77742519555663,75.0805091721769,73.69979613342939,74.54169464111328,5503800
2019-12-16,74.98791452318558,75.2404866942756,73.53984777838065,74.39016723632812,3308400
2019-12-17,74.57537162706456,74.74374875995159,73.36303571611516,73.50615692138672,2631800
2019-12-18,73.73488880720923,74.37016927437391,73.43841941927337,74.15840911865234,3114200
2019-12-19,74.12449769007199,74.28543095095986,73.75179789398615,73.95508575439453,3127800
2019-12-20,74.3023990472744,75.07320259735754,74.01440189607378,74.56497955322266,5370200
2019-12-23,74.7597944467072,74.90378977708406,74.02286690389849,74.20074462890625,1637100
2019-12-24,74.28544515698526,74.61579041672438,74.07368504369579,74.42097473144531,980400
2019-12-26,74.50566878346147,75.0054259529137,74.48025860681908,74.8868408203125,826800
2019-12-27,75.17484334229266,75.35272106936034,74.8360258544659,75.1070785522461,1250400
2019-12-30,74.96308552769291,75.37813357029339,74.75132539908361,75.26802062988281,1374000
2019-12-31,75.26801008206559,75.62376549729728,74.8614278486541,75.50518035888672,2254400
2020-01-02,75.9541183893165,76.06423778779944,74.32780221658074,74.87837982177734,2246200
2020-01-03,74.15839057898022,76.11505186070985,74.15839057898022,75.7169418334961,2188000
2020-01-06,75.75928861333878,75.8948117046689,75.29341385038096,75.42047119140625,1794500
2020-01-07,75.06471756128073,75.3357702126823,74.43790305421055,74.93766021728516,2054500
2020-01-08,74.92919789703949,75.58142266653894,74.66661742387795,75.34424591064453,2013700
2020-01-09,75.62377486970077,76.07270530109385,75.16637222382684,75.35272216796875,1688300
2020-01-10,75.44590813332566,76.00495804721103,75.39508776384776,75.75931549072266,2204300
2020-01-13,75.84399536842552,77.77524637455569,75.81011297819805,77.75830841064453,2833800
2020-01-14,77.54655506746195,77.79219110878003,76.50469248010967,76.76727294921875,3124500
2020-01-15,77.15691836409671,78.34277639225118,77.08916003348706,78.10560607910156,3309500
2020-01-16,78.38510461248966,79.08814956291242,78.1902825137637,79.07120513916016,2627500
2020-01-17,79.0712414450461,80.28250980332454,79.03735904438851,79.85051727294922,4292500
2020-01-21,79.74886419975715,80.98554255166748,79.67262719446629,80.95166015625,3335500
2020-01-22,80.61282458816926,81.63774258570126,79.38461872612302,79.57096862792969,3434700
2020-01-23,79.23217104412795,81.10412981849693,78.87641557658047,81.06177520751953,3200900
2020-01-24,81.23118725744254,81.97658058946601,80.95166233453138,81.44294738769531,3201800
2020-01-27,80.79918274582316,81.36669825938185,80.33330794370461,80.46036529541016,2770800
2020-01-28,80.72295042468411,81.33281406703604,80.50271811743178,80.94317626953125,2245200
2020-01-29,81.16341501110838,81.84104995064888,80.68060221696764,81.7394027709961,2730100
2020-01-30,81.38364622562264,82.12903947902431,80.98553618875387,81.49375915527344,3455200
2020-01-31,81.20577431599106,81.29047707273226,78.35971774512558,78.6731185913086,5227600
2020-02-03,79.1982853586135,79.1982853586135,77.53808678326926,77.81761169433594,23204900
2020-02-04,77.91076719414355,79.7318986121084,77.52112298144688,79.13050079345703,4978000
2020-02-05,79.50321488611908,79.63027224247585,78.29194681867494,78.55452728271484,5736500
2020-02-06,78.55452789419849,79.14746007434373,78.38512239267449,78.86793518066406,3935200
2020-02-07,79.0203907731999,79.24908881193053,78.43593089519267,78.8933334350586,3643800
2020-02-10,79.39310689385616,80.46884545810055,79.0881718046014,80.18085479736328,5153300
2020-02-11,80.74836590187176,82.0358645145484,80.50272340119942,81.49375915527344,3740400
2020-02-12,81.86645362169284,82.45937929984973,81.43446122051843,81.98503875732422,2523300
2020-02-13,81.84951236274792,82.23915017524476,81.40058198014081,81.7139892578125,3652700
2020-02-14,82.03586723917289,82.70502997790378,81.8410515523661,82.62879943847656,3296000
2020-02-18,82.69654169661537,83.34029413046171,82.35773074844796,83.30641174316406,3742800
2020-02-19,83.5266570902073,83.71300701828109,82.68808887628077,82.81513977050781,4724300
2020-02-20,82.73889787841802,83.89087321894739,82.08667968207942,83.81463623046875,3992900
2020-02-21,83.7976965450963,84.52615171493893,83.78922433268289,84.05181121826172,6382300
2020-02-24,82.83208366212459,83.55206672851085,81.1634129964118,81.29894256591797,3688200
2020-02-25,81.51917930769923,81.83258663222617,77.6058561705581,77.67361450195312,5305900
2020-02-26,77.92771905436642,79.04581215621545,77.0637406648308,77.30091094970703,4662200
2020-02-27,76.74185538242098,76.9197330826689,73.41298650656975,73.44686889648438,6227400
2020-02-28,71.50713492031754,72.16782526808613,68.55943852836472,71.3885498046875,7285600
2020-03-02,71.74432301482508,74.76825714111328,70.72787706708672,74.76825714111328,5715300
2020-03-03,75.07318931156735,77.58042815300952,74.26850350596054,75.7169418334961,5843400
2020-03-04,76.42846416593814,80.0199139358429,76.39458177177606,79.93521118164062,4210300
2020-03-05,78.01242514670918,78.65617770638677,75.04778353392778,75.98799896240234,3135200
2020-03-06,73.14194551620993,73.18430012596028,69.69449095697169,72.74383544921875,5562100
2020-03-09,68.4662845435485,68.4662845435485,65.62022797242959,65.87433624267578,7291600
2020-03-10,68.06816378037296,68.62720705697845,64.5444727842465,68.49168395996094,6623400
2020-03-11,66.12845004732144,66.30632777271938,61.97795040081812,62.41841506958008,7836800
2020-03-12,57.73427842742967,62.16429622796955,52.52497529383275,59.44529724121094,7912600
2020-03-13,63.33999627880035,66.92721011288697,60.982680793288324,66.46599578857422,6021800
2020-03-16,59.12074766030169,62.11009485998314,54.73921459436233,54.98690414428711,6663800
2020-03-17,56.7719637067051,62.38339408699296,55.14063142757806,60.37626266479492,7883800
2020-03-18,55.91786839624365,60.188363841000196,54.75629311396916,57.907920837402344,7302000
2020-03-19,57.18193083559432,58.0360299161335,54.02176684410291,54.585472106933594,5489800
2020-03-20,55.42248766813661,57.56627814048513,53.31286194025382,53.654502868652344,6826500
2020-03-23,53.808236603938155,55.54205651857485,51.09220154327952,54.12425231933594,5631200
2020-03-24,56.57550529171005,60.82037756570946,56.57550529171005,60.256675720214844,7893700
2020-03-25,58.74492164465345,64.33927207903547,58.275171156647126,61.65740203857422,6918200
2020-03-26,61.82822998853808,66.91011675257668,60.94850900565066,66.3549575805664,4965400
2020-03-27,63.74994380348783,70.03611246828314,63.40830292722028,67.61901092529297,4490800
2020-03-30,69.00267089522389,71.52226077336124,65.81687820850661,70.78773498535156,6295900
2020-03-31,69.3443047550541,70.3521419063366,64.2453323251019,68.6439437866211,11324400
2020-04-01,65.29586816347079,65.32149660799905,58.93283300363922,62.57129669189453,7994100
2020-04-02,60.948499642318815,65.1677504054617,60.69226735901775,64.49301147460938,5395900
2020-04-03,63.27167034345213,64.27950766079621,61.230373775347886,62.85315704345703,3882600
2020-04-06,66.64534650373963,69.1307778176241,65.79979028560487,68.52436828613281,5914400
2020-04-07,73.7258349417826,73.84540829592605,68.985582273028,69.13932037353516,5388700
2020-04-08,70.46317719397102,74.12726319000862,68.94288180741772,73.60626220703125,5110400
2020-04-09,75.07531809611173,79.03833771040675,74.3151703586452,78.34651947021484,8283900
2020-04-13,77.6717796360483,78.32089030544378,73.67459530966275,73.8027114868164,4250500
2020-04-14,75.51091275786332,76.81768348015251,74.99844802921213,76.1429443359375,3663800
2020-04-15,73.87103450093915,75.08386026012022,72.50447714861482,73.91374206542969,3870200
2020-04-16,74.43475030308335,75.52799629111608,73.28171762871318,75.33155059814453,2887300
2020-04-17,77.09098847725598,77.6803124396228,75.36570460392682,77.05682373046875,3678400
2020-04-20,76.00628295083106,76.41625341762773,75.05823235535708,75.58777618408203,3187900
2020-04-21,71.5735181492094,76.56145452939266,71.49664582998042,76.01483154296875,4255100
2020-04-22,76.58706471649332,77.53511523858849,74.87886651686367,75.04969024658203,3317900
2020-04-23,75.20342526282384,75.98065202334433,73.99059963844024,74.09309387207031,2974600
2020-04-24,74.38348364427051,76.467487425694,74.09309309309309,76.04898071289062,2916300
2020-04-27,77.5778247839122,79.1579068557239,76.6383170533425,78.44046020507812,2539400
2020-04-28,80.37926148850255,80.43904816088487,76.22833961664824,76.51873016357422,3141800
2020-04-29,78.19278979531602,78.57713185549643,76.86039051975283,77.0055923461914,3151300
2020-04-30,75.76713038283759,76.50165613017504,74.20412746585727,76.21126556396484,3377000
2020-05-01,74.59700400253956,75.69879250143747,73.52938024580806,74.17849731445312,2643300
2020-05-04,73.32440256764382,74.57138640597825,72.81194443790152,74.41764831542969,2212200
2020-05-05,75.36569390903,75.95502430402605,74.57138157865809,74.93864440917969,1845400
2020-05-06,75.24612257129418,75.99773388142262,74.19558442283146,74.25537109375,2277100
2020-05-07,75.2717486196893,75.94648766628099,74.59700957309762,75.22050476074219,2704200
2020-05-08,77.11661898354765,77.1251618002592,75.69881115738595,76.84330749511719,2249000
2020-05-11,75.76712772004458,77.06536195558883,75.40840767453581,75.91232299804688,3627800
2020-05-12,76.09167044264056,76.09167044264056,71.92367001574928,71.93221282958984,4440100
2020-05-13,71.36850759668741,72.3592655262025,70.51440862969496,70.75355529785156,3935500
2020-05-14,69.73719155192757,71.81265258789062,68.43042099525803,71.81265258789062,4389700
2020-05-15,71.026868685191,71.72722953273043,70.03611081897265,71.12935638427734,4971900
2020-05-18,73.75145990194115,74.93865719274484,72.66675685443869,74.16143035888672,3123300
2020-05-19,73.70875426439677,74.38348681293635,72.19699522207657,72.32511138916016,3093100
2020-05-20,73.52086231230638,74.56286440176035,73.23900800622262,74.40912628173828,2519300
2020-05-21,73.86247315026465,74.70802920707571,73.40979527547479,73.79414367675781,3091900
2020-05-22,73.3927320029565,74.87032623417629,73.3927320029565,74.77637481689453,1276000
2020-05-26,77.02266821984492,77.46679694881807,75.86109275482595,76.8860092163086,2743400
2020-05-27,78.57711329692187,78.57711329692187,76.4247865389861,78.37213134765625,3045000
2020-05-28,79.4312151685969,79.72160573065631,77.92799894945591,79.47392272949219,2616900
2020-05-29,78.69670847641518,79.14084375867508,77.74011492069118,78.15008544921875,3769900
2020-06-01,78.54295263900603,80.76360900098355,78.18423258006345,80.02908325195312,2310600
2020-06-02,80.8148475844705,81.60915989407363,79.79846771619927,81.53228759765625,3143300
2020-06-03,81.83122689956646,83.46255919302038,81.56645828249096,83.12091827392578,2970000
2020-06-04,82.34368806821256,82.67678615832938,78.98707872327837,79.73014068603516,3326300
2020-06-05,82.14726202062762,83.20634321315089,81.4639800482682,81.74583435058594,3612200
2020-06-08,81.73728691307065,83.67609565318361,81.42981069451757,83.5052719116211,3536700
2020-06-09,82.27535658353865,83.88106032547682,81.7628984970697,83.12945556640625,2888800
2020-06-10,82.31806052079871,83.3173613182887,81.61769959084253,82.34368896484375,2378700
2020-06-11,80.08032969967844,80.42197062697083,77.55219726372876,77.64614868164062,4992400
2020-06-12,79.93513876835438,81.24191598152652,78.00487932195551,80.67820739746094,4247000
2020-06-15,78.12586132267248,81.91570539490426,78.09148550204348,81.11648559570312,3647800
2020-06-16,84.2188335498407,84.48523796604543,82.02742250323277,83.27352142333984,3441600
2020-06-17,84.21023438349214,84.21023438349214,82.37976625555231,83.10163879394531,2713500
2020-06-18,82.07039534851627,82.40555141232913,81.25399089697575,81.71804809570312,2314000
2020-06-19,83.08446270138313,83.08446270138313,78.76180295120396,78.95086669921875,12157500
2020-06-22,78.90788697568082,79.61257488086854,77.27507161785061,79.5438232421875,3409900
2020-06-23,80.44619067423451,80.63525444983384,78.42665831550488,78.58993530273438,2397000
2020-06-24,77.36100846695744,78.70163920520304,75.56491614946323,77.17195129394531,4726100
2020-06-25,77.12898157718524,78.69304534245076,76.3383573785933,78.60710906982422,3009300
2020-06-26,78.17740346999723,78.83053079598244,76.62193565072572,77.19771575927734,4403200
2020-06-29,78.12584834882686,78.7274087186435,76.88834523775687,78.34928131103516,2249000
2020-06-30,78.23756474314571,80.98756436856604,78.23756474314571,80.20553588867188,5111900
2020-07-01,80.36882081325838,81.98445149095699,79.82741642713506,81.76960754394531,2624800
2020-07-02,83.04150154058534,83.52275656493462,81.68369242684622,82.1133804321289,2717900
2020-07-06,83.35946696430567,84.16728245359197,81.76962277165089,82.12196350097656,2510700
2020-07-07,80.78130742863101,82.30239937513305,80.70396677077363,81.49459075927734,2555100
2020-07-08,81.58054736297531,82.34539132301767,81.45163967786898,82.29383087158203,3082900
2020-07-09,82.50006245248417,83.23053044414569,81.10787153825278,82.98990631103516,2583200
2020-07-10,82.44852632197664,82.86961867908168,81.16805150441496,81.48602294921875,3033200
2020-07-13,82.0532153459351,82.8782154385269,80.39461956576635,80.41180419921875,4693900
2020-07-14,80.49772439128932,80.97897926650633,79.47507171405097,80.24850463867188,4206300
2020-07-15,81.3055358090882,81.40006766096711,79.63834484669626,80.55787658691406,3859600
2020-07-16,80.36023687916703,81.21961272178646,79.11413797345845,79.14851379394531,2902900
2020-07-17,79.77587057315816,82.47431051679058,79.49227493765406,81.93289947509766,3325100
2020-07-20,81.58055633822799,82.35399597744026,81.29696071109717,81.40868377685547,2385200
2020-07-21,84.76023661195337,85.51649154619221,83.41961240164605,84.15867614746094,3539900
2020-07-22,83.49696185386301,84.86336632657516,82.87821018451505,84.54539489746094,3412900
2020-07-23,84.16726385288771,86.4617955536276,84.1414836291854,84.99226379394531,3099300
2020-07-24,84.74306104789285,86.05790517277511,84.19306097678547,85.8602523803711,3020600
2020-07-27,85.55945769340913,87.56180500134639,84.57976974703556,87.45008850097656,3130000
2020-07-28,87.312576527456,88.66179621801868,86.93445564879042,88.12039184570312,3263300
2020-07-29,88.17195778531071,91.29149620682975,88.17195778531071,91.23992919921875,3888400
2020-07-30,90.21728270659567,91.72119049558428,89.6586870736678,90.39775085449219,2758300
2020-07-31,90.21729223953939,90.7329165103733,88.60166121933658,90.59541320800781,3832100
2020-08-03,90.64695777616447,91.02507865099221,89.37507877033467,90.21726989746094,2062800
2020-08-04,89.96806020215172,91.04228001904046,89.44384040698861,90.74149322509766,2988300
2020-08-05,91.19696093317079,91.52352137208659,89.9164862890569,90.14852142333984,1550500
2020-08-06,89.8735464116439,90.93917084852107,89.86495081555492,90.13135528564453,1743200
2020-08-07,89.69306382936244,90.363375973247,89.46102866785304,90.29462432861328,2014700
2020-08-10,90.50085213002832,90.78444768227683,89.1430435180664,89.1430435180664,2653600
2020-08-11,89.95945757708581,89.98523780163352,86.00633027119206,86.37586212158203,3576100
2020-08-12,87.82820657498146,88.58446149614149,86.77117798329418,88.41258239746094,2751400
2020-08-13,88.08602488027039,89.1430600637013,87.9399325589112,88.20633697509766,2104400
2020-08-14,87.94850481933362,89.24616394487241,87.68210045396752,87.93132019042969,2689800
2020-08-17,87.91414528430568,89.5641452152427,87.65632992662061,89.55554962158203,2087200
2020-08-18,89.4438421893686,89.65009056249635,88.50711908098613,89.07431030273438,1490600
2020-08-19,89.1602468154926,89.41806219997576,87.20087087427687,87.43289947509766,2827300
2020-08-20,87.25241907597568,88.8938299098838,87.0117949143909,88.24929809570312,1794500
2020-08-21,88.97976722690908,89.04851886146604,87.52742009034762,88.55007934570312,1411000
2020-08-24,88.11179439133198,88.24070206483229,86.29851103857315,87.65632629394531,2015900
2020-08-25,88.09460534260779,88.17194600891875,86.75397478457099,87.6391372680664,3120900
2020-08-26,87.40711447137285,87.62195842786227,86.19539796616148,86.82273864746094,2780100
2020-08-27,87.37272187765974,88.24069313106793,87.1406933340638,87.57038116455078,2035200
2020-08-28,88.19774282189081,88.19774282189081,86.98602625946901,88.07743072509766,1941800
2020-08-31,88.03445790264949,88.24070625613649,86.6938272136916,87.53601837158203,2630400
2020-09-01,87.43289478595445,87.56180247128252,86.59071014730978,87.22664642333984,1735600
2020-09-02,87.23522913166457,89.94226389762152,86.7196050230338,89.8735122680664,3236600
2020-09-03,89.67587028751153,89.94228126434913,86.46180638515179,87.32118225097656,2367900
2020-09-04,87.2438344339711,88.00008938704319,84.38211780274263,86.59071350097656,2042800
2020-09-08,85.99771515113905,86.16099861155581,84.48521227476726,84.90631103515625,2764300
2020-09-09,85.90320292265395,87.29539405860315,85.70555016319929,86.77976989746094,2999700
2020-09-10,86.59071415090021,87.31258673168628,85.78289873824363,85.94618225097656,1792100
2020-09-11,86.30709805760847,86.74538148136112,85.2242828869026,86.11803436279297,1830200
2020-09-14,86.72820909800966,88.38680474865855,86.58211677725984,87.61336517333984,1842800
2020-09-15,87.82820147976899,89.01414424405404,87.76804543784996,88.28367614746094,1524500
2020-09-16,88.90593970026127,89.24299871934811,88.12810865862079,88.18860626220703,2363600
2020-09-17,87.19472785812725,88.30961812918103,86.39961446278123,87.376220703125,2309000
2020-09-18,87.54042443041399,88.17997153759596,85.30199966465962,86.01068878173828,4555400
2020-09-21,84.80072814526503,85.0427185620966,82.87343602193758,83.44384765625,4409500
2020-09-22,83.49569159956208,86.41687166886967,83.49569159956208,85.72547149658203,3161900
2020-09-23,85.5267040005066,85.88105183976253,81.97461417739146,82.36353302001953,2543300
2020-09-24,82.36353680408025,83.90191025922289,81.9314091326921,82.41539001464844,2235300
2020-09-25,82.11290362835712,84.42910825771108,81.89683978828211,84.41181945800781,1634700
2020-09-28,85.67361553506434,86.59836833458937,85.01678633107505,86.45144653320312,2298700
2020-09-29,86.0625514822314,86.81444943548982,85.561281784229,86.0884780883789,1826400
2020-09-30,86.6070169321931,87.76512238418542,85.35384946991041,86.96136474609375,3645700
2020-10-01,87.22929092126677,88.4738207093274,86.04525874269547,88.29232788085938,3090400
2020-10-02,87.2898043999542,90.52211808297093,86.85767665539998,90.07270812988281,4631200
2020-10-05,90.74681536793133,91.36908029973925,89.38993467808446,90.91102600097656,2747000
2020-10-06,90.98880943641096,91.32586852224385,89.49365125438207,90.29740905761719,2637000
2020-10-07,90.82457711407164,91.93946712941455,89.81340009797366,91.40363311767578,2056800
2020-10-08,91.46415055578687,94.2989072125176,91.13572928382109,92.33704376220703,2382500
2020-10-09,92.77779741867242,93.29634923678854,91.85304458834635,92.39752960205078,1918900
2020-10-12,93.16672669782095,94.07419083307069,91.73205969293348,93.5902099609375,1302900
2020-10-13,92.55308945161904,93.23585187483329,91.69747861983537,92.15553283691406,2096800
2020-10-14,91.65426940375787,92.01725501637318,89.77019274632165,89.9084701538086,1668000
2020-10-15,89.22570625899837,91.5246282883887,89.08742885379678,90.7295150756836,1280500
2020-10-16,90.52210051950034,91.17029201056691,90.05540185468304,90.10726165771484,2167900
2020-10-19,90.85052501098902,90.95423143327213,88.93187707381064,89.03558349609375,1938900
2020-10-20,90.68632306356153,90.8159626975682,88.94052998600834,89.47636413574219,1780300
2020-10-21,88.94052091956092,90.34925476134025,88.38739143126789,88.71581268310547,1922200
2020-10-22,88.95778689705094,89.73561788615791,88.68986989837002,88.8454360961914,1639800
2020-10-23,89.64057641363594,89.98627991271151,88.91459840620267,89.2257308959961,1403200
2020-10-26,88.11082015248383,88.26638636132625,86.33910084517511,86.83172607421875,1927400
2020-10-27,86.76260076514174,87.59228517402113,85.66499928705265,85.68228149414062,1797900
2020-10-28,84.21304669841375,85.68227821321763,83.72042139345055,84.27354431152344,2666800
2020-10-29,84.09206227167287,87.37622919527989,83.46115285929459,86.58111572265625,2234200
2020-10-30,85.96747585377001,86.76258914826806,84.68837510691885,85.73412322998047,2273800
2020-11-02,87.0477921292743,88.39602824481092,86.73665970357439,88.04168701171875,1830200
2020-11-03,88.72445411388838,90.8850924089617,88.38738847361174,90.21961212158203,1521500
2020-11-04,90.57395295219132,93.01979030154283,90.13318092788477,91.44684600830078,1958800
2020-11-05,92.21605155310965,92.37161779393828,90.99745482807334,91.50736236572266,1594000
2020-11-06,91.2394272370718,91.95676068303243,90.31467437563563,90.6517333984375,1765200
2020-11-09,96.41632714099735,97.11637847570597,85.82056103319444,86.0884780883789,5949600
2020-11-10,86.42553332474256,86.90951420136275,84.81801787740277,86.3736801147461,5771000
2020-11-11,87.13422192722962,88.43060491955723,86.12304477571286,88.17132568359375,3898000
2020-11-12,88.68988800048828,89.61464097802295,87.72191961717124,88.68988800048828,2968300
2020-11-13,89.16523165162448,89.86528303776217,88.67260631739573,89.47636413574219,2470300
2020-11-16,90.280092128361,90.47022931625595,87.16013051106837,89.24298858642578,2061500
2020-11-17,88.69851651544727,90.20232544171363,87.57498861399198,90.0553970336914,1982600
2020-11-18,90.03811914250569,90.44432019628596,87.60956381298297,87.63549041748047,2012500
2020-11-19,87.307067277662,87.80833693285689,86.17489494760514,86.41688537597656,2276200
2020-11-20,86.4687515004504,87.13422522713331,85.23286607054345,86.65888214111328,2530300
2020-11-23,86.39096101518531,87.18607432726358,85.9847599596957,86.04525756835938,2537800
2020-11-24,86.75393701761776,87.0564316210348,85.15506617185147,85.39705657958984,2746400
2020-11-25,85.76869843737438,86.01933327822324,85.12915132947263,85.5699234008789,2028700
2020-11-27,85.95016660082905,87.15148065594673,85.38840606380832,86.94406127929688,1273100
2020-11-30,86.83172800137923,87.29842663826452,85.63905150920199,86.46874237060547,3730200
2020-12-01,87.15148856746497,88.07624793349358,86.54651258325754,86.5983657836914,3645700
2020-12-02,86.26996296541503,86.55516879421332,84.23031994922754,84.28217315673828,2791500
2020-12-03,84.05745054210476,84.66242645783707,83.4783946299119,83.9191665649414,4348600
2020-12-04,84.35996244161917,85.34521298042526,84.04882999844412,85.2674331665039,3284300
2020-12-07,84.74024137348269,85.37978849882637,84.10068765439382,84.29082489013672,2264300
2020-12-08,84.45504204478783,84.87852536109529,83.38336715313919,83.75499725341797,2365500
2020-12-09,84.02289610283925,84.08339370633232,82.24253240540529,83.34013366699219,2919200
2020-12-10,83.28827480499588,84.59329539081138,83.00306901058171,83.98831939697266,3828000
2020-12-11,83.62533826477076,84.27352969009002,82.70058542839837,84.15253448486328,3177200
2020-12-14,84.61057969016008,85.7859672103574,83.50433416379634,83.72039794921875,2769800
2020-12-15,84.30811042662289,86.0452588995893,83.69448333729723,86.03662109375,3010100
2020-12-16,85.88968976012062,86.97000889040173,85.60449052097238,86.29589080810547,2896500
2020-12-17,87.04349358552207,87.53030881897453,86.51321708826103,87.43468475341797,3842600
2020-12-18,87.33905659470689,87.5911557891532,84.38341887117876,85.25272369384766,7273900
2020-12-21,83.72273789175755,84.84414180898966,83.44456063857143,84.53988647460938,3483400
2020-12-22,85.10494522872392,85.26142036533655,84.33126445110302,84.88761901855469,2425000
2020-12-23,85.19187066181803,85.99162948853129,83.59235300839154,83.6184310913086,2218400
2020-12-24,84.02699726866813,84.76590495289516,83.74881339178687,84.53118896484375,714000
2020-12-28,85.09624550286351,85.6178270512699,84.56596904950742,85.38311767578125,1327200
2020-12-29,86.09594547448678,86.39150591368269,84.91369045316499,84.9484634399414,1512500
2020-12-30,85.1744883745204,86.34804854394358,85.10494239783488,85.90470123291016,1568000
2020-12-31,85.76562853200289,86.75663563265282,85.24404026238052,86.63493347167969,1569300
2021-01-04,86.53929893580234,86.8348593960717,83.44456921473795,83.488037109375,4454200
2021-01-05,83.58365810332941,84.5311971547522,83.37502680772363,83.6184310913086,3844400
2021-01-06,83.53150720584254,83.76622325007436,81.18438655714593,81.63642883300781,4786400
2021-01-07,81.63642046879042,82.89690983019082,81.46255552193789,82.86213684082031,3187800
2021-01-08,82.81867638619936,84.84415843117448,82.71436404098634,83.974853515625,2199700
2021-01-11,83.4271936874899,83.87054105082363,81.83636410255785,82.28840637207031,2268300
2021-01-12,82.15798985574213,82.55786922577198,80.91488385732102,82.33184814453125,2475000
2021-01-13,82.56659013286648,83.83577461108764,82.56659013286648,82.94039154052734,2621000
2021-01-14,83.34894152842425,83.56626772762128,82.1145303087298,83.01860809326172,3269700
2021-01-15,82.81867590077275,84.9571718168878,82.80129272076252,84.91370391845703,2735200
2021-01-19,85.53960516931483,85.70476859362053,84.27910906015447,85.20057678222656,2540600
2021-01-20,84.95717162119566,87.98234898853673,84.41820019033828,87.2260513305664,2980100
2021-01-21,87.01741856471374,87.39121993443213,86.04380132806676,87.30429077148438,2376200
2021-01-22,87.00871676436967,88.46914913588888,86.9391774188836,87.99103546142578,3065200
2021-01-25,88.13880841540757,90.31207029887707,87.92148222706062,89.27759552001953,2965700
2021-01-26,89.56448426298999,92.97215793544666,89.5384061767231,92.18978881835938,4360400
2021-01-27,91.90289735606068,92.91998230106446,88.50391266942135,89.78179168701172,2884400
2021-01-28,89.55577596512828,91.11183232497996,88.37352756010533,89.88611602783203,2371600
2021-01-29,88.8429449844566,91.00751864048326,87.64330678753763,89.71224975585938,3090900
2021-02-01,90.4164040879797,92.17239705966173,88.88642561401821,92.06808471679688,2982300
2021-02-02,92.67660648640641,93.39813122741822,91.62474823334777,92.91131591796875,2148700
2021-02-03,92.91130423252294,93.01562320691423,90.94667995684492,92.18109130859375,2440100
2021-02-04,92.70264478496618,93.3372400801366,92.18106333582591,92.5027084350586,2698000
2021-02-05,92.39841024940031,93.18947418798223,92.01591400571223,92.75482177734375,1704900
2021-02-08,92.79828712685756,93.11993228952778,92.06807428049613,93.08515930175781,1754000
2021-02-09,92.9460620426059,93.38940932101715,92.18977115667545,93.3807144165039,1328500
2021-02-10,94.21523866244412,94.83244418826912,93.26769974642596,93.46763610839844,1633500
2021-02-11,93.5545902711108,94.3543491407377,93.00692397138852,93.6762924194336,1372400
2021-02-12,93.19815834393282,93.68496686537412,92.79827896813907,93.59803771972656,1393000
2021-02-16,93.91969698305066,94.13702319599766,91.36393859646756,92.6505126953125,3141000
2021-02-17,92.81567721675572,92.98084726289623,91.19008136913185,91.99853515625,2005700
2021-02-18,91.9898205903497,92.15499060118977,91.2074450551446,91.95504760742188,1947100
2021-02-19,92.38971099114981,92.65050507815319,91.43347705925264,91.53779602050781,1999900
2021-02-22,90.84234412269979,91.36392563331417,89.9730393942529,91.0335922241211,2386200
2021-02-23,91.80727943686426,92.03330053938429,90.4424711813439,90.88581848144531,2213400
2021-02-24,90.83368640917814,90.85976450054592,89.49495578336997,89.74705505371094,3137100
2021-02-25,89.61662464517721,89.92957488977872,87.59114959218344,88.13880920410156,3636400
2021-02-26,88.59955753752612,88.77342250419065,86.06988362105768,86.12203979492188,5937400
2021-03-01,87.02609450541622,87.88670430590861,86.33064808885015,86.43496704101562,3055100
2021-03-02,86.53061074092598,86.86094421606866,84.8180790228233,86.13941955566406,4855300
2021-03-03,85.6265272085434,86.06987453640485,83.39241402280923,83.54888916015625,3362400
2021-03-04,83.81836119952901,85.14839638676517,82.63610622592601,83.14030456542969,3403500
2021-03-05,83.4445734673077,85.02670808159088,81.83636076782112,84.64421844482422,3552800
2021-03-08,84.61812313893266,85.19186747069382,83.38371195712227,83.4097900390625,3633200
2021-03-09,84.51382059509811,86.67838786622032,84.51382059509811,85.47005462646484,3361900
2021-03-10,85.74822223899172,86.10464037924815,84.84414447961215,84.9484634399414,2705900
2021-03-11,85.12231445830733,87.19995215648018,84.94845617157002,86.5479736328125,2354000
2021-03-12,86.10463907863007,88.0518798828125,85.73083776676626,88.0518798828125,2660600
2021-03-15,88.00842994086776,89.54710339300995,87.29560015801276,89.34716033935547,2979200
2021-03-16,89.84265821612638,91.0075302066296,89.01682123124576,90.60765075683594,3374100
2021-03-17,89.90350167383802,89.90350167383802,87.54768643944803,88.75601959228516,4000200
2021-03-18,87.95129336029217,89.53450192743013,87.18155128910703,89.31582641601562,3069700
2021-03-19,89.464516873145,90.0155833880182,87.74135291583973,87.80258178710938,4555300
2021-03-22,88.03876606322986,90.7066034145718,87.505197258272,90.66287231445312,2652100
2021-03-23,90.54917666732244,92.35106789367079,90.2255410962378,92.0186767578125,3609500
2021-03-24,91.3538869031325,92.07988455399675,90.56665370047229,90.81156921386719,2772700
2021-03-25,90.57541068637289,91.53758172076776,89.58699298167045,91.34514617919922,1745600
2021-03-26,91.84372702000333,93.55814245689632,91.03900263250318,93.40069580078125,2381800
2021-03-29,93.35696267216288,93.8030559602748,91.83497613824113,93.3919448852539,2928400
2021-03-30,93.13828606960261,93.61936823874314,92.51724168246236,93.3832015991211,2316900
2021-03-31,93.11203520883748,93.8905195383869,92.01865759166726,92.71842193603516,4922800
2021-04-01,93.41816839135964,95.00137674234367,92.59594644519527,94.90515899658203,2922400
2021-04-05,95.3425256611162,95.5524522894195,94.26663917834831,94.79146575927734,3862900
2021-04-06,94.49405489691438,95.67490124853718,94.39783714415395,95.62242126464844,2952000
2021-04-07,95.61368081056926,96.02479184982072,95.0713698000224,95.89358520507812,3400500
2021-04-08,95.71864480413956,96.49712908830372,94.66900502222856,94.85269165039062,2039500
2021-04-09,94.95766419919308,96.1647574490306,94.74773754970093,95.78863525390625,2454000
2021-04-12,95.84985277841838,96.12100827993672,94.76521742545089,96.0772705078125,1725100
2021-04-13,96.39216916403659,96.9869668615255,95.90233812143893,96.89949798583984,2152400
2021-04-14,96.75952809984902,97.31058790306174,95.7973506559833,95.91981506347656,1904900
2021-04-15,96.77703603710658,98.40398241355311,96.22597613803167,98.28152465820312,2539600
2021-04-16,98.57893207435286,98.8675853926213,98.07160988662261,98.45647430419922,2373300
2021-04-19,97.96661961476893,98.84132157561508,96.82076218156331,98.18529510498047,2554000
2021-04-20,98.299008899834,101.20301928891637,97.53802242664182,100.37205505371094,3351500
2021-04-21,100.61698632768505,101.342990707181,100.19713303665088,100.33708190917969,2318600
2021-04-22,100.09215365489,100.6607113096193,99.43612713176701,100.31082916259766,2088300
2021-04-23,100.6694567402997,100.93187002730879,99.83849245384938,100.4770278930664,1749800
2021-04-26,100.79192912666008,101.45669793893184,100.33708028305558,100.7831802368164,1584400
2021-04-27,100.87064474141525,101.01060027905547,100.38955592258613,100.45953369140625,2366600
2021-04-28,100.59948741404406,101.29050285341897,100.4507829896224,100.67820739746094,2249500
2021-04-29,100.93187133126945,101.89404227365479,100.8181624646016,101.70160675048828,1751600
2021-04-30,101.67535935999464,102.31389476101224,100.87063511569725,101.92902374267578,3323100
2021-05-03,102.20020277789806,102.27892944680993,101.15056279769344,101.47420501708984,2038000
2021-05-04,101.4654446171618,101.972773441875,100.34582698568954,101.11556243896484,2704400
2021-05-05,100.9493609001967,101.01933198829194,98.3777348878286,98.8500747680664,2512000
2021-05-06,99.12998981969291,100.59074071364631,98.8763254118622,100.3458251953125,1866800
2021-05-07,100.4945220900547,101.53541970751864,100.4945220900547,101.4829330444336,2610100
2021-05-10,101.51793834024771,102.87372946161237,101.29926278347588,101.64039611816406,1900400
2021-05-11,101.01060231605494,101.10681340831364,99.12124256049471,100.4682846069336,1871900
2021-05-12,99.64606753438656,100.22337415784665,97.96664100450818,98.290283203125,2086500
2021-05-13,98.6138959144876,100.18836209290899,98.00160721923832,99.27867126464844,2066000
2021-05-14,99.82975046506994,100.83565923687183,99.66356160036092,100.28459930419922,2148300
2021-05-17,100.37207902900707,100.66073236117559,99.54111459531399,99.88224792480469,1427300
2021-05-18,99.77726013819769,101.04557541032369,99.18246249179552,100.5732421875,1667100
2021-05-19,99.8734888488064,100.94937539832792,99.34866890876198,100.89688873291016,2112100
2021-05-20,101.13305717143017,103.03115908864649,100.80941499849506,102.65503692626953,2464200
2021-05-21,102.53258592715864,103.21485252866428,102.31391039214029,102.80374145507812,2372200
2021-05-24,103.31106519246087,104.12453840946637,102.86496525450369,103.34605407714844,2280200
2021-05-25,103.55596291410707,103.76588951270587,102.12145225569718,103.37227630615234,2072100
2021-05-26,103.51222956943225,103.82712281750577,102.66377425076105,102.7862319946289,2231800
2021-05-27,102.90870498461638,103.48600490931487,102.08648286244991,102.21768951416016,3470100
2021-05-28,102.96119651045905,103.75717872614526,102.558834294,103.07490539550781,2870700
2021-06-01,103.61721504897143,105.06047491947176,102.78625068258069,104.81555938720703,2547100
2021-06-02,105.13044472813111,106.58244670517843,104.94675809284816,106.4862289428711,3934300
2021-06-03,106.49497841614475,106.85360947279261,105.93516961789459,106.59994506835938,4006000
2021-06-04,107.02853906004303,107.35218120794546,106.2500548007814,107.05477905273438,2521400
2021-06-07,107.4309065458042,107.73705093155493,107.06353328290332,107.3084487915039,1688000
2021-06-08,107.69331714290452,108.86541466863164,107.36967498693883,108.16565704345703,2564200
2021-06-09,108.55927639688122,108.73421414465321,107.74580319019152,108.1219253540039,1538200
2021-06-10,108.06944169681347,110.49236345581035,107.95572615851826,110.4573745727539,2550900
2021-06-11,110.36991197922401,110.36991197922401,108.37559224570748,109.08409881591797,2385300
2021-06-14,109.2765380585645,110.36116683805498,108.83918699080003,110.35242462158203,1977900
2021-06-15,110.17662547493748,110.6952866462585,108.17229636044078,108.25141143798828,2666500
2021-06-16,108.7173063714403,109.2008096557332,106.67781319331888,106.73934936523438,4271600
2021-06-17,106.50198048198476,107.98764116887365,106.45802320608483,107.78545379638672,3612600
2021-06-18,107.40744452957483,108.11950679530118,104.98114909981354,105.1130142211914,7018100
2021-06-21,105.45587379303548,108.0228207814508,105.05149228447193,107.76788330078125,2745100
2021-06-22,107.6008530464899,107.88216219443483,106.98548467433973,107.23163604736328,2078400
2021-06-23,107.18767876867324,107.45140902915838,106.39649469415693,106.47561645507812,2583600
2021-06-24,106.80088422149093,107.09977898635535,105.90421334077696,106.60748291015625,2340400
2021-06-25,106.41407953166559,107.3195431355843,106.00969134661422,107.24921417236328,2075800
2021-06-28,107.66239560200276,107.67997449050662,106.02728398662225,106.91516876220703,1447000
2021-06-29,106.75693046207367,107.8645815098722,106.6162725282291,106.76571655273438,1743800
2021-06-30,106.44924697323887,107.46020411379648,104.98995774204607,105.07786560058594,2910800
2021-07-01,105.08665472404776,106.49320053232312,104.7438093928725,105.47345733642578,3211500
2021-07-02,105.85146690699311,107.06461140628092,105.56136494837881,106.39649963378906,1789900
2021-07-06,106.59870126479613,107.87338202347601,105.7108164379768,107.72393798828125,2864500
2021-07-07,107.81184385548096,108.95466615428467,107.09098867364872,108.38325500488281,2980300
2021-07-08,107.81183943096151,108.90191160357064,107.68876709084142,108.22501373291016,1927000
2021-07-09,108.54148465722572,110.28208297064032,108.07556699461414,110.22933959960938,2311200
2021-07-12,110.62493839104168,112.3655435702305,110.61615229969433,112.00511932373047,2730500
2021-07-13,111.53040252980469,111.89961955376754,109.92166258790138,110.42274475097656,1811300
2021-07-14,110.29966929932115,111.69742229645374,110.0886891068546,110.96778106689453,2133000
2021-07-15,111.05567610902871,112.00509692600271,110.77436698254812,111.5831298828125,1426900
2021-07-16,111.75018737816536,113.19189114269702,111.53920045043267,111.89083862304688,2633100
2021-07-19,111.70620851535936,113.02485308470062,110.58097194588633,111.4512710571289,2878200
2021-07-20,112.41829871918088,113.28859804644819,111.6007427732811,112.51499938964844,2453100
2021-07-21,112.32158371408768,112.69959354850764,111.15239643236343,111.55677795410156,1863500
2021-07-22,111.37216801239188,111.96995084274222,111.03810875879216,111.79412841796875,1448900
2021-07-23,112.18972635199376,112.60289396883519,111.35458490626095,112.42707824707031,1496400
2021-07-26,112.03148459214559,112.57651732980841,111.66226086157515,112.50619506835938,1874500
2021-07-27,112.17213317406555,113.71055081675766,111.81170895672626,113.56989288330078,1631900
2021-07-28,113.51714620031821,113.51714620031821,111.79412010043086,112.19850158691406,1914300
2021-07-29,112.4798216222118,112.90178203722344,111.96116054814753,112.42707824707031,1330200
2021-07-30,112.66443723728014,113.83363124117068,112.42707863444586,112.5589370727539,2156500
2021-08-02,113.15670541716105,113.93031054725533,112.56771547997647,112.92814636230469,2059100
2021-08-03,113.46441227785853,114.00064552714692,112.62926413645631,113.99185943603516,1888600
2021-08-04,114.06217489248412,114.43139188362682,112.96331000912686,113.31494140625,1854300
2021-08-05,113.88636624071604,114.73908651607415,113.23583336052033,114.67754364013672,1662100
2021-08-06,114.20284666470457,114.67755044976944,113.22705399340714,114.02703094482422,3207800
2021-08-09,114.0797598658275,114.4313912610375,113.50834208126386,114.29073333740234,1055600
2021-08-10,114.29074655809627,114.44899009396028,113.18309546256602,113.71055603027344,2259300
2021-08-11,114.34349074128501,114.55446421400771,112.90176713699744,113.31494140625,2527300
2021-08-12,113.73692262842034,114.43139937807918,113.01606077906517,114.34349822998047,1422000
2021-08-13,114.57206366373356,116.11047468648057,114.1940471229269,116.0225601196289,1557600
2021-08-16,116.19836520923279,117.71920391058168,116.04892119036028,117.52580261230469,2972200
2021-08-17,117.21812704757134,117.96536063216378,116.9456106668479,117.86865997314453,2541600
2021-08-18,117.82470024501869,118.22908846904119,116.00498677161609,116.47969055175781,2719300
2021-08-19,116.0753014017824,117.22692318570957,115.93465687678645,117.05109405517578,1473800
2021-08-20,117.00716165237795,118.3785431561003,116.0225693976465,118.01811218261719,2488600
2021-08-23,117.930197745415,118.41370107456484,117.03353347740696,117.26209259033203,1583500
2021-08-24,117.2620710608341,117.29722883564422,114.86215386716702,114.94126892089844,1986600
2021-08-25,114.74788665771484,115.44237690378156,114.00945253931619,114.74788665771484,2242200
2021-08-26,114.91490278230036,115.33686316977727,113.99185353591803,114.82698822021484,2526400
2021-08-27,115.55661265779872,115.6621127936192,114.77422150433391,115.43354034423828,1646100
2021-08-30,115.43356551406825,117.70162442754567,115.40719382783192,117.56096649169922,1491800
2021-08-31,117.52581966760707,118.70379980887611,116.71705658193517,118.3785400390625,2890900
2021-09-01,118.67741291587511,121.37623163343859,118.30819590758004,121.13007354736328,3575500
2021-09-02,121.09492741964812,121.88610488297226,120.3301216441761,121.72787475585938,2758800
2021-09-03,121.34984945722573,122.48388560862078,120.09275438064677,122.18499755859375,2520000
2021-09-07,121.49933719465461,121.65756734981689,119.51258026506875,121.00703430175781,2737500
2021-09-08,120.6290113003765,122.72125465666372,120.32132371955306,121.7894058227539,2030700
2021-09-09,120.96307923227134,121.31471070935474,118.40491798276436,118.43128967285156,2566600
2021-09-10,118.79171395216945,118.97631577236233,117.3763752038762,117.47307586669922,1963500
2021-09-13,118.47524340552509,118.63347354129985,116.57640129294437,116.72584533691406,1713800
2021-09-14,117.13899752118071,117.50821451533444,115.79398796609279,116.52363586425781,1781400
2021-09-15,116.92801913768675,118.06205530081621,116.0928844415561,117.17416381835938,2223700
2021-09-16,117.17417095331544,118.11043155720563,116.25556598066692,117.10350799560547,2126400
2021-09-17,116.03474039770127,116.71485952064425,114.62152178457022,114.92182922363281,8745900
2021-09-20,113.90608143950656,115.06315867916439,112.79315675351226,113.99440002441406,2159500
2021-09-21,114.49788412579872,115.56662944862722,113.77359885191031,113.8089370727539,1793900
2021-09-22,114.46254091534632,115.33697989574604,113.85308466939334,114.83351135253906,2840600
2021-09-23,114.69221041342993,114.97484880829941,113.79127441696623,113.80010223388672,2275200
2021-09-24,113.72059350127108,114.10923302576604,112.58117859073941,112.96981811523438,2092800
2021-09-27,112.40452967214956,113.51744767569696,111.37110244231742,111.45943450927734,2126900
2021-09-28,110.6291670053661,111.43294303020436,109.43675816983291,110.92064666748047,3054100
2021-09-29,111.36227550025878,112.43986203323365,111.19445265826708,111.68025207519531,1608200
2021-09-30,112.35153386745814,112.77550489502792,110.7263261958209,110.78815460205078,3214000
2021-10-01,111.03546408807433,112.48402104185658,109.71056394214247,111.67141723632812,1708700
2021-10-04,111.14146766051934,112.36037346899487,110.63800583323693,112.02473449707031,2061900
2021-10-05,112.35152967950528,112.70483773284522,111.08845793749862,111.67141723632812,1924300
2021-10-06,111.43293541229362,112.90798925421596,109.9667093858627,112.8726577758789,2242600
2021-10-07,113.79126203298382,115.77861230803828,113.79126203298382,114.27706146240234,2559200
2021-10-08,113.9060873500757,114.1534009647785,113.32312805359857,113.52627563476562,1403400
2021-10-11,113.05815475398724,114.10040314888604,112.42220155528948,113.888427734375,1468600
2021-10-12,114.23288907194079,117.43915165013674,113.8000835175237,116.84735107421875,2700100
2021-10-13,116.62655510103392,118.5079179036848,116.43224878315168,118.2694320678711,2165400
2021-10-14,118.44607991481229,120.15077832126967,118.18992500262475,119.88579559326172,1997400
2021-10-15,122.38543887752208,122.84474136182247,120.00062134503868,120.98987579345703,3509000
2021-10-18,120.88388254157951,124.37278335263788,120.35391712423223,123.47184753417969,2614700
2021-10-19,123.64852483214744,123.7986785716248,122.57093825229174,122.88007354736328,1843500
2021-10-20,123.60436621269776,126.70462803103781,122.90657784772634,126.67813110351562,2646500
2021-10-21,127.42006249139904,128.91278552546513,127.04026424028865,128.02069091796875,2939800
2021-10-22,127.99415203313724,128.85092161824124,126.91656582254411,127.19037628173828,2163100
2021-10-25,127.38472356070086,128.26799025382593,126.49262905257343,128.16200256347656,1793600
2021-10-26,128.1531565024618,129.7342113717713,127.95000894432438,129.1600799560547,1776800
2021-10-27,129.7077218903482,129.7430466286498,126.68693787871439,127.0667495727539,2049800
2021-10-28,127.65857628079611,129.61060224804257,127.38476567182329,129.54876708984375,1895700
2021-10-29,128.93929838933835,129.49576084960114,127.73805486529348,128.0383758544922,3743200
2021-11-01,128.33869662094148,128.63900416357268,125.42391285210107,127.8352279663086,1915800
2021-11-02,128.21497977097434,130.03450676629018,127.50836381265151,129.86668395996094,1720100
2021-11-03,130.21122003869996,130.82950424563316,128.87749171534512,130.41436767578125,1739300
2021-11-04,130.405525481018,131.55377515449567,129.82256608835627,130.60867309570312,1598800
2021-11-05,131.55374101424113,131.6862256247445,129.3367330295652,129.56639099121094,2048400
2021-11-08,130.05219584781148,130.97961511563622,128.83328346941713,130.78530883789062,1166900
2021-11-09,131.2445826899419,131.59789742141706,130.55563581053897,131.1209259033203,1761600
2021-11-10,130.59984934406748,132.1632355902973,130.59984934406748,131.40362548828125,1453400
2021-11-11,131.38591104323962,131.56256167349622,130.2994968634614,131.52723693847656,1291500
2021-11-12,131.71274488603856,132.4193610429223,130.32602297644797,131.43893432617188,1690000
2021-11-15,131.47426964969586,132.71083778880842,130.82947517654685,132.6666717529297,1502100
2021-11-16,132.76382193273017,133.31144300035314,131.46541874281428,132.02188110351562,1318200
2021-11-17,131.39473673696625,133.16126996617967,129.00109175882628,132.8256378173828,2039700
2021-11-18,132.9316563730473,134.00924297135433,132.05721736956082,133.0023193359375,1464400
2021-11-19,133.70009287231218,133.70009287231218,131.53609188081273,132.68434143066406,1979900
2021-11-22,132.87864748328974,134.79533464794844,132.00420857875764,133.28494262695312,1588500
2021-11-23,133.25845250639156,135.35180390394024,132.18086597501713,134.7688446044922,1908200
2021-11-24,134.86600277640315,136.79151783019506,134.01806076273095,136.47354125976562,1256100
2021-11-26,135.2987872862641,135.4312853784483,132.2868580677663,132.38401794433594,1767300
2021-11-29,133.58527243920696,136.0495808212141,132.8874841367101,135.3871307373047,3045500
2021-11-30,134.33602466522893,135.56376479796998,133.0994567177127,133.15245056152344,5225900
2021-12-01,134.45086436860697,138.40789559383975,132.59599882181428,133.99156188964844,3043300
2021-12-02,133.95624670094384,137.5423077680127,133.95624670094384,136.39405822753906,2729700
2021-12-03,136.68555463023236,139.1233664553908,134.47738735026093,136.60606384277344,2885200
2021-12-06,137.01234260195002,138.84071135918305,136.6943660127609,138.27542114257812,3254600
2021-12-07,139.22936786903446,140.86340357223875,138.20477501489276,140.7044219970703,2800200
2021-12-08,140.64255676378033,142.30310251861144,139.92711287337178,140.8280487060547,2202800
2021-12-09,140.50125244293693,140.82805683703404,138.55805475484217,139.16751098632812,2165700
2021-12-10,139.5561562853731,141.10187320625542,138.7788771780461,140.5100860595703,2024800
2021-12-13,140.31496097008312,143.48076677104658,139.49912635810225,142.84228515625,2550000
2021-12-14,142.38115282530475,142.64718907972608,139.35723491341975,140.7583465576172,3268800
2021-12-15,141.47666399011283,144.70453782893082,141.0864927389241,144.1547393798828,2979300
2021-12-16,143.9507820745816,145.42283790352204,143.53399502022896,144.76661682128906,3772300
2021-12-17,144.42073349708943,146.3893826648213,142.593972123521,142.93093872070312,6983700
2021-12-20,141.96438783190953,143.99511847496302,141.18403183758966,143.11720275878906,2230800
2021-12-21,143.87096861197458,145.15679490860154,141.96438645454958,142.5851287841797,2185800
2021-12-22,143.03740244523752,144.11927350715808,142.33683971717045,143.88870239257812,2136800
2021-12-23,144.11927049519088,144.50057882107535,142.13288144096214,143.4364471435547,3047800
2021-12-27,144.1990938183562,147.16980805856122,144.1990938183562,147.10772705078125,1591000
2021-12-28,147.16979198920188,147.16979198920188,145.4494392282349,147.01902770996094,1749300
2021-12-29,147.1697910093457,149.47540738537015,146.81507142991765,148.69503784179688,1399600
2021-12-30,148.61524448323206,149.72371789849186,147.81714903671283,148.9522247314453,1504800
2021-12-31,149.04975299411734,150.69028533255124,148.61522659641255,149.2980499267578,2025800
2022-01-03,149.38674079666526,149.89219760267815,143.6936098242259,146.22979736328125,3437500
2022-01-04,145.58246455387422,146.6111311428061,141.9732821075772,142.77137756347656,4209300
2022-01-05,142.7713577080359,143.06399627614658,139.5523469899866,139.80064392089844,3818200
2022-01-06,139.60558862702027,139.62332799284567,137.76110051632423,138.8429718017578,3090400
2022-01-07,138.78079666504183,139.08229802373612,136.05838093199011,136.3244171142578,3449000
2022-01-10,135.12731701717442,135.9697539162229,132.85716614055957,135.69485473632812,4169500
2022-01-11,135.8899533100992,136.49295624439006,134.25827045314446,135.6682586669922,2656500
2022-01-12,135.67710664931283,137.45066359897706,135.67710664931283,135.8899383544922,2635800
2022-01-13,135.97862498384129,136.90974520437558,135.5884402414332,135.8101348876953,2108000
2022-01-14,135.45545715476243,135.81903969804327,133.5577511276872,135.44659423828125,2330300
2022-01-18,134.40904587045532,136.21806835459842,133.46018622426553,136.05844116210938,4121300
2022-01-19,138.1157932891528,141.1840537839943,136.12940397512128,136.20034790039062,4361800
2022-01-20,134.78148078833885,139.22423658785203,134.45336351365785,136.68804931640625,3494800
2022-01-21,139.35723025597343,140.02231410421606,137.24670671207602,137.83197021484375,4375000
2022-01-24,137.8231452420321,137.8231452420321,132.24531311965785,135.95204162597656,5717800
2022-01-25,133.912434627079,137.1935263482699,133.70847933306572,136.5284423828125,3755500
2022-01-26,136.70579521905623,138.97594631981426,133.65527460322465,134.54205322265625,3698400
2022-01-27,134.6573630627317,136.69694343039077,130.8796768025843,131.78419494628906,4062400
2022-01-28,132.41377968129265,137.54822153596973,129.81551149161714,137.51275634765625,3645200
2022-01-31,137.6369220438058,139.46368392202217,136.94522223896638,139.06463623046875,3260500
2022-02-01,139.58781259253388,139.66761941329005,135.08297600613028,136.13824462890625,3349800
2022-02-02,137.2023985812664,140.07556637839218,137.2023985812664,139.5168914794922,2910600
2022-02-03,138.3906808989278,139.91594133596402,138.1423839469609,138.7276611328125,1968300
2022-02-04,137.47731243724633,138.14239651864867,135.31357006076345,136.11167907714844,1929800
2022-02-07,135.9076807874953,136.9097449164663,134.47110381271145,134.83468627929688,3816300
2022-02-08,135.31353656747268,135.52636829206185,133.3892287253339,134.07205200195312,2459600
2022-02-09,135.4110959835748,137.95615988836943,135.4110959835748,137.77879333496094,2278900
2022-02-10,135.30468157671473,136.61711012728782,130.61361516487074,131.62454223632812,3093900
2022-02-11,132.44039782439276,133.07887953987307,128.7336560022337,129.7445831298828,4395500
2022-02-14,129.50514173234444,131.30531475211362,128.03309952932375,128.8843994140625,3180100
2022-02-15,129.95740153213862,130.85304301243102,128.7779844158127,129.1326904296875,3064100
2022-02-16,129.58495883578664,130.30324732398338,126.57877997667265,128.03309631347656,2245600
2022-02-17,127.03103017167841,127.74045573401895,126.0999099668044,127.05763244628906,2703900
2022-02-18,126.90691041388115,127.9089747547289,125.87824379240648,126.41031646728516,2485200
2022-02-22,126.86255081689158,128.08630967723727,125.60332676445209,126.25067138671875,3244000
2022-02-23,126.96894712237358,127.82912340397863,124.66333099603206,124.82294464111328,2362800
2022-02-24,122.79225956422658,127.4123694612409,122.28678916130934,127.10200500488281,3439800
2022-02-25,127.56309974077112,131.69547749719484,127.39460965140225,131.64227294921875,2934600
2022-02-28,129.9042077096377,130.7111659875101,127.59857783556971,129.336669921875,4213200
2022-03-01,130.11701220923908,130.96832556674204,128.64497010720632,129.2568359375,3458300
2022-03-02,129.70025225239797,131.71324375937115,129.22139769164005,130.92401123046875,2816600
2022-03-03,132.0058512676917,133.4424281427221,130.6224789389711,132.6443328857422,2248600
2022-03-04,131.26982741797957,133.86809560061872,130.56927831855933,133.7616729736328,2780800
2022-03-07,133.54001379530828,134.11642812343885,131.7221145824156,132.05023193359375,2590700
2022-03-08,131.51812057010994,133.28281470195182,130.12588532532328,130.3475799560547,3021400
2022-03-09,132.28965918159352,134.79038197369928,131.52704237877182,133.44247436523438,1895100
2022-03-10,132.12118381768852,134.3824590274753,131.04817547102584,133.97454833984375,1988400
2022-03-11,134.98542536466292,135.27806389559714,130.95944336702163,131.09246826171875,1997400
2022-03-14,131.59795359021288,133.28284123792443,130.888541455565,132.28077697753906,2391400
2022-03-15,134.2760073888342,135.54410776071649,132.54679191005556,134.64845275878906,2171300
2022-03-16,136.03182364803735,137.6901087315198,134.00996964410336,137.06936645507812,3752700
2022-03-17,137.02479739801947,139.68989144801805,135.55410146581866,139.63641357421875,2218700
2022-03-18,139.27987672809957,142.99673869753792,139.27987672809957,142.75608825683594,6604900
2022-03-21,143.01460421481588,143.37114614134634,140.19798419830244,141.65086364746094,2702000
2022-03-22,142.74719536479685,143.31764882336236,140.43864258721788,141.4280242919922,3374100
2022-03-23,140.84864717341244,141.78455089046997,139.84143508165056,140.1444854736328,2477400
2022-03-24,140.38515252965158,140.74168081008895,137.36352979065967,138.95010375976562,2515600
2022-03-25,139.18183062662436,140.30492042900607,137.5239484618195,140.23361206054688,1896400
2022-03-28,140.41190654503174,143.51374644002792,140.0197172340366,142.92547607421875,2675600
2022-03-29,144.11091636531378,147.21276937694017,142.80957596447175,146.80274963378906,3299900
2022-03-30,145.9381385964531,146.40163616907526,144.44961217737878,146.3035888671875,2368900
2022-03-31,146.972100694658,147.5336456119822,143.8613393345702,143.93264770507812,3933500
2022-04-01,144.48529936384227,148.15759242658444,143.15720632480745,147.78323364257812,2867300
2022-04-04,148.07738352334718,148.353695002466,144.5476934271001,145.9827423095703,2448100
2022-04-05,145.7331214097844,150.0382666284668,145.47464051207174,148.21102905273438,3289000
2022-04-06,147.0701147230226,152.1150685891993,146.18768913844042,151.6248321533203,3123000
2022-04-07,150.1363279757898,151.4287597867007,148.603232133666,150.48394775390625,3142100
2022-04-08,149.92246480483382,150.9831550686648,148.74591030089448,150.3235626220703,1839600
2022-04-11,150.03826874808738,150.9385112812208,146.55314919791732,147.72079467773438,2455300
2022-04-12,147.54252189957472,148.67451993355016,146.48183222056477,147.3642578125,3062200
2022-04-13,147.30187136884777,148.00603293808683,145.7509587087584,147.07012939453125,2556500
2022-04-14,147.92582337757463,148.30018209319837,144.85070964087978,145.0200653076172,2434100
2022-04-18,144.90419318712676,146.25901124554122,144.5565598266245,145.28746032714844,2502200
2022-04-19,148.0951753389446,151.70508165315738,147.29297998053326,151.13462829589844,3839500
2022-04-20,151.19701222710293,155.17235481482544,151.19701222710293,153.9066619873047,4116400
2022-04-21,155.44865560499943,155.57344183016002,152.19529170573392,152.22203063964844,2620300
2022-04-22,152.52512491250837,153.30950346851918,150.30571115394156,150.39483642578125,3139800
2022-04-25,150.7335245311117,150.7335245311117,145.65292239803753,149.50347900390625,2558300
2022-04-26,149.21825708867178,151.0098338792274,147.3910193148338,147.63168334960938,2605300
2022-04-27,147.9525922998409,151.75858014704662,147.2573526012529,149.4500274658203,2790900
2022-04-28,150.43937714074596,155.06540356740263,148.6656172813817,154.209716796875,4046000
2022-04-29,151.75856722031318,151.75856722031318,142.3015101148112,142.87196350097656,9997100
2022-05-02,143.46023161432052,143.88806820675478,133.3257664767415,136.49000549316406,5868000
2022-05-03,137.39026965852022,138.08550933054082,134.3508164047971,135.80369567871094,4047600
2022-05-04,135.91954699228603,136.23150577878377,130.80328416679174,135.73236083984375,5070200
2022-05-05,135.625402486531,136.51673660339725,128.5392989775802,129.22561645507812,5461500
2022-05-06,128.29865527500348,129.03846434123895,124.27872906691297,125.57117462158203,6534300
2022-05-09,124.21633971636155,124.29655653346609,117.77199699602198,117.98590850830078,5611100
2022-05-10,119.49226204026147,120.63316874123397,110.73936036833389,111.7822265625,11362600
2022-05-11,111.87135890667915,115.40995001775599,110.09759892769054,110.29369354248047,8548500
2022-05-12,109.96390585209576,110.54326765841968,107.33446580656992,110.46305084228516,8153100
2022-05-13,111.69307711989704,114.67012983569296,110.99783758987715,114.40274047851562,6521900
2022-05-16,113.59163439506943,114.53644648569072,111.39895304492507,111.63961029052734,3719300
2022-05-17,112.6646613081411,112.70922394468795,109.83913309817088,112.218994140625,3838000
2022-05-18,112.35269472582283,113.02119547159249,106.2737948829711,106.54119110107422,4898000
2022-05-19,105.66767374424151,108.07427340086694,105.36461657543529,106.71053314208984,5056100
2022-05-20,107.94948715498802,108.20797489297732,105.07047465286051,106.71053314208984,5146000
2022-05-23,108.4842766297206,108.9032047607419,105.3735224062526,107.387939453125,5979100
2022-05-24,106.28268596815383,107.2542437628073,103.72456121777712,107.03141021728516,5617300
2022-05-25,106.79965993484896,108.01187494959335,106.00637306789211,106.9868392944336,4249500
2022-05-26,107.51273245198206,109.96390147462022,106.72835401252013,109.06365203857422,5025600
2022-05-27,109.56279658470478,114.29577893943824,109.51823395557892,113.43119049072266,4177000
2022-05-31,112.65573098699434,114.589924603131,111.63069527879212,113.62728881835938,14792700
2022-06-01,114.40276163026009,115.07126234816029,110.3739268288573,112.18333435058594,4044300
2022-06-02,112.65573487569489,115.50800174447478,111.82679375440252,115.46343231201172,3674200
2022-06-03,114.11752837553287,115.09800153751108,113.2261940830734,113.7164306640625,3217200
2022-06-06,114.75038548828833,115.40996418200378,113.44903139412027,113.97492218017578,3212300
2022-06-07,113.30640451300103,115.74865828588632,112.12092840997627,115.58821105957031,3771100
2022-06-08,114.07295014656027,115.05341637416105,110.92653481202842,111.21176147460938,3238700
2022-06-09,110.74827921773381,112.37942250750933,108.85864818255611,108.89430236816406,2841000
2022-06-10,106.96010725924148,107.64643162200514,104.40197557916872,104.5000228881836,5701500
2022-06-13,97.02172812368232,98.29633632552381,94.89143988988536,96.64736938476562,15213000
2022-06-14,97.35152446146844,99.35702645368764,95.73821170161436,98.63504791259766,6605100
2022-06-15,99.87392804650105,104.91924714702485,99.3711940611239,103.32125854492188,7486900
2022-06-16,99.11984318637123,102.30682786082008,98.87744865455072,100.35872650146484,5326600
2022-06-17,100.99610573195937,102.27089937827039,98.86845197214753,99.07493591308594,7180500
2022-06-21,100.17917144627746,101.52578639475733,99.99064617539882,100.87043762207031,3729800
2022-06-22,99.43402226446823,104.83843241879852,99.21855900073953,103.65341186523438,4252600
2022-06-23,104.43446870278915,106.6070056155158,103.66240899839255,106.14915466308594,3783700
2022-06-24,107.2803133236031,110.09024709806917,106.31972836530265,110.05433654785156,4716700
2022-06-27,109.76706591268906,110.26082744775086,107.53168710236058,107.91771697998047,3782100
2022-06-28,109.22841552167957,110.5121885954079,106.46336477068972,106.7955322265625,3369300
2022-06-29,106.24790853648724,106.62495904442916,104.69481660410098,106.21199798583984,2828300
2022-06-30,105.26935705983911,106.97507030730789,103.55466446364933,105.61947631835938,4525900
2022-07-01,105.83493382388536,108.07031223170648,105.26037878612601,107.756103515625,2672700
2022-07-05,107.17258595228442,109.03989354273786,105.78108803428528,109.0129623413086,4218100
2022-07-06,109.21047515424651,110.92516131667242,108.42943600794193,109.03990173339844,2983600
2022-07-07,109.14761315780999,111.28423937610604,108.97703976859037,110.036376953125,3617400
2022-07-08,109.12067469932934,110.20694301005085,108.23190411390941,109.1476058959961,2098200
2022-07-11,108.84237396014548,110.11717439607213,108.169066620089,109.32715606689453,2399400
2022-07-12,108.63591553570325,110.35060162793177,107.72021356038738,108.546142578125,2661700
2022-07-13,106.81347922187524,109.3989769366817,106.37358016248734,108.41146087646484,2728900
2022-07-14,106.00551673064943,107.0289434116992,105.16163594656956,106.05039978027344,3369900
2022-07-15,107.76509043813304,109.08477398765847,106.42745503895688,108.63590240478516,2726600
2022-07-18,110.75457276822938,111.57151545754053,106.84041216096551,107.01097869873047,4337300
2022-07-19,108.24089551000188,112.43335453891576,107.63940922004367,112.316650390625,3884600
2022-07-20,112.31665318644966,114.39941715291934,111.3201576786454,111.83187103271484,3235600
2022-07-21,111.88572844611306,112.84631336090766,110.48525129724084,112.82836151123047,3093800
2022-07-22,113.753041100622,114.74953660976378,113.12462359451327,113.92361450195312,2940600
2022-07-25,113.63633573386696,115.21635883210887,113.07075313518119,114.47123718261719,2436200
2022-07-26,114.812370728224,115.59340288400615,113.7889440867437,114.54304504394531,3338300
2022-07-27,114.15702540778729,115.02783738331719,112.46926385546563,114.3635025024414,2087000
2022-07-28,115.83580811727327,119.09462043261293,115.34204660002868,118.86119842529297,2962300
2022-07-29,118.25970853233441,119.53450223932923,118.06220393140114,119.00483703613281,3273700
2022-08-01,118.69065231651841,119.03178546876505,117.38891352232923,117.58641815185547,2615200
2022-08-02,116.94001254827946,118.13401252810141,116.08715933368455,116.14102172851562,2829200
2022-08-03,117.49663903146833,119.32802920433684,117.02083621258915,117.35299682617188,3589600
2022-08-04,117.10163037632067,117.73902040535145,115.68319441380075,117.37992858886719,2062600
2022-08-05,116.12309286118766,118.1160839376423,115.37796433274069,117.95448303222656,1687300
2022-08-08,119.07665833312504,120.29758964160568,116.9041214177428,117.80186462402344,2318800
2022-08-09,118.43029686587332,119.41781999505643,117.46073243862332,119.3100814819336,2458000
2022-08-10,121.36590326063164,121.63522895557949,119.32802239697737,120.66566467285156,2340300
2022-08-11,121.53647167646714,121.91352215455197,119.9025725729596,120.50405883789062,1800700
2022-08-12,121.72499151010237,123.36786313312014,121.19532633449634,123.2062759399414,2609000
2022-08-15,123.21524406508328,124.31049177487297,122.5868266164678,124.22969818115234,1973200
2022-08-16,123.87058592647145,124.66060421772715,123.03569144014442,123.08955383300781,1821700
2022-08-17,122.2008121988234,123.85267026255558,121.61728453996412,123.34095001220703,1453500
2022-08-18,124.03219149372796,124.09502638828722,122.4701135492595,122.65864562988281,1750600
2022-08-19,122.81126242395557,122.8561523199675,119.84870736731607,120.36940002441406,2493000
2022-08-22,119.04074053721953,119.41779099539596,117.34400662618937,117.55048370361328,2022100
2022-08-23,116.77842854423137,117.4248046967536,114.91112118121978,115.32408905029297,2103700
2022-08-24,116.02432651812234,118.16993204099855,115.87171183054221,117.71207427978516,2644000
2022-08-25,118.33152718583771,119.22029787166066,117.75697209458649,119.20233917236328,2572600
2022-08-26,119.22028828530057,119.23824698315393,115.15351307453987,115.22533416748047,1626000
2022-08-29,114.44430844957047,115.11760901386425,113.76202168607267,114.27373504638672,2136000
2022-08-30,114.6059031745561,114.82135963036251,112.46926991958199,112.80143737792969,2250000
2022-08-31,114.0672563384627,114.96499959779072,111.72414588367755,111.77801513671875,3730100
2022-09-01,110.79049424928742,111.70618932152279,109.08478075864635,111.58948516845703,3166500
2022-09-02,112.74755783296168,113.13358765770633,109.0129499266001,109.42591094970703,2297400
2022-09-06,110.1620661018076,111.49970153807826,109.37205455976769,111.14060974121094,2649300
2022-09-07,111.4637860563596,113.95951076667589,111.07775625121624,113.68120574951172,2452900
2022-09-08,112.55006894422695,114.99192472729212,112.2627913903818,114.83033752441406,3057300
2022-09-09,115.22534808409782,116.68866022176996,114.65078612041536,116.37445831298828,3516100
2022-09-12,116.34753169796313,117.28117865880787,116.07820598091033,116.88616943359375,2534100
2022-09-13,113.86974943044457,114.76749267167823,112.02040054525916,112.28972625732422,3304000
2022-09-14,111.07909430267604,111.81089295981698,108.54040384680948,109.3896484375,4065800
2022-09-15,109.01922509656345,109.29929906592805,104.93563730387727,104.9988784790039,4861200
2022-09-16,104.64654525256081,104.64654525256081,101.1050252724885,102.6950912475586,9335500
2022-09-19,101.38508586419692,101.91811766535473,99.59625314123777,101.90908813476562,4493100
2022-09-20,101.18632552252893,101.26763265415069,99.29811972086202,100.21963500976562,5188300
2022-09-21,100.68943286521154,101.30377873287557,98.03329631649903,98.0694351196289,4640100
2022-09-22,97.57252321450977,99.1896982689939,97.12983499286429,98.06038665771484,4918400
2022-09-23,97.15693944471856,98.81928286351177,96.88590189511169,98.11459350585938,5598800
2022-09-26,96.78652549817518,96.97624903280598,92.87459508698906,94.10328674316406,7135400
2022-09-27,95.52169698891849,96.43417581403268,91.96210456109014,92.40479278564453,6329300
2022-09-28,93.05528437057642,94.24783725378946,91.1038304383524,93.89549255371094,7846600
2022-09-29,92.77521800015427,93.28114744160825,91.00445806229364,91.4200439453125,7320700
2022-09-30,92.35962854218101,93.74190492177253,91.48328158446054,91.79045104980469,18072100
2022-10-03,93.506999143338,96.3890045110271,92.50416990545156,94.28396606445312,4863700
2022-10-04,95.63914586630466,96.33479881206509,94.5369365896075,95.756591796875,5980500
2022-10-05,94.68147479028374,95.93726857212658,93.15464350314629,95.25968170166016,5311400
2022-10-06,95.66625447426982,95.73853207906915,91.74528746632562,92.07955932617188,5068300
2022-10-07,91.18514715067714,91.57363066384205,90.05583541389217,90.67018127441406,5762300
2022-10-10,90.98638401556728,91.38390393876772,89.28790170395268,89.35114288330078,4587900
2022-10-11,89.71252584412117,91.36583296462003,88.5832141234891,90.91410827636719,6385500
2022-10-12,90.67921656868013,92.1156977714457,89.9112790830152,90.7334213256836,5937100
2022-10-13,88.9716983621818,93.19080533086662,88.56514200375051,92.62162780761719,6307600
2022-10-14,93.96778296274785,93.96778296274785,89.8028802811359,89.92032623291016,4480000
2022-10-17,92.8023244872234,95.45846795800074,92.1247374298024,95.06998443603516,5103500
2022-10-18,97.78935507531108,98.3765985275298,94.65438474844375,95.63011169433594,5311100
2022-10-19,94.59113190308602,95.73851628852418,91.1128537358737,92.16085815429688,5924500
2022-10-20,92.5312897842151,95.21453571787575,92.04342626057024,92.56742858886719,4282500
2022-10-21,92.59451717392993,93.47990052406634,90.92313734122233,93.12755584716797,3971600
2022-10-24,93.81417993111397,94.31107984521229,92.35059635280929,93.38956451416016,3377500
2022-10-25,93.93162691671944,98.14169716428236,93.92259049354217,97.87066650390625,7074100
2022-10-26,98.23204648766075,100.99659916997005,98.23204648766075,99.26197814941406,5076500
2022-10-27,99.99377594897348,100.68942892689132,98.58439714589377,100.29191589355469,4371100
2022-10-28,99.74982925731668,102.50534517548834,99.02706714182587,102.07169342041016,4179900
2022-10-31,100.49067318161296,101.32184492064899,99.80404975282293,100.05701446533203,5411300
2022-11-01,101.36701991515987,101.41219514226519,97.8164634977198,98.0694351196289,4599500
2022-11-02,97.30149175796846,100.62618562528084,96.37997645833315,96.4341812133789,5729100
2022-11-03,96.01858794729104,98.09652403913135,93.70576000649352,97.58155822753906,5625500
2022-11-04,98.29530342025373,99.23488478742355,95.60302101265292,97.22923278808594,3541000
2022-11-07,98.26818740339502,98.81929208432022,96.77750141977529,98.4127426147461,2963200
2022-11-08,98.39466274973718,100.69845423959185,97.86162409920018,99.15355682373047,2438400
2022-11-09,99.09934528529838,101.04175555758187,98.15975728702183,98.28623962402344,4043600
2022-11-10,103.55335903601085,107.06777618653861,103.38170146698984,106.9141845703125,3705400
2022-11-11,107.35687382317514,107.88990556117942,104.7639720476199,104.91755676269531,3258300
2022-11-14,104.44776629917013,104.44776629917013,101.53865866827779,101.6380386352539,2967000
2022-11-15,103.12873723761524,103.58046188001148,100.49066698028626,101.86390686035156,3110000
2022-11-16,101.1501856462767,103.36364062920507,100.85204571462478,102.67701721191406,3512600
2022-11-17,101.01466025456655,102.54149172022844,99.75886632589027,101.46638488769531,3384300
2022-11-18,103.21004962704387,104.00508944957107,102.1710815180049,103.49915313720703,3336800
2022-11-21,103.58047079175,104.44778135263893,102.39694743976092,103.85150146484375,2992000
2022-11-22,104.34839942180548,104.83626289558548,103.00226182677294,104.60136413574219,2306100
2022-11-23,104.62846825819454,104.80012584241645,103.17391423602893,104.37550354003906,1585300
2022-11-25,104.8994858914341,105.64935037260629,104.13155545929992,105.15245056152344,1341300
2022-11-28,104.40260438594302,105.56805487128955,100.21059996518439,100.6984634399414,3910600
2022-11-29,100.82493409235937,103.10163004358967,100.5177646584152,102.8215560913086,2635100
2022-11-30,102.3246583309755,106.44438447765131,101.6289985869629,106.41728210449219,8839700
2022-12-01,107.55565287437403,107.95316591976794,104.56523069977848,105.7939224243164,2784300
2022-12-02,104.40259624312054,106.62508063738008,103.73404570812481,105.64936065673828,3014000
2022-12-05,104.80011874772433,105.01694464964025,102.75832140076687,103.22811889648438,3170000
2022-12-06,103.7792134675126,104.90852498255259,103.00224659374345,103.5352783203125,3256000
2022-12-07,102.78543751144025,105.83910096333119,102.34274922548352,104.80013275146484,3381700
2022-12-08,104.94467368527107,107.19426050562302,104.68267256191561,106.24563598632812,4759700
2022-12-09,105.75777634313437,106.66122567295515,104.97177983756396,105.08922576904297,2515900
2022-12-12,105.16150480948717,106.93226469304727,104.22191666647684,106.63412475585938,2467900
2022-12-13,110.90743960256509,111.0068195784246,107.1400507285531,109.39867401123047,3754500
2022-12-14,109.76907678052358,111.78377151063114,109.16376747641026,109.84135437011719,4141400
2022-12-15,108.20611557580153,109.21798123530422,106.52570628208326,107.14004516601562,4284500
2022-12-16,104.82079667357304,105.3392159543988,100.93720057882507,102.08317565917969,13002600
2022-12-19,101.84672120921802,103.02907758880009,101.07363376453426,101.92857360839844,3339900
2022-12-20,101.32829968243523,103.00179123805731,100.15503341313676,102.02861785888672,2738400
2022-12-21,102.3742382871724,105.19371918994867,102.21052653758538,103.62936401367188,3482500
2022-12-22,102.89264318302159,103.08363904081344,100.92810940359416,103.01997375488281,2467600
2022-12-23,102.39242100862006,103.80215436504888,101.99223523412613,103.33831024169922,1521900
2022-12-27,103.12910400758695,103.50200559097851,102.08316849643396,103.03815460205078,1683300
2022-12-28,103.22915655573271,103.63843237440844,100.23687444491794,100.45515441894531,2623600
2022-12-29,101.9376468394069,103.80213386629208,101.0918042169875,103.6566162109375,3043100
2022-12-30,102.86536028224026,103.61115661448973,101.27372117593991,102.52884674072266,2138400
2023-01-03,103.66574378346806,105.53023135982386,101.11911814381548,102.49247741699219,2170100
2023-01-04,104.25691254556065,107.32195738589128,103.76577733162364,106.37606811523438,3059500
2023-01-05,105.20279773226697,105.63936466292895,102.24689647833523,102.63798522949219,3079500
2023-01-06,103.13821502640943,106.67620081215567,102.55613042519126,106.0941162109375,3995900
2023-01-09,106.86720429160354,107.85856481346275,105.55751037597656,105.55751037597656,2504400
2023-01-10,105.13914853528867,105.6484778555102,103.9567920161608,105.54843139648438,3097800
2023-01-11,106.73075481547612,110.05955718926128,106.68528358210982,110.0049819946289,3084500
2023-01-12,110.30513196652765,111.57844458707308,109.35924278952236,111.06912231445312,2608500
2023-01-13,109.5047717245634,111.42383428475426,109.28649173325611,110.86903381347656,2283300
2023-01-17,111.32379322332903,111.89678083032624,109.95953106848187,110.4324722290039,3057000
2023-01-18,111.40564572175548,113.9977424304892,110.40518819510339,111.5511703491211,4245300
2023-01-19,111.8603927771301,113.37927648952189,110.26875369460237,110.3142318725586,3875800
2023-01-20,110.18691075497757,111.84221526526967,108.7680733611584,111.7057876586914,3281100
2023-01-23,112.03320436123154,114.97091848104228,111.00546273997676,114.66168212890625,3011200
2023-01-24,114.96183013916016,115.49843661036674,110.84175938038325,114.96183013916016,2142800
2023-01-25,113.67941833661709,114.82540051437257,113.12461782653686,114.31607818603516,2436800
2023-01-26,115.22558930317373,116.53528325464228,114.5798393518237,116.47161102294922,2071900
2023-01-27,116.38974714082694,119.07279313283223,116.07142070874093,118.09052276611328,2824100
2023-01-30,116.78082960570265,118.48161911862017,116.19875194015759,116.22603607177734,2538100
2023-01-31,115.64394249298013,117.99046783712873,115.47113375413761,117.58119201660156,4350100
2023-02-01,117.3993060673742,120.00958984793658,116.05323103935551,119.05460357666016,2845600
2023-02-02,120.57347901777284,124.30245339189878,119.84586986150742,122.31973266601562,3111700
2023-02-03,120.00958145310601,120.80086287406552,118.19056539810481,119.70944213867188,3303400
2023-02-06,117.81765710955524,119.81858575922958,117.56299598650403,119.54573059082031,2539700
2023-02-07,118.29970671385182,119.66396865033698,116.9991031178478,118.48160552978516,3638600
2023-02-08,117.75401410583702,119.28198104316964,117.5266370822107,118.05415344238281,1980000
2023-02-09,118.3906561631904,119.23650583023772,116.0350337446884,116.45339965820312,2467300
2023-02-10,115.67124494282068,116.76265886874653,114.37064803158161,116.49889373779297,2303600
2023-02-13,116.70809138412942,118.04505558444298,116.60804493344006,117.59030151367188,1755600
2023-02-14,116.99911939039166,118.45433787623412,115.38929313459812,116.17147064208984,1859100
2023-02-15,115.16190667839382,116.01683948893658,114.92543265296923,115.98955535888672,1733800
2023-02-16,113.72488951866778,115.62575804778433,112.94271202600852,114.40702056884766,1782200
2023-02-17,114.26148321270604,114.44338896921103,112.3060466379919,113.97953796386719,2623200
2023-02-21,112.82448778375841,113.37019128112556,111.55117499723745,112.30606842041016,2448600
2023-02-22,112.99728674287532,113.42475666897374,111.11460521441784,111.77854919433594,2526300
2023-02-23,112.54253012394685,113.47023226991239,111.24193326601188,112.78810119628906,1844100
2023-02-24,111.96044264573823,111.97863669307611,109.93224352430715,110.39608764648438,2517900
2023-02-27,112.23329279701795,112.4424757590258,110.41427672879723,111.78763580322266,2439300
2023-02-28,111.742156460002,114.08868882888197,111.23283418669305,112.23329162597656,5780900
2023-03-01,110.73261396491007,111.50569448158862,109.91405526648724,110.16871643066406,3757800
2023-03-02,109.39564169623405,113.46114433079124,109.18645870274487,113.34291076660156,2591400
2023-03-03,114.50705691020075,115.74398832719857,114.07049002343875,115.4620361328125,2529400
2023-03-06,115.97137208037988,116.27150445983204,115.06186404071663,115.65304565429688,1961600
2023-03-07,115.33471493891203,115.63485426425524,112.41519489719957,112.61528778076172,2242200
2023-03-08,112.12416436111877,114.47979409343023,112.12416436111877,113.74308776855469,2018700
2023-03-09,113.87949887717713,114.19782529784739,109.9686185365222,110.32332611083984,2491300
2023-03-10,110.05047596320125,110.78717527602996,105.89402438000216,106.39425659179688,3717100
2023-03-13,106.15780305575123,109.89588248335261,105.90314185837646,107.65849304199219,3314600
2023-03-14,110.18690907193582,110.4506672568927,107.73123300802493,108.98635864257812,4342500
2023-03-15,107.54932645689742,110.31423174986415,107.3037623375958,109.15006256103516,4416000
2023-03-16,107.71172204627517,111.3763209176152,107.10706686713124,110.02041625976562,4409600
2023-03-17,108.82023819070368,109.8554916152537,106.23669683995254,106.30082702636719,6508900
2023-03-20,107.21698770095851,108.82941297107878,105.81527991651501,108.74695587158203,3851100
2023-03-21,110.0478881413688,110.414342375227,107.60176349339987,108.43546295166016,4078800
2023-03-22,107.89494319487767,108.54541560928095,104.4685453977938,104.5510025024414,3472200
2023-03-23,105.16482646849929,107.62927143490803,104.2303498463637,104.5784912109375,4007100
2023-03-24,103.75394320661181,107.2811178028988,103.73562328988744,107.21698760986328,3721400
2023-03-27,107.50098945562745,108.59120970361015,106.87801444497066,107.24446868896484,3087500
2023-03-28,106.39245660399865,107.33609661717634,105.93438177785433,106.86885833740234,1853300
2023-03-29,108.54542180276661,109.92880284615326,108.19728043609454,109.8280258178711,2591100
2023-03-30,110.85411204471906,112.0176190708918,110.50597768019773,111.69696807861328,3384600
2023-03-31,112.65891829951495,114.41792386756573,112.40239752788256,114.3079833984375,5305300
2023-04-03,113.56590874234075,115.77383273379957,112.55814553443993,113.39183807373047,2966400
2023-04-04,113.391831160581,114.1339170780626,112.64058877980129,113.67584228515625,2822100
2023-04-05,113.38268430304181,113.93237270316558,111.91684623948935,112.01761627197266,2546700
2023-04-06,112.01761964561044,112.48485794513773,110.99153646505476,112.4573745727539,2104800
2023-04-10,111.7152767632641,113.43763537630976,110.59757320992966,113.36434173583984,2936700
2023-04-11,113.5384218195937,113.9873331728606,112.26497441668675,112.38407135009766,2553600
2023-04-12,113.95068368070933,114.20721143766335,112.393232170941,112.5123291015625,2576300
2023-04-13,112.61311776493328,112.90628538496897,110.3502269213761,111.69696807861328,2608800
2023-04-14,111.990125718668,112.81466176081108,108.95767276387892,109.71807861328125,2957500
2023-04-17,109.93795742136129,112.952090592757,109.67227318549962,112.81466674804688,4269800
2023-04-18,113.61171596711368,114.61031569465489,112.15503444138207,113.33686828613281,3968800
2023-04-19,113.51095544893714,114.89434352886107,112.45738183826221,114.6653060913086,2855800
2023-04-20,114.15224403965772,114.47289501654899,112.67724255629075,112.91544342041016,2285900
2023-04-21,113.73082265976923,114.46374521216235,112.90628653574385,113.21778106689453,2703900
2023-04-24,113.6300359565835,113.95985037810446,111.57786277019395,112.8604736328125,2281900
2023-04-25,112.33827910915358,112.83300078758218,110.28609874167176,110.52429962158203,3146700
2023-04-26,110.49680878623266,111.09230745095645,108.45379201086752,109.0859375,2321200
2023-04-27,110.12118600841818,112.58563082317762,109.36994356904053,111.93516540527344,3347100
2023-04-28,112.41154986175758,115.1783254876744,112.10006236183752,114.74773406982422,3621000
2023-05-01,114.52786210768872,114.93096317397989,111.87102690096658,112.13671112060547,1787500
2023-05-02,112.2374977149381,113.0986736493561,111.09231063064058,112.21001434326172,2426200
2023-05-03,113.08951663213652,115.64557503054732,112.04510657553863,113.7491455078125,3323200
2023-05-04,113.72165545113737,114.56451845546223,112.16420381580625,114.40876770019531,2740400
2023-05-05,115.48982724379053,116.76327474885538,115.28827319441322,116.58004760742188,1994000
2023-05-08,116.13113531900424,117.12057166061888,115.77383750320809,116.68998718261719,2002100
2023-05-09,116.28687775897333,116.42430160724876,114.51870861831978,115.36156463623047,2745000
2023-05-10,116.68998865970838,118.21994997650069,115.71886523426821,117.3404541015625,2377100
2023-05-11,116.37848916315511,116.45178281282763,114.35379927120495,115.1966552734375,2373600
2023-05-12,115.29743579716046,115.63641369494397,113.81327778937116,114.67445373535156,1427500
2023-05-15,114.93095889577873,115.4165240313199,114.04229969861788,114.77521514892578,1510500
2023-05-16,114.58283652750698,114.58283652750698,110.88159110011131,111.08314514160156,3417400
2023-05-17,111.82522483759715,112.53982045133255,110.85410843838415,112.41156005859375,2684100
2023-05-18,111.64199107612203,113.16279578105001,110.92739550479843,111.8252182006836,2129100
2023-05-19,112.93376173819487,113.95068838597982,111.9901287382804,112.74137115478516,2135500
2023-05-22,113.09867557415836,115.15085589670556,112.21917271720987,113.81327819824219,2130800
2023-05-23,113.29106993067788,114.52787056959639,112.41156010912049,113.1811294555664,4400700
2023-05-24,113.13532746007272,113.13532746007272,110.24029796684918,110.8724365234375,2359800
2023-05-25,111.77025778383671,113.01622187240368,110.77165801605415,111.75193786621094,2709800
2023-05-26,112.2191655241965,114.82103409185378,111.83438435950784,114.47289276123047,2378200
2023-05-30,115.15084949843366,115.8287982690991,113.68500449530072,113.88655853271484,2723100
2023-05-31,113.88657197167777,115.59977450219401,113.0803627165531,114.10645294189453,14817700
2023-06-01,113.1353083777245,113.75829036455616,111.44959652492501,112.35658264160156,3082900
2023-06-02,113.60256326161874,114.8027171368019,112.62228335822212,114.44541931152344,3084500
2023-06-05,114.62864399735356,115.03174508079046,113.16279900049118,114.17972564697266,1977500
2023-06-06,114.92180835439692,116.47925988251058,114.10643576748643,115.27910614013672,2255700
2023-06-07,115.82879926952297,117.74355565182815,115.02259010257015,117.3221206665039,2952000
2023-06-08,116.97398786977307,116.97398786977307,114.16140871717091,114.4362564086914,2749500
2023-06-09,114.6103151713182,114.766058927985,110.92739680305947,111.13810729980469,3312600
2023-06-12,110.85408939555641,111.09229022243846,108.4995854623614,109.58980560302734,4551200
2023-06-13,109.54399861338096,111.25720074436221,109.02179366281797,111.17474365234375,2751600
2023-06-14,111.47709132559,113.24526045559406,111.00069657606066,112.01761627197266,2895300
2023-06-15,111.16872428512167,112.6358379934244,110.42132022715353,112.3128890991211,2686600
2023-06-16,113.40169440815149,114.80421835183213,112.94956595153678,113.15255737304688,5837200
2023-06-20,112.41438568410203,112.55279436119241,110.21831917498758,111.50089263916016,3971900
2023-06-21,111.1318090177176,111.78693589465996,110.42131444767982,111.36248779296875,2697000
2023-06-22,111.5285794600308,111.81461889546067,108.56666475974046,109.4893798828125,2707700
2023-06-23,109.28639985433884,111.002650835782,107.7454599888004,107.86541748046875,4297200
2023-06-26,107.67164076405419,109.93229022643312,107.66241164076557,109.81233978271484,2828900
2023-06-27,110.47668503241688,112.20215781101358,109.84923846572052,111.52857971191406,3670000
2023-06-28,111.36249748988638,111.70389760154076,109.78465537454841,111.27944946289062,3295000
2023-06-29,110.94727070681913,112.41439149621874,110.5135934480673,112.10989379882812,2925100
2023-06-30,113.07874551056956,113.38323616271367,110.64277805486877,113.15255737304688,6598700
2023-07-03,112.22984569401964,115.0718101603705,112.15603382925383,114.27827453613281,1481700
2023-07-05,113.72464816885606,116.20675430453387,112.66352428306112,114.40745544433594,4228600
2023-07-06,112.29444529983945,113.62315753848397,110.5689722541229,113.48474884033203,2740800
2023-07-07,112.42362590750949,113.06030170100506,111.67622878628173,112.5620346069336,2517800
2023-07-10,112.16524864732187,112.94956213751107,111.52857999637564,112.39592742919922,1989700
2023-07-11,112.77424531106863,113.89995890597302,110.9841756903349,113.69696044921875,2356900
2023-07-12,115.65310689375254,117.1202275588449,115.20097846729657,115.56083679199219,3743600
2023-07-13,115.65310762545434,117.3693582801336,114.4074436444149,117.13867950439453,2831500
2023-07-14,116.68655817228353,117.9875899256679,116.08679191093097,117.87686157226562,2655400
2023-07-17,117.94145825615676,118.79036160242015,117.28633129963063,118.08909606933594,2811600
2023-07-18,119.72229951427829,119.72229951427829,111.61163190472494,114.41668701171875,6395000
2023-07-19,115.72692959246736,116.63119351484012,113.12487321471095,113.29096221923828,3594100
2023-07-20,114.49971922498831,114.8134460356776,112.84806530666002,114.19522857666016,2709300
2023-07-21,114.49049866576185,117.34168512917093,114.27827108161028,115.74539184570312,3304800
2023-07-24,115.6808088918013,117.5815999795622,115.62544119193598,117.19406127929688,1952700
2023-07-25,116.85263626184835,118.70728848964053,116.85263626184835,117.27708435058594,2817700
2023-07-26,117.62772181172309,119.44546461080752,117.40626512330316,119.28860473632812,2778900
2023-07-27,119.95297120150931,120.19287207528656,115.21944494917803,115.2840347290039,2980000
2023-07-28,116.36360548444546,117.04641270879132,113.83536800205081,114.0937271118164,2318500
2023-07-31,114.48125709155444,115.93914857435456,113.8630396915499,115.10870361328125,2673600
2023-08-01,114.88726135045529,115.06257243589675,113.53086900019554,114.582763671875,2279200
2023-08-02,113.91840810200189,114.66580509799874,112.53433541918835,114.12140655517578,2096800
2023-08-03,112.88497109223806,114.42591078418307,111.26099745341313,114.24136352539062,2718200
2023-08-04,113.90919395001711,115.55163299620772,112.23908161265226,112.79270935058594,2045100
2023-08-07,112.93111380422063,114.97954269343539,112.68198379542133,114.8134536743164,1518100
2023-08-08,113.87228579019522,114.28750481275719,112.66352409562734,113.88150787353516,1369500
2023-08-09,113.61391584124586,114.44436089849498,112.89419913821597,113.1248779296875,2190800
2023-08-10,113.60469303796532,115.10871621451138,112.07298249322145,112.71888732910156,1590600
2023-08-11,112.34056562468284,114.31517541416605,111.95302696463645,113.96454620361328,1715900
2023-08-14,113.899964937397,114.5181824231526,113.36478843938848,113.93687438964844,1499400
2023-08-15,112.81114849082486,113.6600446811957,112.4051515998834,113.20791625976562,1458900
2023-08-16,113.24483995336159,113.4293801780447,112.11912627942299,112.43284606933594,1348700
2023-08-17,112.59893271904278,113.57700856085535,110.83655037918665,110.91036224365234,1736700
2023-08-18,110.01533431760129,112.41439238438151,109.6370177136558,112.08221435546875,1886800
2023-08-21,111.56549800186585,112.08221626017419,110.00610706406752,110.8550033569336,1743000
2023-08-22,111.52859053709925,112.08221825797749,110.50437608558323,111.6669921875,1468700
2023-08-23,112.56201396820865,113.84458740417291,112.19292651733774,113.55854797363281,2167700
2023-08-24,113.7246465044005,115.58852807983907,112.25753273993881,112.33134460449219,1887000
2023-08-25,112.6450755589474,113.8630593657222,112.03608013568078,113.18025207519531,2559800
2023-08-28,114.07527984680623,115.26558332258625,113.96455852611125,114.41668701171875,2106400
2023-08-29,114.3890054915826,115.66234994463754,113.27252093438605,115.43167114257812,1833500
2023-08-30,115.79152880895356,116.22520608055866,115.06258295409198,115.98529815673828,1849300
2023-08-31,115.67156443307005,116.17906054929563,114.31517212221031,114.60121154785156,3277600
2023-09-01,115.70847887248672,115.8653387552652,114.46281485318849,114.96107482910156,1591000
2023-09-05,114.64734082632998,114.87801958050771,112.44205249957147,112.61737060546875,2854100
2023-09-06,112.53433723546895,112.96801447611122,110.36595807201543,111.99916076660156,2786400
2023-09-07,111.676216928062,113.97377575140641,111.39017747544814,113.7800064086914,2531900
2023-09-08,114.03836754589724,114.20445656255107,112.45130332424307,113.01416015625,1758000
2023-09-11,113.30019534561146,113.30019534561146,111.66698557008297,112.71888732910156,1992800
2023-09-12,112.36825577594821,113.0972016277222,111.85153751737761,112.55280303955078,2275300
2023-09-13,112.46052464527969,112.79270267633575,111.60239923834459,111.86998748779297,1864700
2023-09-14,113.18946562126747,114.7488564755655,112.72810804683685,114.72117614746094,3375500
2023-09-15,114.01497106804528,114.57250717427551,113.24372602124348,114.46099853515625,4818500
2023-09-18,114.37735074640301,115.0928520167559,113.36450732158902,114.04283905029297,1654500
2023-09-19,114.07072915725837,114.61896401626895,112.68619013725306,112.96495819091797,1834000
2023-09-20,113.7826654690326,114.37736402573026,112.31450739495361,112.35167694091797,2497800
2023-09-21,111.2644978617234,112.21230365107458,106.3396495248327,106.44186401367188,3722800
2023-09-22,106.44183886188486,107.76132565591624,105.60554191870828,105.99581146240234,3612300
2023-09-25,105.41971210582145,105.83786419305692,104.43474392190157,105.23387145996094,3221000
2023-09-26,104.16527134358711,105.05731921588726,103.14313359966192,103.60774230957031,3179200
2023-09-27,104.19313593865529,104.66703875869345,102.99444474053851,103.37542724609375,3226600
2023-09-28,104.08163657858823,105.15023794095383,103.41259895730313,104.1931381225586,2177000
2023-09-29,105.96795616413394,106.05158232961941,103.56127934313403,104.26748657226562,3414600
2023-10-02,103.77498438656404,104.72278287706654,101.08025290154677,101.7492904663086,3570000
2023-10-03,101.2196502881168,101.39620386031132,99.3612155134075,99.890869140625,2466300
2023-10-04,100.64352832279857,100.85725143137276,98.84085149508321,100.74574279785156,2700300
2023-10-05,100.58778025062313,101.69355118894994,100.02095708806618,101.31256866455078,3377100
2023-10-06,100.36476046366039,101.98159654689874,99.3797853254459,101.20105743408203,2217300
2023-10-09,100.28113967438443,102.26966433466548,100.09529903093178,101.7121353149414,1818300
2023-10-10,101.58204962468314,103.49623527056642,101.00593226329865,102.52056121826172,2430400
2023-10-11,103.45906311490266,104.63917319665606,103.25464123959563,104.44403839111328,3561700
2023-10-12,104.0909277871714,104.4347407699395,101.76788433719611,101.88868713378906,2314500
2023-10-13,102.34400166496174,102.7063958760086,101.14531039405058,101.88868713378906,2578700
2023-10-16,102.70639242223335,103.11525032427718,101.30327224060945,103.06878662109375,3131800
2023-10-17,102.43692181875257,105.15024195183602,99.88157402792908,100.47627258300781,5379100
2023-10-18,100.00236837499752,100.5320219524061,96.8337339792027,96.99169921875,3734600
2023-10-19,96.14612523088323,97.13109340340311,94.8452194568177,95.31912231445312,6388500
2023-10-20,95.47707489103924,97.53064421558742,94.7801619356302,95.17972564697266,5620500
2023-10-23,94.15759732960258,95.33770026424149,93.45139014693484,93.67440032958984,3978700
2023-10-24,94.03678753114147,95.0403439123939,93.72085705335758,94.50139617919922,3050700
2023-10-25,93.56290132190779,93.74874196426904,91.29560862039698,91.75092315673828,4069000
2023-10-26,91.8252628133807,93.3770541636624,91.71375417365947,92.57792663574219,3501400
2023-10-27,92.18765490255846,92.24340567644897,89.7995665329133,90.43143463134766,4082900
2023-10-30,91.23986436775027,92.06686733729762,90.09692377636505,91.88101959228516,3588700
2023-10-31,92.7266120539011,93.70228614243298,91.82526997494784,93.61865997314453,4561600
2023-11-01,93.90671476008387,94.72443066661593,93.25626537022121,94.40849304199219,2585500
2023-11-02,96.61073465190695,98.0138549173141,96.41559984774297,97.30764770507812,4532300
2023-11-03,99.51917532787621,100.72716070115258,98.79438693965666,99.00811004638672,4562500
2023-11-06,98.83157366424508,99.94663182620907,96.48994159900705,97.50279235839844,3147300
2023-11-07,97.56781966433739,97.84658769912461,96.15541244185071,96.85232543945312,3092600
2023-11-08,97.21472575710685,98.01385327853107,96.97312725102448,97.6886215209961,2588600
2023-11-09,98.19039523465,98.19039523465,95.84877064242586,95.96956634521484,3350800
2023-11-10,97.01959122368238,97.33552173381288,95.30053337837039,97.1496810913086,2385600
2023-11-13,96.57355859867263,96.57355859867263,94.8916774789282,95.2261962890625,2473500
2023-11-14,98.49703609925456,102.1674416841881,98.18110561277506,101.5913314819336,5787500
2023-11-15,101.5077027837184,103.2174664186918,101.33115630545697,102.68781280517578,4620300
2023-11-16,102.88295005070242,103.34755874342461,102.24178778614865,102.46479797363281,3609900
2023-11-17,103.48693894442528,103.58915342019579,101.79576364899388,102.2789535522461,3125100
2023-11-20,102.07452605454553,103.21746653200101,100.99663759838486,103.14312744140625,3356200
2023-11-21,102.87365915418435,103.17100844338154,102.30683596393872,102.7807388305664,2717300
2023-11-22,104.2303171469116,104.2303171469116,102.92941133046739,103.64491271972656,2325300
2023-11-24,103.96084090736622,104.1002249362417,102.94799733697906,104.07234954833984,1284500
2023-11-27,103.87720662715813,104.53695008362871,103.384722574396,103.95154571533203,2770900
2023-11-28,103.08739301840407,104.20245119671682,102.47410605777515,104.17457580566406,3226900
2023-11-29,105.24316339578284,105.8657373445664,104.99227073086848,105.03873443603516,3241100
2023-11-30,105.06661502679393,107.07372808804655,104.35112072160835,106.79496002197266,8202800
2023-12-01,106.90646470570935,110.08438651226037,106.64627787864187,109.88925170898438,4159700
2023-12-04,109.19232870684789,111.8591778645875,109.08082007683936,111.8127212524414,5388600
2023-12-05,110.57685732350812,110.88350073013864,109.39675448651914,110.25163269042969,3727700
2023-12-06,111.12510796062722,111.4967963468541,110.13084560385595,110.62333679199219,2989100
2023-12-07,110.75342805475843,111.24591215971364,110.07509620967248,110.53041076660156,3072200
2023-12-08,110.17730213181467,111.43174415039908,109.68481806513357,111.36669921875,4257600
2023-12-11,110.98572305376932,113.85700127533943,110.94855350887758,113.36451721191406,5433200
2023-12-12,113.02069991150347,114.34019389186079,112.73264481132843,113.42955780029297,4197900
2023-12-13,113.69903632364762,120.26859566203802,113.48531321230317,120.09205627441406,5883200
2023-12-14,123.08414149859796,127.78597921501802,122.28501397747343,127.4142837524414,9543800
2023-12-15,127.40493040966723,127.8911984765309,124.73974533446732,125.5533218383789,8413600
2023-12-18,125.85258533089481,126.2546932903549,123.8046029755524,124.07579040527344,3805000
2023-12-19,125.21668292400993,125.88064625199154,124.55273386529673,125.076416015625,2613300
2023-12-20,125.2728061510468,125.75907428814482,121.93431098032076,122.00912475585938,3448200
2023-12-21,123.673684357703,123.78589787942332,120.84017878012276,122.46734619140625,3256400
2023-12-22,122.5701965791601,124.58076467109757,122.32704828966375,123.81393432617188,2361300
2023-12-26,123.8700632639806,125.1979754948923,123.8700632639806,124.80521392822266,1215900
2023-12-27,125.17928242852669,125.48788389441023,124.16931788634466,125.47852325439453,2714600
2023-12-28,125.40371618711671,126.45108041839288,124.82391304257386,126.42302703857422,1953100
2023-12-29,125.38502564045109,126.28276245105505,124.44052843425395,124.65560913085938,2938000
2024-01-02,124.22542453557172,125.97416617397654,123.53342209992282,125.8899917602539,2899100
2024-01-03,124.37504750835275,124.39375451841065,121.681808830728,122.05587768554688,3195000
2024-01-04,121.58830174264762,122.59826624196968,120.6531510139347,121.84078216552734,3613800
2024-01-05,120.83081695308474,123.4398808842057,119.9704658323923,122.09326171875,2393600
2024-01-08,122.34577770888578,125.00160248750426,121.85949531007994,124.53402709960938,3208700
2024-01-09,123.16870805625788,125.6187983853757,122.17743630327901,124.44051361083984,3109500
2024-01-10,125.6561899022124,126.23599301582499,124.46855883519852,124.88937377929688,2354000
2024-01-11,124.07577673344888,124.36568541024607,122.12131537296693,122.80398559570312,2787500
2024-01-12,124.04775374128698,124.34700886059798,122.13070592662008,123.01909637451172,2380600
2024-01-16,121.82209777431291,123.00038263631251,120.79342619451815,121.54154968261719,4001200
2024-01-17,119.64318900767185,121.13942164322955,117.2398518701856,118.63322448730469,3912900
2024-01-18,118.56775702080762,118.99792548270301,116.58523498653733,118.07212829589844,4062900
2024-01-19,118.68933796609844,120.51287917443267,117.88510770636272,120.11077117919922,3559000
2024-01-22,120.41000438647235,121.93430466188906,120.33519061481046,120.39131164550781,2280900
2024-01-23,121.37321596285568,121.560257538131,119.62448853432801,119.70864868164062,3426400
2024-01-24,121.41062435823285,121.41062435823285,117.18373894591133,117.30531311035156,3491500
2024-01-25,118.65193219404038,119.15691448755271,117.36142664482072,118.01602935791016,2590400
2024-01-26,118.66127037014887,119.08208532639406,117.60455265992485,118.64257049560547,2333000
2024-01-29,118.68932298395883,120.02659588077934,118.08147361303138,119.59642028808594,2553900
2024-01-30,118.79219082278203,119.42809357636968,117.42687167368014,118.32461547851562,2764300
2024-01-31,119.0727390347144,120.71859911169034,117.76352664217579,118.4742431640625,4811300
2024-02-01,118.39944223000143,121.99977848338489,118.01602698103223,121.98107147216797,3984000
2024-02-02,119.89567467128603,121.82208278434392,118.29656073387633,120.86822509765625,4195000
2024-02-05,119.20365951997616,119.77410201128379,117.90380063247412,118.67997741699219,3591800
2024-02-06,119.25976414145131,122.2709504489241,118.6986751647883,122.03716278076172,3764300
2024-02-07,121.85948237905018,122.54213837754199,120.40064960670408,120.71859741210938,3907500
2024-02-08,120.66248978500762,123.78588959757396,120.43804848731537,123.12194061279297,3261000
2024-02-09,122.86011376303044,124.15997277350222,121.99041611958958,123.8887710571289,2870400
2024-02-12,124.37504652457254,125.52527792184846,123.25286850752768,123.48665618896484,2523800
2024-02-13,120.40064921843012,122.4953918640985,118.98856970368554,122.39252471923828,4759100
2024-02-14,122.44863135981021,123.27156851790717,120.84951743110211,122.03716278076172,4294100
2024-02-15,123.15933977209356,124.55271940039376,123.15933977209356,124.46855926513672,3409200
2024-02-16,123.38379558214207,125.47852418658375,122.80400666759387,124.73976135253906,3421200
2024-02-20,123.76719613738547,125.25408226911347,123.03777976071639,124.70234680175781,2995200
2024-02-21,124.59948672694745,125.76842512373155,124.40309879781,124.76780700683594,2436400
2024-02-22,124.8519826793593,126.09573500058237,124.35635387900408,124.78652954101562,2946900
2024-02-23,124.82391444219495,125.49722410392714,124.42180648077391,124.5714340209961,2131800
2024-02-26,124.20671030153719,124.58076483612052,123.00035802936408,123.96356201171875,2000500
2024-02-27,124.60882643574443,125.74036502181843,123.20610043459158,123.89811706542969,2976900
2024-02-28,123.45860185747911,126.34821415315363,123.37442744816687,125.30084991455078,2478800
2024-02-29,126.32015337736563,126.89994222275145,124.37503828436579,124.62753295898438,5131300
2024-03-01,124.4124450107312,125.99285200426772,121.7846737811661,125.87129211425781,2786500
2024-03-04,125.55333023493742,125.87129232363287,122.46734428161034,124.94548797607422,3316200
2024-03-05,124.42179131892779,125.04834051433178,123.23414605069873,123.85134887695312,2328800
2024-03-06,124.4872593694897,125.1792760397222,123.83265671887388,124.44985961914062,2245500
2024-03-07,125.34758905302768,125.8338713949785,123.41183459348645,124.13190460205078,2080400
2024-03-08,125.06706174074826,126.6474544626572,124.77715303296058,126.3108139038086,2942200
2024-03-11,125.95545181325953,126.95605565612031,124.51531172449312,125.42240905761719,2068900
2024-03-12,124.93614906797443,126.24535444338363,124.17866495512867,125.84324645996094,1729200
2024-03-13,125.97415200660586,126.49783409445149,124.09449004290751,124.68363952636719,3061400
2024-03-14,124.29087919275673,124.54335960022834,121.10201197782848,122.27095031738281,3076000
2024-03-15,120.40566976735226,122.74199362541054,120.00058037110907,121.54557800292969,6698800
2024-03-18,121.33830551983868,122.28978858769678,120.47159789566166,120.71653747558594,2274300
2024-03-19,120.66002283187508,121.38541892625,119.60490450705957,120.44334411621094,2641200
2024-03-20,119.83098593608909,121.79990360732266,119.3411139870555,121.24408721923828,2565700
2024-03-21,121.49845762754583,122.873868252206,120.87668957128602,122.36515808105469,3020100
2024-03-22,122.65720796492354,122.65720796492354,120.59407746419059,121.16873931884766,2738500
2024-03-25,121.43250930437226,121.47020005870529,119.74621460564913,119.76505279541016,2472700
2024-03-26,119.19039345509937,119.70853352686574,117.82439826575987,117.89034271240234,3567300
2024-03-27,119.5672229078188,121.61150795760638,119.49185577179018,121.39483642578125,3202100
2024-03-28,121.91297579629993,122.97750244636737,121.620937130136,122.6760482788086,3676100
2024-04-01,122.67604331563075,123.19418336760951,120.06651205370909,120.50928497314453,1762900
2024-04-02,119.5295389599268,119.78390124636353,117.60772012173918,118.30485534667969,3187400
2024-04-03,117.8243954110717,119.3222866448104,117.4004678625562,118.7853012084961,3585000
2024-04-04,120.81075837586347,121.25353131315684,117.11784779375606,117.46641540527344,4335800
2024-04-05,116.8446445171104,117.68308411500932,116.10983293130285,117.51351165771484,5099600
2024-04-08,117.96571061717053,118.97372270093999,117.51351498909752,118.86067199707031,2821600
2024-04-09,119.04908546972378,119.45417482613959,118.3142667026351,118.9454574584961,2965800
2024-04-10,114.73441957025447,115.00762005032468,112.21910067818831,113.6322021484375,4753000
2024-04-11,114.19744479588259,115.22429511241863,112.00242538657136,113.28363800048828,4098100
2024-04-12,113.03870122318456,113.49089688129386,111.63502236374286,112.1060562133789,3735300
2024-04-15,112.97275286727036,113.02928181470917,108.5167768286642,109.08201599121094,3993800
2024-04-16,108.93127406213797,109.20447452878112,107.36744558270439,108.09283447265625,5666400
2024-04-17,102.4027464510984,105.04053863712747,99.44465472725155,100.3207778930664,11034000
2024-04-18,99.82149146716058,100.13237552951803,97.59821114605661,98.62506866455078,6310200
2024-04-19,98.57794698145233,98.79462567848603,96.58076120572525,97.49456787109375,6932200
2024-04-22,97.7866296050823,98.51201856769289,96.60904498646332,98.05040740966797,3673000
2024-04-23,98.48375751428281,99.49176965855834,98.04098454847286,98.7569580078125,4232300
2024-04-24,97.76778434616486,98.53085687999604,96.467733513081,97.20254516601562,4819700
2024-04-25,96.1003265389437,98.04098366966221,95.75175890810145,97.3626937866211,3798800
2024-04-26,97.43805515696509,98.56853343682604,96.8068715704995,98.03155517578125,4037600
2024-04-29,99.35045651102197,99.4540845306483,98.12577284142913,98.92652893066406,2840500
2024-04-30,96.57135838121988,97.98445987915295,96.09090185944899,96.13800811767578,5607900
2024-05-01,95.9590060487911,98.09749633248944,95.74232733892478,95.97784423828125,5526200
2024-05-02,97.79602209789012,98.51199539003173,95.25244279508269,98.47431182861328,5836200
2024-05-03,100.56571766239789,101.81866931234934,99.2939278226496,99.75553894042969,3517600
2024-05-06,100.21715120442406,100.443252609005,98.16344349761668,98.60621643066406,4259700
2024-05-07,100.31136647278875,101.73388344848206,99.36929882336793,101.5172119140625,4088000
2024-05-08,100.75412870024768,101.11211899442358,99.19972288309312,99.7461166381836,2947700
2024-05-09,100.3302075625605,102.08245401611038,99.89685729379309,101.8846206665039,4208800
2024-05-10,102.17664695651878,102.22375320960134,100.78239098909859,101.2628402709961,2872800
2024-05-13,102.04477149916157,102.69480050272081,100.99907579230802,101.44184875488281,3043100
2024-05-14,102.55348101913764,103.49554863299161,101.78098586327359,102.007080078125,3727300
2024-05-15,104.19268861882809,105.02171281415288,103.03394934568105,103.61802673339844,4347500
2024-05-16,104.14557175240397,105.41736152238154,103.81584235610174,104.37166595458984,4232400
2024-05-17,104.6919901939631,105.07824143515732,103.83471224842083,105.04055786132812,3260600
2024-05-20,104.73908384233508,106.48190759442441,104.22094374885172,105.55868530273438,3941400
2024-05-21,105.06880355841389,105.2477987113793,103.39192429612454,104.19268035888672,2524900
2024-05-22,103.74048617455824,104.94633154647202,102.28027852698446,102.89262390136719,3158100
2024-05-23,102.86437023308427,103.06220357946043,99.29393293441548,99.52002716064453,4364600
2024-05-24,99.81206553437701,99.9816380003884,98.46490849534368,98.68158721923828,3107600
2024-05-28,99.61423470075408,100.07585303995238,98.32360657611363,98.91710662841797,4857000
2024-05-29,97.67357757544268,98.99247376796946,97.11775390550805,98.91710662841797,2945800
2024-05-30,99.78380560036196,101.4324240182183,99.2939335758004,101.33821868896484,4325700
2024-05-31,101.5077944427431,104.2492148934255,101.3287992801827,104.08905792236328,14977800
2024-06-03,104.35283354370874,104.56951227213666,100.76355799001342,101.17807006835938,3262400
2024-06-04,100.33019869042634,103.50496906743909,100.33019869042634,102.46868896484375,5538500
2024-06-05,102.685369278068,103.09988132558223,101.29110605568721,102.4404296875,2824700
2024-06-06,101.73387555006784,103.85352759669918,101.36646977031083,103.63685607910156,3144300
2024-06-07,101.79040966224349,103.89121643910698,101.55489275621092,103.81584930419922,4786900
2024-06-10,103.43902440458268,104.88038666935483,102.75131190044289,104.72965240478516,5780800
2024-06-11,104.49413768849607,105.86014003690704,103.70280434520045,105.11590576171875,7061100
2024-06-12,107.45222743644995,109.2704181797702,105.9260825346096,106.27464294433594,4650500
2024-06-13,106.67974668593642,106.86816454253142,104.9934446032944,105.86956787109375,3122200
2024-06-14,105.45504494243477,105.92607872232786,104.02309822661292,105.7847671508789,3672400
2024-06-17,104.9866146867468,106.43090924698222,104.5590315830385,105.73726654052734,2696200
2024-06-18,105.73726586002611,106.42140462106278,104.50202176316137,104.56853485107422,4337100
2024-06-20,103.95089842789264,104.69204625924245,103.3807852691145,103.72285461425781,4760600
2024-06-21,103.93189696507531,104.48300952732076,103.05772291768207,103.9509048461914,6708800
2024-06-24,103.99839996099348,107.51411093999457,103.86537380361644,106.06981658935547,2924200
2024-06-25,105.96530745784415,105.9748113985974,104.18845475427334,104.35948944091797,2929900
2024-06-26,103.53281736378054,105.76576491215303,103.19074800111945,104.91059875488281,3385000
2024-06-27,105.01510408874186,106.41188599148907,104.41648638015673,105.80376434326172,3174300
2024-06-28,106.34538370116265,107.12454009508326,104.86308793940698,106.71595764160156,5436400
2024-07-01,106.42139856108048,107.92270217349036,105.64224218301929,106.37388610839844,2405800
2024-07-02,107.03903176399996,107.90370191874027,105.51872741269948,107.57113647460938,2945400
2024-07-03,108.02723596202432,108.67336624475813,107.2765840710995,107.65666198730469,1339500
2024-07-05,108.01771750659138,109.21496024448437,107.4571010244055,108.75886535644531,2252300
2024-07-08,108.92040069383468,109.46200931848084,108.1412442996177,108.71136474609375,2185700
2024-07-09,109.05343526815375,109.34799945469992,107.20056542247815,108.74937438964844,2196100
2024-07-10,109.28147646890066,110.83978923631186,108.6353462544095,110.73526763916016,2998300
2024-07-11,112.5786371143961,114.84008916988442,112.18905531000394,114.41250610351562,4242900
2024-07-12,115.92331071142215,116.50292784492986,113.87089451748349,114.16545867919922,4003400
2024-07-15,114.35549593702119,115.3056870245733,113.21526953171171,115.10614776611328,3264700
2024-07-16,116.08484330255193,116.08484330255193,114.87810381237647,115.43871307373047,4508600
2024-07-17,118.2417743530462,122.7266771844108,115.81878432146452,117.07303619384766,8941300
2024-07-18,116.39841037070009,120.97833120714742,115.99933184642386,116.51243591308594,4631900
2024-07-19,116.83549168748415,117.6146480655072,115.57173583978138,117.58614349365234,3485200
2024-07-22,118.44132535398693,120.91182083271592,117.39611656483808,120.35121154785156,6266100
2024-07-23,119.68605811983863,120.2846758432109,118.39379777308845,119.42000579833984,3708200
2024-07-24,119.16346318505819,120.62675102413485,116.73096916492949,116.94951629638672,4082500
2024-07-25,117.576648888345,118.04224776354896,114.26998780176353,114.4315185546875,3402100
2024-07-26,115.14415611967414,117.13005201019715,114.39350429162425,116.56944274902344,3373900
2024-07-29,116.76898383466398,118.23227900028937,115.33419324217044,117.77618408203125,2376300
2024-07-30,117.89971429518904,120.3892103558982,117.40561085989978,119.8095932006836,2663900
2024-07-31,119.81909639194603,122.13755774891646,119.01143540593402,119.77159118652344,3960100
2024-08-01,121.4724243570488,123.20177908446998,119.54353762185765,121.35840606689453,3871100
2024-08-02,120.81679133575369,122.05203532943254,116.32238455845018,117.8046875,5728500
2024-08-05,114.02293205823536,116.99702759297652,112.62614998062072,113.01573181152344,5157400
2024-08-06,113.03471931439479,116.22736162113853,112.19855385286931,115.02062225341797,4016200
2024-08-07,116.91151029560935,117.8902059392554,114.02292856861195,114.16545867919922,2967000
2024-08-08,114.59303813310416,116.41740319258344,113.76637656676198,115.91380310058594,2806500
2024-08-09,116.25587592829304,116.52192826790869,114.41251018264924,115.82829284667969,1901800
2024-08-12,114.66906191130974,114.86860117181537,112.8351928035587,114.013427734375,2836800
2024-08-13,115.23917377842089,116.8449990339569,114.39350429162425,116.56944274902344,2719500
2024-08-14,116.6549421687973,118.14674170135918,116.16084605424548,117.27256774902344,2182300
2024-08-15,117.9377251953973,119.12546410316418,117.04454321695405,118.55534362792969,2792300
2024-08-16,118.19425969263959,118.46031201675103,115.99932076933806,116.73096466064453,2899000
2024-08-19,117.006527195023,118.68836944017099,116.7594754882307,118.48882293701172,1664900
2024-08-20,118.48881775441592,118.68836424884721,116.67395666884637,117.96621704101562,2108400
2024-08-21,118.07075491688528,118.93542509801257,117.19657354500016,118.27029418945312,2086400
2024-08-22,118.8499046839999,119.7620872712724,118.27028753228775,119.705078125,2770000
2024-08-23,120.39870015372506,122.9262044317373,119.90460402585941,122.44161224365234,2938700
2024-08-26,123.42982063619898,123.49634097397842,122.14707132400198,122.47962951660156,2278600
2024-08-27,121.80499585605926,122.82169276387977,121.80499585605926,122.51763916015625,2042700
2024-08-28,122.25157707507262,122.76467383366636,119.248970046781,120.57923889160156,2501000
2024-08-29,120.57925552971246,120.66476925148368,118.43182155173369,119.08745574951172,2419900
2024-08-30,119.73357902568048,121.59595265707887,118.87840561091018,121.45342254638672,3618000
2024-09-03,120.23718421646129,122.60315805618421,120.07565346722743,121.97602844238281,3526200
2024-09-04,122.20407344527558,123.98092609715789,120.88330844492293,121.88101196289062,3091500
2024-09-05,122.64116336504428,122.83119867154478,120.51273023545087,121.0638427734375,2402700
2024-09-06,121.14936303881962,121.83350177823417,119.77158886871943,120.89281463623047,2484100
2024-09-09,121.19687707970301,124.579555058455,120.72178153215323,123.76239013671875,3599400
2024-09-10,124.64606353113024,125.96684310005858,123.95242807669644,125.8052978515625,3029800
2024-09-11,124.19948883926394,124.81710727354893,121.9950384607854,124.18048095703125,3890300
2024-09-12,124.57006679836063,125.10217152782846,121.96653780201706,123.80039978027344,5557000
2024-09-13,124.6555741100126,125.79580054289343,123.21127956235514,123.5058364868164,3689400
2024-09-16,124.28121915879395,124.5971170969414,122.7591774077031,123.75472259521484,3864300
2024-09-17,123.70685826157685,124.4918194407481,122.49113977584905,123.36224365234375,3171100
2024-09-18,123.31438115846123,123.79301170553184,121.26583569794228,121.59130096435547,3498600
2024-09-19,123.3143872169901,123.9748851348164,121.85934619254755,123.008056640625,2604400
2024-09-20,122.23268015297091,122.46242078699588,119.88738592330714,120.10755920410156,8581000
2024-09-23,121.18926276455959,121.7349013397914,120.5766161995036,121.21797943115234,3386200
2024-09-24,121.00738894799011,122.06994213591052,120.39473507536,121.2658462524414,3979500
2024-09-25,121.31371679495288,121.78277274461658,119.44705304671635,120.0309829711914,3421700
2024-09-26,120.50961146806922,121.01695873378753,119.52363360400183,119.87782287597656,3235800
2024-09-27,120.60533329852775,121.87849241307465,119.92567874121072,120.22242736816406,3775200
2024-09-30,119.44704287243265,121.02652520076505,119.23644425487862,120.8829345703125,3608400
2024-10-01,121.2275483026973,121.30413094550548,118.20260694500188,119.28430938720703,3401500
2024-10-02,117.32192262220777,118.93969628091901,116.73799274432938,118.87268829345703,3848800
2024-10-03,118.44191600968307,118.46105801771903,116.30722059921504,116.82414245605469,3400500
2024-10-04,116.39338345453419,117.53252659661904,115.21595629214616,117.18791198730469,2774000
2024-10-07,116.17321363765126,116.52740289201029,114.21082536069055,114.871337890625,3186500
2024-10-08,115.14893486826118,115.5222661009114,113.16740474753219,114.23953247070312,3035400
2024-10-09,113.13869613768576,114.36398922471544,112.86108953151138,113.76091003417969,3661700
2024-10-10,113.01423965278204,114.04808336177992,112.44945912674872,113.22483825683594,2767100
2024-10-11,113.70347386972479,115.27338151127763,113.10040199753941,115.10107421875,2712000
2024-10-14,114.90962809946696,115.79988125162531,114.39270620756957,115.31167602539062,1979000
2024-10-15,115.57971358272687,117.79099188922099,115.57971358272687,116.20193481445312,5453600
2024-10-16,117.78141278967085,122.19438727608384,116.5656870391317,121.54344940185547,5565200
2024-10-17,120.65320412409598,121.49559136206848,117.45594787597656,117.45594787597656,5446800
2024-10-18,117.75270110175052,118.07816640096242,116.41253397423318,117.26449584960938,3690900
2024-10-21,115.56056566730012,116.26893686399569,112.54519162403845,112.73664093017578,3866200
2024-10-22,112.33459464840843,114.48843223891046,112.33459464840843,113.85664367675781,3374600
2024-10-23,113.84707295543753,115.93390262961034,113.81835628843659,115.6658706665039,4133100
2024-10-24,114.91920938191004,115.96262057887238,114.6798940831583,115.24467468261719,4332900
2024-10-25,114.67988401857282,115.18723123886873,112.42074721235797,112.51647186279297,3247300
2024-10-28,113.37801205523229,113.72262665079955,112.09527832654906,112.77493286132812,3648500
2024-10-29,112.74621098355713,113.09082556319356,110.38177490234375,110.38177490234375,3595700
2024-10-30,110.94657097562755,112.24844675006035,110.39135774467056,110.91785430908203,3780200
2024-10-31,110.24775572406315,110.73596091489252,108.03648498852452,108.11306762695312,5021300
2024-11-01,109.90315550831212,110.4392267440033,108.53427170673848,108.55342102050781,3941700
2024-11-04,109.16605881932475,110.17117861165654,108.28538034318944,108.9937515258789,2439800
2024-11-05,108.15136485736285,109.53939056396484,107.60572630955043,109.53939056396484,2370200
2024-11-06,110.7646890340521,110.7646890340521,106.63889573103216,108.8788833618164,5768000
2024-11-07,109.280937710634,109.78828495773537,108.5342678698166,109.32879638671875,3035800
2024-11-08,109.60640327702349,111.0422950230107,109.07033936225166,110.87956237792969,3250900
2024-11-11,110.77425343403051,111.5017739003381,108.9363139117695,109.2234878540039,3547000
2024-11-12,108.94588493343913,110.19990195772826,107.66315854761436,107.93119049072266,2708100
2024-11-13,109.05119279231293,112.13357498643504,108.9937594580921,111.58793640136719,4772300
2024-11-14,111.42519302329217,111.71236697006829,109.38622221490114,109.84571075439453,4757000
2024-11-15,109.47238334067691,110.06588787009153,107.85460969495381,108.57255554199219,3889000
2024-11-18,108.02691937829596,109.78828369302602,107.60572943831596,109.74999237060547,2411400
2024-11-19,108.9554704397979,110.50623622648624,108.06521722391962,110.20948028564453,2950800
2024-11-20,109.52982512309323,109.81700640539766,108.74487122856098,109.64469909667969,2821800
2024-11-21,109.61597431709889,110.07545557079447,108.74486318101162,109.09905242919922,2626500
2024-11-22,109.43409560553252,110.9848613151541,109.08948100339438,110.85084533691406,2432900
2024-11-25,111.54006132784289,114.35441132840971,111.34861202716492,113.02381896972656,9970700
2024-11-26,112.57390071627101,113.02381458908116,110.58279593177274,111.20501708984375,3367200
2024-11-27,112.12399508405794,113.64604409961285,111.92297112036634,112.76536560058594,2655000
2024-11-29,112.88023281286794,113.55031999842316,111.67408902484988,111.78895568847656,3124300
2024-12-02,111.13801958603248,111.65494149055543,109.91272646567725,110.88912963867188,3386500
2024-12-03,110.99442950842116,112.09528131228728,110.64981490367485,111.42520141601562,4520300
2024-12-04,111.40605589903407,111.40605589903407,109.48196614417941,110.13290405273438,3761300
2024-12-05,109.16606547730247,109.50110542851364,108.06521366333163,108.92675018310547,2510200
2024-12-06,108.189644670907,109.54896096285665,106.94520964173716,107.21324157714844,3650800
2024-12-09,108.17050566718203,110.5157924704954,107.69187511113256,110.48707580566406,4717100
2024-12-10,110.18075852141861,110.33392381326159,107.74931428833442,108.31410217285156,2908100
2024-12-11,108.20880106823756,109.20435353875797,106.53359405889823,107.17495727539062,2804200
2024-12-12,106.84950293563648,108.48641879032536,106.54317962896938,106.87821960449219,2868200
2024-12-13,106.36128249077831,106.94521235200364,105.90179394462687,106.38042449951172,4741200
2024-12-16,106.50597226284276,107.49088369683109,104.78719340566713,105.12516021728516,5586800
2024-12-17,104.73891769469553,106.03282167336288,104.21749139424405,105.12516021728516,4687400
2024-12-18,104.75822396027638,105.36655831283682,100.26817039906854,100.33576965332031,5422600
2024-12-19,101.03100178324986,101.31102743347351,97.88314247445334,97.912109375,7786700
2024-12-20,97.3520533866631,101.20480568007841,97.3520533866631,99.76605987548828,11067200
2024-12-23,99.41844234144446,100.82822124673679,99.0321998298798,100.55785369873047,4626200
2024-12-24,100.17160944468031,101.19515318756659,99.88193309126811,101.09858703613281,1883700
2024-12-26,100.41300794432662,103.77330808765224,100.00745663803505,103.2132568359375,4799000
2024-12-27,102.50837801762957,103.54157252980099,101.20480858270612,101.6200180053711,3655100
2024-12-30,101.25309020019043,101.84210838121837,100.06539574929187,101.48483276367188,4038500
2024-12-31,102.44077049951898,102.74977038631367,101.18549161074802,102.0641860961914,4602700
2025-01-02,102.7304598247626,102.90426858710296,100.2102364543091,100.6737289428711,4180100
2025-01-03,100.91512712147966,102.28628100916775,100.07505022957683,101.99659729003906,3558800
2025-01-06,102.83667284447795,105.09617930322851,102.11247092303796,102.99117279052734,4450200
2025-01-07,103.83124467891416,104.5651047055046,102.42146579030826,102.91392517089844,4958800
2025-01-08,102.74977273430225,102.9621991108837,101.30136888318637,101.8710708618164,3571500
2025-01-10,100.42266449487794,101.38826703809792,99.93986322326795,100.02676391601562,4230700
2025-01-13,100.0267656879657,101.83244512788085,99.67915554385443,101.74554443359375,5774700
2025-01-14,101.94832372540738,104.84513150976055,101.74554806453823,104.40095520019531,4444400
2025-01-15,107.65502867306428,108.14748804745858,104.03401902861812,104.1402359008789,4571000
2025-01-16,104.49751381590892,107.23982164448323,104.0629882287865,107.11429595947266,5499800
2025-01-17,107.37500259163382,107.77090318057057,105.65623119967896,105.71417236328125,5270800
2025-01-21,106.46734476088804,113.83488994831328,106.38043669604912,113.23621368408203,8040000
2025-01-22,112.26095062188865,113.43898687063664,110.58079693910257,111.16981506347656,5429500
2025-01-23,111.32432362209614,114.50115703114012,110.56149669102209,114.46253204345703,4788700
2025-01-24,114.45286883553308,115.93989764348612,113.17827376685375,114.839111328125,4165800
2025-01-27,113.93144864853011,117.89041783295802,113.93144864853011,117.07931518554688,5253400
2025-01-28,116.93446654595098,117.37864283193113,115.68883838078455,116.07508087158203,3494600
2025-01-29,116.35511506192441,116.84757445813125,114.38528484406038,115.07086181640625,2758100
2025-01-30,116.62547227089848,118.04490916720592,115.27362725694081,116.49994659423828,2844000
2025-01-31,115.65021188123116,116.53857180852623,114.37561683515692,115.14810180664062,3753700
2025-02-03,112.03886750194704,114.43356517009391,110.52287172812055,113.78660583496094,3704000
2025-02-04,112.26095197687935,114.72323400329587,112.18370200656223,114.24043273925781,2273400
2025-02-05,115.33157615033569,115.33157615033569,113.44864667242028,114.69427490234375,2797800
2025-02-06,115.12880018880493,115.12880018880493,112.82100321825962,114.46253204345703,3476400
2025-02-07,114.69427328796132,115.12879886919323,112.97550187406148,113.31346130371094,2873000
2025-02-10,113.98938085259003,115.47640225593942,113.58382219380485,115.36053466796875,2768800
2025-02-11,114.90670503940413,117.96766339717261,114.90670503940413,117.5814208984375,3673500
2025-02-12,114.53977810061625,116.49995011495963,114.53977810061625,115.65021514892578,3374700
2025-02-13,115.78541138406938,117.28209099495048,114.72324262974726,116.7413558959961,2443800
2025-02-14,117.51383017155514,118.39253204900953,116.49995189021891,116.69306945800781,2101300
2025-02-18,116.60616818594798,117.62970455070094,116.1137088134697,117.13724517822266,2151200
2025-02-19,116.57719925418127,117.9580111971509,115.92058922465104,117.44623565673828,5276400
2025-02-20,117.44624166899546,117.44624166899546,116.04612084479004,116.7413558959961,2484700
2025-02-21,117.12758766983238,117.27242215308394,115.51502587566065,116.8089370727539,3152000
2025-02-24,116.9537862572568,117.88076384301107,115.85299991373842,116.57720184326172,2708500
2025-02-25,117.11793724389656,118.83670864924179,116.78962853746897,118.39253234863281,3732700
2025-02-26,118.72083500190696,119.1843274846507,117.58142365574851,117.95801544189453,2324900
2025-02-27,118.04492507601275,119.73472972945261,117.32072308168138,118.54703521728516,2293300
2025-02-28,118.61461814205117,119.97612132461362,117.7166148092501,119.657470703125,5562200
2025-03-03,119.88922651683708,120.69067110378552,118.51806517831385,119.2905502319336,3184000
2025-03-04,118.85600900881806,119.8698945875976,117.39795452797223,117.59107208251953,3242400
2025-03-05,116.70272942152397,120.38167292584123,116.37442071065237,119.77334594726562,4300600
2025-03-06,118.62427712710121,119.23261147580631,115.61160175051651,116.16199493408203,4080200
2025-03-07,116.5965106448852,117.26277877742699,113.98938664557357,115.78540802001953,4004300
2025-03-10,115.34122106840196,116.00748918196633,113.24586531355168,113.8155746459961,4238600
2025-03-11,114.74255293394322,115.00326238131896,111.55606156800991,113.14930725097656,5521700
2025-03-12,113.5934884052433,113.95076401661561,111.68159939737554,111.74919128417969,3608400
2025-03-13,111.73952634776568,112.43476135055262,106.33215363392446,106.56389617919922,4802800
2025-03-14,107.91574171717733,108.42750988363909,106.69908045646267,108.04126739501953,4732700
2025-03-17,107.66468895084495,111.03463993238628,107.6550308621804,110.5035629272461,3436100
2025-03-18,110.92247189662775,111.05885937493953,108.75974555116932,109.48065185546875,3464200
2025-03-19,109.36374611408877,110.80555863784143,108.81818880038587,110.05542755126953,4121100
2025-03-20,109.71446315117576,110.98091934354966,108.81819304107859,109.17864990234375,3344200
2025-03-21,108.39928797284269,108.77923301143457,105.14546182219898,105.62281799316406,7526600
2025-03-24,106.46062452215399,107.58095653179977,105.33055585940214,107.41534423828125,5379400
2025-03-25,107.23025114023739,107.59070800903517,105.62281879271018,106.41192626953125,3467100
2025-03-26,106.77236817273156,108.70128834018645,106.65546887519828,108.26289367675781,3246100
2025-03-27,108.36031968318952,109.4319386952315,107.73682455516695,107.8927001953125,2825100
2025-03-28,108.13625422068893,108.74026119926478,107.09385999532341,107.6004409790039,3660200
2025-03-31,107.46405613116741,109.31503859101107,107.25947491549586,108.90587615966797,5071200
2025-04-01,109.63652073374149,109.83135785284813,107.24972514560703,108.57463836669922,3359900
2025-04-02,108.57464305538501,109.64626955442762,107.31793094752594,109.44168090820312,3230800
2025-04-03,105.32081604390773,106.55804740146606,98.56960632043135,98.96902465820312,7613200
2025-04-04,96.78681664365655,97.73179230278322,92.88027061989283,95.69571685791016,12661100
2025-04-07,94.15648036179779,96.61146236581925,89.30495857311729,92.08142852783203,12717900
2025-04-08,94.55589576644638,95.0722208292127,86.04138569233827,87.4442367553711,8177500
2025-04-09,85.68093084248419,96.26074884739505,83.14801103371111,95.68597412109375,17532000
2025-04-10,94.02982331592295,94.95531819461466,90.4447653949426,92.44187927246094,17204000
2025-04-11,91.60406896062483,93.92267083494265,90.13302417051895,93.747314453125,6480100
2025-04-14,95.12092493552176,96.81603152321328,94.37079390988097,95.76390075683594,6844900
2025-04-15,96.30945588079963,96.93294356642109,95.56906146691432,95.93926239013672,6702200
2025-04-16,97.12777831553832,99.28076777141341,95.45215984658797,97.70256042480469,7334600
2025-04-17,98.47218488390564,101.00510460891168,98.39424706281383,99.46586608886719,6213100
2025-04-21,97.91688979550149,98.39424593724868,94.5948626769222,96.08538818359375,4801500
2025-04-22,97.63437619025918,98.49166996236158,96.22178099283128,97.371337890625,4794400
2025-04-23,99.59251249976558,102.27156366264299,98.36501788583966,98.86186218261719,6911200
2025-04-24,99.32947725485269,101.04407213253958,98.36502088789865,100.693359375,4602300
2025-04-25,100.70310038010487,100.82974375934693,99.35869903980891,99.60224914550781,2828200
2025-04-28,99.67044390941015,101.41426357617031,99.25153742596989,100.65438842773438,3149600
2025-04-29,99.92374602480767,100.99536509941804,99.41716502987624,100.44007110595703,2520500
2025-04-30,99.79709929368015,100.41084291878461,97.63437304441709,99.56328582763672,7712300
2025-05-01,100.61542275213796,101.7747236829409,99.32947843671205,100.42058563232422,3956100
2025-05-02,102.45666199881921,103.18731235383467,101.71627499051326,102.69047546386719,4193700
2025-05-05,101.90136398168868,103.28472681512913,101.68703869684815,102.61253356933594,3246600
2025-05-06,102.01828038328857,102.78789969157587,100.9271731172559,101.803955078125,6505100
2025-05-07,101.80394795015587,103.28472937728644,101.51168483947606,102.33001708984375,4741200
2025-05-08,102.45665825682424,103.6841528895355,100.7810323146443,102.76840209960938,3514500
2025-05-09,102.96324583152668,104.51222094769454,102.52485117846373,104.15177154541016,5506200
2025-05-12,108.08754295167064,110.03594395977689,107.16205544584416,107.4835433959961,10025000
2025-05-13,107.35688169681686,107.6588888766164,105.70074398074138,106.86978149414062,4533900
2025-05-14,106.04172526104655,106.35346913057207,103.92771191355916,104.823974609375,7699900
2025-05-15,104.70707535633333,106.6847012264333,103.86926231295698,106.41192626953125,3163500
2025-05-16,106.51907920043003,107.77579873849413,105.95404855865546,107.69786834716797,2768400
2025-05-19,106.00275527981384,107.96090038908108,105.55462393642293,107.7952880859375,2880300
2025-05-20,107.09385753255107,107.85373270687735,105.67152574399374,105.92481994628906,2689400
2025-05-21,105.05777234027812,105.40848509481285,101.6675589565219,101.96955871582031,2861600
2025-05-22,102.06697929350467,103.14834240262556,101.12201108723264,102.37872314453125,3492800
2025-05-23,101.63833873568355,102.15466380531122,100.36213104177529,101.35581970214844,3075500
2025-05-27,102.67098523734805,104.12254183247778,101.75523443230372,103.86925506591797,4067300
2025-05-28,104.13228638713969,105.21364949039574,103.7328680641905,105.13571166992188,4580500
2025-05-29,106.07095014084356,108.50645144541201,105.58384987992987,106.41192626953125,4585600
2025-05-30,105.90533464584816,106.27552815726987,104.01538331201324,105.79817199707031,7261600
2025-06-02,105.07726756097513,105.94430541992188,103.41138558145184,105.94430541992188,3958700
2025-06-03,105.52539904118946,106.70418076744673,104.96036096106481,106.20733642578125,3423200
2025-06-04,106.07094798285988,106.31449810836176,105.48642916816735,105.63256072998047,2436300
2025-06-05,105.70074853262231,106.18784875627495,104.60964135591897,105.03829193115234,2632800
2025-06-06,106.09043901990687,107.18153885478003,105.35978862367136,105.9832763671875,3644400
2025-06-09,106.45088402202165,107.22050329922173,105.69100883081546,106.11965942382812,3032300
2025-06-10,106.1878583573507,107.16205889273924,105.38901421563452,106.66521453857422,3771600
2025-06-11,107.17179706669896,107.29844045359106,105.42797731265023,105.70075225830078,3454900
2025-06-12,105.11623431052485,106.55804687284682,104.88242827414612,105.64230346679688,3526800
2025-06-13,104.5901601092592,105.15519814976592,103.49905293785584,104.51222229003906,3359400
2025-06-16,104.23945092643005,105.73972055129707,103.65493212737324,104.06409454345703,4537500
2025-06-17,103.70020316259513,104.43782788348952,102.57901418711619,103.35597229003906,3068100
2025-06-18,103.26745623299306,104.91973583286119,102.77570644140738,103.34613800048828,2599300
2025-06-20,103.78871190129415,104.51649950651316,103.38548096589815,103.94607543945312,6746300
2025-06-23,103.83788487846225,105.49016443196868,103.14943068745599,105.3623046875,3118900
2025-06-24,105.23445808048719,106.80805595295205,104.61485602856536,106.34580993652344,2990100
2025-06-25,105.73604362329577,105.73604362329577,102.98224175422992,103.05108642578125,4926000
2025-06-26,103.03141615470804,103.37563950050169,101.79220460634473,102.66751861572266,4506500
2025-06-27,103.37564089911409,105.83438983591444,103.29695913229497,103.87722778320312,5732900
2025-06-30,103.70020236644437,104.10343330894739,101.74303271950579,103.38548278808594,7418000
2025-07-01,103.139604843878,106.68020187195918,102.52983239599206,104.8213882446289,6626300
2025-07-02,104.9787482899621,106.67036885226594,104.35914622500476,106.52284240722656,3458900
2025-07-03,106.50316657164748,106.98507924745867,105.84422367769051,106.23761749267578,1549600
2025-07-07,105.97208339796997,107.2014579153478,103.76904636381072,104.57551574707031,3837900
2025-07-08,104.09359263790007,106.57201579794895,104.00508127679437,105.08692932128906,2939000
2025-07-09,105.36230908489375,105.71636953995834,103.54283633184363,104.634521484375,4461200
2025-07-10,105.15577315729217,108.18495366063136,104.7722089218668,106.6211929321289,4765000
2025-07-11,104.93939961077592,107.36864471435547,104.70336181834693,107.36864471435547,3209800
2025-07-14,106.59168139533264,107.72270740896141,106.30646561773887,107.5456771850586,3582000
2025-07-15,107.8702431406294,108.29314829508596,106.40483074642235,106.8277359008789,5309300
2025-07-16,110.8895807517097,112.61070506492915,107.22112391399054,108.3521499633789,12177900
2025-07-17,107.56534975484139,108.63736067531624,104.00507864054126,104.67385864257812,6612800
2025-07-18,105.4016535498662,105.4016535498662,103.97558208772006,105.0180892944336,4481500
2025-07-21,105.48033349564483,106.90640493311106,104.91973901636767,106.08026885986328,3838200
2025-07-22,106.4343251351848,107.56535114637227,105.92290115456666,107.38832092285156,5214700
2025-07-23,107.33914155892138,108.59801979728086,106.74904332262867,108.18495178222656,4215000
2025-07-24,107.97842108730337,108.71604578117497,107.41782662010122,107.90957641601562,6208800
2025-07-25,108.13578291581008,108.5390213717549,106.54251829389905,108.47017669677734,2150700
2025-07-28,108.1849541249903,108.46033280765653,105.30330004679348,105.35247802734375,2850600
2025-07-29,105.80488788978252,108.01776197139729,105.0377594087171,107.90957641601562,3812700
2025-07-30,108.0866052569176,108.56851794975336,105.8147161265364,106.69986724853516,3796500
2025-07-31,105.69670644027897,106.98508855450092,104.83122196360506,105.0180892944336,4136100
2025-08-01,105.41148046226068,105.4999918187285,102.38230009359567,103.17893981933594,6122800
2025-08-04,103.59202168469301,104.14277909687141,102.68720379225505,103.4739990234375,4631700
2025-08-05,103.95590274079306,105.80488675585951,103.56250891108273,105.27379608154297,3556700
2025-08-06,105.16561679351537,105.65736661346008,103.88706426025642,103.98542022705078,3706100
2025-08-07,105.19511387534546,105.70653785744547,103.57233807228805,104.53617095947266,2214900
2025-08-08,104.4673241818956,105.00824443633245,103.877225948189,103.93623352050781,1841700
2025-08-11,103.67069665241023,104.11326847192431,102.2249510368547,102.36264038085938,3181500
2025-08-12,102.57900990767536,103.20844904296546,101.70369587567798,103.0805892944336,2847100
2025-08-13,103.38548376047726,104.78205143360906,102.81505217449158,104.43782806396484,2679200
2025-08-14,103.56251142094592,104.56567771662941,102.3528036051007,104.10343170166016,2267900
2025-08-15,104.56567332409928,105.03775641627062,104.23128707408698,104.83121490478516,1924200
2025-08-18,104.81155481774776,104.8508957031992,103.68052874741547,103.70020294189453,2035600
2025-08-19,105.6967042083375,109.04060438054192,105.26396197913853,108.93241882324219,3985500
2025-08-20,109.59135873052078,110.26997584327309,107.9292420356956,108.36198425292969,3227300
2025-08-21,107.25063771086134,107.80139510283684,106.06059655483234,106.60152435302734,3045700
2025-08-22,107.42766084432864,111.28297734036273,107.33914198160775,110.42733001708984,3554100
2025-08-25,110.17162259949224,110.88958061365567,109.46350918588044,109.77822875976562,2022800
2025-08-26,109.73888826551439,110.94858858363988,109.21763467286628,109.51268005371094,4839100
2025-08-27,110.91908057323666,112.3156481651846,110.26997475728454,110.82073211669922,3451400
2025-08-28,110.92892140001608,111.07644784153607,109.56185754871014,110.7813949584961,2559100
2025-08-29,110.55519818544337,112.0796181260475,110.33882706398178,111.902587890625,2827600
2025-09-02,110.39783022561757,110.72238689482843,109.17829282121171,109.46350860595703,3396000
2025-09-03,109.16845593565536,110.39783043943525,109.04060368852458,109.11927795410156,3333700
2025-09-04,109.41433201504226,110.94858901116478,108.6865444019465,110.75189208984375,2499500
2025-09-05,111.71571179149466,113.05327179783838,111.11578396111847,111.77472686767578,2595800
2025-09-08,110.31914680748594,111.88291505171132,109.81756742093816,111.68621063232422,2791100
2025-09-09,111.41083386142941,112.09928808584434,109.7093837496815,110.12245178222656,5307200
2025-09-10,110.06344337645578,110.43717052162732,108.77505380347046,109.14878845214844,3118900
2025-09-11,109.4733370052058,113.76139581958739,109.16845453330691,112.92542266845703,5039900
2025-09-12,112.96476545519471,113.99744304390065,112.28614832527329,113.4466781616211,3552200
2025-09-15,113.3876724134145,114.08595624518405,111.81407451763053,112.3844985961914,2717900
2025-09-16,112.98978505175758,113.99197227822863,112.00743232343093,113.14854431152344,2989900
2025-09-17,114.0912065191322,115.51015290438984,112.5035684824434,113.00962829589844,2869800
2025-09-18,113.41646075657975,114.90486571364553,112.99970161508283,114.26981353759766,3936000
2025-09-19,114.28965742098931,114.4186497939659,112.3745760430026,112.632568359375,8647800
2025-09-22,112.28527944883504,113.57522593662527,111.13424258822705,113.04932403564453,2798700
2025-09-23,113.09893848113238,113.76375756746563,112.2257360318165,113.55538177490234,2319000
2025-09-24,112.92033084200892,113.4561499886468,111.70976021129643,111.98759460449219,3274300
2025-09-25,112.04712543804509,112.88063616614515,111.72959934410679,112.33488464355469,2596400
2025-09-26,112.58295159167129,113.71413876895807,111.97766629517689,113.30731201171875,3021600
2025-09-29,113.71413612690122,113.98205325606595,112.74171580361192,113.35691833496094,2470900
2025-09-30,113.33708153542976,113.65460763520214,112.23566122081512,113.63475799560547,3617400
2025-10-01,113.42638108212321,115.61929686989626,112.92032883369664,115.5796127319336,2980900
2025-10-02,115.32162233798779,115.57961466156813,113.65460841021067,115.22239685058594,2935700
2025-10-03,115.50022660273497,117.28630801546264,115.11324191812301,116.15512084960938,3136900
2025-10-06,116.09558648667644,116.87948067140428,115.4704591309452,116.22457885742188,2540200
2025-10-07,116.5718848368903,116.71080203352801,113.26762386596627,115.07355499267578,2969000
2025-10-08,115.12315830621701,115.8475187135258,113.85305395899744,115.09339141845703,2324500
2025-10-09,114.9644043402706,115.1430132454716,113.16839803883025,113.56529998779297,2276200
2025-10-10,113.8729053083076,114.34919066045984,110.17173494269923,110.37019348144531,2924100
2025-10-13,111.15408502812434,112.16620469450349,110.51903281685173,111.84867858886719,2624300
2025-10-14,111.67999439363584,114.81556373746974,110.94570912409375,114.55757141113281,3150800
2025-10-15,115.76813751886104,122.32704273587183,115.6093782576242,121.81106567382812,7999900
2025-10-16,122.902561352099,124.08336506066814,119.3204660888299,120.23335266113281,6320200
2025-10-17,120.34250580724697,123.3986992601719,120.23335550032684,123.12086486816406,5377000
2025-10-20,124.23220147511866,126.48465862367857,123.1208639156848,126.1968994140625,4181000
2025-10-21,125.95875908614344,126.51442787624212,124.66880502864926,125.01609802246094,2975600
2025-10-22,125.25424423922348,126.038130869796,123.59714760147163,124.97640228271484,2727300
2025-10-23,124.94663253660725,125.74045153906654,123.99405427590754,124.79779052734375,2647900
2025-10-24,125.58169012994452,126.36558434683715,124.81764555270047,125.45269775390625,2965900
2025-10-27,125.82975437340836,126.13736321663876,124.86725127670589,126.09767150878906,2940900
2025-10-28,125.45269498770432,125.95875480171335,124.18259061329825,124.74818420410156,2922800
2025-10-29,123.81545051290065,124.62911161747142,122.01944421912822,122.51557922363281,3329800
2025-10-30,121.87060237757376,123.69638313337371,121.60269280574356,123.26970672607422,2367100
2025-10-31,122.74379837909865,123.9543690141076,122.03928757373201,123.13078308105469,3892700
2025-11-03,122.18812746451906,123.50784838433754,120.80887276710313,123.25978088378906,3336100
2025-11-04,123.0414810180664,124.67872804569713,122.24766198333049,123.0414810180664,3086900
2025-11-05,123.65668827901038,124.08336467545637,122.60487694683003,122.86286926269531,4179300
2025-11-06,123.23001474216055,124.41081090404552,122.24766198333049,123.0414810180664,3575300
2025-11-07,123.15063204251766,124.65887913280507,122.51557983919459,124.62911224365234,2322100
2025-11-10,124.46042642495928,124.99625313350492,122.70411185563131,123.93452453613281,2101300
2025-11-11,124.25205013631465,125.43285385433522,123.71622342991253,125.28401184082031,2068000
2025-11-12,124.74818719738165,125.42293110877748,123.82537578283177,123.87498474121094,2687000
2025-11-13,123.13078168500402,123.86506694178154,122.346895040487,123.0414810180664,3761000
2025-11-14,123.04147774344837,124.05358979390198,121.7217568507511,121.88052368164062,3651800
2025-11-17,122.57511036646915,123.72614718597566,121.45384800574509,122.565185546875,3111000
2025-11-18,122.34689022295026,123.28954366546425,121.36453750280137,122.84302520751953,6382500
2025-11-19,122.8430293097486,123.30938985166537,120.46157979020599,121.45384979248047,5119100
2025-11-20,122.69418342854004,124.57949788752856,121.94998095028818,122.16828155517578,3087200
2025-11-21,122.80333535540126,125.52215299219466,121.66222335957019,124.81764221191406,3709000
2025-11-24,125.4824589990654,126.57395444764383,124.39096355048697,125.4725341796875,10057900
2025-11-25,125.47253722424016,127.4471599553081,125.29392832319932,126.4052734375,3158000
2025-11-26,126.52434976840428,128.2806643367075,125.00617788028708,127.16932678222656,2183000
2025-11-28,127.01055899190607,128.33027989833195,126.9113335067775,127.53646087646484,1343800
2025-12-01,126.61365151099815,128.7668831819497,126.17705785534856,127.93336486816406,2706200
2025-12-02,128.8661010982498,128.8661010982498,127.23877889070833,127.93336486816406,3458200
2025-12-03,127.8242254280059,128.52872863128124,127.0403236690036,128.1913604736328,3294300
2025-12-04,128.15166633346857,129.44162038065875,127.04032876214845,127.18916320800781,3902300
2025-12-05,127.18915842373028,127.8341429934834,126.78233166965197,126.99071502685547,3242200
2025-12-08,126.5144276086874,126.98079572957086,125.6313078961113,125.69084167480469,2927900
2025-12-09,126.41519664640428,127.23877497420305,125.86944513061673,126.46480560302734,4358400
2025-12-10,126.76249577239454,129.55077212184017,126.33581935856304,128.7073516845703,3479900
2025-12-11,129.11416477806677,130.32473536329803,128.9653303376032,129.55076599121094,3702700
2025-12-12,130.59266007979724,130.6819607492606,128.80657098633426,129.1737060546875,2721600
2025-12-15,130.10642958967125,130.10642958967125,128.0226718017444,129.64999389648438,2863300
2025-12-16,129.25,130.05999755859375,127.4000015258789,127.61000061035156,3248500
2025-12-17,127.5199966430664,129.02999877929688,127.08999633789062,128.07000732421875,4780100
2025-12-18,128.88999938964844,129.7899932861328,127.5999984741211,127.66000366210938,3559200
2025-12-19,128.27999877929688,128.4600067138672,126.91999816894531,127.2300033569336,8629400
2025-12-22,127.2699966430664,128.3699951171875,127.20999908447266,127.58999633789062,2859800
2025-12-23,127.31999969482422,127.97000122070312,127.22000122070312,127.7699966430664,2114000
2025-12-24,128.16000366210938,129.47000122070312,128.0,129.14999389648438,1050000
2025-12-26,129.1999969482422,129.5,128.0500030517578,128.7100067138672,1090300
2025-12-29,129.17999267578125,129.64999389648438,128.02999877929688,128.47999572753906,2637800
2025-12-30,128.47999572753906,129.13999938964844,128.22999572753906,129.00999450683594,1757500
2025-12-31,129.10000610351562,129.4600067138672,127.62999725341797,127.66000366210938,2761200
2026-01-02,127.73999786376953,129.30999755859375,127.23999786376953,129.0500030517578,3280500
2026-01-05,128.6999969482422,130.80999755859375,127.76000213623047,129.69000244140625,3265300
2026-01-06,129.24000549316406,129.94000244140625,126.3499984741211,127.45999908447266,3927000
2026-01-07,127.93000030517578,129.36000061035156,126.7300033569336,126.9000015258789,3698700
2026-01-08,126.36000061035156,129.32000732421875,126.0,128.38999938964844,3295800
2026-01-09,128.32000732421875,129.75,128.22999572753906,129.39999389648438,2405600
2026-01-12,129.14999389648438,130.0500030517578,128.77999877929688,129.05999755859375,2055500
2026-01-13,129.0800018310547,130.22000122070312,127.36000061035156,130.22000122070312,3105800
2026-01-14,130.55999755859375,132.22000122070312,129.80999755859375,132.2100067138672,2745900
2026-01-15,132.64999389648438,134.04989624023438,132.3300018310547,132.92999267578125,717412
