2002-10-25,6.972905204188191,7.053361598086344,6.892448810290038,6.978269100189209,13965800
2002-10-28,6.978269100189208,6.999724172664001,6.951450131713399,6.978269100189209,5505900
2002-10-29,6.972905615443971,6.978269511761346,6.457983334150013,6.779809951782227,2235800
2002-10-30,6.7637184861222694,6.769082382616724,6.506257592740329,6.70471715927124,905800
2002-10-31,6.736898720316928,6.983632284393724,6.7047158591202916,6.763717174530029,298900
2002-11-01,6.752989895150634,6.811991210560371,6.742262104242013,6.763717174530029,268800
2002-11-04,6.790533983165949,6.946083321223986,6.785170089415552,6.924628257751465,1307600
2002-11-05,6.924630735238836,7.101635200097872,6.913903455429112,6.983632564544678,2384700
2002-11-06,6.988995857428527,7.080180036502182,6.972904682159424,6.972904682159424,204300
2002-11-07,7.015816043024962,7.058726192218502,6.6296241887537795,6.999724864959717,724200
2002-11-08,6.983633522586115,6.988996907462124,6.881721537002211,6.935359477996826,106400
2002-11-11,6.972903569120492,6.972903569120492,6.7851713453402,6.817354202270508,110500
2002-11-12,6.828084213091072,6.8334481099811555,6.361435925770441,6.415073871612549,540700
2002-11-13,6.463346099459941,6.484801169445757,5.7714194530058585,5.953787803649902,685600
2002-11-14,5.969877975163771,6.034243174306208,5.835783682401411,5.948422908782959,462800
2002-11-15,5.953788776918357,6.200522377853497,5.943060984407163,6.1951584815979,460700
2002-11-18,6.211248765027337,6.999723497611827,6.205884869543612,6.533075332641602,325400
2002-11-19,6.629622778449251,6.865629060337968,6.447254938936067,6.7583537101745605,211400
2002-11-20,6.736899549339679,6.758354622267892,6.559894558270311,6.656442642211914,92700
2002-11-21,6.726173100588961,6.892450332641602,6.726173100588961,6.892450332641602,91300
2002-11-22,6.89244832887373,6.897811712970855,6.704716074184858,6.785172462463379,55300
2002-11-25,6.865630359315553,6.972905729775466,6.790537344228956,6.935359477996826,111000
2002-11-26,6.940722341930974,6.940722341930974,6.833446979522706,6.833446979522705,59300
2002-11-27,6.9192679037561895,6.9192679037561895,6.704717159271239,6.70471715927124,94300
2002-11-29,6.8549015308645425,6.91390335935047,6.75835396780171,6.876356601715088,35400
2002-12-02,6.94072248639306,6.946086382507436,6.624260288584238,6.656442642211914,93600
2002-12-03,6.704716466918025,6.704716466918025,6.60280500169375,6.6349873542785645,31100
2002-12-04,6.67789681390509,6.75835371017456,6.602804324555313,6.7583537101745605,42300
2002-12-05,6.892449303141724,7.13381901362485,6.844175258739236,7.123091220855713,366100
2002-12-06,7.053360124288744,7.176727148888254,6.967539852321695,7.069451808929443,129300
2002-12-09,7.128454073838733,7.133817969438181,6.903175573954321,6.972904682159424,106900
2002-12-10,6.972904682159424,7.074816140902734,6.935358436021768,6.972904682159424,48300
2002-12-11,7.026543004939224,7.182092405248663,6.983632860821397,7.106999397277832,189700
2002-12-12,7.1820926504425975,7.402007274436578,7.117727432068453,7.369824409484863,361400
2002-12-13,7.359097313802808,7.718470175737177,7.257185331835529,7.294732093811035,615500
2002-12-16,7.369826462577028,7.546830990298309,7.326916305040319,7.337644100189209,170900
2002-12-17,7.461006679550825,7.461006679550825,7.139180670376491,7.2303643226623535,95100
2002-12-18,7.2410960503276565,7.289370105841217,7.005090181908446,7.144547939300537,110800
2002-12-19,7.241093411165125,7.241093411165125,6.704716121449191,6.838810443878174,233700
2002-12-20,6.8602644579263705,7.18745437008677,6.806626532608,7.015813827514648,134900
2002-12-23,7.0211810876726135,7.2893698197516015,6.978270931462329,7.2142767906188965,65300
2002-12-24,7.294732096482701,7.461008786973354,7.144546071584263,7.246458053588867,52300
2002-12-26,7.326914013764011,7.326914013764011,6.951449996968394,7.106999397277832,16300
2002-12-27,7.128454073838733,7.128454073838733,6.946085715691424,6.972904682159424,42500
2002-12-30,7.021180673830372,7.166002314621658,6.972906623056816,7.026544570922852,26700
2002-12-31,7.16063755259395,7.241093947397768,7.026543220234732,7.031906604766846,72000
2003-01-02,6.97826795916114,7.241092681884766,6.9729040640371815,7.241092681884766,89700
2003-01-03,7.241094069440873,7.2947320079003,7.144545984825621,7.187456130981445,73200
2003-01-06,7.187453122574366,7.273273890493848,7.128451824188232,7.128451824188232,90700
2003-01-07,7.16600198243118,7.251822797344364,7.080181679047353,7.139183521270752,99300
2003-01-08,7.0319060909823055,7.080180128949178,6.844174346313546,6.983632564544678,159100
2003-01-09,7.01045092829708,7.042633790364526,6.892448294284664,6.972904682159424,125900
2003-01-10,7.015814823896527,7.026542615095423,6.946085715691424,6.972904682159424,70500
2003-01-13,7.026542492019227,7.149909019470215,6.972904560022745,7.149909019470215,194700
2003-01-14,7.149911556303469,7.300097103039468,7.128456478198327,7.2142767906188965,131200
2003-01-15,7.289369527668537,7.332279682159424,7.208912604351081,7.332279682159424,80300
2003-01-16,7.33227811281636,7.461008548736572,7.214274957458192,7.461008548736572,95500
2003-01-17,7.402005372417818,7.514644603511123,7.225000939489647,7.2303643226623535,71300
2003-01-21,7.257184085793229,7.461007503202465,7.2196378417936256,7.359096050262451,107700
2003-01-22,7.36446225466819,7.6701977536455,7.284005840559606,7.64874267578125,121500
2003-01-23,7.670197709647446,7.938386437176871,7.6165597595298,7.643378734588623,185500
2003-01-24,7.723833315460134,7.723833315460134,7.482463620263745,7.50928258895874,130500
2003-01-27,7.5039198491775165,7.772108554393548,7.493192566964143,7.579012870788574,74000
2003-01-28,7.616559803220174,7.7238351925414195,7.509284413898927,7.64874267578125,65700
2003-01-29,7.611192781415063,7.6755585001145645,7.509281331277712,7.525372505187988,102800
2003-01-30,7.509282775991399,7.600466964907924,7.380552336884291,7.385916233062744,62600
2003-01-31,7.455641371981951,7.487824222565211,7.32691099270702,7.375185012817383,184000
2003-02-03,7.391277476182662,7.439551504743362,7.310821102934261,7.316184997558594,120100
2003-02-04,7.241095013350738,7.289369061951107,7.160638606703029,7.284005165100098,121800
2003-02-05,7.294732311869468,7.35373363740997,7.160637971662524,7.267913341522217,60200
2003-02-06,7.3805519319865915,7.85792741203558,7.294731643956628,7.723833084106445,110600
2003-02-07,7.723832554409161,7.809653348082835,7.396642600851162,7.4824628829956055,129500
2003-02-10,7.54146630699555,7.584376457150999,7.348370119766691,7.353734016418457,54600
2003-02-11,7.396642155347721,7.798925087317023,7.353732016859999,7.675558567047119,231000
2003-02-12,7.675560940435401,7.675560940435401,7.477100849151611,7.477100849151611,190500
2003-02-13,7.5307346976236955,7.600463784174637,7.482460675278499,7.498551845550537,107800
2003-02-14,7.487826450936048,7.772106250985211,7.434188521177696,7.686285972595215,61100
2003-02-18,7.6970134665586905,7.772105951491688,7.541464090088525,7.750650882720947,91100
2003-02-19,7.718470053414409,7.772107480126189,7.48782763511882,7.66483211517334,93500
2003-02-20,7.589738331270368,7.718469267637656,7.5092819436288964,7.541464805603027,46800
2003-02-21,7.605830018022052,7.697014196831314,7.471735697600108,7.541464805603027,71500
2003-02-24,7.6058306716490085,7.632649128814721,7.49855479686903,7.50928258895874,38800
2003-02-25,7.530739075773035,7.6380144591685015,7.39128082159424,7.605832099914551,121100
2003-02-26,7.6165572017286065,7.6165572017286065,7.407370391883833,7.4824628829956055,47600
2003-02-27,7.509281849048052,7.5361008151004985,7.428825462419944,7.4824628829956055,36500
2003-02-28,7.509280920860391,7.664830290902761,7.428824544177125,7.627284049987793,42700
2003-03-03,7.562920002497766,7.691650429481999,7.487826997659007,7.552192211151123,248400
2003-03-04,7.573648068637656,7.584375861098095,7.482463878841119,7.536101818084717,258400
2003-03-05,7.589739515265626,7.589739515265626,7.4288267148803735,7.466372966766357,45500
2003-03-06,7.434189578918612,7.536101557653734,7.428826194403038,7.50928258895874,31300
2003-03-07,7.51464686522836,7.616558337590701,7.482463998860127,7.5951032638549805,45300
2003-03-10,7.589739367538725,7.670196277694653,7.552193116383543,7.5951032638549805,26700
2003-03-11,7.6541041828272425,7.6541041828272425,7.520009860169688,7.552192211151123,93400
2003-03-12,7.568281526761937,7.584373209827423,7.412732171166079,7.41809606552124,175200
2003-03-13,7.439552444726246,7.579010653404471,7.4341885494241895,7.546827793121338,40800
2003-03-14,7.509282848462918,7.616558215420814,7.509282848462918,7.536101818084717,193100
2003-03-17,7.605830362516277,7.61119374681386,7.428825892464507,7.573647499084473,119900
2003-03-18,7.487825889247318,7.616556297175782,7.487825889247318,7.584373950958252,101900
2003-03-19,7.605830362516277,7.616557642640704,7.562920218960045,7.573647499084473,24100
2003-03-20,7.59510205096737,7.664831157355507,7.562919701267752,7.6165571212768555,50400
2003-03-21,7.643378513736837,7.825746925032102,7.56292210241452,7.815019130706787,358200
2003-03-24,7.76674222768663,7.76674222768663,7.568282709298613,7.675558567047119,135100
2003-03-25,7.691648621886907,8.31384605095222,7.686284727474142,8.260208129882812,150200
2003-03-26,7.992022080849711,8.244119571337434,7.992022080849711,8.045660018920898,64500
2003-03-27,8.083205702457137,8.083205702457137,7.697014416901166,7.8471999168396,129500
2003-03-28,7.831108109753809,8.179753120097082,7.804289144759124,8.067113876342773,65500
2003-03-31,8.051021363076204,8.31384605095222,8.002747336419564,8.260208129882812,163100
2003-04-01,8.179754354345212,8.260210749940171,7.874019437249222,7.9973859786987305,172600
2003-04-02,8.05638833341138,8.211937750066348,8.002750391863053,8.051024436950684,115400
2003-04-03,8.045658714072006,8.072477678758087,7.916928297413864,7.965202331542969,601900
2003-04-04,8.051023820019326,8.260210650663797,8.040296027919977,8.228028297424316,53500
2003-04-07,8.233391254170844,8.523034957928694,8.22266346329537,8.512307167053223,131200
2003-04-08,8.464033733631032,8.737586793605274,8.383577342455101,8.716131210327148,128400
2003-04-09,8.732221536269877,9.263234862906387,8.716129851320277,8.866315841674805,231300
2003-04-10,8.936045563419494,8.941409459082829,8.582036634107249,8.646402359008789,160500
2003-04-11,8.657131616349462,8.700041770935057,8.458672535038128,8.700041770935059,84100
2003-04-14,8.630312302422542,8.742951063456385,8.517673029859358,8.662494659423828,78500
2003-04-15,8.651764361119229,8.801950355406246,8.528397842450456,8.742948532104492,93500
2003-04-16,8.796590696944886,8.796590696944886,8.565948722366041,8.64104175567627,93700
2003-04-17,8.646404185451592,8.700041107298087,8.47476306867256,8.58740234375,95200
2003-04-21,8.582035376677242,8.582035376677242,8.228026499233973,8.378211975097656,208700
2003-04-22,8.533765163732571,8.533765163732571,7.890112324825834,8.324578285217285,236700
2003-04-23,8.308484571042083,9.177416280320882,8.308484571042083,9.075504302978516,390300
2003-04-24,9.048684093516988,9.070138650189055,8.79658614697633,8.903861999511719,62500
2003-04-25,8.84485777696208,9.332960829668885,8.796583758733224,9.129137992858887,81100
2003-04-28,9.096957930380867,9.332964213620103,9.011137649759043,9.316873550415039,211900
2003-04-29,9.198874454148157,9.343696633085523,9.155964292580673,9.247148513793945,68200
2003-04-30,9.34905436784474,9.34905436784474,9.037955645806077,9.118412017822266,99400
2003-05-01,9.118414784308435,9.273964704050053,8.785860383205526,9.204235076904297,170900
2003-05-02,9.155961464236606,9.209599405391543,9.086232856876231,9.198871612548828,173000
2003-05-05,9.22568780661348,9.252506256103516,9.17204988457514,9.252506256103516,98000
2003-05-06,9.225691407883872,9.488516203101925,9.220327511280402,9.424150466918945,196400
2003-05-07,9.375872891647651,9.440238603604612,9.327598863444502,9.408056259155273,182700
2003-05-08,9.440241206602627,9.456331871734902,9.177416437836953,9.231053352355957,326800
2003-05-09,9.257875503376235,9.386605976863295,8.984322863569155,9.064779281616211,168800
2003-05-12,9.06477480210815,9.413419790062626,9.054047012187494,9.279325485229492,252200
2003-05-13,9.295417699678463,9.332963943481445,9.188141840477016,9.332963943481445,184700
2003-05-14,9.349054556158816,9.617243150320304,9.188140785826945,9.601151466369629,167400
2003-05-15,9.606516659707024,9.638699008900751,9.408057646110864,9.63333511352539,265100
2003-05-16,9.611878233486276,10.244803412087721,9.542149656565288,10.196529388427734,580300
2003-05-19,10.13753388358202,10.250173683219206,10.11071541955636,10.164353370666504,219100
2003-05-20,10.16435223142406,10.217989153463638,10.08925869906297,10.191170692443848,303300
2003-05-21,10.2126253311934,10.2126253311934,9.87470702459996,10.094621658325195,187600
2003-05-22,10.035617846150004,10.191167739558674,9.981980939651688,10.180439949035645,168800
2003-05-23,9.815704258910198,10.062438350864642,9.735247867881464,9.998072624206543,427500
2003-05-27,9.949800579947864,10.083894932901655,9.869344172787333,9.960528373718262,136700
2003-05-28,9.98734569371971,10.030255836443231,9.92297996810518,9.939071655273438,99800
2003-05-29,10.030256522685004,10.035619395716168,9.906888958738236,10.003437042236328,79000
2003-05-30,10.003435150095916,10.13752945779977,9.981980592853656,10.099983215332031,113100
2003-06-02,10.13753388358202,10.191171834692165,10.089259829888771,10.164353370666504,145800
2003-06-03,10.185807562085785,10.185807562085785,9.896164273653998,9.928346633911133,161900
2003-06-04,9.949799826054528,9.955163722533305,9.68161114046752,9.788887023925781,260500
2003-06-05,9.783523552445095,9.922981797775469,9.681611561038535,9.83179759979248,81600
2003-06-06,9.922979879420703,10.0302557468,9.87470584140587,9.976617813110352,202100
2003-06-09,9.976619399491392,9.976619399491392,9.654792769238382,9.799614906311035,63900
2003-06-10,9.869342556957841,9.896162036992893,9.633336247942173,9.654791831970215,148800
2003-06-11,9.68161028894671,9.71915756099578,9.547515957947123,9.654791831970215,530800
2003-06-12,9.72988318416501,9.72988318416501,9.504604693692047,9.63333511352539,212900
2003-06-13,9.708430297038303,9.756704340668538,9.579699855043879,9.611882209777832,428000
2003-06-16,9.654793218066143,9.70843116277825,9.574336812527331,9.649429321289062,263900
2003-06-17,9.638700668213025,9.654792357109306,9.579699855043879,9.611882209777832,137900
2003-06-18,9.622610860462359,9.735249623604954,9.601155273354035,9.649429321289062,179700
2003-06-19,9.71379366498877,9.71379366498877,9.606517790965679,9.654791831970215,230900
2003-06-20,9.649427935963205,9.654791831970215,9.558243749961143,9.654791831970215,228300
2003-06-23,9.649429015301216,9.649429015301216,9.3490579667205,9.375876426696777,179100
2003-06-24,9.386604219910755,9.413422679887033,9.359785759934478,9.375876426696777,181100
2003-06-25,9.402695670687143,9.445605819393483,9.225691179391154,9.25787353515625,178300
2003-06-26,9.279326105101399,9.386601965357425,9.145231791310579,9.3436918258667,221500
2003-06-27,9.386603261383486,9.542153177925952,9.35442090808657,9.520697593688965,295000
2003-06-30,9.520697071424188,9.69233764367036,9.349056499178014,9.51533317565918,989000
2003-07-01,8.796588887134233,9.536790249474492,8.52840019531271,9.424150466918945,8665700
2003-07-02,9.611883895680238,9.654794050538056,9.290057222717213,9.493881225585938,1350700
2003-07-03,9.327599956309253,9.520696091745888,9.252507469443188,9.322236061096191,302500
2003-07-07,9.386601017637474,9.574333242601888,9.316872431652115,9.39196491241455,385900
2003-07-08,9.386600795652097,9.63869770586291,9.365145217051195,9.601151466369629,1057800
2003-07-09,9.627973376569871,9.627973376569871,9.391967067515568,9.558243751525879,284200
2003-07-10,9.509971894245876,9.547518151864116,9.456333944908906,9.493881225585938,118500
2003-07-11,9.520693287975732,9.520693287975732,9.36514344178035,9.381235122680664,72400
2003-07-14,9.381239738169718,9.54751643038057,9.225690838503724,9.273964881896973,143000
2003-07-15,9.268600530844143,9.440241110905571,9.268600530844143,9.413421630859375,74800
2003-07-16,9.386605274615793,9.456333892224215,9.011140654407647,9.048687934875488,149500
2003-07-17,9.09160016152801,9.397335210747919,8.726863252613375,9.059416770935059,352400
2003-07-18,9.06477607461132,9.118414008685878,8.850225361371589,8.93604564666748,169000
2003-07-21,8.90386216917859,9.161322992499528,8.90386216917859,8.962862968444824,319000
2003-07-22,9.059411110905161,9.059411110905161,8.79658639028797,8.877042770385742,266900
2003-07-23,8.807314957432435,8.898499135736426,8.582036459449546,8.721494674682617,79700
2003-07-24,8.742947335608225,8.839495388504272,8.716128886718543,8.769766807556152,74300
2003-07-25,8.764406541104249,8.866318530575324,8.70004080484392,8.796588897705078,87700
2003-07-28,8.850227355957031,8.914593095964378,8.753679257475376,8.850227355957031,101600
2003-07-29,8.887770770389315,9.09695756819413,8.753676459374248,9.091594696044922,270300
2003-07-30,9.118415743602014,9.193508251758779,9.032595441977515,9.107687950134277,167400
2003-07-31,9.129145344990345,9.204237868018305,9.064779594495738,9.145236015319824,424500
2003-08-01,9.166686447324391,9.263234507197827,8.95749966630416,8.968226432800293,95100
2003-08-04,9.07013979096241,9.166687865775675,8.952137156778686,9.011137962341309,278600
2003-08-05,9.011137237891045,9.059411271416687,8.705402374267578,8.705402374267578,323800
2003-08-06,8.68931351930737,8.791224479675293,8.635675579448218,8.791224479675293,172600
2003-08-07,8.726857777543971,8.748312334753393,8.50157930002396,8.598127365112305,583700
2003-08-08,8.576675228283538,8.630313177429695,8.313850402832031,8.313850402832031,238200
2003-08-11,8.394303672022524,8.582035912213883,8.297756115849975,8.383576393127441,266100
2003-08-12,8.426488624022245,8.447943698668801,8.303121561157544,8.351395606994629,500400
2003-08-13,8.447941669561267,8.47476063431016,8.17975304513075,8.201208114624023,365000
2003-08-14,8.206570195590862,8.281662666451451,8.040293060131239,8.211934089660645,561100
2003-08-15,8.190482467272389,8.394305412297559,8.152935704532545,8.367486953735352,98300
2003-08-18,8.319212823665087,8.44794326493516,8.260210987769325,8.30848503112793,408700
2003-08-19,8.356760025024414,8.356760025024414,8.211938390005201,8.356760025024414,257300
2003-08-20,8.313849013552323,8.447943352480587,8.238755999601945,8.367486953735352,318800
2003-08-21,8.346028056621568,8.38893818449898,8.313845204948974,8.319209098815918,185200
2003-08-22,8.367486000817564,9.016502036250069,8.319211962456313,8.93604564666748,589200
2003-08-25,8.9735907493807,9.113048950968853,8.732221611409887,8.780495643615723,258600
2003-08-26,8.742947335608225,8.957499018958663,8.716128886718543,8.769766807556152,240400
2003-08-27,8.726859275354803,8.742949940258955,8.576673256878568,8.603492736816406,344800
2003-08-28,8.582040660046498,8.694679452641303,8.447946274733273,8.667860984802246,802800
2003-08-29,8.716129597182853,8.957499749097401,8.716129597182853,8.930680274963379,293800
2003-09-02,8.957499749097401,9.032592230556004,8.753675837912153,8.930680274963379,202700
2003-09-03,8.930683763672167,9.00577729752386,8.82877176826834,8.850227355957031,236500
2003-09-04,8.92531724322364,9.027229208671253,8.721494335386843,8.73758602142334,244400
2003-09-05,8.850226410000491,8.850226410000491,8.710768174106176,8.753678321838379,195500
2003-09-08,8.850224175330334,9.27396267236871,8.732221554626939,9.096957206726074,270600
2003-09-09,8.957506529730319,9.096963808559966,8.941414833068848,8.941414833068848,437300
2003-09-10,9.016500980944771,9.07550280382697,8.828768745185542,8.92531681060791,1050300
2003-09-11,8.88777160830623,8.978955789315428,8.855589257084894,8.93604564666748,227000
2003-09-12,8.957501482317802,9.102322578430176,8.807315467282216,9.102322578430176,231000
2003-09-15,9.037956424282157,9.231051529141425,9.037956424282157,9.19350528717041,670900
2003-09-16,9.241781840823853,9.359785516997448,9.091596831960944,9.306147575378418,484100
2003-09-17,9.279327887249542,9.692338698580384,9.236417739517675,9.622610092163086,299400
2003-09-18,9.676246103011737,9.681608975232493,9.509968418532594,9.526060104370117,340100
2003-09-19,9.509971685166484,9.638702146909761,9.45633373700876,9.617247581481934,337300
2003-09-22,9.644063164196213,9.644063164196213,9.461694808752632,9.47242259979248,597200
2003-09-23,9.46706254529366,9.922983618881052,9.338332069761728,9.869345664978027,249100
2003-09-24,9.922982671461115,9.922982671461115,9.735250362254149,9.821070671081543,136300
2003-09-25,9.842526259817783,9.896164208599599,9.75134205380633,9.821070671081543,216000
2003-09-26,9.76206909972631,9.815706021337055,9.692339464738417,9.69770336151123,703600
2003-09-29,9.686974698375055,9.906889331025432,9.686974698375055,9.804978370666504,458500
2003-09-30,9.869342555374171,9.912252700364812,9.654791830420972,9.75133991241455,198000
2003-10-01,9.756703205735437,9.98734560445998,9.756703205735437,9.976617813110352,163300
2003-10-02,9.912255307366472,10.212627424359752,9.831798892230667,10.164353370666504,392700
2003-10-03,10.185806795628148,10.303809456397415,10.11071428632577,10.191170692443848,126200
2003-10-06,10.282347749872109,10.357440207013788,10.18043582728126,10.24480152130127,152600
2003-10-07,10.250172712518143,10.346720810761443,10.073168206758337,10.212626457214355,231600
2003-10-08,10.276989949417569,10.298445534496684,9.998073481740686,10.083893775939941,370000
2003-10-09,10.14289379119873,10.207259511823823,9.944434780133337,10.14289379119873,388300
2003-10-10,10.20189238188478,10.212620169097326,9.998068517078801,10.110708236694336,169100
2003-10-13,10.185801600268139,10.25016730616752,10.05707121152757,10.196529388427734,81300
2003-10-14,10.255536319001093,10.33062882748213,10.153624326734905,10.325264930725098,263400
2003-10-15,10.352081820501413,10.604179814531971,10.116076537358541,10.453993797302246,318100
2003-10-16,10.512998181651616,10.722185058917983,10.378903819699577,10.663183212280273,386600
2003-10-17,10.722181663451254,10.856275982938726,10.588087343963782,10.754364013671875,233000
2003-10-20,10.845549337204284,10.845549337204284,10.604180150471803,10.727546691894531,158000
2003-10-21,10.62026857593364,10.72218053446977,10.598814019065085,10.647088050842285,61500
2003-10-22,10.711454914776697,10.727546602982255,10.561269917092428,10.66854476928711,76500
2003-10-23,10.604178428649902,10.738272740525419,10.555904394530042,10.604178428649902,175800
2003-10-24,10.625635376434559,10.84018611907959,10.571997435008642,10.84018611907959,383000
2003-10-27,10.850914311988275,11.076192855834961,10.791913494997514,11.076192855834961,117100
2003-10-28,11.086917903607452,11.521383193773005,11.00109762463792,11.510655403137207,889000
2003-10-29,11.478472444186751,12.2830382840558,11.440926202015536,12.06312370300293,610800
2003-10-30,11.950486522532161,11.950486522532161,11.156647346970804,11.317561149597168,1249800
2003-10-31,11.290742386230649,11.317561866563304,10.791912328746054,10.813366889953613,256000
2003-11-03,10.861639167689068,10.88845762060815,10.330625820035722,10.593450546264648,480800
2003-11-04,10.609543530150814,10.81873035308156,10.59345184259517,10.722182273864746,449800
2003-11-05,10.732908324433227,10.732908324433227,10.609541809028542,10.647088050842285,296300
2003-11-06,10.695366250236562,10.765094866053166,10.631000508433054,10.679274559020996,258600
2003-11-07,10.711455003555603,10.78118462996572,10.700728234388226,10.727546691894531,154500
2003-11-10,10.749002095305098,10.754364968269174,10.512995785601982,10.706090927124023,107700
2003-11-11,10.722181411734502,10.861639623494531,10.700726853110583,10.732909202575684,121300
2003-11-12,10.754364373913457,10.754364373913457,10.673907984137601,10.700727462768555,442500
2003-11-13,10.67390823425634,10.915278432298376,10.52908611543112,10.722182273864746,176400
2003-11-14,10.743638380233461,10.877732713882143,10.711455003555603,10.727546691894531,209600
2003-11-17,10.700726940203017,10.78118332604982,10.614906658891966,10.69536304473877,127100
2003-11-18,10.69536561661281,10.850914530246428,10.555907370182744,10.808004379272461,733400
2003-11-19,10.808002131748568,10.856276169438031,10.598815317133214,10.82409381866455,470600
2003-11-20,10.856273897405835,11.800297848013944,10.759725842232761,11.532109260559082,1730300
2003-11-21,11.596474971693887,11.735932136879137,11.467743549424275,11.532109260559082,519400
2003-11-24,11.467747250513131,11.693025777603705,11.387290852921913,11.569659233093262,754300
2003-11-25,11.628658666146332,12.674593664847789,11.569656842675846,12.604865074157715,1659400
2003-11-26,12.599504071713172,13.146609224798107,12.578049509289897,13.03933334350586,791800
2003-11-28,13.076877946528839,13.404068422470786,12.974966997512901,13.350430488586426,219700
2003-12-01,13.404068256027625,13.404068256027625,13.141243508622198,13.243155479431152,459500
2003-12-02,13.323611346489947,13.355793695938523,13.11978741284593,13.286065101623535,384600
2003-12-03,13.280701655864505,14.374910781689882,13.280701655864505,13.945809364318848,883200
2003-12-04,14.04235805459714,14.101359885719177,13.666893530643577,13.86535358428955,442300
2003-12-05,13.977993919404362,13.977993919404362,13.62398493847591,13.736624717712402,321400
2003-12-08,13.731262305311535,13.876084455813954,13.66153266704352,13.693716049194336,475500
2003-12-09,13.634708456576274,13.945807191463512,13.607890005816017,13.876078605651855,197100
2003-12-10,14.02089934236192,14.036991026274697,13.86535049010492,14.026263236999512,363800
2003-12-11,13.865354348261215,14.133543016416912,13.865354348261215,14.0852689743042,243300
2003-12-12,14.149629165002406,14.846920093457996,14.09062837252181,14.80937385559082,634100
2003-12-15,14.927382981537315,15.152661530164767,14.466098090762365,14.546555519104004,585700
2003-12-16,14.771835881594669,14.798654345629174,14.176456567887437,14.332005500793457,321300
2003-12-17,14.36954966745075,14.36954966745075,13.940447174514949,14.262273788452148,447100
2003-12-18,14.112089198288997,14.535827838081955,14.074542943736954,14.412461280822754,514100
2003-12-19,14.439277893361222,14.702102664639328,14.278365102148856,14.605554580688477,204100
2003-12-22,14.632375398751464,14.707467905106672,14.41246075323235,14.455370903015137,408700
2003-12-23,14.455365773681153,14.589460072052747,14.42318240546999,14.460728645324707,205700
2003-12-24,14.535823176659413,14.535823176659413,14.240815085531903,14.326635360717773,71200
2003-12-26,14.417824677393792,14.777197591658833,14.315913703645176,14.755743026733398,183500
2003-12-29,14.766464096043643,15.013197107146452,14.460728244854373,14.938104629516602,169300
2003-12-30,14.943468905806965,15.11510944366455,14.820101374045807,15.11510944366455,232100
2003-12-31,15.013201803484835,15.345756208410045,15.013201803484835,15.023929595947266,262500
2004-01-02,15.029295792292118,15.318939071695189,14.997112409979412,15.211664199829102,161600
2004-01-05,15.152662228304175,15.67294796129347,15.018567872301483,15.39403247833252,249200
2004-01-06,15.420848170328457,15.420848170328457,14.959563341159022,15.163387298583984,519100
2004-01-07,15.20630114275709,15.426215818747997,14.986386466766183,15.2974853515625,552800
2004-01-08,15.308212982878516,15.554946119919357,15.217028775046291,15.227755546569824,306100
2004-01-09,15.18484142649297,15.20629701005552,14.938108353874853,14.975654602050781,200800
2004-01-12,14.938109299589739,15.259935911992727,14.938109299589739,15.072203636169434,338200
2004-01-13,15.125843192539417,15.17948011445882,14.777197061711055,14.798652648925781,629400
2004-01-14,14.964926371124466,15.36184544785726,14.804013591361459,15.356481552124023,403700
2004-01-15,15.206297972749129,15.340392309328823,15.018565696925837,15.072203636169434,233600
2004-01-16,15.082929867074514,15.335026825443318,15.050746493025182,15.200932502746582,94800
2004-01-20,15.163384894563553,15.506666002465336,15.018562793520587,15.351117134094238,316700
2004-01-21,15.463757690543096,15.463757690543096,15.104384854612714,15.147294998168945,187300
2004-01-22,15.05610994365199,15.17947647135232,14.95419797495854,14.964925765991211,134900
2004-01-23,14.943474502632291,15.018567010305036,14.750378313692446,14.911291122436523,116900
2004-01-26,15.54421641583967,16.15568733215332,15.426213759106211,16.15568733215332,819000
2004-01-27,16.064502716064453,16.171777576732374,15.603217848322306,16.064502716064453,484300
2004-01-28,16.118139769033103,16.16104991826918,15.689038276672365,15.689038276672363,160800
2004-01-29,15.828497036209093,15.849951600000942,15.399394506726518,15.742676734924316,407200
2004-01-30,15.769495181225892,15.84995158572557,15.769495181225892,15.839224815368652,230700
2004-02-02,15.812404427431979,16.161049509028796,15.742675820336066,16.08059310913086,551200
2004-02-03,15.876760956702018,16.439956452536062,15.823123046846861,16.33268165588379,459800
2004-02-04,16.30587286161616,16.879796519665707,16.236144249307724,16.64379119873047,662900
2004-02-05,16.595513186285,17.040706283916563,16.595513186285,16.911975860595703,757300
2004-02-06,17.04607364096138,17.61999625540107,16.633062809525843,17.593177795410156,439200
2004-02-09,17.56635994018087,18.91266632080078,17.52881368567751,18.91266632080078,1259400
2004-02-10,18.880483576108194,18.91266490835488,18.263648790561362,18.43528938293457,833600
2004-02-11,18.33873898894373,18.826842245801792,18.113461507063242,18.451379776000977,555300
2004-02-12,18.612296289901078,18.68202592519113,18.156374269764463,18.585477828979492,591400
2004-02-13,18.596202769304682,19.352496838842146,18.596202769304682,19.27203941345215,552300
2004-02-17,19.336401758614016,19.776230992362287,19.25594638919201,19.459768295288086,638400
2004-02-18,19.583136446773665,19.583136446773665,18.816118707007515,19.245220184326172,931800
2004-02-19,19.261305511996888,19.400762686180595,19.089664968640015,19.1325740814209,155900
2004-02-20,19.0843069404969,19.229127023240284,18.108098288979246,18.333377838134766,652700
2004-02-23,18.25828041388425,18.48892277401339,17.62535515298801,17.936452865600586,580100
2004-02-24,17.898910018235107,17.968639640499067,17.61463070256078,17.75945281982422,366300
2004-02-25,17.88818359375,18.102735349674496,17.609269175612212,17.88818359375,418600
2004-02-26,18.022274871944084,18.757113181333786,17.593173479015288,18.724929809570312,946800
2004-02-27,18.757109160954766,19.59385618628923,18.676651771849652,19.491945266723633,792200
2004-03-01,19.282772319065167,20.446710559302897,19.282772319065167,20.157068252563477,786300
2004-03-02,20.339433419864452,20.570075904040696,19.910331837484602,20.1248836517334,532200
2004-03-03,20.19997204601076,20.38234043702887,19.851325930614653,20.33406639099121,336200
2004-03-04,20.435978083403754,20.709531702718838,20.071241288395242,20.650529861450195,392700
2004-03-05,20.51643612393636,21.11717825582893,20.446706487072838,21.004539489746094,360700
2004-03-08,21.06354799044685,21.594560653315988,20.704173944823175,20.89727020263672,479300
2004-03-09,21.02062720409672,21.133268000471283,20.650527576343652,20.99380874633789,600600
2004-03-10,20.92408205904838,21.455096600194885,20.682713859190155,21.004539489746094,804300
2004-03-11,20.88652575101834,20.91870911703109,19.20230180589755,19.2291202545166,985600
2004-03-12,19.116489024543238,19.49195359051039,18.92339284512486,19.363222122192383,771800
2004-03-15,19.363219695628977,19.45976777323894,18.60692778509563,18.74102210998535,655900
2004-03-16,18.853654597371406,19.309574282824993,18.76783434907016,18.8697452545166,593700
2004-03-17,18.907296548602147,19.76549926143955,18.84293185666851,19.59385871887207,681000
2004-03-18,19.379309191037215,19.57240531422338,19.052118765206956,19.32567024230957,370000
2004-03-19,19.31494187709487,19.33639745594668,18.800020261351122,18.99311637878418,336400
2004-03-22,18.907303468397444,18.907303468397444,18.258287301401484,18.488929748535156,571300
2004-03-23,18.585474183393725,18.585474183393725,18.05445975838947,18.22073745727539,551100
2004-03-24,18.236829015943737,19.508042700907026,18.17246430997673,19.30958366394043,644900
2004-03-25,19.309582890717046,19.352494057054813,19.00921086470376,19.282764434814453,325100
2004-03-26,19.282766435709227,19.647503202959395,19.154034969455008,19.245220184326172,520100
2004-03-29,19.282768480477085,19.422225708099894,18.87512049920895,19.01457977294922,435400
2004-03-30,18.494293427705205,18.928759879949148,18.370926865094148,18.767847061157227,522000
2004-03-31,18.639110483442035,18.955573160545153,18.47283279000923,18.773204803466797,561900
2004-04-01,18.869750739807877,18.923387643294443,18.558650970458984,18.558650970458984,1717700
2004-04-02,18.639112964076578,18.864390469563684,18.61229450572581,18.7785701751709,459000
2004-04-05,18.778571666712775,19.969330136344656,18.74102541281604,19.760143280029297,770300
2004-04-06,19.73868568275732,20.30724639918286,19.690411640361592,20.087331771850586,536400
2004-04-07,20.130237043872498,20.135601962066303,19.68504500127548,19.89423179626465,431600
2004-04-08,19.86205424830367,20.055150437553962,19.481226789569696,19.760143280029297,245300
2004-04-12,20.001511988732517,20.242882206857782,19.58313626194298,19.937145233154297,275200
2004-04-13,20.033695647195902,20.253610305670176,19.663595967163822,19.690414428710938,337400
2004-04-14,19.481228518876417,20.060517138049498,19.33640636408315,19.642141342163086,260500
2004-04-15,19.685040191067884,19.904954722589892,18.7356524683169,18.96092987060547,501800
2004-04-16,18.96093520272954,19.53485870361328,18.7517484000302,19.53485870361328,277500
2004-04-19,19.486588620782786,19.845960435725964,19.443677453920706,19.824504852294922,124800
2004-04-20,19.72258687403308,20.167778817984445,19.65822219278683,19.888864517211914,292200
2004-04-21,19.980052947998047,20.076601018550207,19.792321725322665,19.980052947998047,246100
2004-04-22,19.99078387042764,21.009899597071733,19.926419162015335,20.918716430664062,599800
2004-04-23,20.8865256519206,21.090349543467998,20.827525883685205,21.036712646484375,429900
2004-04-26,21.04207875207561,21.605274441437267,21.004532509192618,21.396087646484375,529600
2004-04-27,21.326355945937056,21.562363216526627,21.278081917508878,21.374629974365234,419900
2004-04-28,21.374638584017,21.385366377557343,20.8060798492006,20.90262794494629,931800
2004-04-29,20.838252790103958,21.4121762135742,20.838252790103958,21.374629974365234,389900
2004-04-30,21.524825019456937,21.937835851181873,21.13863264774171,21.41754913330078,776000
2004-05-03,21.755458357645196,22.570751886808015,21.369266147484787,22.307926177978516,1144300
2004-05-04,22.254296512626752,22.613668344668987,21.374635965152994,21.455093383789062,1218900
2004-05-05,21.632098603188034,22.01292601469733,21.54091339351958,21.857376098632812,464000
2004-05-06,21.857369624173227,21.857369624173227,21.379994271416553,21.59990882873535,410100
2004-05-07,20.645161341970525,20.773890736701162,20.334061553490614,20.516429901123047,1853500
2004-05-10,20.48961776048086,20.516436222135976,19.213038933746176,19.74941635131836,1351800
2004-05-11,19.845959420049077,20.301879290981805,19.760139136834084,20.29651641845703,778700
2004-05-12,20.30725243725885,20.64517083450422,19.82987679058082,20.553985595703125,728500
2004-05-13,20.580794956422245,20.607613410281143,20.167784219421243,20.462793350219727,743500
2004-05-14,20.59689782856854,20.623716295660227,20.087338769354982,20.3126163482666,283400
2004-05-17,20.140965119907598,20.27505943102032,19.599225003303594,19.974689483642578,619500
2004-05-18,20.32869947140881,20.918713653443792,20.16778465256571,20.83289337158203,811200
2004-05-19,21.10644405349394,21.99146733798139,21.05280714672609,21.229812622070312,1143900
2004-05-20,21.138624240392385,21.723275438990115,21.138624240392385,21.658910751342773,762200
2004-05-21,21.798374361801955,21.90028736400748,21.5301856968268,21.626733779907227,411300
2004-05-24,21.905654180233505,22.254300325907558,21.347821165602024,21.685739517211914,930300
2004-05-25,21.776918774893232,21.91101310736454,21.567731943616735,21.723281860351562,768400
2004-05-26,21.331727231367648,21.755465824492813,20.779259221417863,20.918716430664062,1071900
2004-05-27,20.9348075711852,21.052811244382568,20.17315270702789,20.634437561035156,1333200
2004-05-28,20.634440039799973,21.251272846254746,20.548619734288117,20.736351013183594,539500
2004-06-01,20.78462339028077,21.55700607773026,20.763167804100068,21.433639526367188,1389500
2004-06-02,21.562367254201213,21.830555896551683,21.111810253207743,21.492637634277344,613000
2004-06-03,21.508728747826915,21.53554924951637,21.283451265677915,21.40145492553711,422900
2004-06-04,21.481915056987965,21.77692222595215,21.245909731040115,21.77692222595215,803100
2004-06-07,22.715575279505096,23.235861856694893,21.71255041432642,23.150041580200195,3047500
2004-06-08,23.12858350168604,23.305588953780656,22.881850489175275,23.144676208496094,508700
2004-06-09,23.166132413799616,23.47723219721452,22.796032852328565,23.074949264526367,676400
2004-06-10,23.09641400349002,23.225143447168403,22.20602750793032,22.297210693359375,521400
2004-06-14,22.259659896889467,22.31329681313389,21.519458585236713,21.59455108642578,908600
2004-06-15,21.59454578205467,21.712549424147237,21.34781275414903,21.406814575195312,1168400
2004-06-16,21.455091727506222,21.455091727506222,20.91335156167817,20.956260681152344,522500
2004-06-17,20.945537021676007,21.06890357791162,20.537891098728643,20.650529861450195,414500
2004-06-18,20.511062544143876,20.757795535193416,20.46815139120497,20.548608779907227,405300
2004-06-21,20.730989999856025,20.730989999856025,20.06051816345858,20.098064422607422,776700
2004-06-22,20.07660554098696,20.103424000822134,19.803051930763132,19.947874069213867,526100
2004-06-23,20.055146052044613,20.291153363349935,19.851322113949177,20.275060653686523,445300
2004-06-24,20.275058051416746,20.596885603858812,20.07123413948177,20.210693359375,292700
2004-06-25,20.339421521757462,20.82752671594873,20.280421751164447,20.60224723815918,392000
2004-06-28,20.666619758664357,21.192269344564316,20.51643474729789,20.62371063232422,425800
2004-06-29,20.80071010043661,21.15471902061432,20.65052511797241,20.98844337463379,353800
2004-06-30,20.91871584436391,21.036719511576777,20.70952901329901,20.720256805419922,220500
2004-07-01,20.811438734281158,20.811438734281158,20.409155761146405,20.591524124145508,272100
2004-07-02,20.382348475256176,20.516442873119704,20.280437469482422,20.280437469482422,201600
2004-07-06,20.462795256236777,20.462795256236777,20.18387880866732,20.269699096679688,212200
2004-07-07,20.307241420495952,20.409152353405105,20.114145298254048,20.210693359375,194800
2004-07-08,20.291155049951747,20.291155049951747,19.390040986343532,19.63677406311035,472200
2004-07-09,19.577767149773834,19.717224316850796,19.245213869731412,19.411489486694336,297900
2004-07-12,19.36322125358113,19.577773009114185,19.17549000207759,19.470497131347656,240300
2004-07-13,19.347130674769772,19.599228681733422,19.347130674769772,19.529499053955078,293800
2004-07-14,19.395398556127834,19.813772097654237,19.18621178536463,19.25594139099121,469300
2004-07-15,19.309587380257952,19.577776093872643,19.078944922859915,19.34713363647461,385100
2004-07-16,19.325668357984032,19.331033275392034,19.084300273652303,19.09502601623535,185900
2004-07-19,19.078931981868628,19.31493715316802,18.76783434907016,18.8697452545166,521800
2004-07-20,18.826841197641517,18.885843024215937,18.44601383026448,18.633747100830078,360000
2004-07-21,18.585481503595926,19.647508725784576,18.585481503595926,19.357864379882812,916200
2004-07-22,19.379320147412713,19.567051458804354,19.06285733241121,19.127222061157227,616400
2004-07-23,19.05212466497364,19.58850204164705,18.966304366550588,19.4061336517334,265000
2004-07-26,19.449039459228516,19.663591191735094,19.239852645398937,19.449039459228516,320500
2004-07-27,19.550957151452977,19.56704781911698,19.148674090913275,19.20767593383789,387800
2004-07-28,19.234494849489053,19.234494849489053,18.649843372521648,18.767847061157227,297800
2004-07-29,18.698118063483054,19.218404839985403,18.698118063483054,18.928760528564453,416200
2004-07-30,18.88048766698279,19.508048335175225,18.80003022669867,19.191585540771484,292500
2004-08-02,19.019942565394313,19.74941617412643,18.773209446592993,19.72796058654785,448900
2004-08-03,19.7386859021293,19.7386859021293,19.16476230622228,19.336402893066406,233300
2004-08-04,19.40076000577261,19.406124922951925,18.9341124708754,18.97165870666504,187500
2004-08-05,19.12184312907731,19.170117146629014,18.8697452545166,18.8697452545166,200200
2004-08-06,18.783933546655355,18.885844498437372,18.505017101333102,18.62838363647461,221400
2004-08-09,18.80538711775982,18.955572092971753,18.505015121219134,18.66592788696289,199300
2004-08-10,18.821480556924783,19.6421372155578,18.821480556924783,19.331039428710938,592300
2004-08-11,19.2934977006959,19.577777096934856,18.837575636521375,19.55095863342285,398400
2004-08-12,19.663593685467934,19.668956558708082,19.154034790730385,19.223764419555664,297200
2004-08-13,19.26130963094012,19.309583671964713,18.569382391626608,18.82684326171875,282000
2004-08-16,18.810749222824782,18.912660159545755,18.3333738172694,18.73565673828125,376800
2004-08-17,18.77320634615135,19.390041087400313,18.73029517808108,18.923391342163086,322800
2004-08-18,18.901941042919397,19.046761144677387,18.665933670329412,18.821483612060547,213500
2004-08-19,18.708838430489617,19.261306324852214,18.708838430489617,19.08430290222168,281700
2004-08-20,19.180852570911977,19.47586174161895,18.74638823972016,19.159399032592773,278500
2004-08-23,19.255948443594068,19.69577772426738,18.907302333884044,19.577774047851562,401800
2004-08-24,19.63677842299072,20.017605914656308,19.55632098847318,19.835237503051758,354700
2004-08-25,19.899596050104616,20.248242096706598,19.72795548608679,20.119510650634766,547100
2004-08-26,20.22141840015543,20.730977087664797,20.157053716863462,20.548608779907227,432200
2004-08-27,20.602243697255194,21.00988938046097,20.41987540700404,20.816795349121094,395200
2004-08-30,20.811428999560782,20.9133419479325,20.393055557955766,20.763154983520508,272400
2004-08-31,20.80070875740566,21.036716053030563,20.53788505506294,20.704160690307617,234300
2004-09-01,20.66125244457029,20.854348586893256,20.51643033782807,20.789981842041016,234500
2004-09-02,21.567728630990114,21.723278523833752,21.090353208091965,21.208356857299805,516700
2004-09-03,21.353175058821357,21.38535637827777,20.85970701728637,21.015256881713867,224600
2004-09-07,21.122540682870472,21.675008700364266,21.025992595875042,21.422910690307617,418400
2004-09-08,21.503362516607517,21.723277091740968,21.133262976831713,21.251264572143555,290000
2004-09-09,21.422910499102997,21.66964563373205,21.208360788008115,21.59455108642578,283200
2004-09-10,21.626737204541467,21.814468481304818,21.551644693836124,21.77692222595215,165900
2004-09-13,21.615999306715086,22.645844525896702,21.481905015673284,22.56002426147461,571900
2004-09-14,22.54393427533165,22.576117645666855,22.02364975467138,22.259654998779297,328100
2004-09-15,22.345471680434574,22.356199468821295,22.050464661207222,22.14701271057129,464400
2004-09-16,22.125564666436315,22.27038678978704,22.077290625319403,22.0880184173584,208300
2004-09-17,22.088018054859162,22.420571418141748,21.99146997420985,22.238203048706055,199800
2004-09-20,22.31865770894096,22.58148141572225,22.28111146511506,22.44202423095703,204200
2004-09-21,22.624396218751606,23.262684512626528,22.495664757691568,22.999860763549805,537400
2004-09-22,23.06421989934876,23.06421989934876,22.715573896377055,22.924762725830078,287700
2004-09-23,22.78530930194693,24.453443167288626,22.661942758499812,24.410531997680664,1611100
2004-09-24,24.36225129123676,25.6763758323351,24.34079775841805,25.633466720581055,1670500
2004-09-27,26.41658033197615,27.22114623041197,26.153754571529017,26.861774444580078,2337900
2004-09-28,26.70623024582329,28.28854392631664,26.604317234090818,27.92380714416504,2215200
2004-09-29,27.988177607025925,28.336823794161578,27.178246450861963,27.323068618774414,1491800
2004-09-30,27.247970078051917,28.411910038831877,27.151421987439118,27.725345611572266,973600
2004-10-01,27.9130774754459,28.052534684607416,27.092418747689248,27.34451675415039,683500
2004-10-04,27.3659671900267,29.414928095093963,27.3659671900267,28.58354377746582,1920000
2004-10-05,28.65863981768848,29.216472710780888,28.3153586668984,28.696186065673828,818600
2004-10-06,28.642552676952405,28.857102399532998,28.11153817478962,28.808828353881836,1062800
2004-10-07,28.814196787806807,29.09847617680414,27.870171345738115,28.34218406677246,1149300
2004-10-08,28.20272370723047,28.776647341864603,28.11690136190011,28.406545639038086,731900
2004-10-11,28.59964034491783,28.964377109242108,28.22954070734638,28.605005264282227,670600
2004-10-12,28.540627402988452,28.57817363946046,27.83797465234108,28.299257278442383,815800
2004-10-13,28.331455823222985,28.637190796082997,27.789715516646435,28.106178283691406,639000
2004-10-14,28.18662077076395,28.234894799443985,27.837976826845097,28.052526473999023,700800
2004-10-15,28.052532285390978,28.599637375064727,27.90234729665909,28.014986038208008,815100
2004-10-18,28.014977272535855,29.32373673398279,27.95597546081897,29.0609130859375,661400
2004-10-19,29.30228890242012,29.967395527573846,29.039463157145057,29.19501304626465,876800
2004-10-20,28.980470468346667,29.15211107384834,27.146060729753497,28.18663215637207,1488000
2004-10-21,28.186627792282124,28.798097610473633,28.05253346211321,28.798097610473633,898000
2004-10-22,29.03409593638049,29.14137177646825,28.27780423063066,28.40117073059082,513200
2004-10-25,28.814186882265087,29.044829266316093,28.293900288552322,28.93755340576172,432700
2004-10-26,29.093104802623053,29.608026504516605,28.508453480853202,29.6080265045166,528600
2004-10-27,29.785040090103884,31.426355875855823,29.506123561707746,30.889978408813477,1429800
2004-10-28,30.71296605515905,30.868515977192615,29.313022895208608,30.72369384765625,1301300
2004-10-29,30.691510878605083,31.51216752273763,30.691510878605083,31.19034194946289,603800
2004-11-01,31.115251896786354,31.24934624602389,30.417961689974643,31.15816307067871,1571400
2004-11-02,31.35126585356553,31.968098762096606,31.281536204386253,31.882278442382812,961900
2004-11-03,32.246997089666216,33.14274808871851,32.209450848891464,32.837013244628906,1320300
2004-11-04,33.191032976452796,33.67913631230722,32.922844285409326,33.38949203491211,1898300
2004-11-05,33.52358286353912,34.140417606675086,32.24164138221612,33.79713439941406,1716000
2004-11-08,33.705943264667724,34.489055530202066,33.502119356149194,34.4300537109375,1090800
2004-11-09,32.61711187508,32.933574636939525,32.16655475728198,32.68147659301758,4469600
2004-11-10,32.697566493534815,33.58795291422359,32.697566493534815,33.427040100097656,1793200
2004-11-11,33.26612467362949,33.480674393576635,32.28991802565919,32.397193908691406,1541900
2004-11-12,32.18263651701313,32.26309392675243,31.142065339565132,31.97344970703125,1983500
2004-11-15,32.00563259217392,32.96574845274117,31.85008472981796,32.41328048706055,1154100
2004-11-16,32.49909664916291,32.72973902318311,31.796441736901738,32.236270904541016,1295800
2004-11-17,32.33282041804674,32.91747171039832,32.3220926273658,32.57955551147461,1157800
2004-11-18,32.488371588498836,32.906745210886974,32.37573285110463,32.64928436279297,663100
2004-11-19,32.799471814990696,32.847745852513036,30.895330815256067,31.324434280395508,1581500
2004-11-22,31.24398176300159,31.506807574260932,30.305321366688236,30.852426528930664,1131200
2004-11-23,30.948963589367985,31.785710677791442,30.60031760511384,31.356609344482422,1199600
2004-11-24,31.68380017428377,31.994899923916336,31.238608174433047,31.59261703491211,744600
2004-11-26,31.705269627209677,32.01636746686422,31.51217342860877,31.732088088989258,168900
2004-11-29,31.807168859770695,32.24163514625273,31.538980248733644,31.748167037963867,525800
2004-11-30,31.63553862658556,31.689177593951012,31.02943159511903,31.15816307067871,678200
2004-12-01,31.15816056236211,32.11291159731575,30.932881009797622,31.962726593017578,977200
2004-12-02,32.1504614297564,32.1504614297564,31.083071522678374,31.10988998413086,608400
2004-12-03,31.115241509917457,32.60637156703066,31.093787976250272,32.3810920715332,1315500
2004-12-06,32.407913845737056,33.02474852800464,31.91981060925395,32.9925651550293,1648400
2004-12-07,33.01403334638132,33.437772044873256,32.77802799277303,33.217857360839844,971700
2004-12-08,33.217855400877674,33.416314483023044,32.563474261873814,33.06230545043945,935600
2004-12-09,32.71365622513046,33.523585141866356,32.643926595122544,32.933570861816406,737600
2004-12-10,32.933572833208224,35.207811839541904,32.772657978001156,34.38179016113281,2109200
2004-12-13,34.6553382037965,35.325809838922986,34.413970052044604,35.17562484741211,1287100
2004-12-14,35.100528518422145,35.86218323061138,35.09516360010147,35.69590759277344,1261000
2004-12-15,36.36637981098453,37.412313829540565,35.45990093341349,35.73881530761719,4986600
2004-12-16,36.693570085231805,39.02144541441036,36.23764614337269,37.43376922607422,5780900
2004-12-17,37.53570022354941,37.750247955322266,36.613130244877716,37.750247955322266,5448000
2004-12-20,36.763303392038715,39.15018091927277,36.580932968390684,36.81694030761719,4164500
2004-12-21,36.8544772668783,37.19239343284628,35.325803050975566,35.856815338134766,2943500
2004-12-22,35.93727652213003,37.44449531749859,35.74954529904326,36.377105712890625,1716400
2004-12-23,36.275189149078734,36.35564654882575,35.74954177623381,36.16791534423828,551200
2004-12-27,36.28592021019079,36.31810153428294,35.357985807276684,35.8514518737793,760500
2004-12-28,35.910451073576965,36.816929830152,35.71735495865882,36.693565368652344,997400
2004-12-29,36.672116847107965,36.79548133234736,35.98555047737171,36.14646530151367,606800
2004-12-30,36.52730803732056,36.84913372861587,35.89438240447099,36.08747863769531,494900
2004-12-31,36.044552204264974,36.328835605072065,35.813909806175346,35.89436721801758,363000
2005-01-03,35.85681861456881,36.41465144984532,34.84843085016532,35.15953063964844,1444000
2005-01-04,35.261428206755355,35.776349714143166,34.564140455852694,35.08442687988281,1105000
2005-01-05,35.2882652219408,35.93728130367031,34.78406921950866,35.481361389160156,977600
2005-01-06,35.722723093691215,37.26749215216449,35.341895747257475,36.918846130371094,1742400
2005-01-07,35.931904582652955,36.40927992475253,35.508166137778495,35.69053649902344,1389100
2005-01-10,36.01236046301748,36.42537314800422,35.73344615381429,35.829994201660156,911200
2005-01-11,35.454542496204795,36.001649692257686,35.17026315161639,35.7870979309082,1047200
2005-01-12,35.931911760732184,36.17328398481331,34.12432095440772,35.20243835449219,1279500
2005-01-13,35.18098393678012,35.55108557060853,34.89670463228221,35.00398254394531,822600
2005-01-14,35.256070948146856,35.54035017545577,34.8698787554884,35.100521087646484,950000
2005-01-18,34.97717494237036,36.7204017505083,34.97717494237036,36.46830368041992,1125900
2005-01-19,36.44684109565383,37.02076472480957,35.937284224881445,36.4951171875,923500
2005-01-20,36.484388878248225,36.709670495919575,34.44615721745326,34.81089401245117,1331200
2005-01-21,34.71435089400889,35.13272467044121,32.91748512212487,33.60404968261719,2639400
2005-01-24,34.26377101356382,34.71969279343389,32.39717888067783,33.14810562133789,1955900
2005-01-25,33.132033474198714,34.215516107977955,32.558109798570136,32.94966506958008,1407600
2005-01-26,32.86919558392046,33.69521699874115,32.49909603650343,33.443119049072266,759700
2005-01-27,33.45920940680981,33.518211224597714,32.66537141774669,32.93892288208008,814400
2005-01-28,33.50749617034937,33.882958706032944,32.847752226925905,33.7220458984375,1133800
2005-01-31,34.0599618821191,35.250720259369594,33.92050467076735,35.16489791870117,1455000
2005-02-01,35.38481301997974,36.243015927231774,35.127350101687,36.07674026489258,1663300
2005-02-02,36.205459482529584,36.87056603682782,36.03381894941284,36.47364807128906,1324400
2005-02-03,36.30202140759082,36.5702100988135,35.80855519787742,36.15183639526367,647500
2005-02-04,36.15718717435576,37.27821350097656,36.01236304608274,37.27821350097656,1012800
2005-02-07,37.546398594222595,38.3509642783845,37.305030525867096,38.243690490722656,1428000
2005-02-08,38.12569570428034,38.340247421557365,37.40158723917481,37.9272346496582,1395100
2005-02-09,37.86823151749433,38.23833311471159,36.859843801016105,37.14412307739258,881700
2005-02-10,37.39622288474137,37.653681675568876,36.645293909066034,37.3747673034668,777200
2005-02-11,37.347947578131,38.200789559483674,37.24603868025606,37.86286926269531,837200
2005-02-14,37.89506262893999,38.73717494992823,37.56250718089468,38.2919807434082,911600
2005-02-15,38.61916212950808,40.22829388490425,38.49579356101156,39.933284759521484,2137300
2005-02-16,40.255132977589426,40.255132977589426,39.42374621640369,39.63829803466797,693900
2005-02-17,39.71874852895504,40.228305427475796,39.182371123255365,39.2789192199707,1031600
2005-02-18,39.27353798262524,39.906463222070975,38.7317958821271,39.016075134277344,803700
2005-02-22,38.930275346783,39.15555288811243,37.541055657448,37.637603759765625,1157700
2005-02-23,38.04524038123169,38.22224586459141,37.439135532064206,37.75559616088867,872400
2005-02-24,37.54641117639425,38.69425827640815,36.54874906632848,38.565528869628906,1288400
2005-02-25,38.59233866407707,38.75325346414333,37.347943699229205,38.65134048461914,1071400
2005-02-28,38.871278939722686,39.23065089053668,37.7019758001643,38.3885383605957,807800
2005-03-01,38.613807952428786,39.09118351194327,38.10961597820501,38.59771728515625,778600
2005-03-02,38.55477327505807,39.321792468936714,38.426043954277624,39.12869644165039,594600
2005-03-03,39.343285103321456,39.3647406923702,38.29735071366545,38.806907653808594,709500
2005-03-04,38.75325634850264,38.89807640555437,38.131056773652446,38.43143081665039,925500
2005-03-07,38.672803431531804,39.88501730419441,38.592346016171014,39.82601547241211,1057000
2005-03-08,39.9386453214984,40.008372883422474,38.56552101618399,38.77470779418945,1356600
2005-03-09,38.699626728033216,38.72108231316072,37.41768518536469,37.5571403503418,1505500
2005-03-10,37.69123779899969,37.97015633644286,36.84376462380793,37.45523452758789,1442800
2005-03-11,37.3908587415698,38.951718550727634,37.3908587415698,37.86286926269531,1016300
2005-03-14,38.19006365405857,38.79617264638588,37.718053084341,38.501163482666016,769000
2005-03-15,38.77472462552565,39.38082964384044,38.3670766358461,39.08045959472656,1164000
2005-03-16,39.53100704993989,41.0060446875083,38.195428662112604,38.56016540527344,3330200
2005-03-17,38.65671437824864,39.45055463480604,38.56553121341485,39.1662712097168,1060000
2005-03-18,39.0482728466476,39.43446110245396,38.10961248102852,38.58162307739258,1094800
2005-03-21,38.58161131976106,39.02144045049658,37.93796033066676,38.404605865478516,913400
2005-03-22,38.28661888518485,38.61917435982123,37.41232516107682,37.49278259277344,938300
2005-03-23,37.39623246873717,37.90578935483926,36.575575712774864,37.08513259887695,1789700
2005-03-24,37.246037153275054,38.08814926312695,37.06366676225369,37.80923080444336,1236400
2005-03-28,38.1149640021715,38.52261183582238,37.814594068025286,38.21687698364258,745700
2005-03-29,38.07742881125392,38.184706741892846,36.33956725724953,36.4951171875,1889000
2005-03-30,36.41465862523228,37.21922466483924,36.16256061139791,37.13876724243164,985400
2005-03-31,37.1602156488335,37.17094548560666,36.20546478770764,36.33419418334961,1126100
2005-04-01,36.36101196519663,36.47365068949323,34.8752447851651,35.4223518371582,2132800
2005-04-04,35.55646007984058,35.6261876720537,33.98487405712112,34.15114974975586,3050100
2005-04-05,34.220862909787385,35.03615645069591,33.62548392591812,34.14040756225586,1916100
2005-04-06,34.1404248596984,35.073720459069385,34.1404248596984,34.354976654052734,1015700
2005-04-07,34.789433797565344,35.78173103523698,34.36033029856635,34.859161376953125,1636400
2005-04-08,35.03616534594917,35.1219876788918,33.79177016391959,33.86149978637695,1156600
2005-04-11,33.86149899988388,34.38178358150329,33.37875861887928,33.54503631591797,841200
2005-04-12,34.09750673843445,34.59633781952157,33.38948882581733,34.590972900390625,1417300
2005-04-13,34.3281450228181,35.71736017743805,34.21014136954476,34.741153717041016,1945900
2005-04-14,34.875246611018625,35.02007075857736,33.19638731017917,33.341209411621094,1545300
2005-04-15,33.25539672532917,33.42703731893181,31.109887259178905,32.08609390258789,3411300
2005-04-18,32.273831484957476,32.558112936273616,31.356626499563514,31.705272674560547,1153000
2005-04-19,32.1558219076597,32.960387916794886,31.40489281401999,31.780357360839844,1814100
2005-04-20,30.155124523467144,30.970418050403453,29.543654889794034,29.67238426208496,5195300
2005-04-21,29.903032660251213,30.144402839826398,28.444085838034017,29.849395751953125,5373600
2005-04-22,29.844046000793192,30.299968137503246,27.902359878738874,28.433372497558594,3261700
2005-04-25,28.84100783737952,29.98349206606002,28.50845448232234,29.4256591796875,3204900
2005-04-26,29.425660084535167,31.17961416539371,29.425660084535167,30.22486114501953,2860800
2005-04-27,30.037135440589175,30.509148141854183,28.87319742440273,29.33448028564453,1702100
2005-04-28,29.978127508331745,30.43941232199981,28.159808756035066,28.696186065673828,3198000
2005-04-29,29.516843588569486,29.752850921472845,27.730708157360876,28.395814895629883,2875100
2005-05-02,28.55136578914532,28.588912039553776,26.566769206179373,27.15142059326172,3660000
2005-05-03,26.459490828871544,26.56140177017096,25.290188255575806,25.370643615722656,6322800
2005-05-04,24.925450547041024,26.792043062969185,24.70553596446055,26.593584060668945,6378300
2005-05-05,26.60432259837978,27.178246347109813,25.837302626503618,26.373680114746094,3039000
2005-05-06,26.572131911884515,26.674042862201144,25.901660287419023,25.97138786315918,1402800
2005-05-09,25.2097357546979,25.735385318517107,24.8074527373357,25.53692626953125,4244900
2005-05-10,25.37601405309647,25.746113700945337,24.91472918857577,25.118553161621094,3168900
2005-05-11,25.209735815059634,25.47792449394325,24.067251470102615,24.764541625976562,5116100
2005-05-12,24.61434664422445,24.759168717658458,23.670323777463558,23.933147430419922,4054800
2005-05-13,24.11016590719297,24.244260264801255,23.391420068567868,23.504058837890625,2998100
2005-05-16,23.25195673236855,24.16379861417298,22.69948873020932,23.90633773803711,3317900
2005-05-17,23.911700943459028,24.44271332301954,23.471869676368193,24.313983917236328,2219800
2005-05-18,25.048829445848302,25.93921600641895,24.75382223258484,25.17755889892578,3266700
2005-05-19,25.440375248267042,25.799747053536894,24.88790728954957,25.71929168701172,1881000
2005-05-20,25.71393002527085,25.7461134036276,25.209736041052025,25.327739715576172,1150000
2005-05-23,25.333099528086507,25.365282902554757,24.394439256991102,24.775266647338867,3348300
2005-05-24,24.44271847783333,24.673360928462703,23.976070702751375,24.094072341918945,3274900
2005-05-25,24.136980446902186,24.405169118534435,23.536238395358765,23.600603103637695,2163800
2005-05-26,23.84196573948857,24.110154325880753,23.681052996876566,24.083335876464844,1754700
2005-05-27,24.136972560627914,24.721623755607784,23.954604241658508,24.292522430419922,1515600
2005-05-31,24.646534180572424,25.182911411722568,24.212067886738776,25.1292724609375,3541400
2005-06-01,25.231187787507768,27.768252080922707,24.941543564720366,26.79204559326172,5762400
2005-06-02,26.9905117900999,28.8463771845665,26.352223392659884,28.642555236816406,7042800
2005-06-03,29.827948814822225,30.51987618143083,29.221841754032848,29.511486053466797,5630000
2005-06-06,29.70993712450219,29.71530204311191,28.025712797630927,28.19735336303711,2968200
2005-06-07,28.293903260860805,29.21647289398188,28.063260852580537,28.427997589111328,3042000
2005-06-08,28.56208411765855,28.93218362596148,28.06861810658798,28.27243995666504,1502500
2005-06-09,28.315358753822192,28.497727121503896,27.360605748374653,28.368995666503906,2429100
2005-06-10,28.476268226193337,28.83027712862574,27.736067049792187,28.143714904785156,1369200
2005-06-13,28.143714113460163,28.540632120663936,27.784340302817906,28.020347595214844,1378600
2005-06-14,27.94526340201098,29.47394031160674,27.623437761105308,29.22720718383789,4015700
2005-06-15,29.414929705470676,29.66166275975032,27.929164415125488,28.830278396606445,3623700
2005-06-16,28.74982468511983,29.350568780786787,28.583549018774644,29.157472610473633,1444600
2005-06-17,29.339828543333265,29.409558141061815,28.503079508939592,28.51380729675293,1433800
2005-06-20,28.32071579078111,28.722998691349357,28.090073430765987,28.21343994140625,1209500
2005-06-21,28.910746138014286,29.093114557681865,27.73071530758393,28.02572250366211,2051900
2005-06-22,28.07399277680781,28.481638694402527,27.94526130244679,28.374364852905273,1564400
2005-06-23,28.524553582079122,28.631829483662145,26.625776876247826,26.979785919189453,2548300
2005-06-24,27.12460049736048,27.178237410100223,26.228851368680903,26.556039810180664,2281300
2005-06-27,26.43804290941263,26.652592644763835,25.563747162186473,25.928483963012695,2271000
2005-06-28,26.01430546549388,26.486318178811622,26.01430546549388,26.287857055664062,1150100
2005-06-29,26.416579533968726,26.684768158679066,25.928476318840573,26.545310974121094,1074900
2005-06-30,26.604315172123158,26.75986509136195,25.295555202737617,25.354557037353516,2199500
2005-07-01,25.435019830822583,26.084038154823592,25.435019830822583,25.778303146362305,1039800
2005-07-05,25.75683725319651,26.539947591599233,25.29555246462268,26.405853271484375,1500500
2005-07-06,26.416581751205637,26.786681347767615,26.33612433859273,26.5667667388916,1230300
2005-07-07,26.062572046009198,26.47558279601754,26.046481382410477,26.346851348876953,975500
2005-07-08,26.282491567404314,27.82189407201086,26.10012317672457,27.671709060668945,2049700
2005-07-11,28.20271547693137,28.65327038172793,27.998891558487642,28.535268783569336,2361100
2005-07-12,28.42799891900579,29.495390722105295,28.42799891900579,29.23256492614746,2193200
2005-07-13,29.38274410458018,29.629479186268114,29.018007423250285,29.366653442382812,1276500
2005-07-14,29.447117469695907,29.6294858513844,28.701551231007787,29.066287994384766,1723600
2005-07-15,29.184284683514054,29.575839811600925,28.846366459394314,29.554384231567383,1073600
2005-07-18,29.527582724848077,30.33751394392475,29.195029227949565,29.49540138244629,1672200
2005-07-19,29.302302769690346,29.86549872339223,29.2540287138806,29.58658218383789,1144500
2005-07-20,29.447117131347895,30.214136900273125,29.441752212059075,30.144407272338867,770600
2005-07-21,30.28923188434974,30.466235359163917,29.500756465868072,30.34286880493164,1382600
2005-07-22,30.45013877232228,30.45013877232228,30.14440388298593,30.41795539855957,760000
2005-07-25,30.471603608174096,31.217167934755583,30.203414883727945,30.530603408813477,1571800
2005-07-26,30.444770643312307,30.60032053092094,30.037124849221385,30.251676559448242,907400
2005-07-27,30.25167791611004,30.25167791611004,29.361291757136964,30.18731117248535,1773500
2005-07-28,30.155134669854178,30.975791344216177,29.608029538240455,30.87388038635254,1569000
2005-07-29,30.959698754326745,30.959698754326745,30.11222162878586,30.198041915893555,775700
2005-08-01,30.208768403258013,30.959697417616127,30.12831099239216,30.396499633789062,865500
2005-08-02,31.109889686988357,31.136708148184685,28.991198514599283,29.13602066040039,3415700
2005-08-03,28.58354328150584,28.647907976651926,27.68242936499354,28.020347595214844,3137600
2005-08-04,27.891615523238116,28.481629648552232,27.5376066388263,27.993526458740234,1811100
2005-08-05,27.96135340879977,28.165175340115475,27.73071097157439,27.827259063720703,1210200
2005-08-08,27.757519673446097,28.26707841483896,27.757519673446097,27.93988800048828,1555900
2005-08-09,28.036440688844284,28.50845326845519,28.036440688844284,28.352903366088867,1330000
2005-08-10,28.49772969321513,29.03946992620992,28.27781505758713,28.723007202148438,1572100
2005-08-11,28.68545981622134,28.942920693156285,28.25635835466309,28.74982452392578,859300
2005-08-12,28.81955347414535,28.8892830994229,28.031078150340253,28.395814895629883,1186100
2005-08-15,28.277811038951935,28.621092172989847,28.04180372471315,28.084714889526367,710600
2005-08-16,27.955985346568628,28.025714971084113,27.172874950406438,27.312332153320312,1075000
2005-08-17,27.231884102202542,28.159816869708337,27.231884102202542,28.02572250366211,987800
2005-08-18,27.762887705605582,27.86480070049759,27.312330698935682,27.31769561767578,1021000
2005-08-19,27.494703171177036,27.500068090719356,26.29858187790161,26.47022247314453,1836300
2005-08-22,26.46485431369855,26.802772563264455,25.971386166351216,26.282485961914062,1824400
2005-08-23,26.95296034015007,27.45715428453779,25.569105871892727,25.65492820739746,2224600
2005-08-24,25.59056049767115,25.85338627502158,25.365283013756795,25.413557052612305,1236900
2005-08-25,25.429641794213342,26.202024189894104,25.41891400517543,26.046476364135742,1237700
2005-08-26,26.003570451074523,26.003570451074523,25.558378369878255,25.75147247314453,1064600
2005-08-29,25.62274275807183,26.137664452727783,25.338463456127446,25.826566696166992,1080400
2005-08-30,25.756846114066942,25.756846114066942,24.662635594431297,25.086374282836914,1304600
2005-08-31,25.0917302960582,25.612016949582046,24.893271261194116,25.59592628479004,1140600
2005-09-01,25.477914229672425,26.652579433343835,25.477914229672425,26.202022552490234,2112700
2005-09-02,26.336128447361972,26.395130286334204,25.61738267883329,26.06793975830078,952900
2005-09-06,26.314681313070636,26.507775497461076,25.671027893415726,26.48095703125,1101400
2005-09-07,26.550680475006615,27.596616781730344,26.22885486345347,27.30697250366211,1903500
2005-09-08,27.194331355026463,27.435701565544004,26.995872313541888,27.070964813232422,1075600
2005-09-09,26.808140571010934,27.08705704752947,26.577498139392095,26.834959030151367,914000
2005-09-12,26.818870837371623,27.087059545745337,26.58286551060504,26.70623207092285,667600
2005-09-13,27.0012312121061,27.006594084387242,26.062571011908297,26.336122512817383,1029400
2005-09-14,26.427308105099154,26.952957579524004,26.405852523420535,26.668678283691406,1238900
2005-09-15,26.727690391114418,26.936877277652936,26.014307371772624,26.057218551635742,1000100
2005-09-16,26.073310359389435,26.3361341861141,25.499386603427524,25.778303146362305,1543300
2005-09-19,25.70856783673292,25.821206594805997,25.21509958603796,25.392105102539062,1165700
2005-09-20,25.24191968314397,25.247282556534163,24.38371466638591,24.480262756347656,1694300
2005-09-21,24.539256695184168,24.539256695184168,23.380682034698825,23.57377815246582,2050300
2005-09-22,23.600591188433246,24.22815138108083,23.343130439184275,23.959962844848633,1999000
2005-09-23,23.884884688834664,24.67336011240158,23.627423785369775,24.26034927368164,1345200
2005-09-26,24.517810665673792,24.59290317491596,23.209050535453695,23.53087615966797,1766800
2005-09-27,23.55232945170378,23.927794007442458,23.348505484968403,23.874155044555664,1542900
2005-09-28,23.933156960207565,24.324712183054892,23.841973792172823,24.029705047607422,988000
2005-09-29,23.927792733628454,24.110161105500598,23.450417242994142,23.70787811279297,848500
2005-09-30,23.573784526260877,24.42125966034409,23.573784526260877,24.217437744140625,1278600
2005-10-03,24.254979966737736,24.474894558000358,23.70787492469288,24.00288200378418,850900
2005-10-04,23.97606365866442,24.501713121954833,23.87415067090817,24.158432006835938,732900
2005-10-05,24.271073888824517,24.34616638673717,23.9492483131654,23.997522354125977,761600
2005-10-06,24.013614726334602,24.013614726334602,22.560032567347584,22.62439727783203,3192200
2005-10-07,22.806763110233803,23.257320125435676,22.63512253740614,22.983766555786133,2037800
2005-10-10,23.235863849181165,23.26804722292021,22.871127131273155,22.919401168823242,1239000
2005-10-11,23.015948071841848,23.659601191026155,22.640483581807928,23.46650505065918,2040500
2005-10-12,23.369958356272335,24.271072366955856,22.887217976935812,22.94085693359375,1832900
2005-10-13,22.849673345734132,23.60060242309773,22.592212473925304,23.536237716674805,1139400
2005-10-14,23.804430366166322,24.46417434428481,23.487967607935424,24.07798194885254,1149700
2005-10-17,24.002884598086624,24.619719322406066,23.87415314352605,24.453441619873047,1291100
2005-10-18,24.421262155714462,24.490991790023365,23.337779571565104,23.450420379638672,930200
2005-10-19,23.316322131979028,24.941544713384015,23.16613509503347,24.91472625732422,1860100
2005-10-20,24.914725890584283,25.472558771331922,24.51244291725768,24.775266647338867,1484500
2005-10-21,25.150732802729028,25.633473220602138,24.689447969231864,25.467195510864258,1307200
2005-10-24,25.59592658743977,26.582860946655273,25.59592658743977,26.582860946655273,1329300
2005-10-25,26.684763038986773,26.73839993519143,25.488642247798325,26.089384078979492,1393700
2005-10-26,25.51547165926119,25.51547165926119,23.927795114467802,24.136981964111328,3114600
2005-10-27,23.337770242129086,24.13697314201142,23.117855679790978,23.37531852722168,2009500
2005-10-28,23.600602146059906,24.179890635417586,23.3967781909766,23.938520431518555,1572500
2005-10-31,23.997521557371655,25.542286724587388,23.90097347865604,25.011274337768555,1981600
2005-11-01,25.01663373346399,25.456462899317767,24.839630311165156,25.1292724609375,1397600
2005-11-02,25.209728499713975,27.494694480460556,25.10245265006633,26.636491775512695,3003400
2005-11-03,25.79975688228732,26.98515271007328,25.55838864464245,26.824237823486328,3251500
2005-11-04,26.818863594473076,26.89932100370326,26.48094534026998,26.786680221557617,1276000
2005-11-07,27.04950912673401,27.548340211217184,26.711590833283466,27.398155212402344,1312600
2005-11-08,27.355246009826658,27.59125131723078,26.61504466253027,26.81886863708496,787100
2005-11-09,26.926140965638247,27.129964913280848,26.754500392713013,26.899322509765625,752700
2005-11-10,26.95296252394476,28.288543059751227,26.47022207820332,27.83798599243164,1633600
2005-11-11,27.918441567665305,28.090082161566787,27.39279199307736,27.666345596313477,601100
2005-11-14,27.709251734093822,28.717641649127476,27.709251734093822,28.696186065673828,1092800
2005-11-15,28.594276168881795,28.985831373836657,27.950622964334123,28.127626419067383,882400
2005-11-16,28.18126584968617,28.42263606118174,27.660979176697623,27.74679946899414,612000
2005-11-17,27.87016964920621,29.15747624780443,27.784349345707493,29.13602066040039,1062400
2005-11-18,29.409565626742094,29.409565626742094,28.83564008628564,29.18428611755371,1914600
2005-11-21,29.173553942202286,31.10987585283497,29.173553942202286,31.083057403564453,2057200
2005-11-22,31.109890691233357,32.38110461725534,30.514511421315436,32.10218811035156,1844900
2005-11-23,32.021729088799674,32.98720793624686,31.85545136910418,32.22018814086914,1241600
2005-11-25,32.18264361639663,32.57956378795717,32.07536772845183,32.198734283447266,248400
2005-11-28,32.16118382232717,32.79947414673438,31.13670321640359,31.345890045166016,1201400
2005-11-29,31.345891754224912,31.49071388498354,30.900699615478512,30.900699615478516,1319400
2005-11-30,30.60569152475427,31.324437236744835,29.758214351849013,29.945947647094727,1250300
2005-12-01,30.18195929470403,31.201075219928857,30.18195929470403,30.530603408813477,814500
2005-12-02,30.48768739301717,30.686146431384,29.881580439709847,30.03713035583496,575100
2005-12-05,29.983490391801393,30.294588146291897,29.334472336148618,29.870849609375,770200
2005-12-06,30.037132442284324,30.47696171792839,29.92985656005271,30.0585880279541,580800
2005-12-07,30.117592918787626,30.594968494691166,29.742128315971282,30.03177261352539,451800
2005-12-08,30.069311374534696,30.793419891821213,29.88694301554237,30.128311157226562,945800
2005-12-09,30.144412749062578,30.632516141048008,29.270116942805572,30.412601470947266,686400
2005-12-12,30.519876244659656,30.9007037246391,30.037135744602967,30.78806495666504,748800
2005-12-13,30.729066395814353,31.13134950680335,29.854770528351978,29.98886489868164,1078700
2005-12-14,29.978127149419475,30.15513264161726,29.323746184737285,29.522207260131836,1387400
2005-12-15,29.618748580135705,29.795751985828666,28.964367764767,29.28083038330078,690700
2005-12-16,29.259386131948652,29.75285439332433,29.082382657733767,29.414936065673828,1391700
2005-12-19,30.208765132811692,30.22485579479608,28.910733231113692,28.959007263183594,726500
2005-12-20,29.141379675463174,29.758212342461213,28.95364639289393,29.114559173583984,627200
2005-12-21,28.99656121774705,30.1873175819948,28.99656121774705,29.634849548339844,692900
2005-12-22,29.704563919081757,29.736745235077848,29.3398273329404,29.50074005126953,461600
2005-12-23,29.575845816555624,29.742123526400807,29.21647398555373,29.345203399658203,403500
2005-12-27,29.339840882431865,29.768942344845847,29.264748382274064,29.484663009643555,404000
2005-12-28,29.484654065778717,30.0639403527878,29.098461843694963,29.49001693725586,353300
2005-12-29,29.355925231548937,30.090761455705568,29.30228832758181,29.554384231567383,368800
2005-12-30,29.37738087923696,30.106854233123507,29.232558782852124,29.420289993286133,595700
2006-01-03,29.420291709081123,29.495386243750985,28.234898462941572,28.93755340576172,1626300
2006-01-04,28.835639007577846,29.05555359020911,28.127621227100754,28.883913040161133,952300
2006-01-05,28.93755791295333,29.055559536437407,28.427999030540956,28.712278366088867,631400
2006-01-06,29.393478096256693,29.393478096256693,28.67473237212472,28.98583221435547,675900
2006-01-09,29.33983360401914,30.879235613721907,29.168193061632888,30.353586196899414,1681700
2006-01-10,30.198036233549523,30.943600221152284,30.144399331493926,30.391132354736328,1103000
2006-01-11,30.53059205947968,31.710622417605972,30.369679293852645,31.302976608276367,1275200
2006-01-12,31.32443155523228,31.32443155523228,30.87387459292699,31.00796890258789,908000
2006-01-13,30.911436084391656,31.453176462367978,30.718339855847926,31.297626495361328,725100
2006-01-17,31.16352386183924,31.646264305281967,30.364322739616256,30.519872665405273,617200
2006-01-18,30.52522806942725,30.975785024353424,29.79575470944042,29.827938079833984,753600
2006-01-19,29.79576165404306,30.48768893289902,29.53830076923747,29.763580322265625,912800
2006-01-20,30.305321434653287,31.86617950103587,30.19804555132486,31.528261184692383,1953300
2006-01-23,31.74280063843375,31.866167140266974,30.423313309835077,30.847049713134766,676400
2006-01-24,30.82560995974949,31.158163376206634,30.509147210601064,30.948976516723633,723500
2006-01-25,30.92215338299869,31.3780732875331,30.584235097758622,30.86315155029297,1324000
2006-01-26,32.17727756272616,32.772654692050786,31.721355595548115,32.22555160522461,1717200
2006-01-27,32.09144015459246,34.26912968646501,32.075347451597665,33.75957107543945,1320300
2006-01-30,33.90440187343128,35.0468838211478,33.89903900179338,34.714332580566406,1157700
2006-01-31,34.816261058291104,35.02544792928955,34.4139779844887,34.63925552368164,1192000
2006-02-01,34.39250982399804,35.6315399288678,34.39250982399804,34.97179412841797,881800
2006-02-02,34.86451646906463,35.26143443381026,34.01703954814219,34.27986526489258,955000
2006-02-03,34.092152618149264,34.2262469852101,33.593321408993546,33.69523239135742,950000
2006-02-06,33.64158805645486,33.77568239399351,33.16421254219601,33.23394012451172,617800
2006-02-07,33.185652788485314,33.679120816947595,32.24162993063752,32.54199981689453,713400
2006-02-08,32.69756392584086,32.71901951167076,32.177279269228144,32.397193908691406,770200
2006-02-09,32.450828843363546,33.24466705548532,31.914451507109604,31.951997756958008,665100
2006-02-10,32.18263642126772,32.58491937653357,31.721351638517515,31.914447784423828,653700
2006-02-13,31.898345441868134,32.59027031653858,31.83397871938833,32.39181137084961,702700
2006-02-14,32.36500509883347,33.34657445548723,32.36500509883347,33.228572845458984,954700
2006-02-15,33.29295003231866,34.80553436279297,33.05157975700516,34.80553436279297,1101500
2006-02-16,34.778698751720746,35.63154070291525,34.601697370203915,35.25071334838867,1126800
2006-02-17,35.1863534905524,36.14110452283786,35.01471290151495,35.357994079589844,1128800
2006-02-21,35.561821808465396,35.90510300310481,34.987898177530624,35.52963638305664,743200
2006-02-22,35.320452120380686,36.69894191952785,34.91816905729609,36.157203674316406,1385800
2006-02-23,36.07674973765764,36.33957355183766,35.33118538257072,35.66910171508789,1326100
2006-02-24,34.87525317148468,36.55948179964841,34.86452742516775,35.83536911010742,2150900
2006-02-27,36.08747350169072,36.58093976426197,35.42236662204098,35.5135498046875,1005400
2006-02-28,35.5403678401473,35.95874155939472,35.27217913886204,35.642276763916016,708500
2006-03-01,35.63154865325086,35.91046308350572,35.395541302257456,35.62082290649414,684500
2006-03-02,35.58863700023842,35.653003756611525,34.57488411771039,34.880619049072266,849100
2006-03-03,34.77869198437854,35.49207456663325,34.354957642615716,34.54805374145508,1154300
2006-03-06,38.02915442665739,40.36239504961694,37.71805458566695,38.74789810180664,5968700
2006-03-07,38.490444583048536,39.627562087860326,38.35635022882187,38.80154037475586,2078800
2006-03-08,38.61917114774039,38.61917114774039,37.701966324049714,37.787784576416016,1900700
2006-03-09,37.90042482658037,38.0881560772222,36.66139038787557,36.81694030761719,2072600
2006-03-10,36.68284771260803,37.54641559875823,36.57557387636253,36.60239028930664,920400
2006-03-13,37.22994870776379,38.345610332235466,37.090489470117134,37.5625,887100
2006-03-14,37.54104777323536,38.01306243753993,36.790118700942465,37.84678268432617,1371100
2006-03-15,38.01306720437205,38.48507783563244,37.68051174847636,38.302711486816406,1219500
2006-03-16,38.19543079602155,38.80153573138914,37.5785960219483,37.61614227294922,881700
2006-03-17,37.61613919301957,38.56016440233512,37.52495603265956,38.47434616088867,788700
2006-03-20,38.46898034990819,38.90880956923645,38.22760811120446,38.84980773925781,1059900
2006-03-21,38.90880125600826,38.90880125600826,37.492765823537965,37.632225036621094,850800
2006-03-22,37.43913690975218,39.3808201028678,37.35331457809222,38.46361541748047,1395500
2006-03-23,38.44753479073499,38.45289971092285,37.60005745939751,37.8306999206543,964800
2006-03-24,37.76096082106148,39.15554091180219,37.76096082106148,39.06435775756836,1011700
2006-03-27,39.03753094545956,40.08882973903606,38.678159212946646,39.9815559387207,1336200
2006-03-28,39.67046853185253,41.569244852303285,39.643652119546545,40.067386627197266,1891900
2006-03-29,40.25512931864276,41.45661366258528,40.23367372954296,40.973873138427734,1163600
2006-03-30,41.000686443797925,41.83743381049275,40.98995660501572,41.26887512207031,855400
2006-03-31,41.31178712221062,42.23972186016655,40.87195780113384,41.220603942871094,1043600
2006-04-03,41.31177938847397,41.64433480009967,40.03520283999618,40.18002700805664,862200
2006-04-04,40.2390322813175,41.30106137438507,40.126393514091916,41.220603942871094,879100
2006-04-05,41.41370293815881,42.507913440826876,41.35470109054667,42.041263580322266,1186700
2006-04-06,42.02514325285172,42.51860918259335,41.71940848200828,42.320152282714844,755200
2006-04-07,42.411348746564094,43.01209273626604,41.183044360156735,41.317138671875,1331900
2006-04-10,41.360033287061306,42.07341572213925,40.818291338626054,40.97920608520508,816700
2006-04-11,40.979235451899186,41.54242928405986,39.82065826762306,40.33021926879883,1459400
2006-04-12,40.46430999703912,41.21523503929778,40.24439331163868,41.102596282958984,801200
2006-04-13,41.19379528726212,41.622894849112015,40.28731596642999,41.33861541748047,541100
2006-04-17,41.183067157269726,42.34700544515265,40.823695185068516,41.56925964355469,740600
2006-04-18,41.633616889554716,42.31481441361401,41.354698338994325,41.47270202636719,912000
2006-04-19,42.078799573898806,42.325536744943385,41.15623401096048,41.45660400390625,827200
2006-04-20,41.50487518310547,42.239713578242366,41.402966275921635,41.50487518310547,781000
2006-04-21,41.73553223758068,41.92326763759308,40.77005518662756,41.40298080444336,683700
2006-04-24,41.386879706566326,41.40833120013412,40.770044914510834,41.295692443847656,349600
2006-04-25,41.853525824229706,42.405993864504296,41.43515212740951,41.590702056884766,938700
2006-04-26,41.483406663062155,41.6014102903823,40.05664557730838,40.20146560668945,953500
2006-04-27,40.17464814931326,41.37613178347663,39.73481906318534,40.57693099975586,950200
2006-04-28,40.652032690200144,41.070406294782025,40.158566597218126,40.823673248291016,522700
2006-05-01,41.05968196809592,41.32787060513839,39.87428459120242,40.23902130126953,925500
2006-05-02,40.28192731783543,40.66275464270299,39.906464910848634,39.976192474365234,956000
2006-05-03,39.72946462307926,39.90647010608799,39.005356119774476,39.1823616027832,1496300
2006-05-04,38.39389951815195,38.45290136605273,37.1816853143295,38.195438385009766,2850900
2006-05-05,38.21688325208112,39.55246160517041,38.007696429027405,38.47434616088867,3194900
2006-05-08,39.78311064409086,41.896438902606064,39.606105120540796,41.687252044677734,2555500
2006-05-09,41.57460215978708,42.84045280832368,41.40832242810251,41.8642463684082,1339100
2006-05-10,41.928617468865816,42.47572467058523,41.687249292494286,42.02516555786133,1008800
2006-05-11,42.06270733315546,42.44353472915517,40.82904198531852,41.01677322387695,955500
2006-05-12,41.032870337095346,41.032870337095346,39.97084130425783,40.36776351928711,1078200
2006-05-15,40.21220277987785,40.995313067823766,39.9654697378319,40.737850189208984,1138200
2006-05-16,40.550135345737836,41.89107900196088,40.550135345737836,41.69798278808594,1096900
2006-05-17,41.39225418938159,41.54243924731044,40.39459162772743,40.87196731567383,1259400
2006-05-18,41.39223860523235,41.44051469409695,39.708014074449416,39.77238082885742,1012300
2006-05-19,39.70800242801344,40.212198292408566,39.25208263832344,39.9815559387207,1204400
2006-05-22,39.584661158887734,39.82602939712761,37.81461377101006,38.688907623291016,1523200
2006-05-23,38.89807919876828,39.826013709346775,38.75325913131723,39.0750846862793,872700
2006-05-24,38.796179650414764,38.95172959280054,37.03149745301952,37.76097106933594,2365700
2006-05-25,38.098886108232314,38.82835970039593,37.814606740684034,38.79081344604492,935900
2006-05-26,38.80152189071506,39.075075388849434,38.16323585137882,38.96243667602539,596700
2006-05-30,38.80153047809311,39.010721382186915,37.3318578764472,37.546409606933594,869700
2006-05-31,37.567856656829846,38.216872527277765,37.34257923248917,38.1900520324707,1079200
2006-06-01,38.28125571552863,39.032180786132805,37.56787280621994,39.03218078613281,777600
2006-06-02,39.085819962813936,39.305732553950925,37.680509796830904,38.147159576416016,1341400
2006-06-05,37.95406572863332,38.14179699899335,36.86522026831033,37.06904220581055,849600
2006-06-06,36.90276812517012,37.27286576217289,35.776372269617916,36.736488342285156,1027600
2006-06-07,36.983210202606095,38.35097384371603,36.83839014391895,37.43376922607422,1169200
2006-06-08,37.28358741170522,37.41231681837301,36.23228839074447,37.2138557434082,1320500
2006-06-09,37.43376196311144,38.125688980887176,37.079751078198456,37.14948272705078,643700
2006-06-12,37.3050347247411,37.49276592039578,36.087456227347694,36.189369201660156,576200
2006-06-13,36.098185544792386,36.42001103161679,34.794788844755445,35.2399787902832,1261200
2006-06-14,35.19709225879479,36.41466735676786,35.0790885565999,35.990928649902344,886400
2006-06-15,35.99091344876069,38.077420669808774,35.99091344876069,37.476680755615234,1155200
2006-06-16,37.251401613620224,37.54104584486509,36.55947850214162,36.961761474609375,746200
2006-06-19,36.902751450197464,37.47667486645343,35.937270893770105,36.47364807128906,772400
2006-06-20,36.312736606983684,37.76632249235752,36.098188990112405,36.892024993896484,754400
2006-06-21,37.04757162859322,38.06668908820586,36.84374977356394,37.380126953125,838600
2006-06-22,37.31577338742762,37.44450281012671,36.63993675684691,37.16558837890625,661400
2006-06-23,37.262133746138666,37.61077982886359,36.833030245518096,36.92421340942383,687500
2006-06-26,36.90276474208659,37.81460463540828,36.70430364171759,37.66978454589844,856400
2006-06-27,37.88970839197795,38.06134903788923,36.84913467425819,37.18169021606445,941200
2006-06-28,37.42304132400425,38.26515349664285,37.101215771879836,37.91651153564453,784700
2006-06-29,37.99161346877406,39.66510839256891,37.760971015528625,39.49883270263672,1263700
2006-06-30,39.718750357955656,40.46967548672653,39.07509498613558,39.31646728515625,1591400
2006-07-03,39.62756541029413,39.80993587529478,39.2521028238741,39.5310173034668,331100
2006-07-05,39.24137378516486,39.364738299401836,38.104252188118146,38.80154037475586,988900
2006-07-06,38.95709518564736,39.19846750876342,38.53335648226336,38.67818069458008,570300
2006-07-07,38.490436632270125,38.490436632270125,37.39086151785125,37.77705383300781,650500
2006-07-10,37.74487650320263,38.61380521213328,37.35868414712923,37.70196533203125,660300
2006-07-11,37.81460526324172,38.6674433325656,37.170954044591035,38.5440788269043,823500
2006-07-12,38.361706471398016,39.45591676217031,38.29197888873891,38.83372116088867,1164800
2006-07-13,38.726442823782676,38.806900244294674,37.836058555557265,38.15251922607422,1168700
2006-07-14,38.24370827279467,38.37243769629039,36.237653954460534,36.70430374145508,1509100
2006-07-17,36.597025218510495,37.77168873046026,36.46293089263504,37.65904998779297,801200
2006-07-18,37.734139942913494,38.243700802280664,36.96175946058117,37.72877502441406,1307000
2006-07-19,37.02611458114426,38.49042602382456,37.02611458114426,38.1900520324707,1313800
2006-07-20,38.14715445094966,38.25979319111508,37.22994977340209,37.3050422668457,752100
2006-07-21,37.353305827786684,37.40158190109487,35.50280622637835,35.71735382080078,1142300
2006-07-24,35.71735742914247,36.79011187856173,35.658359699279195,36.63992691040039,1279500
2006-07-25,36.430746348761836,37.38549731722284,35.54572295823046,37.090492248535156,757100
2006-07-26,37.00466270699928,37.06902944563798,35.347259086328144,35.43844223022461,1722300
2006-07-27,35.347265352343086,35.384811600146485,33.54503727331199,33.786407470703125,2294200
2006-07-28,33.539677815649966,34.73043628592496,32.6224729623331,34.38179016113281,3342000
2006-07-31,34.25841681347679,34.43542025454542,33.282210312954014,34.33351135253906,1151000
2006-08-01,34.05995730259483,34.05995730259483,32.82628996699982,33.094478607177734,1991100
2006-08-02,33.904419627669476,36.17865897074483,33.85078269873681,35.90510940551758,2698700
2006-08-03,35.336552546869655,36.189395004096504,34.36034554121277,36.17866516113281,1876400
2006-08-04,36.468285996593615,37.38549055058424,36.339556609779166,37.11730194091797,1734600
2006-08-07,36.99931607036694,37.11731566477351,36.61312367489836,37.06367874145508,1287300
2006-08-08,37.347951960517506,38.35097903936681,37.299679965159974,38.08279037475586,1618300
2006-08-09,38.54944259915798,39.096545709503864,38.05597231449626,38.147159576416016,2027400
2006-08-10,37.5732214740221,38.93025502608761,37.35866979283672,38.4582405090332,1294500
2006-08-11,38.74789884737304,38.98390619228407,38.02379023903673,38.44752883911133,1017500
2006-08-14,38.88198711730065,39.26281448754891,38.29733785786192,38.3670654296875,946500
2006-08-15,39.021454804300724,40.16393716247988,38.721084777865194,40.13175582885742,1667100
2006-08-16,40.22831982845078,41.23134740937856,39.82603663016627,41.04897689819336,1489700
2006-08-17,40.97923336244223,41.515610751761535,40.46967238724805,40.75395584106445,1982900
2006-08-18,40.92022605176224,41.794519606267095,40.56621505786528,41.62287902832031,1169300
2006-08-21,41.53706032032629,41.61751364327997,40.233663289433004,40.539398193359375,1107200
2006-08-22,40.58766266894154,40.68421073083616,39.60073056267064,39.75091552734375,1373100
2006-08-23,39.697295728803574,40.4589507162365,39.61147337359332,40.29267501831055,1132900
2006-08-24,40.587657457404696,40.995305232198454,40.44283742927463,40.81293487548828,1314300
2006-08-25,40.7056744900393,41.00604447974368,39.7080123473964,40.18002700805664,1060900
2006-08-28,40.42139425942192,41.54778578780751,40.23366302006334,40.55548858642578,1602700
2006-08-29,40.743219301387846,41.43514651089021,40.416028820330894,41.36005401611328,1186400
2006-08-30,41.46197514824044,41.526337817972895,40.609132944171705,40.63058853149414,1322900
2006-08-31,41.086512312862894,41.64434535819434,40.662773631537036,41.52098083496094,1098700
2006-09-01,41.5263242801151,42.29870880298091,41.24740992032106,41.30641174316406,1188300
2006-09-05,41.472702301395344,41.542429893380366,40.85050661689636,41.011417388916016,1127300
2006-09-06,40.76466838252407,40.904127604394894,40.2122005052551,40.58230209350586,1329100
2006-09-07,40.475022002560806,41.354680261049516,39.734822958388555,40.5018424987793,1479800
2006-09-08,40.737850263116016,41.665784700789224,40.21220285283125,41.317138671875,1387500
2006-09-11,41.2098681238792,41.57996567082043,40.362391024549844,41.34932327270508,1469500
2006-09-12,41.38688766896378,41.54243353454577,40.53941028178049,40.834415435791016,3053600
2006-09-13,40.77003769589829,41.00604091346914,38.94098922937966,39.643646240234375,3478800
2006-09-14,39.78847431102605,40.60376613007008,39.42373752802972,40.53403854370117,1459200
2006-09-15,40.85585703461992,41.059683023038744,39.107270022585084,39.20917892456055,3639900
2006-09-18,38.89272723077181,39.01073091598985,37.66442246809245,38.045249938964844,3354900
2006-09-19,38.055980045443555,38.238350514096496,36.10356637248822,36.81158447265625,4892300
2006-09-20,37.063667781036344,37.54640813261673,36.91348280326327,37.35867691040039,1531900
2006-09-21,37.541054472116755,37.54641939214142,36.366390705282384,36.736488342285156,2976800
2006-09-22,36.73113184693256,36.80622436719521,35.74956007062523,35.94801712036133,1586900
2006-09-25,36.339561149934056,36.420018561332725,35.08444026415696,35.58326721191406,2326700
2006-09-26,35.66909350745738,36.81694070046899,35.18635307763138,36.28056335449219,3278000
2006-09-27,36.43610890127356,36.91884927314042,35.72272613463887,36.312740325927734,1476800
2006-09-28,36.08746943220836,36.65066731748679,35.32581453557697,35.58863830566406,1872300
2006-09-29,35.49207544036584,36.57019467005427,35.465259037898065,36.47901153564453,1780100
2006-10-02,37.17095909539018,38.383169191638856,36.87594985961914,36.87594985961914,3106000
2006-10-03,37.01003978037984,37.27822847444057,35.95337567102304,36.001651763916016,2110500
2006-10-04,35.899722354846254,38.28123817995522,35.67980576188221,38.23832702636719,2744900
2006-10-05,38.023781813628716,39.16090302359306,37.97550982681193,39.15017318725586,1889500
2006-10-06,39.010725496953235,39.048271746831105,38.21688523809119,38.43680191040039,854200
2006-10-09,38.54943974277961,39.0268152336828,38.173973160700484,39.0053596496582,852700
2006-10-10,39.134098301695374,39.568562727132665,38.44217089940641,38.865909576416016,1150800
2006-10-11,38.82835186068533,38.99999243052519,38.050606423774624,38.2866096496582,1124400
2006-10-12,38.5118853562773,39.311086254210764,38.31342431516003,38.65134048461914,1253600
2006-10-13,38.501155895074156,39.498817843833244,38.232967287176194,39.21453857421875,1340800
2006-10-16,39.15554501300494,39.32182067546301,38.613802764944616,38.85517501831055,1032600
2006-10-17,38.613804509079856,38.780084271282824,37.92724215177626,38.44752883911133,1060700
2006-10-18,38.77472646337181,39.01609467967371,37.73951781819748,38.22761917114258,1164300
2006-10-19,38.12034559279174,38.53871935325932,37.75560875941883,38.21152877807617,768000
2006-10-20,38.23834400234174,39.4076468572161,38.173977243383966,39.048274993896484,1397800
2006-10-23,39.32718147539745,39.77237559392803,38.640619221016415,39.06435775756836,1097700
2006-10-24,39.09118565930113,39.39692063097848,38.67817683842421,38.871273040771484,787900
2006-10-25,38.77471624954087,39.493459881012775,38.57089434484753,39.32181930541992,1093700
2006-10-26,39.41836402440035,39.60609524853869,38.73180178056081,39.423728942871094,1482800
2006-10-27,39.26283292571261,40.09421972069489,38.8283684429369,38.99464416503906,1123900
2006-10-30,38.91954074287149,39.3969162758376,38.26515969528166,39.155548095703125,793500
2006-10-31,39.06436300592805,39.6490123475176,38.73717249820448,39.4451904296875,762200
2006-11-01,39.6543721172845,39.87964959072135,38.67816564015764,38.98926544189453,794300
2006-11-02,38.774731509249335,39.25210717586939,38.45826664369198,38.99464416503906,1091900
2006-11-03,38.88199105845852,39.45055380443535,38.86053547443729,39.39155197143555,875300
2006-11-06,40.169300063732905,40.861227347490775,40.169300063732905,40.362396240234375,1886200
2006-11-07,40.53939433928368,40.76467180660514,39.852832100456155,40.153202056884766,1873100
2006-11-08,40.60376585001924,41.83207053586984,40.3838532531512,41.38151550292969,4028500
2006-11-09,41.386866982279486,43.355370336795744,41.386866982279486,42.26652526855469,3019100
2006-11-10,42.15388881378669,44.38522028100751,41.69260811409004,44.0848503112793,2863100
2006-11-13,46.02117336633377,47.89849389142748,45.98362711952125,47.56057357788086,6342800
2006-11-14,47.22802382231025,49.22334397972001,46.70773717641305,48.965885162353516,3798500
2006-11-15,49.19115974893588,51.63703883081149,48.611871305680964,49.185794830322266,5066400
2006-11-16,49.91527166820836,51.76041094294324,49.67926843212039,50.82175064086914,5059400
2006-11-17,50.04402182621959,50.821767555611785,49.42182196891741,50.48921203613281,3643400
2006-11-20,51.32560608585531,53.05001941632454,50.76990220139993,51.53757858276367,3485500
2006-11-21,52.03028999943379,52.60318462808681,51.23396681527322,51.81831741333008,1720800
2006-11-22,53.82344053558562,53.95520820356883,51.59488111426331,52.26517105102539,1840900
2006-11-24,51.56049685480275,51.726636758057616,50.81573237412061,51.57195281982422,1050200
2006-11-27,51.377201214620385,52.79225194259299,50.51212892064603,50.792850494384766,2257900
2006-11-28,50.6266852714046,51.503213100505434,49.9850418993101,51.16520309448242,1595400
2006-11-29,51.21103423292616,52.21359951449612,50.32877626064408,50.67251205444336,1599600
2006-11-30,50.67251695497159,51.31416037073115,50.174101535554186,50.32878112792969,1392700
2006-12-01,50.51783620525453,50.70116226686618,49.39496353152846,50.15118408203125,1489100
2006-12-04,51.27408198052793,53.67451246856454,51.11940231559995,52.87818908691406,3283200
2006-12-05,53.26200871640832,54.350509270391484,52.12767554795795,53.84635925292969,3011400
2006-12-06,53.65729801209454,55.427539821572,53.181794554288224,54.459346771240234,3109600
2006-12-07,54.63694668437572,56.200946125693456,54.190085330304186,55.106719970703125,2999000
2006-12-08,55.10099340088735,55.78273925722873,54.52236872978385,54.85464859008789,1603200
2006-12-11,55.16973059478874,56.40145001629003,55.00359069993031,55.89730453491211,2284900
2006-12-12,55.754102891868115,55.9145126822449,53.708869322886166,54.109893798828125,2447700
2006-12-13,54.45361470990457,54.75724804391758,53.193244401810816,53.58854293823242,2067600
2006-12-14,53.59429187217653,55.23277078682692,53.439607881658645,54.43071746826172,1755900
2006-12-15,54.69998689843038,55.421831060483555,53.548467348241346,53.78335189819336,2187100
2006-12-18,54.37913360924824,55.11243771777942,53.65155966836294,53.886444091796875,2101900
2006-12-19,53.565642138285796,54.13853670660971,53.279194854123844,53.84635925292969,1493600
2006-12-20,53.63440052932752,54.57967323728223,52.84953325865077,53.16462707519531,1397300
2006-12-21,53.22762571401111,53.23908167989985,51.88705042146325,52.60316848754883,1021600
2006-12-22,51.64072175105054,52.16205796389307,50.557951246819776,51.554786682128906,1760800
2006-12-26,51.445928731057464,52.22506561409314,51.28551459680098,52.121944427490234,1101500
2006-12-27,52.47715261311871,54.0812594898869,52.24799386346046,53.71460723876953,1654900
2006-12-28,53.71458626040255,53.80624710196371,52.99846817917697,53.68593978881836,1160500
2006-12-29,53.33647295700877,53.943744052283186,53.31928682267005,53.766143798828125,721300
2007-01-03,54.075524654055634,56.057739581540105,53.88074257469576,55.152565002441406,1899300
2007-01-04,55.27286383262942,55.433273594889926,54.109884314564326,55.17546844482422,1073300
2007-01-05,55.15255576841939,56.00044161579681,54.86038269829721,55.50202178955078,1676600
2007-01-08,55.868688035346175,57.289468784367926,55.41610507828852,56.55043411254883,1809700
2007-01-09,56.945723428267385,57.42122698954138,55.63952445533453,56.77385330200195,1372700
2007-01-10,56.481662181298184,58.968026387110456,55.398892011765724,58.69303512573242,2746500
2007-01-11,58.286302906360355,59.86176325979104,57.066038824296264,59.535213470458984,2998700
2007-01-12,59.535213212570746,60.15394050678486,58.733159798312386,59.86176300048828,1601200
2007-01-16,59.666991760599615,61.838263484904346,59.63834527347982,61.72941207885742,2427200
2007-01-17,61.48876141957782,61.66635729767187,60.37161463679731,60.589317321777344,2034300
2007-01-18,61.070565407070426,61.35701271608186,58.87637797104145,59.43781661987305,1695500
2007-01-19,59.31748058943913,60.87002372899108,58.58990232872744,60.50910186767578,2079400
2007-01-22,60.709622728025124,61.276786983179036,59.66122488453034,61.01325607299805,1467400
2007-01-23,61.070572462594036,61.9642911421322,60.411742701584885,61.190879821777344,1589300
2007-01-24,61.62052334757947,63.78606358856542,61.01325665187207,63.276187896728516,1865800
2007-01-25,63.218913330475914,63.476718502975345,61.104935392676644,61.29398727416992,1299300
2007-01-26,61.58040741084424,62.35381384579232,60.428893008719236,61.8152961730957,1303800
2007-01-29,62.65175309206062,63.006949313516934,61.402842703452215,62.19343566894531,1389000
2007-01-30,62.30801082550062,62.55435565028557,61.32836169554326,62.03874969482422,917000
2007-01-31,61.775205754590964,64.39333305360097,61.54031694668177,64.01522064208984,1983500
2007-02-01,64.47356163508807,64.88031629441996,63.50536831997303,64.26158905029297,1325500
2007-02-02,64.22722217115906,64.58814424182364,63.499643488422535,63.8433837890625,966500
2007-02-05,63.917845994982315,65.65371581545223,63.8605574130509,65.35008239746094,1344200
2007-02-06,64.9089471437863,64.96623571833489,62.84079769546455,64.5823974609375,2014600
2007-02-07,64.76574263667746,65.42456799468614,63.99233135407708,64.46210479736328,955500
2007-02-08,64.53657178081659,64.53657178081659,63.574108764232754,63.7574348449707,916500
2007-02-09,63.76315253516076,64.05532555079269,59.581021400088694,59.68987274169922,2623500
2007-02-12,59.982077377471896,60.26852474674509,57.86236859318621,58.715980529785156,2623000
2007-02-13,59.36333311251598,59.386249418348,58.549819553413776,58.68158721923828,1371800
2007-02-14,58.92794248363298,59.77009829610093,58.71596989526049,59.21438980102539,1621400
2007-02-15,59.351882196816604,59.707078437345814,58.314944325615606,58.97949981689453,940300
2007-02-16,59.05970077379571,59.12271952792395,58.14880048004202,58.269107818603516,1114500
2007-02-20,58.80761410958943,58.92219124724643,57.19205199193497,58.60137176513672,1428800
2007-02-21,58.36077561434405,58.75606992388728,57.59882473247413,58.54410171508789,1367700
2007-02-22,58.7789800932611,60.86431591046966,58.46961651103717,60.78411102294922,2074100
2007-02-23,60.50912535945729,61.0877457214841,59.1742799777418,59.47218322753906,1274100
2007-02-26,59.982072719664345,60.148212705442276,56.8712543560892,57.50716781616211,2113800
2007-02-27,56.132223346652125,56.435856831380306,54.79737767714935,54.94060134887695,2840700
2007-02-28,55.59941681768995,57.077481408051945,55.02652227807785,56.155120849609375,2826900
2007-03-01,54.87183731327736,56.32125977297336,53.69167598166813,55.587955474853516,2334600
2007-03-02,55.393170143475096,55.74263613523887,53.54844916946649,53.64011001586914,1530600
2007-03-05,52.998469460088906,53.164609383449196,51.02198088563413,51.199581146240234,3088500
2007-03-06,52.41411122338831,53.38230422808771,52.333906351253916,52.946903228759766,2478500
2007-03-07,52.96409497393146,53.22763029125059,52.087567085000906,52.33391189575195,1508400
2007-03-08,53.21616205801048,54.48798836338436,52.84377981270517,53.955196380615234,1691300
2007-03-09,54.5166522302663,54.963509318901444,53.176076593521934,53.989585876464844,1527500
2007-03-12,53.439592798064034,53.96665463518654,52.03600316487441,52.946903228759766,1364500
2007-03-13,52.70631268517876,53.617213165104324,51.86988694315386,52.01884078979492,1475500
2007-03-14,52.04745592918549,53.239077343084375,51.27404935498175,53.06148147583008,1671300
2007-03-15,52.93545174743346,53.897914665417275,52.56306945478508,53.64583969116211,1572500
2007-03-16,53.353677588978854,53.863553481710596,52.67766172197597,53.1302490234375,1365100
2007-03-19,53.64012017925789,54.48227594616189,53.28492832224567,54.43644332885742,1078200
2007-03-20,54.53383241812427,56.332720916036685,54.14998975619843,55.9603385925293,2240700
2007-03-21,55.2843223840148,57.00300598144531,54.94058653869638,57.00300598144531,2288000
2007-03-22,57.31811280803269,57.55872751760267,56.825423047957344,57.232177734375,1602200
2007-03-23,57.14624011277102,57.805069820319176,57.12332380276143,57.66184616088867,1053700
2007-03-26,57.747787073365984,57.86236426416709,56.722305043589394,57.822261810302734,1160300
2007-03-27,57.25510107315263,57.54727424027621,55.91452512372698,56.1494140625,1293300
2007-03-28,55.8629383092849,56.06345048998257,54.7114192560815,54.8832893371582,1645400
2007-03-29,55.12962758414414,55.79991295334275,54.21872325580686,54.997859954833984,1156000
2007-03-30,54.99213768688154,55.18692407503802,53.90936751314766,54.34476852416992,959100
2007-04-02,54.424978849595924,55.312967094950956,54.424978849595924,55.03224563598633,796100
2007-04-03,55.559315435182114,56.997277610050425,55.54785509650159,56.32699203491211,1250100
2007-04-04,56.395738441988875,56.53323190415979,55.70826238945757,56.235328674316406,824600
2007-04-05,56.14366468823461,56.98582035789228,55.88586389463422,56.538963317871094,743400
2007-04-09,57.12905085180891,58.25192375589678,57.09467857409202,57.90818786621094,1550000
2007-04-10,57.90816964620031,58.108681821192064,56.991539438496844,57.3753776550293,844200
2007-04-11,57.28946639961469,57.42695989513872,56.28690073762143,56.59053421020508,764700
2007-04-12,56.29834788453853,57.65610959892037,55.931695706710634,57.38684844970703,850100
2007-04-13,57.20924796209265,59.00813643180287,56.76811672750579,58.68731689453125,1435800
2007-04-16,59.031060238425304,59.27740509180106,58.0055783776676,58.43524932861328,1079200
2007-04-17,58.32065185237526,58.42949881654931,57.44984991395836,57.742027282714844,843400
2007-04-18,57.57588949928313,59.6497688836046,57.57588949928313,59.20290756225586,1177500
2007-04-19,58.88783224590845,58.88783224590845,57.8680806301915,58.440975189208984,852300
2007-04-20,59.13419845448691,59.40345969388065,58.44672211268244,58.72744369506836,738100
2007-04-23,58.5956521877101,59.3060401854234,58.3263910576279,59.26021194458008,806800
2007-04-24,59.36335881068948,59.44928953121062,58.58422155846895,58.89931106567383,745200
2007-04-25,58.89928569601605,60.46901986762273,58.69304331391938,60.423187255859375,956900
2007-04-26,60.44036556489029,60.95597145335551,60.153918334724935,60.686710357666016,727500
2007-04-27,60.57213144659786,60.57213144659786,59.35759365263217,59.87892532348633,742900
2007-04-30,59.712775683962555,60.49763808908594,58.452405583059424,58.55552673339844,1464300
2007-05-01,58.498270085918726,58.93367122160903,57.69048657250009,58.53264236450195,2057500
2007-05-02,58.14877701985097,61.86113436261173,58.08575829114771,61.32834243774414,3658400
2007-05-03,59.69562174136544,60.71537790626465,58.7732609903699,59.36907196044922,2569600
2007-05-04,59.72426002982251,60.26850813307771,58.16598607119701,58.733150482177734,1513800
2007-05-07,58.76181199029422,59.243045833948045,57.14624903452764,58.349327087402344,3787100
2007-05-08,60.37735964167032,60.658076762989225,56.813954642629135,57.23789978027344,3857100
2007-05-09,56.8311400159731,57.48423948093616,56.60198568294929,56.865516662597656,1398000
2007-05-10,56.836850372573274,56.95715766672401,54.83745022929967,54.997859954833984,1654900
2007-05-11,55.14109296811202,56.10928602512935,54.33903983259007,55.295772552490234,1388900
2007-05-14,55.52493516148859,56.01762479242909,54.67705372975723,54.90620803833008,1162800
2007-05-15,55.21555949194937,56.006156544009485,54.27601304614697,54.39632034301758,1225600
2007-05-16,54.90620824824282,55.748363885066304,54.77444495739351,55.15828323364258,1322600
2007-05-17,54.94058517917903,55.679619632287185,54.402062933308365,54.44216537475586,904000
2007-05-18,54.47083292730502,54.93487626802858,53.40524836125536,53.70315170288086,1641700
2007-05-21,53.65728892370077,54.42496528338029,53.622912289247246,53.96092224121094,1184800
2007-05-22,56.510328776298415,58.17172416045514,55.71400555048815,57.94829559326172,3284400
2007-05-23,58.2805758318069,58.30921794237543,56.859795148257916,56.917083740234375,1070600
2007-05-24,57.48997289594142,57.667573196151125,55.08954746654982,55.39890670776367,1195000
2007-05-25,55.141095284736245,55.28431890885245,54.213004626961556,54.28175354003906,1703600
2007-05-29,54.40206059296747,55.09526240578931,54.32758588229406,54.48226547241211,1763600
2007-05-30,53.938015534504515,54.55674261465978,53.559903084130305,53.995304107666016,1616600
2007-05-31,54.26457678013085,55.35307738564907,53.85782214186373,55.28432846069336,1768600
2007-06-01,55.57077145091892,56.87124015861166,55.57077145091892,56.390010833740234,2213600
2007-06-04,55.9488761553741,56.88842273847473,55.86294111052655,56.1379280090332,1442400
2007-06-05,56.14364672539143,56.705085115813645,55.78272485565811,56.52748489379883,1064500
2007-06-06,56.37282992499977,56.56761199241661,54.91194693601763,55.14110565185547,1133200
2007-06-07,57.088931103002835,57.16340580576569,53.193247211606256,53.5427131652832,4996200
2007-06-08,53.250542549960535,54.986416573523115,53.250542549960535,54.71715545654297,2205000
2007-06-11,54.465066855539,54.568188015598814,53.47968785293126,54.0411262512207,1916400
2007-06-12,53.69740741115733,54.65414024847787,53.64011446021577,53.880733489990234,1689200
2007-06-13,54.29321827108777,55.10100173950195,53.886463637437934,55.10100173950195,1378000
2007-06-14,55.009338241777925,55.215580649968075,53.915111815228144,54.235931396484375,1570600
2007-06-15,55.227027631785575,55.36452108037656,54.36195576060653,54.459346771240234,1901000
2007-06-18,54.48799153725307,54.57392657899646,53.771873474121094,53.771873474121094,1142700
2007-06-19,53.19899258130098,53.233364858422945,52.30527840941861,52.96410369873047,2659400
2007-06-20,52.872454687749865,52.929743286074306,52.00165225819484,52.116233825683594,1352500
2007-06-21,52.25370771708169,52.2651680549477,51.027713815712836,52.121944427490234,2101300
2007-06-22,52.09330443524748,52.26517455791627,51.23969273322711,51.302711486816406,821200
2007-06-25,51.4459120972237,51.62350793918126,50.71260369023549,51.182376861572266,1303000
2007-06-26,51.13656664742427,51.25114380436248,49.68714419504788,50.03660583496094,1470800
2007-06-27,49.66994261488452,50.7870893147604,48.999657217461426,50.74125671386719,1438900
2007-06-28,50.81574503251319,51.417286060667,49.96786354291496,51.02771759033203,1541800
2007-06-29,51.08501307963283,52.63755700156702,50.999078011012884,51.36000442504883,1615200
2007-07-02,51.70374369569721,51.70947386620214,50.64961960644161,51.30844497680664,1238500
2007-07-03,51.19959671345486,51.95008731023596,50.70690696219479,50.8787727355957,744500
2007-07-05,51.44592967424631,53.33074879980443,51.07354736186214,53.14169692993164,2144000
2007-07-06,53.210448870851124,53.995316046299344,52.88389912370706,53.989585876464844,1117600
2007-07-09,53.995316752695246,54.30468036522198,53.536999318395125,54.2989501953125,1525400
2007-07-10,53.909362749338456,53.99529778443608,53.02137904222951,53.06148147583008,2108400
2007-07-11,53.061482066766516,54.17862442296474,52.855239728570304,54.02394485473633,1356400
2007-07-12,54.00675925303249,55.82856382523865,53.94947068074181,55.55930709838867,2127600
2007-07-13,55.67961291251708,56.57332685453841,54.99786711934873,56.36708450317383,1076200
2007-07-16,56.12649004818003,56.630635771064355,56.01190849467949,56.02336883544922,1431600
2007-07-17,55.971805328205505,56.39002034416778,55.39891068054387,56.29835510253906,2073600
2007-07-18,55.90878202883844,56.95718019795577,55.370264075922016,56.56761169433594,2263100
2007-07-19,56.74522702075576,57.23218668653279,56.32128175662227,56.95719528198242,2558100
2007-07-20,56.75091667773192,56.894140274734745,55.30722474311185,56.53321838378906,2879600
2007-07-23,56.54469743450473,58.349316367699366,56.361371330326044,58.01703643798828,1839100
2007-07-24,57.86234623393896,58.143063323516415,56.67645475823532,56.89988327026367,1241100
2007-07-25,57.300901865091475,59.04823171334857,56.87123102084838,58.2289924621582,1948400
2007-07-26,57.30091406115404,57.50715645995488,54.213012619624365,55.94888687133789,2817100
2007-07-27,56.20096206415648,57.85662718739207,55.32443398371871,57.48997497558594,1516900
2007-07-30,57.51860648445265,57.93681700586213,55.3129636175884,56.83686065673828,1820500
2007-07-31,56.888441014845604,57.76496913804666,55.089552147021905,55.31870651245117,1723600
2007-08-01,55.30150429767902,55.691072724848276,53.88072841330035,55.51920700073242,1322400
2007-08-02,56.2582403919127,58.131607929181065,56.143663235685416,58.0514030456543,1727400
2007-08-03,58.045670866140235,59.93622447427825,57.4613203962791,57.8967170715332,2847200
2007-08-06,59.26594157632436,61.82105520736984,57.13477744533748,61.52314758300781,3210100
2007-08-07,66.48442083963724,70.87279125305147,66.32400667829566,67.71614074707031,10229500
2007-08-08,67.45834931236388,71.94411575513021,65.77403753595975,66.84535217285156,4393700
2007-08-09,65.26986088607077,68.00256532288297,64.87456234099047,66.22086334228516,2889300
2007-08-10,63.94077204347073,65.24124097188225,62.474163142559185,63.89493942260742,3110900
2007-08-13,65.16102227014218,66.4443091574879,63.56264601548337,64.2501220703125,1960700
2007-08-14,65.09226921579912,66.4557564381844,64.89748282926534,65.30423736572266,1736200
2007-08-15,64.31312751467311,67.42394432730507,63.826168141671424,65.5792236328125,2211500
2007-08-16,64.99490313550076,65.81414274606715,60.726839292081856,63.579856872558594,3228200
2007-08-17,64.25584620353753,65.41882128464422,62.5257024470352,64.35896301269531,1778800
2007-08-20,65.09228869982192,66.14068253905765,63.35068851976752,65.35581970214844,1402900
2007-08-21,66.00890907184152,68.09424483114793,64.74281267303678,66.88543701171875,1743600
2007-08-22,68.1286162308644,68.74734337019738,66.97137120730163,68.00257873535156,1321200
2007-08-23,68.17442595939454,68.34056584127501,66.40991035615053,66.95416259765625,1139100
2007-08-24,66.82815021462751,71.1191291756195,66.65054993173683,70.5405044555664,2225000
2007-08-27,70.50612646042175,72.10450265171653,69.22856979282604,69.53793334960938,1479200
2007-08-28,68.98223167969009,69.32023735058725,67.02865925635295,67.48697662353516,1536100
2007-08-29,66.74796025622945,69.46920998074985,65.65372932162984,69.17703247070312,2800700
2007-08-30,68.3635166338645,69.72127409745201,67.8880130462271,69.35462188720703,1243600
2007-08-31,70.43166717360515,71.38840015619758,69.36608281270179,70.8842544555664,1249600
2007-09-04,70.87276459213709,73.27319348929919,69.85874344314928,72.55707550048828,1550500
2007-09-05,72.66595534485238,72.69460182570263,71.47433779408588,72.45398712158203,1137200
2007-09-06,72.76332553159496,73.8460913247636,71.82950477802187,73.01539611816406,898900
2007-09-07,71.8065923140985,72.13314636501681,70.66653351814632,71.19932556152344,1292700
2007-09-10,71.83524335837774,72.1331509558054,68.89056588158854,70.93006896972656,1409700
2007-09-11,71.1248593364409,75.54187579739437,71.1248593364409,75.45021057128906,2314600
2007-09-12,74.77419201472173,79.18547788258556,74.60232191770339,78.80736541748047,3185900
2007-09-13,78.97928559658028,80.40006239896265,78.05692452409617,80.19955444335938,2184000
2007-09-14,79.63234086471927,82.17599401474983,78.92194848985766,80.12503051757812,2255700
2007-09-17,79.78704008183348,81.9239346713964,79.5235046973911,81.48280334472656,1581000
2007-09-18,81.49427074038543,86.28367076238739,80.58909606910053,85.2811050415039,2491700
2007-09-19,86.02011302726089,86.50707689053407,83.17282641967537,83.97488403320312,2348800
2007-09-20,82.5713113316471,84.47905162590807,82.21611069299287,83.03535461425781,2013000
2007-09-21,83.16135880894068,84.27277541854303,82.23899841308594,82.23899841308594,2451900
2007-09-24,83.00094205256495,90.02462412967243,82.78323938694506,89.37725067138672,3792600
2007-09-25,88.51793118064487,90.64337374522471,87.4065231292088,88.79865264892578,2855300
2007-09-26,88.79864812197174,90.46003868693808,87.32630505065438,90.09912109375,2248700
2007-09-27,89.94444130195544,96.7045985112021,89.4173793828178,95.66192626953125,6065300
2007-09-28,92.08134114363884,92.88912457968497,89.02781205791962,90.26526641845703,6743200
2007-10-01,91.34802861738899,94.85987478971381,89.97308527882763,93.948974609375,2840200
2007-10-02,94.97445868747101,97.03688258342103,93.44483127367356,95.00310516357422,2424100
2007-10-03,88.51795389664282,89.9444647974411,85.2409956263444,85.59046173095703,8208100
2007-10-04,84.6566447205579,87.18310347867845,82.496829446409,85.91128540039062,3775000
2007-10-05,87.07998324129107,88.77575518232834,85.16651728649181,86.54719543457031,2292500
2007-10-08,87.07998593433405,87.76745775916415,85.30400904031767,87.48101043701172,1913000
2007-10-09,87.84767080352019,87.85340534516911,85.96285109536574,86.7018814086914,1580500
2007-10-10,86.99400908617217,89.99596983518869,86.52423153104198,89.25120544433594,2384400
2007-10-11,91.10170850095462,93.84014419285855,88.22577494784198,89.92154693603516,3558200
2007-10-12,90.48872005936663,91.51420651238877,88.31171835617617,90.6204833984375,1792600
2007-10-15,90.8095115398163,92.23602210950746,86.2607361775487,88.04816436767578,2245100
2007-10-16,87.7617455889908,90.66059154069103,86.8221985760878,89.62937927246094,1978300
2007-10-17,91.23345800417893,91.82353869727366,88.01379339816563,90.61473083496094,1751800
2007-10-18,89.9501711001513,90.33400940371098,88.08253799439586,89.52050018310547,1597600
2007-10-19,89.98456881656612,90.25382126554182,85.64775202631797,85.95138549804688,1956200
2007-10-22,84.51913209268679,89.07364200771859,84.2154986811298,88.3632583618164,1654300
2007-10-23,89.68665966534641,90.80380249023438,88.82731768594356,90.80380249023438,1542900
2007-10-24,90.66629088695063,92.44799333724707,86.97112268382013,89.10801696777344,2383800
2007-10-25,90.51731796676724,91.88653527495197,88.07105635632546,89.76109313964844,1508500
2007-10-26,91.09027341823393,94.45316310495285,90.40852720593166,94.3271255493164,1851300
2007-10-29,96.06296386714496,100.90965610693658,95.0374863630954,99.05347442626953,3104700
2007-10-30,97.85612842927524,100.49144717217648,94.21825284524728,96.18900299072266,3738600
2007-10-31,90.13921684724603,93.23857813231959,88.79864584030437,92.48235321044922,4882400
2007-11-01,91.78917261508727,92.45373244260107,88.68981076134735,88.76428985595703,2803300
2007-11-02,84.7884126752948,86.73625109143399,81.68332455740374,85.59046173095703,3435200
2007-11-05,83.18428910728386,84.67954427191766,81.59736871422808,83.29886627197266,1974200
2007-11-06,84.30716701700926,84.82276863332488,80.03910421895577,81.86663055419922,2040400
2007-11-07,80.31981963244439,80.94427263647492,78.88758315989126,79.30579376220703,1621800
2007-11-08,80.09064158124421,80.09064158124421,75.51894656205619,77.94801330566406,2293300
2007-11-09,76.7048523131806,80.2453452407812,74.96898249516151,78.13136291503906,2243800
2007-11-12,77.74752312182166,78.95633097035596,73.3706091154008,74.21849060058594,1970200
2007-11-13,74.87158488802044,79.22557791770333,74.77991966844569,78.89903259277344,1797100
2007-11-14,79.46048207059076,80.06202317011508,74.47630062336287,74.91169738769531,2132400
2007-11-15,74.5622329278065,76.89391827823104,73.16437299659084,74.67681884765625,2038300
2007-11-16,75.4559567225465,77.89075893744199,75.18096100191454,77.05432891845703,1690200
2007-11-19,74.47630141516169,75.15804741909207,71.48579076669554,71.60037231445312,2236700
2007-11-20,73.97214826005234,77.3407713192964,73.23884386835915,75.71375274658203,4153700
2007-11-21,75.04919335366411,79.0193487755281,74.41900579066444,77.51264190673828,2406200
2007-11-23,77.85062928184988,77.91364802330047,75.81685216231826,77.36940002441406,878400
2007-11-26,78.09701156205192,78.1371096463347,74.48777311766196,74.82005310058594,1755400
2007-11-27,74.94035609511384,75.51898535058474,73.47374702681458,74.82005310058594,3043800
2007-11-28,77.4260925928178,80.90888741848174,76.89166437934088,79.11944580078125,2250100
2007-11-29,79.00539610206653,79.56383978703997,75.97295654917562,76.28520965576172,1850200
2007-11-30,77.32402597059793,78.06261584731114,75.37245599310366,76.22514343261719,1715300
2007-12-03,76.08103285931328,76.08103285931328,71.78158608300389,72.46012878417969,2260800
2007-12-04,72.46015636158425,74.92213145916512,71.45735259692424,73.25279235839844,1769500
2007-12-05,74.63388387102316,74.9040988499437,72.50817773789385,73.29480743408203,1538800
2007-12-06,72.78438059730317,74.44771734134889,71.97373128216101,74.3696517944336,1270400
2007-12-07,74.39970996446142,76.26120297918676,74.39970996446142,74.8200454711914,1071100
2007-12-10,75.50458037413685,76.2311628035813,74.45974332317593,74.71194458007812,1123900
2007-12-11,74.94010416224937,75.30039219949546,71.45730911247816,71.7995834350586,1530900
2007-12-12,72.49015321173954,73.7211379760521,70.01016080208932,70.92890167236328,1984200
2007-12-13,70.84483482392925,71.87165800787194,70.59863512149775,71.53538513183594,1059400
2007-12-14,70.28641358149503,72.28601497901376,70.28641358149503,70.77880859375,1296300
2007-12-17,70.04019853726867,71.55341527665072,68.45492691212449,68.61105346679688,1731900
2007-12-18,69.06740401788895,69.72793756154245,66.9717241403581,67.46411895751953,1561000
2007-12-19,66.79758339507055,71.87165653695122,66.35322821737759,70.84483337402344,2775600
2007-12-20,72.57422211516298,73.2347511006342,68.68910459650175,69.89006805419922,2307500
2007-12-21,70.01619322001964,70.54462025874929,68.16070622624477,69.2055435180664,2309300
2007-12-24,68.78518209044248,69.17549153903457,68.01056013053477,68.02256774902344,653200
2007-12-26,67.86644282766096,70.76677067106016,67.48213488855805,70.65868377685547,1363800
2007-12-27,70.89886696314484,72.91047953837432,68.46691449165266,68.80918884277344,1477900
2007-12-28,70.2203374283987,70.2203374283987,68.54499279334077,69.48174285888672,977700
2007-12-31,69.18749127451308,69.25354461758076,67.30798091845989,67.33200073242188,1093300
2008-01-02,67.71631168919815,69.04338012873288,65.07419617093699,65.68067932128906,1629800
2008-01-03,65.75275201096414,65.75275201096414,62.311989547489745,63.45891189575195,2432900
2008-01-04,62.26993953427152,65.15225302118957,61.0269428165667,63.17066192626953,3068700
2008-01-07,64.10743477995243,64.2095155809107,61.56138878725185,62.582210540771484,2366800
2008-01-08,63.20073153299579,66.02299514659914,61.85565311377885,62.750370025634766,2795800
2008-01-09,64.16748798353845,65.17629762960789,62.14986869139959,65.00816345214844,2303600
2008-01-10,65.07421452975437,66.43730620446954,63.056595308599384,65.4465103149414,2639700
2008-01-11,64.47975200104703,65.09224617324442,61.43530861001087,61.573421478271484,1995300
2008-01-14,62.1438536157424,62.61222863711296,59.519751359778574,60.618629455566406,2671500
2008-01-15,59.68186441648398,60.37241915607283,57.57417276860684,58.637027740478516,2629800
2008-01-16,58.75711150647615,63.26072257618015,58.51091648361358,61.651432037353516,3428200
2008-01-17,62.281983230679735,62.816411753713105,57.95851081371569,58.18069076538086,3210100
2008-01-18,58.2767593970249,61.441296406130604,57.249931507300985,60.90686798095703,4005900
2008-01-22,57.91045104266649,61.21310007493067,57.86241141177337,60.876827239990234,2226000
2008-01-23,59.86802513429063,67.55419291641657,58.84720805163399,66.02896881103516,2998200
2008-01-24,66.26916306830455,66.56339782870394,63.446900813311586,65.36243438720703,2077500
2008-01-25,65.62063182611085,67.55418340868479,62.27594932859554,62.46209716796875,1883900
2008-01-28,62.750342365011306,66.8156017636945,61.849619747331715,66.25115203857422,1842000
2008-01-29,67.3980994395509,68.37088194386816,65.52459850261802,67.22996520996094,1494400
2008-01-30,66.76158136809407,67.97455285468504,65.68671816029662,65.89088439941406,1468700
2008-01-31,64.91207130964361,70.05819933153465,63.65106064704934,69.04338836669922,1997800
2008-02-01,69.58381365656123,71.92569306516691,68.52096312581322,70.1542739868164,1852900
2008-02-04,70.21433717607606,70.23235089709654,66.80360036305159,66.93570709228516,1322600
2008-02-05,69.05541403846938,73.85926892810203,67.65028868228208,71.67351531982422,4366300
2008-02-06,71.84163528517804,72.17790359485979,68.75515949613595,69.27758026123047,2539600
2008-02-07,68.46092756936342,72.98856064434618,68.14267296571963,72.41209411621094,2064000
2008-02-08,72.05179675779904,73.09663819777681,69.94410932276246,71.45732116699219,1576700
2008-02-11,71.56542049652226,73.39088570270148,71.33723906374206,71.98575592041016,1809500
2008-02-12,73.17472217753391,74.92212206400286,71.52940311103015,71.96174621582031,2723400
2008-02-13,70.01015786209909,71.18710600309514,64.93008332722532,66.59942626953125,5595600
2008-02-14,66.68349655051884,68.41888834731873,64.20350412559029,64.49173736572266,3147900
2008-02-15,64.16146301625368,64.2095026474914,62.281957111863875,62.822391510009766,2026900
2008-02-19,63.51296020125745,65.10423794341716,62.02977395145976,63.35683822631836,2228500
2008-02-20,63.20069797218943,65.41047077812748,62.14985501303188,64.37163543701172,1758300
2008-02-21,64.22750819058018,64.46770173489148,61.25512625099652,61.465293884277344,1706400
2008-02-22,61.92169848640485,62.540194143447486,61.03898931322222,62.51617431640625,1193300
2008-02-25,62.161870518728044,63.70510847702964,61.645460413793536,63.42288589477539,1297400
2008-02-26,63.296792955424465,64.77997925196838,62.606237923140135,64.3536376953125,1570100
2008-02-27,63.84924858341352,64.56982511052946,62.450124502261005,62.76837921142578,1790200
2008-02-28,62.870450251753084,64.17349939757095,61.68750481060024,62.023773193359375,1719700
2008-02-29,61.189082793987424,63.04456894630401,59.771945693121054,60.468502044677734,2490600
2008-03-03,60.16827372390353,60.45650699983159,58.727121088200754,59.429683685302734,1868200
2008-03-04,59.087408650624035,59.4537029065392,56.92567513758061,58.41486740112305,2725200
2008-03-05,58.66107904855373,59.89807031280286,58.38485792067836,59.56180191040039,2087000
2008-03-06,59.06938212276038,60.18627836891039,57.04575729370117,57.04575729370117,2422900
2008-03-07,56.6074139505349,57.2499292556027,54.58379333524823,55.736717224121094,3116700
2008-03-10,55.6946886028652,56.59541132959617,54.78795977518846,54.890045166015625,1652300
2008-03-11,55.32837982478604,58.00052138113972,54.98009936222647,57.91645431518555,2509500
2008-03-12,58.58299868381652,59.087405741435724,56.98571959419887,58.276756286621094,1970700
2008-03-13,57.94048141723183,58.96730463591669,55.59260021202321,58.402854919433594,2360300
2008-03-14,58.84721053956639,58.997330974616304,55.53855486829889,58.04856872558594,2336800
2008-03-17,56.12102988596951,58.709105042868174,55.41846726186161,58.21070861816406,3469600
2008-03-18,59.441681190562015,60.312382389559446,58.59500439022572,59.45369338989258,2053700
2008-03-19,59.8380024083476,61.39925391435741,58.24672498476937,58.564979553222656,2149700
2008-03-20,58.84722872908388,61.41729063852758,57.65827250020811,60.88286209106445,1941600
2008-03-24,60.97292841101523,65.06821449931853,60.79278202109021,64.41969299316406,1696700
2008-03-25,64.88205582497848,65.57861228241148,63.08661206889145,65.37445068359375,1401600
2008-03-26,64.73797282125739,65.35046712014886,62.93052502431468,65.04421997070312,1836300
2008-03-27,65.02016890743951,65.61464460974814,62.26996114969344,62.31800079345703,1546000
2008-03-28,63.452912526044216,63.452912526044216,60.048181721926056,60.18629455566406,1471000
2008-03-31,60.18628093663323,61.723512574847675,59.90405381339287,60.43247604370117,1338500
2008-04-01,61.84959498818984,66.76753997802734,60.73269902286916,66.76753997802734,2144200
2008-04-02,66.38328306422233,69.65590794099347,66.38328306422233,67.5422134399414,1964800
2008-04-03,67.19389665363705,69.9801311059116,67.07980367564154,69.91407775878906,2121800
2008-04-04,69.45772873827096,69.64388121164869,67.00776189363476,67.77638244628906,1457800
2008-04-07,68.23876227282,69.91410731187464,66.70753160599092,67.47014617919922,1423900
2008-04-08,66.8216045985256,67.35003144044796,65.96291556171366,66.48533630371094,1086600
2008-04-09,66.74355089878561,67.69831473189431,64.38365731534134,65.35043334960938,1235500
2008-04-10,64.89405451449575,66.22111846813452,63.99933810040315,64.8340072631836,1117800
2008-04-11,63.9753392054931,64.095433747392,61.02096949417458,61.759559631347656,1827100
2008-04-14,62.005743164649246,63.67508159909656,60.378438266993356,60.46250534057617,977000
2008-04-15,61.909668357334525,62.2519427762736,58.42687690838315,58.88323974609375,2161100
2008-04-16,59.6518775373868,60.61265236791275,57.8324178757791,60.126258850097656,2222200
2008-04-17,59.65788299017794,59.65788299017794,56.1270506447869,57.68229675292969,3758700
2008-04-18,59.24951748498858,59.71789239296304,58.57698103510155,59.123416900634766,2476600
2008-04-21,59.32760921241913,59.62184403912667,57.261950161511976,57.37003707885742,2143000
2008-04-22,57.532157896081166,64.22753066170623,57.406057271994165,61.63344955444336,4015600
2008-04-23,62.9184589249543,64.24552266078682,62.023742657708304,63.62102127075195,2568800
2008-04-24,63.35683247464974,67.43410421948712,61.54938107447574,65.96292114257812,2638400
2008-04-25,65.83079419877224,66.12503347255591,63.71109494689103,64.85801696777344,1313000
2008-04-28,65.02018187114895,65.35645028191408,64.13747271157696,64.7019271850586,1385000
2008-04-29,64.6658812682005,66.47332804119964,64.10142695591772,65.5846176147461,1623900
2008-04-30,65.97491972888085,66.05298069315522,63.25473403930665,63.25473403930664,1732300
2008-05-01,60.05418432617584,65.45251426588852,59.813990697011015,64.96612548828125,4597000
2008-05-02,64.13745244616534,67.5421873546275,64.13745244616534,64.87004089355469,2891900
2008-05-05,65.34444855093595,65.55461632661368,62.582232373123496,63.440921783447266,1297100
2008-05-06,63.05060165145476,65.00216789304741,62.149878770719695,64.822021484375,1243000
2008-05-07,64.28156561167005,64.49173328319569,61.05097124448999,61.261138916015625,1598500
2008-05-08,61.543364447546566,62.317986343699744,60.9608965005802,61.339202880859375,1075700
2008-05-09,60.82880094638341,61.897657690398844,60.23432073645949,61.86162567138672,1252800
2008-05-12,61.68148837460283,62.79838483742171,61.20710722479805,62.36003112792969,959700
2008-05-13,62.49214922723141,62.63026207576035,60.83481795145002,61.62145233154297,1307300
2008-05-14,61.741531439753714,63.75915042377765,61.69949790180788,63.23072814941406,1449700
2008-05-15,62.936495192645495,65.56060227459015,62.462114026912936,65.43450164794922,1360500
2008-05-16,65.71671256991685,66.0229549097406,64.46770965117601,65.7647476196289,1426000
2008-05-19,65.38046151592268,66.64747857308313,64.5457921193893,65.10424041748047,1160400
2008-05-20,64.85203868483413,65.0982384381308,62.810399513678625,63.0986328125,1321200
2008-05-21,62.75035160756714,66.19111452967358,60.13825654782092,61.020965576171875,2498800
2008-05-22,61.19510217510035,62.94850792408034,61.06299544665579,61.627445220947266,993700
2008-05-23,61.5433765984592,61.84962359026586,59.29757601493935,59.892051696777344,1754600
2008-05-27,59.753948625068006,61.44730721485626,59.489735151906785,60.04818344116211,1599300
2008-05-28,59.24953626182397,60.402460182414096,58.96130757233265,59.95209884643555,1734500
2008-05-29,60.1082471412812,61.77758636431462,59.62185818845444,61.26717758178711,1035100
2008-05-30,61.153055431692025,61.61542891607641,60.06618499755859,60.066184997558594,1245600
2008-06-02,60.62462046261494,60.62462046261494,59.255523177516444,59.92205810546875,1572800
2008-06-03,60.2883720987964,60.2883720987964,58.8832423403473,59.77195739746094,2321900
2008-06-04,59.78996146329408,61.84961383543531,58.919264848620884,59.573787689208984,1836400
2008-06-05,59.61582402761431,60.846813377859455,59.20749627750824,59.886043548583984,1229800
2008-06-06,59.44770190549741,59.627848289251325,56.793573283575135,56.919673919677734,2713400
2008-06-09,56.88963779862498,57.82038631234209,53.815174274081095,54.61381149291992,2569300
2008-06-10,53.839192477918075,54.163448570728995,52.06176257947192,52.8183708190918,3507200
2008-06-11,52.818384264963484,54.15145473749927,52.24192222465588,53.148651123046875,3812000
2008-06-12,53.29877579112615,54.6558616136811,53.03456228382963,53.44289016723633,2270200
2008-06-13,54.271557318439136,55.35843276977539,54.06739565324067,55.35843276977539,1461900
2008-06-16,54.703888575748046,57.514143455187245,54.48771477107485,56.69148635864258,2363000
2008-06-17,56.709484101925554,57.24391236254854,55.934862283634565,57.09379196166992,2131500
2008-06-18,56.655457010335866,57.508140068274685,55.83279987497326,56.091007232666016,3083200
2008-06-19,55.562578836407745,56.02495237642074,53.665058777975204,55.6706657409668,2896400
2008-06-20,55.00413193704037,55.2803530151488,52.277944016606064,53.08259201049805,4211700
2008-06-23,53.743120767953556,53.743120767953556,52.05576838639871,52.07978820800781,2093300
2008-06-24,51.8876283972935,51.8876283972935,50.21228382377542,51.04094696044922,3470100
2008-06-25,51.10100073719448,53.11861997039297,50.99291382894054,52.53615188598633,2095100
2008-06-26,51.37722708103609,51.809574758341185,49.93006816366478,50.140235900878906,3188400
2008-06-27,49.24551259991018,49.5757748337398,47.23389953114123,47.9244499206543,4771400
2008-06-30,47.44407576826188,49.4977227479821,46.63342612693161,48.84920120239258,3467100
2008-07-01,47.13780484937707,49.40762452822267,46.30914190384468,49.299537658691406,3976000
2008-07-02,49.14342037267686,51.125011825028466,47.31796002717862,47.594181060791016,3558800
2008-07-03,47.492111008365434,48.4769055337076,44.71788757780424,47.402042388916016,3411100
2008-07-07,47.73829961071576,49.47969761969614,47.11980413493279,49.24551010131836,3725000
2008-07-08,49.275540546268715,50.41045090853805,47.3780202285901,50.140235900878906,3508600
2008-07-09,50.836784293245465,50.836784293245465,46.27912568494038,46.573360443115234,3563600
2008-07-10,47.10177378936084,47.10177378936084,41.595354547684096,41.9976806640625,7920800
2008-07-11,47.29394647258748,47.95447551707667,43.336769143619975,46.92164611816406,9585000
2008-07-14,47.78635530123476,48.69307975896676,45.240308501617086,46.411251068115234,3841600
2008-07-15,44.82596948156305,46.717488160460526,43.15663072881911,45.40243148803711,2793900
2008-07-16,45.27633811055818,47.972500673975894,44.459682325163946,47.762332916259766,2275300
2008-07-17,47.762309483880934,50.54854388547175,47.13780803782627,50.48249053955078,3367300
2008-07-18,51.082998062671365,54.22352060068024,49.23351260207175,52.86042404174805,2672300
2008-07-21,53.97129629422082,58.000528156577744,53.44287402059291,56.10300827026367,3486900
2008-07-22,55.36442408847796,58.97332124744111,54.44568760175771,58.73312759399414,2693300
2008-07-23,58.282749798742984,64.2215131867044,57.610213256060234,59.93407440185547,4837100
2008-07-24,59.369630189206575,59.91606618025638,54.36761628765212,54.99811935424805,3144000
2008-07-25,55.7847493508765,56.8055663809874,52.38001930265974,54.0673713684082,2506300
2008-07-28,54.409633601269995,55.814758228963655,53.436851841190084,55.046142578125,1615700
2008-07-29,55.56859560369048,60.04819003018466,55.18428755400237,59.44770812988281,2354700
2008-07-30,59.68787683766111,61.24912820908129,57.00372313313566,58.48090744018555,1422900
2008-07-31,57.63424285152327,60.16827209685338,56.52334790135012,58.53496551513672,2115400
2008-08-01,58.87723743944647,59.79597378423958,56.445284518619374,57.394046783447266,1333500
2008-08-04,57.454110036670315,57.77236471986325,55.136249469138974,56.65546798706055,1253300
2008-08-05,57.49613035230104,60.94890058233479,57.117828480717634,59.53776931762695,2772500
2008-08-06,59.868032489891746,63.59102232793684,57.83840569373025,63.1947021484375,1891000
2008-08-07,61.687492843382365,62.990537155099815,60.36042413034209,61.14105224609375,2213000
2008-08-08,61.056981009151464,65.302386554057,60.45649929371186,64.61183166503906,2184200
2008-08-11,64.96613412740079,71.90169688595142,64.25155924547303,68.85725402832031,3627800
2008-08-12,67.04377851296567,69.3556319965897,64.0773976351438,65.06218719482422,2875900
2008-08-13,64.06541540466294,64.67189882537903,60.576612448864545,61.68750762939453,2311100
2008-08-14,61.54338879788026,64.85204535769327,60.94891299820247,64.34163665771484,2012700
2008-08-15,63.801200232798784,65.97494630412078,63.21272597016786,63.62705993652344,1514900
2008-08-18,63.7952055149398,64.40769971200486,59.44771717783382,60.282386779785156,1590000
2008-08-19,58.18669345747127,58.2467407275257,54.96811030437305,57.67628479003906,3847300
2008-08-20,57.766346704508265,58.534967248521816,54.793963659088206,55.13623809814453,2511700
2008-08-21,55.77874770658871,56.511336152475955,54.04936196808508,54.169456481933594,2249100
2008-08-22,55.244312295913296,57.598199285528764,54.76392513907642,57.4300651550293,1971600
2008-08-25,56.31319638211471,56.85363105188153,54.451703258530074,55.124244689941406,1914900
2008-08-26,54.95008303916925,57.11181629756589,54.52374157114671,55.106204986572266,1096000
2008-08-27,55.112219767432784,56.3792367525468,54.103410143771214,55.23231887817383,1279900
2008-08-28,55.98291914060519,58.24673346678416,55.60461268192527,57.6462516784668,1267800
2008-08-29,56.913646692529255,58.11460992159739,56.13902486002297,57.29795455932617,1101900
2008-09-02,59.723918063249954,60.64866056619498,56.67947558243702,57.189884185791016,1313300
2008-09-03,56.991720493948044,58.73311376341828,55.9048454988351,56.9556884765625,1188600
2008-09-04,56.44528832770211,57.03976401774764,53.50893273758516,54.265541076660156,1601900
2008-09-05,53.9712976973051,54.01933733651434,51.11900940295437,53.54495620727539,2125800
2008-09-08,55.36439717523997,56.1390189258651,52.07976693924081,54.157432556152344,1736600
2008-09-09,53.911244944233616,54.15744463410383,51.125010292444834,51.17304992675781,1694000
2008-09-10,52.410062567932286,52.410062567932286,48.35080340346912,49.33559799194336,3513800
2008-09-11,48.410844360112094,53.34680090728339,47.546149102184245,52.4340705871582,3087200
2008-09-12,51.797561830678234,53.75512921827029,51.04095347290065,52.53615188598633,1486600
2008-09-15,50.20027221734436,53.028540644372654,49.88802373037675,50.242305755615234,1901800
2008-09-16,50.94488006476331,52.35601613575341,48.15864453188125,51.245121002197266,2902100
2008-09-17,50.05616792528812,51.41325820377133,48.284748281104946,48.37481689453125,2251100
2008-09-18,50.140217721151785,57.255924349747566,47.66023015858728,55.52653884887695,3997000
2008-09-19,58.300783055154476,62.46812873442055,53.32879386227468,57.039772033691406,3716100
2008-09-22,55.92887957969396,57.04577619592984,53.400851521189786,53.55097198486328,1405900
2008-09-23,53.767147245339885,54.82999814056481,52.12782972276136,52.92647171020508,1353000
2008-09-24,52.926466569075444,55.25033283192522,51.80957003170386,52.90244674682617,1320800
2008-09-25,54.01331724019145,54.57176530268375,51.64742288859574,51.7795295715332,1244900
2008-09-26,51.52734412516505,51.641437138351264,48.63902800240061,51.02294158935547,2080800
2008-09-29,49.359598766274395,51.75552428366604,46.63341561147213,46.7955436706543,2282400
2008-09-30,47.28793508295425,50.284337559729025,47.28793508295425,49.0233268737793,1542600
2008-10-01,48.19467484287763,50.254327783558224,47.750314972758886,48.15264129638672,1514400
2008-10-02,45.990893862243425,45.99689996235788,42.18384186322553,44.339569091796875,2580400
2008-10-03,44.72987543078602,45.000094913645796,42.18383459695409,42.28591537475586,1936700
2008-10-06,41.03691163811722,41.13299089617414,34.43761992892882,40.694637298583984,3817000
2008-10-07,41.54733255058915,41.54733255058915,35.536509123631305,36.02890396118164,2708200
2008-10-08,34.07734316033977,39.631799975020705,33.9152127946541,36.14900588989258,2671200
2008-10-09,37.01971405904076,39.02532162313873,33.03251188723209,33.7711067199707,1967300
2008-10-10,32.72026343828349,37.12780117423157,30.624580362453962,35.71666717529297,3190600
2008-10-13,37.56614715502937,38.17863894616457,36.0889599925708,38.05253601074219,1682500
2008-10-14,37.16381417541724,40.634597867230546,34.257482489302326,35.548519134521484,3047100
2008-10-15,36.62938253978215,37.59015231308787,29.543699162348897,29.60374641418457,2291200
2008-10-16,29.717847253374394,32.065731154875,27.20783298028293,31.54931640625,2648500
2008-10-17,31.104964915466557,35.74669016834665,30.276299173396044,34.53972244262695,2231400
2008-10-20,35.14019463883639,35.386392081202324,30.774691749023052,31.471250534057617,1861000
2008-10-21,31.53128932242067,33.02648958611699,29.291493121731772,29.495656967163086,2369400
2008-10-22,28.90118872709253,30.30631618461445,26.64337595040723,27.850345611572266,1808100
2008-10-23,27.562109604887702,27.922397691091078,23.610939111665843,25.448413848876953,2994000
2008-10-24,23.1605858471364,24.85394455954622,21.97163200378418,21.97163200378418,3695300
2008-10-27,21.61734139078895,22.00164931567581,19.52165923140442,20.092117309570312,3497900
2008-10-28,20.716618992620628,21.130950547836903,16.849516459972946,19.743839263916016,5646700
2008-10-29,20.626541715280514,27.015667761690633,20.602524192561162,24.649768829345703,6241900
2008-10-30,27.051706126676084,29.111358997739682,25.40638718652753,27.922405242919922,4910600
2008-10-31,29.11136235137094,37.76430647270381,27.910398546657667,36.269107818603516,6523300
2008-11-03,36.4732710752188,36.623391548001685,30.510485713030054,30.97886085510254,3285500
2008-11-04,32.17981809185455,32.94843402315308,28.973245353816303,31.00287437438965,2748500
2008-11-05,30.46845038535022,30.62457466004197,27.946426131686053,28.45683479309082,1945300
2008-11-06,27.00968026968963,28.504881467796064,25.976850489621615,27.442028045654297,2699600
2008-11-07,27.736255824362644,29.363563378614824,24.91999677275292,27.64618492126465,1724900
2008-11-10,28.366755036174663,30.02408343383374,26.643370997800446,28.114551544189453,1459400
2008-11-11,29.411609183255944,30.15020179595377,27.934423957860293,30.084148406982422,5305200
2008-11-12,29.003261445241804,29.177401662741957,26.421190967875948,27.17179298400879,3599000
2008-11-13,27.514076940792908,29.495666498142864,26.10294557330367,26.877565383911133,9617200
2008-11-14,26.24704868299176,26.64937252309028,25.520466538362726,25.820707321166992,6877700
2008-11-17,25.640577295281258,25.808711492350806,23.4127900214832,23.69501495361328,3495000
2008-11-18,23.78508433297487,24.589730032151476,22.530077286288734,23.370750427246094,3296600
2008-11-19,23.37074249032802,23.965220275039258,19.701801882774145,20.158166885375977,3653200
2008-11-20,19.990046150953976,20.11014300801116,17.702208926781314,18.76506233215332,4884000
2008-11-21,20.290285573878275,20.404376319368563,17.540077152360254,19.227432250976562,3136200
2008-11-24,20.08611219138682,23.502852047235788,19.233427034289974,22.67418670654297,3349200
2008-11-25,22.830315899743574,23.202613935041004,21.01686078038584,22.72222900390625,1705400
2008-11-26,22.391969988793022,24.919998168945312,21.629357721756143,24.919998168945312,2773400
2008-11-28,23.418787566194386,25.38236310623864,23.418787566194386,23.911182403564453,1049200
2008-12-01,22.99245723627349,23.41279511097742,20.33232168814067,20.33832550048828,1587800
2008-12-02,20.590528116374802,22.590131964510928,20.026073576203824,22.56611442565918,1215400
2008-12-03,21.016863449567214,24.031282424926758,20.092120908028736,24.031282424926758,2255100
2008-12-04,22.88436902457117,23.64097532471576,21.97763993614385,22.758268356323242,2275900
2008-12-05,22.542093024367976,24.529686819161654,21.92359505625651,24.38557243347168,1489500
2008-12-08,25.418393279849735,27.039692153370336,24.919992333661593,26.66139030456543,2126200
2008-12-09,25.93480119944046,28.312710234048954,24.391563568340594,25.040084838867188,1788300
2008-12-10,25.35834601809224,26.79349714673762,24.715830678411308,26.601343154907227,1292300
2008-12-11,26.229042955755663,26.943615411780616,24.247453643986226,24.439607620239258,1626700
2008-12-12,23.929199733360065,25.490453847754356,23.713028201203656,25.26827621459961,1005600
2008-12-15,27.195821578211543,27.261874943460867,23.41879046389285,24.475637435913086,1920800
2008-12-16,25.052104816463505,27.381972866227173,24.853944696154006,27.315921783447266,1705200
2008-12-17,26.865558663482833,29.18341665329192,25.59854160825846,28.57693099975586,1906200
2008-12-18,29.645777173868634,29.873960832667557,25.970830271615515,26.793489456176758,1821000
2008-12-19,26.265072393236984,27.95242462161191,25.30430023199933,25.850738525390625,1866500
2008-12-22,26.108942687525094,26.30109663831056,24.68580177369029,25.316307067871094,1575600
2008-12-23,26.385170645835814,26.51127357036687,24.619754899621224,26.397180557250977,1520200
2008-12-24,26.42119479403585,26.931603322658273,25.97683732824756,26.403181076049805,475900
2008-12-26,26.529282241171167,26.979643525540542,25.244251742942165,25.70061683654785,474900
2008-12-29,25.730644560080254,25.81471393736313,24.043292145387966,25.160188674926758,982900
2008-12-30,25.24424605937683,26.12094861247501,24.583714949955468,25.34632682800293,1059700
2008-12-31,25.20221438088867,26.1149467202128,24.73984325757381,25.376352310180664,1127500
2009-01-02,25.29228771852816,28.522879798096156,25.26827019222819,28.47484016418457,1361400
2009-01-05,27.640174368526274,31.69342620288147,27.640174368526274,31.405195236206055,3101200
2009-01-06,31.369181350328592,33.27270823101099,30.438432398147842,33.194644927978516,3161300
2009-01-07,31.855555624663314,31.97565242994926,28.06651733795116,28.36075210571289,3278200
2009-01-08,28.41479245038246,28.516875525456644,27.057704883629945,27.89237403869629,1616800
2009-01-09,27.70623789771412,28.270692418965734,26.307116090250815,26.445226669311523,1227700
2009-01-12,26.23505413863828,26.28909760281421,24.241454356725516,24.61975860595703,1825300
2009-01-13,24.511670118380827,25.046098624204383,23.022475333287773,23.556903839111328,2338000
2009-01-14,23.29869297646751,23.29869297646751,21.551291060498855,21.785478591918945,2548100
2009-01-15,21.773468851410897,23.058501815245037,20.12815001794892,21.69540786743164,3868800
2009-01-16,22.223826748713055,22.79428482286076,20.962816092728364,22.181793212890625,2621600
2009-01-20,22.115746034541374,22.205816931129235,19.791879793942414,19.79788589477539,2508700
2009-01-21,20.24223529117631,21.12494402436922,19.833907597635076,21.016857147216797,1860800
2009-01-22,20.41637930613367,21.58731916564608,19.545680318770284,20.632553100585938,2023000
2009-01-23,20.00805016006473,21.629351216243823,19.557688882829197,20.57250213623047,2011100
2009-01-26,20.656574648464275,22.277873661199287,20.39836729355925,21.209016799926758,2314500
2009-01-27,21.473229417642084,22.12775470959912,20.188198656892183,20.326309204101562,1856300
2009-01-28,21.070905715017023,22.217825821187198,20.980832531911894,21.461219787597656,2434500
2009-01-29,21.18500209953623,21.389166050659835,19.58171642005777,19.70781707763672,2007800
2009-01-30,19.575703558328037,19.63575310595659,17.744234732793572,18.062490463256836,3805500
2009-02-02,17.744232833898742,18.25464248083997,17.17377593641093,17.852319717407227,2794700
2009-02-03,17.942391748064004,18.320695840544182,16.092908255182827,17.30588150024414,3798400
2009-02-04,16.60932720184235,16.723419069380196,15.096112726690958,15.750638008117676,7374300
2009-02-05,15.61252578809682,17.534067881686116,15.312284907556496,16.93358612060547,4538000
2009-02-06,16.99963937500142,18.314694832873386,16.819495293792933,17.870338439941406,2586400
2009-02-09,18.014456280447636,18.91517909447002,17.534071237767012,18.524866104125977,1754200
2009-02-10,18.026464820220585,18.524864693549155,16.441192009428644,16.561288833618164,2020800
2009-02-11,17.10773083482596,17.131750662887953,15.162169429613924,15.858728408813477,2255500
2009-02-12,15.702598471052319,16.140949899847993,15.270251997554572,16.038867950439453,2883900
2009-02-13,16.26704956293031,16.26704956293031,15.390345673594396,15.636544227600098,1190800
2009-02-17,15.372332673437306,15.372332673437306,14.189382920294083,14.471610069274902,2237300
2009-02-18,14.591708434385515,14.675776671848725,13.540865201385333,13.967207908630371,2579600
2009-02-19,14.111323771269426,14.801877684202065,13.540865543661273,13.81108283996582,1845500
2009-02-20,14.291468166634434,15.162167343501476,13.979218462089047,14.982023239135742,3511400
2009-02-23,15.042070532841961,15.384346164173401,13.823093057801136,13.979218482971191,2232400
2009-02-24,14.093299399608654,15.612517899876023,13.552866316755365,15.49242115020752,3550500
2009-02-25,13.186580755384558,14.069289799804407,12.646147324403396,13.060480117797852,7736200
2009-02-26,13.546866824176005,14.219406831766225,13.000428569089932,13.378732681274414,3452300
2009-02-27,12.964402328131284,13.168566234505647,12.441982651154964,12.580094337463379,3616200
2009-03-02,12.309877510392349,12.309877510392349,10.598504066467285,10.598504066467285,4915400
2009-03-03,10.778644484526218,10.982808307014514,10.166153017061331,10.376321792602539,3758000
2009-03-04,10.586492351704658,10.6105121705617,9.373519559960107,10.328286170959473,4331900
2009-03-05,10.05806801986546,10.412352298460089,9.667755161592979,9.78184700012207,2857900
2009-03-06,9.835889209191727,10.058067930099387,8.706984178294991,9.247417449951172,2766300
2009-03-09,9.061268490717401,10.118116367215757,8.88712882934719,9.33749008178711,2471700
2009-03-10,9.913953301857898,12.087696479686528,9.883928528760384,11.709393501281738,5350500
2009-03-11,12.003630464494574,12.580093560208077,10.934772499828167,11.421163558959961,3576700
2009-03-12,11.691379523713216,12.369924557891768,11.05486917505771,12.32188606262207,2573200
2009-03-13,12.706197473019554,13.51084334614986,12.015643486615348,12.490023612976074,2579600
2009-03-16,12.934380553211204,13.120529619755608,11.739420575643885,11.799468994140625,1507400
2009-03-17,11.37912688322298,12.580090094314471,11.235010290003565,12.441978454589844,6386900
2009-03-18,12.369929422914943,12.856319521981106,11.619326923288169,12.712203979492188,3566500
2009-03-19,12.790262724763524,13.180576836748239,11.979613157603186,12.478013038635254,2872800
2009-03-20,12.820287217668836,12.850310850845764,11.985616700477589,12.327892303466797,2731800
2009-03-23,12.886340164084139,14.171372123132015,12.393945222203845,14.069290161132812,4108000
2009-03-24,13.727015849533906,14.333502672793909,13.336701719624363,13.570890426635742,2185200
2009-03-25,13.564880716427902,14.261439346571038,12.009633133954559,13.426770210266113,3155600
2009-03-26,13.642950160129987,13.86512899646034,12.850314130546643,13.630941390991211,2390900
2009-03-27,13.198589484971162,13.67897560473764,12.802271594727488,12.832296371459961,2107600
2009-03-30,12.231816527898925,12.478014009656132,11.409155839721892,11.523247718811035,2177600
2009-03-31,11.817483772365112,12.129734629883059,11.409155904122919,11.991622924804688,2588100
2009-04-01,12.009635695513154,12.994425456040238,11.721404713699586,12.94038200378418,2913500
2009-04-02,13.955194975088173,16.13494425065751,13.955194975088173,16.122934341430664,6971800
2009-04-03,15.918774278989362,17.97842724630512,15.756643901574991,17.80428695678711,5659900
2009-04-06,18.584918258131967,19.815905893377014,18.440801571018316,18.73503875732422,8179300
2009-04-07,18.20060260858441,18.32069942388673,15.960805822222627,16.038867950439453,5167400
2009-04-08,16.513247183835606,16.621334075927734,15.510442672676833,16.621334075927734,4355800
2009-04-09,17.48002728614398,19.215419492560837,17.35993045618417,18.176586151123047,4922300
2009-04-13,17.684186242014135,18.909168294970648,17.113728177951256,18.8791446685791,3093000
2009-04-14,18.344721091340087,21.377154146296512,18.320702411559612,19.449607849121094,5307600
2009-04-15,18.945192461447725,19.893954410817575,18.939188653830655,19.779861450195312,2891100
2009-04-16,19.833915779032345,20.566504406220226,19.515661115391453,20.098129272460938,3119500
2009-04-17,20.01405825209015,20.080109321841885,19.31149339852733,19.671781539916992,3744700
2009-04-20,19.083311212328663,19.66577812147091,17.912371293529695,18.27866554260254,2341900
2009-04-21,17.960413262639804,19.125348451512146,17.41397483362474,18.969223022460938,3284000
2009-04-22,18.747033933311915,21.4131723864379,18.686986693438158,20.752643585205078,5278200
2009-04-23,20.71662121595752,22.81830742627205,20.48243369045603,21.875551223754883,5213700
2009-04-24,22.494051735818378,24.115353346407144,22.18180086861444,23.737049102783203,5004500
2009-04-27,22.512065747923035,24.01927419582201,22.07371197807157,22.506059646606445,4320800
2009-04-28,21.76746683619239,22.72223305939233,21.47923582606779,21.755456924438477,3457600
2009-04-29,22.776266722729204,23.719022628772276,21.947601493302493,22.914377212524414,3388500
2009-04-30,24.46363275920058,26.529289598396122,23.37675973353637,23.556903839111328,6188600
2009-05-01,23.436804505262916,24.63176432494169,22.9504157011574,23.514867782592773,2668500
2009-05-04,24.31951490258087,26.319120560752623,24.03728770033097,25.706628799438477,3576600
2009-05-05,27.85034573639512,30.48646039721009,26.931607050776332,30.0120792388916,9437000
2009-05-06,29.549713600931852,29.711843987996918,26.751468052602565,28.294706344604492,7667500
2009-05-07,28.82313316684767,29.033300929926536,26.000867586129136,26.547306060791016,3863700
2009-05-08,27.057721075181654,28.943234281395362,26.805517431638048,28.498876571655273,2804500
2009-05-11,27.634164837462386,29.873961038429805,27.183803615777517,29.399580001831055,3112000
2009-05-12,29.69382388873118,29.849948140538245,26.481245055212923,27.1297664642334,4481500
2009-05-13,26.421194757850145,26.80550267873211,23.63496004079998,23.887161254882812,5256400
2009-05-14,23.917188456578593,24.65578071117987,22.247847685961446,23.682998657226562,6139900
2009-05-15,24.019279620116556,25.142180300973045,22.572118114630815,22.758268356323242,3811200
2009-05-18,23.352733034448654,25.03408134264995,23.28667968069493,24.859943389892578,3593000
2009-05-19,25.118156570005382,25.436411213504044,23.82711969243384,24.049297332763672,3264800
2009-05-20,24.27747474220122,25.1421675451903,23.37675221342499,23.526872634887695,2846300
2009-05-21,23.118549579345085,23.53288120171526,22.019666772552096,22.28388023376465,3183700
2009-05-22,22.313899286764297,22.53607686847013,21.166979361901674,21.527267456054688,2988000
2009-05-26,21.166989918886117,23.328724143275522,21.10694263679746,22.87836265563965,2912800
2009-05-27,22.818308031305886,23.250655653330103,21.779474808969923,21.851531982421875,3141000
2009-05-28,22.217832655782903,22.60814684843104,21.16098540761308,21.827518463134766,2360100
2009-05-29,21.97162759262804,22.512062090494794,21.64736689390799,22.253854751586914,2801700
2009-06-01,22.974436558043674,24.547700790242335,22.85434201019299,24.44561767578125,4991600
2009-06-02,24.439610025730612,24.70382119641974,23.598934578887278,24.379560470581055,2933000
2009-06-03,24.63176350700787,24.751860324145117,23.2686695574111,23.725034713745117,3632600
2009-06-04,23.731041309559995,24.607744198836755,23.172593045278806,24.379560470581055,2762000
2009-06-05,24.90798510261562,25.3403327370672,23.791088574053244,24.379560470581055,2477500
2009-06-08,23.929194919985314,23.929194919985314,22.55409356264021,23.376752853393555,3253600
2009-06-09,23.568907559761847,23.7190279900788,22.638161349927923,23.00445556640625,2485700
2009-06-10,23.184598163601432,23.4067757450856,21.76746102421,22.427989959716797,4311200
2009-06-11,22.51806460819542,22.578111864221547,21.89956916663357,22.199810028076172,3079800
2009-06-12,22.061705638152365,22.55410060451377,21.497251195745417,22.464027404785156,3178800
2009-06-15,22.181802217723465,22.181802217723465,20.536482971631894,21.0108642578125,5467900
2009-06-16,21.14296348096899,22.482037610762777,21.07090630685467,21.66538429260254,4759200
2009-06-17,21.845525691017126,22.259857254623057,20.446402179032603,21.617341995239258,4320700
2009-06-18,22.301892035239238,22.56610547370846,21.02286525449863,21.37714958190918,2650900
2009-06-19,21.875549313882367,22.277870968073834,21.557294734258907,22.133756637573242,3568100
2009-06-22,21.737434780347964,21.91757880555014,20.57850508765136,20.584508895874023,2943300
2009-06-23,20.63854543772196,21.08290268938481,19.64174638790751,20.410364151000977,3780800
2009-06-24,20.60853747556644,22.145771878482993,20.566503928162863,21.611343383789062,3295100
2009-06-25,21.4492034992607,22.37394342297691,21.088913164628014,22.31389617919922,2493200
2009-06-26,22.23583234978497,22.38595274596911,21.59331723736929,22.049684524536133,2775700
2009-06-29,22.09772941998644,22.518067131234055,21.52727126119726,22.175792694091797,2160600
2009-06-30,21.449211692581496,22.175794156852,21.08892122032252,21.19700813293457,2649200
2009-07-01,21.257057049981093,21.755455762539984,21.166983861965516,21.25105094909668,2001800
2009-07-02,20.974834180551767,20.980837992014997,19.936000707496785,20.062101364135742,2330500
2009-07-06,19.62374358119451,19.984031711405926,19.107328914743697,19.62974739074707,2841500
2009-07-07,19.527668188548244,19.623745183828117,18.39275682064654,18.464815139770508,3494500
2009-07-08,18.909174305823328,18.909174305823328,17.443998194672176,17.960412979125977,4489400
2009-07-09,18.08650479807704,20.056084695280653,18.08650479807704,19.173376083374023,5776200
2009-07-10,18.957206727506396,18.96321168183227,18.266653014621625,18.602922439575195,2774000
2009-07-13,18.801088220423143,19.515662011697223,18.14656284901995,19.40157127380371,2886300
2009-07-14,19.257448706856813,20.446402245586338,19.02326120098439,20.296281814575195,3214700
2009-07-15,20.7046015319535,21.94759803490012,20.68058172255958,21.73142433166504,4645700
2009-07-16,21.431199651021313,22.80630384575671,21.028877850040907,22.53008270263672,3553700
2009-07-17,22.39196842055521,22.39196842055521,21.515265481673318,21.71942710876465,3024700
2009-07-20,21.935605829686235,24.313516193314175,21.935605829686235,23.917198181152344,3940700
2009-07-21,25.17220122389147,25.178207325915793,23.280684532476098,23.881166458129883,4322200
2009-07-22,24.499649692773293,26.0308773690737,24.319505664500703,25.376352310180664,6271600
2009-07-23,25.59252434074282,27.550095577562708,24.835918556573986,26.823511123657227,6807500
2009-07-24,26.271077785055645,28.88917870339704,26.15098097133558,28.39678382873535,4863800
2009-07-27,28.91318623161892,29.819912322924573,28.288684898310862,28.672992706298828,4649400
2009-07-28,27.98846178668435,28.44482702379298,27.285896771007167,27.976451873779297,3254500
2009-07-29,27.544097563694095,27.700224103346635,26.22904333995183,26.60734748840332,4260400
2009-07-30,28.58293387059591,30.912803986202608,28.378769959063522,30.114164352416992,9953300
2009-07-31,29.669801517643783,31.02688918890817,29.033290073581888,30.726648330688477,5371000
2009-08-03,31.56132925600404,32.72626330878114,31.363169130949444,32.08374786376953,4481200
2009-08-04,32.618179564230275,35.21826752506002,32.618179564230275,34.82795333862305,7139800
2009-08-05,35.54250715305112,35.94483103966512,33.68701880916854,33.96924591064453,5221500
2009-08-06,34.33554137927224,35.2482737740871,33.33874191886292,33.380775451660156,4769500
2009-08-07,34.437634734812946,35.63259467810969,33.71105221329238,35.11017608642578,4349300
2009-08-10,34.97806258294768,35.84876159464584,33.75307924058569,33.86717224121094,3699400
2009-08-11,33.681028398208205,33.99327924751064,32.48606846127496,33.290714263916016,4284700
2009-08-12,33.482864037390584,36.28711522425377,33.482864037390584,35.74067687988281,6012000
2009-08-13,36.136993384782855,36.74948506985703,34.77990329119023,36.55733108520508,5440500
2009-08-14,36.2330755238418,36.41321962370958,34.143398925931216,34.31753921508789,8254600
2009-08-17,32.870368191076835,32.876371999991925,31.675408639261622,31.759475708007812,4949100
2009-08-18,32.38999227635515,33.47086150935848,32.131784880766205,33.21265411376953,4130700
2009-08-19,32.12576733837333,33.326730603359245,31.90959358417096,32.93641662597656,3386500
2009-08-20,33.08054017830014,34.005282636452556,32.8103229287548,33.2786979675293,2797700
2009-08-21,34.233468545301285,34.43763246166153,33.1826253297587,34.19744110107422,4456400
2009-08-24,34.73187175943665,35.14019961789856,33.152603785992966,33.326744079589844,3670600
2009-08-25,33.903190805436545,35.03209686211879,33.54290275936939,34.839942932128906,3800400
2009-08-26,34.54571485717072,35.06212953633962,33.9872666381305,34.347557067871094,3464100
2009-08-27,34.137385861141475,34.281502486032366,32.87637512863435,33.8431510925293,2912600
2009-08-28,34.68382871492773,34.72586454948872,33.39279418378041,33.78911209106445,2376800
2009-08-31,33.314731271003836,33.5188951824859,32.12577753613409,32.50408172607422,3265000
2009-09-01,32.365980573780824,33.326750853288495,31.237073777366543,31.495281219482422,5125600
2009-09-02,31.609351539026175,32.071722652948516,30.84073581232699,31.633371353149414,3697500
2009-09-03,32.13177935323214,32.20383881680727,31.315126048620066,32.077735900878906,2053700
2009-09-04,32.07775063728483,34.077357002310336,31.723468419904133,33.95726013183594,3358100
2009-09-08,34.99007862432526,35.23627609788302,34.1914366426278,34.47966766357422,3293500
2009-09-09,35.080145923375724,37.295925248253454,34.85196448691223,36.683433532714844,5310600
2009-09-10,36.47925590388068,37.42801789768552,35.506476387827384,37.31993103027344,3794500
2009-09-11,38.430826822916664,39.55973071156768,38.19063323901112,38.7310676574707,4661900
2009-09-14,38.39480948815005,41.67944830179073,38.39480948815005,41.49930191040039,5436700
2009-09-15,42.37601295337077,43.967291109424565,41.52332964514904,43.516929626464844,8088000
2009-09-16,44.14742373212328,44.20747558235849,40.9948940099187,41.38520812988281,9046300
2009-09-17,41.7935125438463,43.04852129296142,40.86877046063263,41.54731750488281,5717300
2009-09-18,42.24389380615153,42.400020357260594,40.922835675786565,41.52932357788086,3353800
2009-09-21,41.06695239967814,43.35478672893743,40.77271758279038,41.241092681884766,5872500
2009-09-22,42.12979503597593,44.35157532284562,41.91362127407049,43.79913330078125,8004100
2009-09-23,44.585774722601364,44.97608881825367,42.814355202511294,43.0305290222168,5394500
2009-09-24,43.30074258564105,43.50490419682469,40.748694957970436,41.76951217651367,5025900
2009-09-25,41.36718618267156,43.102578022976296,41.30713892568796,42.183841705322266,3770400
2009-09-28,42.43003504665143,43.45085200610195,41.63139336282681,42.78431701660156,3538600
2009-09-29,42.628200417384505,44.52572504735517,42.59217297648789,43.98529052734375,4086800
2009-09-30,44.72987887471533,44.73588497425765,41.79352383821194,42.568145751953125,6548500
2009-10-01,42.09378572096869,42.30995959944817,39.18144904535455,39.39161682128906,6079600
2009-10-02,39.24147025328809,41.553323415109595,37.980459854231896,40.62858581542969,8235200
2009-10-05,40.724667468462954,41.52330920461564,39.99808518338438,40.97086715698242,5074900
2009-10-06,41.36718050160993,41.93163471862433,40.56853880760263,41.21706008911133,5272300
2009-10-07,40.77873596589351,41.69747271872185,39.90202818968055,40.44246292114258,3703800
2009-10-08,41.13300516170911,42.520116716470746,40.556543157375536,41.97968673706055,5589900
2009-10-09,42.61619674410339,42.9344513849961,40.08216265662224,40.72467803955078,7107800
2009-10-12,40.892792675602074,41.52330013619473,38.448832948151306,39.559722900390625,9635400
2009-10-13,39.16342273146746,40.55053418811594,39.0673434468847,39.631797790527344,4580200
2009-10-14,40.68262969033612,40.928829353174166,39.93202766652919,40.31032943725586,3866400
2009-10-15,39.32554473258848,39.4276301020417,37.75228334068106,39.01930236816406,7979600
2009-10-16,38.556932044420286,39.487680575605395,37.9924800324496,38.653011322021484,4469500
2009-10-19,39.019298562278514,39.09135342626238,37.87838254231738,38.827144622802734,3479900
2009-10-20,39.157418312669144,39.16943051441414,38.01650424712105,38.27471160888672,3287900
2009-10-21,38.12459505990107,38.959262204791706,37.28992333369732,37.39801025390625,3211000
2009-10-22,37.319940461316726,38.3647773894648,36.14900062888374,38.05853271484375,4265900
2009-10-23,38.370791218209995,39.54773509711937,37.319947978328806,37.50609588623047,3855000
2009-10-26,37.51808368378402,38.75507639310049,37.337939692689716,37.87236785888672,4535100
2009-10-27,36.821526814276424,36.82753291227452,33.14658053418441,33.70502853393555,14308000
2009-10-28,34.22145461859846,34.377578859679545,31.915604696034762,32.34794998168945,7419900
2009-10-29,32.85836823235917,34.34155687433613,32.73827140178872,33.801124572753906,5340200
2009-10-30,34.227459234381406,34.67782054009695,31.501271580692524,32.55812072753906,6795400
2009-11-02,32.45603948280734,32.87637718346692,31.062921947965894,32.263885498046875,5457500
2009-11-03,31.723439965780795,34.10735005490937,31.54929977431964,33.70502853393555,4532100
2009-11-04,34.40161056180909,34.587758495400124,33.062536123354434,33.188636779785156,3803200
2009-11-05,34.22146223901993,35.98087198294449,33.65700782410938,35.93283462524414,5422000
2009-11-06,34.978059056086906,35.998878405125346,34.881982075627754,35.86677169799805,4483700
2009-11-09,38.31073392211258,38.69504415352627,37.367977789111414,38.15460968017578,6038300
2009-11-10,37.77030827290875,38.70705846788019,37.26590344074858,38.48487854003906,4899500
2009-11-11,39.08534970248866,40.21425817416325,39.0793481843328,39.956050872802734,5278400
2009-11-12,40.03412122390584,41.26511076849049,39.8419672277149,40.598575592041016,4815800
2009-11-13,41.34916810128682,41.79352325365956,41.13900043336131,41.43323516845703,4744500
2009-11-16,42.03373192306283,42.03373192306283,40.89281542603134,41.139015197753906,4894400
2009-11-17,41.84688360912377,42.96925913788885,41.234677448329535,42.720550537109375,4072000
2009-11-18,42.40806047844165,42.848085520027034,41.623668647621706,42.089202880859375,2208000
2009-11-19,40.80101133677809,41.25379090141459,39.90821166666123,40.903045654296875,2808100
2009-11-20,40.182433494093104,41.585407414083804,40.182433494093104,40.737247467041016,2077400
2009-11-23,41.508878686133166,41.617293964305794,40.590572136380594,40.6734733581543,2527500
2009-11-24,40.38013016246329,40.78189145835072,39.857203842662805,40.18881607055664,1726200
2009-11-25,40.494906238514915,41.79584554246396,40.080390477170695,41.687435150146484,2656700
2009-11-27,39.5510898483319,40.74999488882158,38.804961934171565,40.16329574584961,1687600
2009-11-30,39.97198765186242,41.21553030592763,39.551095730634884,41.158138275146484,2506600
2009-12-01,42.114702402358866,42.765169611302326,41.38770763603041,42.32514953613281,2584900
2009-12-02,41.92976914891656,43.02663993401066,41.878750771614456,42.248626708984375,2044000
2009-12-03,42.72690894457479,43.173307539634855,41.57264624493393,41.687435150146484,2894400
2009-12-04,42.899087206520086,43.186061884425925,41.451476253510606,42.599365234375,3666800
2009-12-07,42.50372468023858,42.69503634633824,41.13901436079202,41.29206466674805,2233800
2009-12-08,40.75001066788734,41.09437753084424,40.09316222201971,40.39926528930664,2693200
2009-12-09,40.64796057256863,40.71173110796798,39.60210579011338,40.16329574584961,3404000
2009-12-10,40.30358762913149,40.74361009400231,39.22584774513762,39.41078567504883,2192300
2009-12-11,39.602102328726325,40.30359032025618,39.33426318423132,39.53195571899414,2632300
2009-12-14,40.061272851193934,40.7117427150163,39.39804839011733,40.68623352050781,2198500
2009-12-15,40.34824486939161,40.609708029184695,39.28963763307195,39.40442657470703,1925200
2009-12-16,39.774280739059186,40.13777806584087,39.49368703690703,39.69137954711914,2075300
2009-12-17,39.37253891780072,39.53834380531013,38.13536982890618,38.69655990600586,2401100
2009-12-18,38.90700194724388,38.98352952015636,37.88028255391667,38.275665283203125,2465400
2009-12-21,38.42870982270183,38.90062005440112,38.282035645567056,38.81134033203125,1423600
2009-12-22,38.932514083093324,39.060057614904586,37.77825108029318,37.867530822753906,1375300
2009-12-23,37.85476989482772,38.44146663726364,37.236185450254524,38.250152587890625,2122200
2009-12-24,38.42234064084345,38.454225914173286,37.637951240015475,37.873905181884766,628700
2009-12-28,37.96955805952522,38.128986836295795,37.31908835837847,37.5550422668457,957800
2009-12-29,37.86752727366477,37.93767633122086,37.48489671409258,37.5805549621582,966800
2009-12-30,37.44663826323547,37.7208560007399,37.146911333244475,37.43388366699219,1021200
2009-12-31,37.5805563935966,38.007824403799624,37.12140067769691,37.1341552734375,1090200
2010-01-04,39.05368512207439,40.90943650403553,38.84961399280783,40.78826904296875,4741400
2010-01-05,41.56628325808992,43.57508741695858,41.419606598994314,43.26898193359375,5644300
2010-01-06,42.771545983218765,43.466657881545274,42.34427808964327,42.70139694213867,2738800
2010-01-07,42.395312487226406,43.67074300306451,42.140225410982524,43.613346099853516,2388500
2010-01-08,43.16693034703092,43.61332890543046,42.80980663493191,43.30084991455078,1539800
2010-01-11,43.377381418811865,44.072493447191626,42.98200114825455,43.160560607910156,1909000
2010-01-12,43.026631664712795,43.92580728129352,42.58660675946603,43.35186767578125,3306500
2010-01-13,43.63247934409787,44.44875414375857,43.00752107921209,44.257442474365234,2959300
2010-01-14,44.01511367134493,46.15783775122605,44.01511367134493,45.98565673828125,4431900
2010-01-15,45.90273622357772,46.45754526105481,44.42961099609594,44.95891571044922,2742300
2010-01-19,44.76761062138152,45.62853013998542,44.691087901776875,45.48185348510742,1326000
2010-01-20,44.84411756938134,45.09920453656411,42.85444506381085,43.46665573120117,3639200
2010-01-21,43.466660748251215,43.989586901912915,41.61090759154485,41.687435150146484,2756800
2010-01-22,41.585395457184745,42.15296143011536,40.55867389595533,40.78187561035156,2227900
2010-01-25,41.45146981023156,41.77670578181788,40.01661123987739,40.55229187011719,2048000
2010-01-26,40.08039093017578,40.871156249811065,39.97835661691026,40.08039093017578,1623100
2010-01-27,40.016615100986456,40.309963408717906,38.785824991711465,40.02299118041992,2616200
2010-01-28,40.41200188606336,41.0497193663659,39.2832459598661,39.391658782958984,2331500
2010-01-29,39.92096428340411,40.864784772088136,39.32151296522538,39.46181106567383,2626500
2010-02-01,39.72965082196599,41.859619384288095,39.72965082196599,41.79584884643555,2510900
2010-02-02,41.5280173228452,41.85962710003024,40.52680217864347,41.34945297241211,1950000
2010-02-03,40.86478786945668,40.99232895296044,40.265334073151976,40.966819763183594,1976800
2010-02-04,40.443895511697434,40.66071877001092,38.741197150313305,38.79859161376953,2245400
2010-02-05,39.149332200971436,39.62124247671022,38.07159448613165,39.13657760620117,2634800
2010-02-08,39.315134673635654,40.02299635130543,38.2820345182886,38.74756622314453,1496200
2010-02-09,39.557468010563134,39.91458935258748,38.64553519675876,39.30238342285156,1838500
2010-02-10,39.21948267114788,39.787048779109654,38.80496684057182,39.15571212768555,1256000
2010-02-11,39.0791802407892,41.67468048266792,38.89424471209474,41.42597198486328,2880900
2010-02-12,40.64797746428251,40.737257224018784,39.6914044396379,40.201576232910156,3141400
2010-02-16,40.801011085289204,41.52800832990576,40.673467581004374,41.39408874511719,1977000
2010-02-17,41.75759232539388,41.929773284043726,40.52042331339912,41.07523727416992,1679100
2010-02-18,40.3609968313425,40.38650602397159,39.1939768118116,39.54471969604492,3167400
2010-02-19,39.32150578339295,40.2589475875531,39.123813262749294,39.697757720947266,2159100
2010-02-22,39.9273529106564,40.53318289560301,39.86995843981534,40.18881607055664,1679400
2010-02-23,40.23981953008308,40.730860420855834,39.69138661898291,40.60969543457031,3269700
2010-02-24,40.7563867508202,41.19640945391562,40.02301314630357,40.39926528930664,3057100
2010-02-25,39.78705975657957,40.182442587052996,39.2450026895223,40.04852294921875,3694500
2010-02-26,39.85081970310063,41.132626049131765,39.01541200369864,40.53955078125,3955800
2010-03-01,41.145381096317024,42.59937578739911,40.83290202176417,42.22949981689453,3104700
2010-03-02,42.72692513278991,42.886353957912256,42.26139082266473,42.64402389526367,2190100
2010-03-03,42.71415610509204,43.07765348825627,42.19122995974386,42.32514953613281,1960500
2010-03-04,42.45269709221969,42.580238175320424,41.63642248346186,42.01905059814453,1430300
2010-03-05,42.439944316853115,43.40289067072527,42.29964620824118,43.198822021484375,1815000
2010-03-08,43.41566841682007,44.60181952701688,43.084053662688326,43.99598693847656,2215700
2010-03-09,43.81103778935881,45.57751183955273,43.587838414437584,44.49339294433594,3054100
2010-03-10,44.59542387115557,45.84534507203772,44.04060989884641,45.25226974487305,2586700
2010-03-11,44.818621710237,45.42445404557614,44.51889479959499,45.39894485473633,1938600
2010-03-12,45.78156802888772,46.19608382073067,45.08645603357321,45.57749938964844,1888700
2010-03-15,44.90790492569052,45.39894837299495,44.18728847379796,44.93979263305664,2047000
2010-03-16,45.252276468772784,47.06339042534161,44.8186298762463,46.95497512817383,3435000
2010-03-17,47.286585932951965,48.03909010939665,46.215224137088015,46.432044982910156,3254200
2010-03-18,46.24709858026924,46.41290587455958,45.7305508875489,45.92186737060547,1713200
2010-03-19,46.381028402260036,46.4256682714191,45.52648750858264,45.756065368652344,2490000
2010-03-22,45.214001918626536,49.03391403535885,44.805864640647464,48.81071472167969,4878700
2010-03-23,49.0466565196143,49.365513977579674,47.63092862778749,48.676780700683594,3299600
2010-03-24,48.37068969949824,49.26349181880504,48.019949311278516,48.34518051147461,3633000
2010-03-25,48.66404762226967,49.22524013825861,47.382243513626385,47.452392578125,3156500
2010-03-26,47.84139260081416,49.7098983485197,47.70747299143497,48.86811447143555,3085700
2010-03-29,49.19973939950306,49.50584003774964,48.37708602796973,49.0084228515625,2360800
2010-03-30,49.02116638824154,49.6971429048843,48.536501501492474,49.26349639892578,2786400
2010-03-31,48.797953117156375,49.065797133824645,48.07733686762858,48.357933044433594,2959100
2010-04-01,48.60028618379761,49.63976045156541,47.98808003234706,49.359169006347656,3374300
2010-04-05,49.61423803678648,52.51583889920856,49.60785952331156,52.47119903564453,3756800
2010-04-06,52.34366438040954,53.057902285062944,51.858999469837,52.12683868408203,3300000
2010-04-07,51.82711513384004,53.026022892402345,51.45086547965711,52.075828552246094,2535700
2010-04-08,51.87812784167629,55.42382747724049,51.56564877227753,54.99018096923828,5253800
2010-04-09,55.2707649567461,55.74267762022215,53.918812097544304,55.589622497558594,3797000
2010-04-12,55.672544660006274,56.34214276998188,55.1815011806428,55.417457580566406,2865700
2010-04-13,55.51310686315137,56.55258082688959,55.219753606753514,56.14444351196289,2695300
2010-04-14,56.348511634044556,56.73751826885373,54.550155086804004,55.1049690246582,4438400
2010-04-15,54.51190713959574,55.749071539345415,54.084634181853986,54.84989547729492,3168300
2010-04-16,54.74145990334705,55.21337256365102,52.86658088443046,53.453277587890625,3162900
2010-04-19,53.24921253719916,54.52464277761112,51.527383658795124,52.872962951660156,3611400
2010-04-20,54.52464947924557,55.41107321605196,53.7147533178068,55.20700454711914,3399600
2010-04-21,55.55138585637494,55.60240425328685,53.73389803848177,54.79888153076172,2585300
2010-04-22,54.03996656063693,57.445367116460375,53.695599884292136,57.34333038330078,3898700
2010-04-23,57.27319826484871,59.07793337637272,56.75665053042619,57.07550811767578,3740700
2010-04-26,57.91727969027803,58.880230762187814,57.16477574908528,58.74631118774414,3659500
2010-04-27,58.433848672631996,58.5550161313394,56.04879491558494,56.37403106689453,3280400
2010-04-28,57.69409262349988,57.872652093923804,55.64702749691586,56.6099739074707,2232300
2010-04-29,57.34334194857605,59.613611065463324,57.15840398145954,59.40316390991211,3553200
2010-04-30,58.344554405724324,59.93884219040109,56.036028807355706,56.27198028564453,4283600
2010-05-03,56.9798470016011,58.66979310207388,56.1189325324185,58.593265533447266,3624600
2010-05-04,57.65583234120815,57.69409369547257,55.20700349528969,55.90848922729492,3986100
2010-05-05,54.83076339778042,56.737530774232205,53.440543855173914,54.569297790527344,3776900
2010-05-06,54.21217514958352,55.27077994209884,45.27778307136396,51.36796569824219,6139400
2010-05-07,52.58598856493182,53.23008220276904,48.40257890652511,49.091312408447266,7202800
2010-05-10,52.87248939784322,53.4994886413332,52.207104139057094,53.01324462890625,3115300
2010-05-11,51.96398792363875,55.09257528403294,51.63769212888623,53.9217529296875,3403800
2010-05-12,54.695898665238126,55.15655037643808,54.222453242608346,54.881439208984375,2110100
2010-05-13,54.65751476152113,56.199413313116224,54.0817001002734,54.20326232910156,1989700
2010-05-14,53.384325252494435,53.65303711970913,51.90000580534251,52.59737777709961,2191100
2010-05-17,52.303054228715666,53.230751709026165,50.319697796900485,52.05353546142578,2979200
2010-05-18,53.19878927022158,54.86225010473061,51.38817389701846,51.67607879638672,3681300
2010-05-19,51.068278401458294,52.987657451697864,50.01261894757986,51.44575881958008,3265600
2010-05-20,49.60956108776226,50.39650392323515,47.344692766946686,47.856529235839844,4921100
2010-05-21,46.75607317366415,50.65880946087162,46.40418507446601,50.33891296386719,4073500
2010-05-24,50.84434604015893,51.650486516335896,48.93776091931594,49.07211685180664,2405700
2010-05-25,47.165540921900934,51.16424718723798,46.5641339375996,50.908329010009766,4174900
2010-05-26,51.791239079473165,52.392646034550474,49.91025106289961,50.274932861328125,3925300
2010-05-27,52.002371723274564,54.139282777316254,51.42655707510567,54.05610656738281,3221400
2010-05-28,53.883368497542584,55.01579998620795,52.38625030438892,53.665836334228516,2879200
2010-06-01,52.83409601536124,54.305616677574825,52.08553953406788,52.16231155395508,2540900
2010-06-02,52.83410637808297,53.24357350190032,51.82323228061938,53.22438049316406,2404500
2010-06-03,53.435498772390304,54.382394375134844,52.69974087112429,53.844970703125,1999000
2010-06-04,52.34146421528018,53.80659078354815,50.543647431911886,51.0618782043457,3096600
2010-06-07,51.599291384512824,51.823217892989256,48.221186110263204,48.36833572387695,2586600
2010-06-08,49.11051192062701,50.06380212143362,47.7093636922306,49.87826156616211,3709000
2010-06-09,50.47967488045345,51.53533443644598,48.91217890906035,49.3536376953125,4119800
2010-06-10,50.44127385010715,52.09194083309714,50.236540301295186,52.04075622558594,3020300
2010-06-11,51.22182362622573,53.00684659862288,50.96591034316205,52.99405288696289,1837300
2010-06-14,53.627446596491865,54.66391296603138,52.59098022695234,52.82770538330078,2948300
2010-06-15,53.16679865815347,54.52956090634584,52.84690215012459,54.31842803955078,2834400
2010-06-16,53.76179552532367,55.56601127180739,53.76179552532367,54.734283447265625,2592500
2010-06-17,55.0221882939854,55.354878447555635,53.870559144641604,54.734283447265625,1975700
2010-06-18,54.72148872080141,55.21413201218235,54.09449438061275,54.40159225463867,2148100
2010-06-21,55.642780552543876,56.62166275476477,55.05417234850972,55.57240295410156,2912500
2010-06-22,55.937098940577506,56.30178073417454,53.95374173187021,54.030513763427734,2168600
2010-06-23,54.286426041702654,55.38687059961053,53.50587793057114,54.87503433227539,1827100
2010-06-24,55.495638050664574,56.57049038127529,54.90702971946252,55.041385650634766,3908500
2010-06-25,55.22051514568566,57.02473065100014,54.65109994274386,56.9671516418457,4954400
2010-06-28,57.00555648192592,57.351045294693144,54.38240610487845,54.44638442993164,2803900
2010-06-29,52.93648649042506,53.10283408442316,49.993438830667806,50.25575637817383,5325300
2010-06-30,50.78038653952761,51.778462340016624,48.51551809275789,48.79702377319336,3424700
2010-07-01,49.264064949169274,49.80148876925899,46.890433314639154,48.70744323730469,3886500
2010-07-02,49.22566474039859,49.2384584499942,46.78165618413366,47.8501091003418,2525000
2010-07-06,48.75221167625637,49.571150598601406,47.363862407143294,47.95886993408203,2301300
2010-07-07,48.547491631909956,50.35170771706935,48.09323918251958,50.223751068115234,2754300
2010-07-08,50.76117481890611,51.24741887084228,49.20648249829297,50.44767761230469,2045100
2010-07-09,50.511635416723514,51.45853082990467,50.351687229993885,50.9275016784668,2636400
2010-07-12,50.74837242474429,51.18343179021038,49.00813496287995,49.782283782958984,2251600
2010-07-13,50.53725611207121,52.49502633706018,49.26406919697289,51.96399688720703,3203100
2010-07-14,52.05995200583815,53.32673926242059,51.53532200317856,53.27555465698242,3168600
2010-07-15,53.281963401282134,53.742615169446175,52.047162643210996,53.11561584472656,2589700
2010-07-16,53.115612915982524,53.275561166596006,50.671603841857845,50.908329010009766,2445800
2010-07-19,51.183442927009835,51.52253245540392,49.50078899802845,51.189842224121094,2146400
2010-07-20,49.942236949099566,53.32034300052066,49.903850933452986,53.26276397705078,2730400
2010-07-21,53.72982368823452,54.350418860375875,52.15592845455394,52.43743896484375,2970600
2010-07-22,53.473887692735595,55.02218522166344,53.237162580468606,54.68949508666992,2480800
2010-07-23,54.38240429995737,56.608886059039385,54.17127144117922,56.097049713134766,2187600
2010-07-26,56.00747899165208,57.050339809249635,55.182145447900716,56.71125030517578,1945800
2010-07-27,57.00555824016313,57.165506498346105,55.55962461944373,56.00108337402344,1911800
2010-07-28,55.94988830821659,57.069525906344,55.48284221505939,56.218605041503906,2300100
2010-07-29,56.76883918135423,57.472610556476525,54.862253754448126,56.20581817626953,3530800
2010-07-30,54.06250780407527,56.103449009797686,53.26916586103294,56.097049713134766,5578500
2010-08-02,56.94156010552727,57.792485714554935,56.2889735868913,57.088714599609375,3340900
2010-08-03,56.78801878978074,58.63701986787806,56.11623429679445,58.54104995727539,2979900
2010-08-04,58.7713696822233,59.09126609683099,57.901251043991834,58.84174728393555,2241700
2010-08-05,58.31074211578154,59.14247508932146,57.415030809177146,57.77971267700195,2508800
2010-08-06,57.075928123426316,58.68180978453343,56.762430946650646,58.55384826660156,2178000
2010-08-09,58.86098105906832,60.12777388612658,58.17000315340018,59.98701858520508,2095600
2010-08-10,59.05680569500373,59.48020031878021,57.927763153498894,58.65907669067383,2546300
2010-08-11,56.773038294501795,57.46586298729954,55.81078340815431,55.93267059326172,2355800
2010-08-12,55.15646951564045,56.52928652529592,54.8806228327125,55.76589584350586,2226900
2010-08-13,55.65684832864836,56.606270824112904,55.61835478825457,55.97760009765625,1746400
2010-08-16,55.23344316963217,56.40739559619652,55.05382299613694,55.99683380126953,1687200
2010-08-17,56.70247854902893,58.511517731155735,56.4779533639618,57.446624755859375,2355500
2010-08-18,57.33114755202062,58.37679609373634,56.971902401793955,57.6839714050293,2289400
2010-08-19,57.35040926124205,57.510785123329256,55.18854087836465,55.50929260253906,2009900
2010-08-20,55.515713272497734,56.36249769360233,54.55987443142347,56.19570541381836,1922700
2010-08-23,56.82436215523876,56.92700013580383,55.18852682091108,55.220603942871094,1886200
2010-08-24,54.62404039736377,55.23346694754865,52.63537992939311,52.85990524291992,2959700
2010-08-25,52.38518164907142,54.27761514242894,51.64103519024162,54.07875061035156,2850700
2010-08-26,54.341765283848915,54.59195127749986,52.18631295833021,52.51348114013672,2380200
2010-08-27,53.090817636044484,54.59834950185056,51.641018721416906,54.10438919067383,2595100
2010-08-30,54.0851564885466,54.0851564885466,52.44932556152343,52.44932556152344,1532600
2010-08-31,52.20554142993356,53.321760794979966,51.32026855922846,51.711585998535156,4180800
2010-09-01,52.14140068042423,53.193465968017364,51.24971125855301,52.96894073486328,3247200
2010-09-02,53.08442669293358,54.437999777190406,52.7251862174364,54.31611251831055,1909500
2010-09-03,55.34892561223977,56.82438573765431,55.29760415351773,56.33042526245117,3212300
2010-09-07,55.89420452044665,56.41382574238194,55.348927462576334,55.59911346435547,1905700
2010-09-08,56.03532837551986,57.414561845640485,55.874952504442646,56.721736907958984,1625700
2010-09-09,57.62627254062656,58.10740026549018,56.74741080126666,56.991180419921875,2152700
2010-09-10,57.164361726471,57.63265641328502,56.72172286570869,57.446624755859375,1409300
2010-09-13,58.376813565816086,58.58851087755078,57.90851389691353,58.29983139038086,1580800
2010-09-14,58.36398068096623,58.697560290883686,57.703228076877046,57.81869888305664,1472300
2010-09-15,57.60699814977603,58.2164243254983,57.33115153571315,57.9149169921875,1619200
2010-09-16,57.90850955471857,58.12662325495528,57.1707845628173,57.61341857910156,1192400
2010-09-17,58.04323263041992,59.165863635444644,57.74172523455661,58.9605827331543,4244900
2010-09-20,59.467375123482626,61.02622889322707,58.5564412878054,60.89793014526367,3151900
2010-09-21,60.94282483567348,61.50734608273584,59.01831457770484,59.48661422729492,3427300
2010-09-22,59.435293691395806,60.16660720910624,58.120209703885564,58.49228286743164,2761600
2010-09-23,57.91491398067368,58.3767971145552,55.207769419309265,55.84286117553711,4474200
2010-09-24,57.15154762742433,58.01758131576081,55.91986201391425,57.863616943359375,4416300
2010-09-27,57.40813135899321,57.478697116501046,55.810789445268945,55.88777160644531,3914200
2010-09-28,56.503622323476776,57.01041061183055,55.22061548540118,56.22135925292969,3144300
2010-09-29,55.849309938343126,56.15723386442395,54.989697339103955,55.47724151611328,2516900
2010-09-30,56.03531160959237,56.89492856639357,55.1115501966923,55.663238525390625,2619000
2010-10-01,56.19569454968215,56.41380824173754,55.040991413747335,55.868526458740234,2243800
2010-10-04,56.23420069513322,59.12096652397702,56.20212356154381,58.06248474121094,4713700
2010-10-05,58.986237615235034,59.788116891648144,58.376811322874154,59.47378158569336,2720100
2010-10-06,59.05038598059109,59.3326441296119,57.45303909747958,57.844356536865234,2667800
2010-10-07,58.203597429942526,58.376801170039954,56.80512001932854,57.266998291015625,1781700
2010-10-08,57.41457274942816,60.442470553489045,57.01683875167979,60.20511245727539,4291700
2010-10-11,61.16093724015112,65.91448020570131,60.97490554459309,65.29222106933594,9281500
2010-10-12,64.23372165536547,67.08841418753033,64.02844080156581,65.66427612304688,7210600
2010-10-13,65.23449269475063,66.6265541196803,64.15035021003047,65.55524444580078,5018600
2010-10-14,65.62581330656398,65.90807153263978,64.3556341592305,65.17034149169922,2820600
2010-10-15,65.75412267203932,66.15826820066657,64.34281663093856,65.39488220214844,2742700
2010-10-18,64.93937593975474,65.73483859676854,64.76616732202056,65.45899200439453,1548600
2010-10-19,64.45826064382584,64.56089863779641,62.41827973548204,62.7967643737793,2768600
2010-10-20,63.438262575033825,65.74767353550068,63.22015379668638,64.89447784423828,2777300
2010-10-21,66.07485371758958,68.87180908203212,65.2408972954797,66.22881317138672,4911100
2010-10-22,66.03637163141286,67.53748746704775,65.81184149175041,66.98579406738281,1948900
2010-10-25,66.87670071460889,68.1276298494002,66.23519759024813,66.29934692382812,1809300
2010-10-26,65.88240288950696,67.81974606495591,65.56165116191583,67.43484497070312,1830400
2010-10-27,67.10767207171057,67.28729224331846,65.90164742356994,67.0627670288086,1515800
2010-10-28,69.90461297537743,69.92385729062924,67.80048300696465,68.67292785644531,2346800
2010-10-29,68.25596342594699,69.57745887707927,68.00577748897113,68.7435073852539,1471500
2010-11-01,69.84045896628285,71.27742484248762,69.40423657064981,70.09064483642578,2399300
2010-11-02,71.6751821186144,73.10573206126931,69.82123265839428,72.21404266357422,6128200
2010-11-03,70.03933824522466,72.13705211502045,69.60311575715048,71.29668426513672,5311700
2010-11-04,70.56536717208131,72.86195029649127,69.45556424398174,72.18195343017578,5402900
2010-11-05,72.18197639203966,74.05517045432701,72.18197639203966,72.53480529785156,4887700
2010-11-08,72.47065118209008,75.01100445491647,71.93178569703299,74.76081848144531,5250300
2010-11-09,75.37667580179495,75.37667580179495,72.48990949449215,73.04801940917969,3142000
2010-11-10,73.22118229616262,73.89476268231478,71.88685432995956,73.291748046875,2257300
2010-11-11,72.47707445585183,73.86271960221313,72.41933659034974,73.49064636230469,1696700
2010-11-12,73.17630177965076,73.33026124447635,70.64236499095463,71.2068862915039,2612300
2010-11-15,71.84838711769812,73.51629512550238,71.6174454818486,71.68159484863281,2052500
2010-11-16,71.15556209018254,72.53479549799101,68.86539495043841,69.32086181640625,3172100
2010-11-17,69.49408330205912,70.05218827874418,67.53107903874866,67.67862701416016,3531200
2010-11-18,69.22464063611464,70.82839928422091,68.57672077188047,69.89179992675781,3167600
2010-11-19,70.15491588760942,71.79576070252956,70.0995273390347,71.30419921875,3846900
2010-11-22,71.49802100131275,73.36041915470865,70.76414155743495,72.8411636352539,2173100
2010-11-23,71.38724339135057,71.54647877961176,69.92640422700725,70.37642669677734,1833900
2010-11-24,71.60189509085504,72.34269964754141,70.87494031026108,71.42189025878906,1571000
2010-11-26,70.67413355838536,71.6572559961259,70.6187450396603,70.6810531616211,621200
2010-11-29,70.61182667701051,71.16570135114529,69.50408261088131,70.77799224853516,1755000
2010-11-30,69.96101449881189,71.65724672881215,69.85716236016837,69.9956283569336,2719400
2010-12-01,72.3496202958347,73.62352495030468,71.51881337180137,72.55039978027344,5110100
2010-12-02,72.73730899647127,73.47119369748286,70.41796881169776,71.63648986816406,4642700
2010-12-03,70.96490710949739,72.66806424626861,70.87490473863596,71.54647064208984,2441900
2010-12-06,71.26263211233648,71.71265464681456,70.93723112152708,71.28340148925781,1480900
2010-12-07,72.64733779323007,72.69580144957743,70.15491137138733,70.25183868408203,2139600
2010-12-08,70.47337470642864,70.81262023887967,69.55948500931667,70.23797607421875,2168900
2010-12-09,70.48722573235972,71.65035866214106,70.07182224646822,70.17567443847656,1715900
2010-12-10,70.5979935529522,70.5979935529522,69.42101100146411,69.92642211914062,1441400
2010-12-13,70.80567093414645,71.00645034227624,69.3448371257283,69.41407012939453,1582600
2010-12-14,69.42793766714534,70.39721588668893,68.68713318947859,68.95714569091797,1975700
2010-12-15,69.05403558180457,70.57026287027576,68.86018109932465,69.74637603759766,3583100
2010-12-16,71.56729355746006,74.08048957318454,71.32496997332885,73.10428619384766,3979500
2010-12-17,73.36733848224432,74.25353365649885,72.31497775121214,72.66114807128906,2408800
2010-12-20,73.38812253917395,74.0804633178454,72.8342478033804,73.2288818359375,2158200
2010-12-21,73.89352482361517,74.04583533976901,72.7996252559936,73.3258056640625,1621200
2010-12-22,73.54045381256638,73.56122319514934,71.74036846610173,72.00345611572266,1320600
2010-12-23,72.07959483506936,72.41884031853394,70.97185070794166,71.31109619140625,950300
2010-12-27,71.00645429243569,71.03414855187076,69.58715915083256,70.70182800292969,1049200
2010-12-28,70.93722136778898,71.2764668025201,69.9194797814557,70.40412139892578,718400
2010-12-29,70.76416213434099,71.40111448903907,70.36260314814976,71.04109954833984,1719900
2010-12-30,70.7503329219788,71.02034550635872,69.94028988669602,70.41800689697266,784100
2010-12-31,70.32799065915228,72.14192045642716,69.82257947248029,71.8926773071289,1390100
2011-01-03,73.56123145738239,75.52747736749713,73.44353475476481,75.45824432373047,3174100
2011-01-04,75.74901443345483,77.88834511039236,75.70054550341922,77.81218719482422,3656300
2011-01-05,77.23061484493833,79.40456443562334,77.23061484493833,78.81607055664062,2624900
2011-01-06,78.87145338446054,79.65380177694193,77.92294998067759,79.39070892333984,2051200
2011-01-07,80.07615091927589,82.61704075106661,79.88229103054339,82.2016372680664,3966000
2011-01-10,81.74467438506667,82.85241855904557,80.74770198741523,82.18084716796875,2180900
2011-01-11,82.90780633235205,83.011658503184,80.54692179614516,81.06617736816406,2353900
2011-01-12,81.52315703865551,81.84163328155235,80.00000887138494,80.8515853881836,1969600
2011-01-13,81.98007810970442,82.51317821096718,80.55385244468727,80.81002044677734,2351000
2011-01-14,80.5815354942387,82.26392364501953,80.4846082165921,82.26392364501953,1679100
2011-01-18,83.42705670464332,84.28555771787434,81.88313457592595,82.29161834716797,1677000
2011-01-19,82.03545524432863,83.90477846722933,81.1838790667912,81.82083129882812,2457700
2011-01-20,81.37772907216952,81.75851329986557,78.92684228320267,80.4776840209961,1993300
2011-01-21,80.69922182091078,81.75158253231518,79.8891845547525,80.27689361572266,1538300
2011-01-24,80.40154171382979,80.90695286290311,79.27302802000676,79.88228607177734,1449100
2011-01-25,79.43917171709438,79.7022645678971,77.86063574083984,79.49456024169922,1826300
2011-01-26,80.10381184488489,82.55469840277283,79.51532334328282,82.15314483642578,2000800
2011-01-27,82.18085151541251,83.07397178853202,80.9346412345634,82.29855346679688,1681300
2011-01-28,82.69316180729402,83.60012629042934,79.20376459783674,79.27992248535156,2190000
2011-01-31,79.45302614660952,81.2946497994767,79.41840699616712,80.54000091552734,1794400
2011-02-01,81.00386533369704,82.73471715706663,79.96535423967528,82.51316833496094,2245500
2011-02-02,82.72088178080242,82.87319232104242,81.44697195172999,82.29855346679688,1414500
2011-02-03,82.43010580302594,83.77324883832246,81.61314333034174,82.6655044555664,2402600
2011-02-04,81.74468733895874,82.56164978713174,81.2669704423579,81.73776245117188,2198900
2011-02-07,80.87232056780884,82.5616336724398,79.99997503403378,81.70313262939453,2038400
2011-02-08,82.97009157123087,85.08173242762221,82.21544288355815,83.20549011230469,4494700
2011-02-09,82.77623264946179,84.74940739933062,82.12543613861178,84.14014434814453,2411400
2011-02-10,83.64861284354484,84.73558765705711,82.91473330689632,83.18474578857422,3207200
2011-02-11,82.74165159049151,89.56812710996364,82.04238589416617,89.3812026977539,5643900
2011-02-14,89.29811692063177,89.5058212816166,87.94112953338377,88.58500671386719,2078100
2011-02-15,88.2941821490441,89.65809376418981,87.92724253322089,88.75804901123047,1587100
2011-02-16,89.40196842877864,89.72736944098276,88.04497584976984,88.53653717041016,1420000
2011-02-17,88.73040598344369,89.6512205828201,88.3080776418392,88.9381103515625,1292500
2011-02-18,88.93808906320442,89.27040963407995,87.6157158191324,88.41190338134766,1273200
2011-02-22,87.26264360317496,87.88575144056477,84.95022235822645,85.20639038085938,1803000
2011-02-23,85.26175749158226,85.8502460248406,80.56076354717165,83.31627655029297,2631700
2011-02-24,83.16396133281371,83.63475318923123,81.23233027260686,82.58931732177734,1563700
2011-02-25,83.64861966351312,85.46947416213027,83.17090279599222,84.35480499267578,1215300
2011-02-28,85.24792497726447,85.89872705142128,83.77324090261577,85.10945892333984,1196000
2011-03-01,85.68410321800191,87.27648396920597,84.87406042663011,87.11724853515625,3349700
2011-03-02,87.06185524870023,87.92035635823662,86.22412351793746,87.29032897949219,1789600
2011-03-03,87.75419888492654,90.75203590152984,87.75419888492654,90.37124633789062,2434400
2011-03-04,90.37123181155962,91.56205867500844,89.37425950129729,90.5650863647461,2114200
2011-03-07,91.00124553025779,91.07047324817263,86.19640032012069,87.51184844970703,2228600
2011-03-08,87.66417710432042,88.95192588459606,87.12414694738794,87.96880340576172,1632100
2011-03-09,87.72648704510844,89.2288703371244,86.90952483034103,88.68191528320312,1685200
2011-03-10,87.61573401906102,87.61573401906102,84.74251852240559,85.22023010253906,2353900
2011-03-11,84.28556381142816,86.05795977344575,83.52399002130245,85.70486450195312,1779100
2011-03-14,84.7979071627807,86.0995060213065,83.49630302211358,85.84333801269531,1799300
2011-03-15,83.19857427009357,84.44478954736707,81.14924658913046,83.89091491699219,2450800
2011-03-16,82.85934198045382,83.81477032321345,80.69231731336227,81.03156280517578,2680700
2011-03-17,83.01858313880565,83.06012189415651,81.55081882476593,81.82083129882812,1272200
2011-03-18,83.2193657401135,83.2193657401135,80.58154886534203,80.63001251220703,2067100
2011-03-21,81.59235319510142,84.90866589399711,81.26695220996557,84.29940795898438,2526500
2011-03-22,84.64559864904274,85.45563622223293,81.841615933056,81.98008728027344,3390700
2011-03-23,82.14621894353287,83.93937868646728,80.66461037934971,83.75244903564453,1926400
2011-03-24,84.45864418492961,86.41796971880385,84.2786393982469,86.01641082763672,2134200
2011-03-25,87.36648013398701,89.01425448449136,86.56336233590243,87.94804382324219,2108400
2011-03-28,88.39808526744727,88.42577953697352,86.29336832272926,86.62569427490234,1551900
2011-03-29,86.67413633491898,87.92727134650148,85.85024918871012,87.15184783935547,1140100
2011-03-30,87.58109856106492,88.42575506031409,86.9164521228378,88.38421630859375,1439000
2011-03-31,87.6641755738482,88.59883440098974,86.60488993547179,88.03804016113281,1428400
2011-04-01,90.00430712923098,94.0545051757594,89.80353293853473,92.08824920654297,3809300
2011-04-04,93.6598752827837,94.45606308506487,91.6036219827331,92.05364990234375,2220500
2011-04-05,91.73515548687789,92.9882906375833,91.1605113583783,92.17825317382812,1693200
2011-04-06,93.46602079080974,94.91994089549135,91.63132164544434,92.98138427734375,2179400
2011-04-07,93.2098398890419,94.39373667251301,92.17132874915698,93.72909545898438,1643000
2011-04-08,93.99218096712147,94.21373508870224,91.2505173803922,91.78362274169922,1627000
2011-04-11,92.13671618932254,92.60058326394017,90.61356852138897,91.36821746826172,1161200
2011-04-12,90.33662778082807,90.91127193261023,89.34658547310828,90.10123443603516,1223000
2011-04-13,91.46515081394827,93.95758211867866,91.1328301614119,93.56986236572266,2038900
2011-04-14,92.78752189778926,93.8675719128172,92.33057441011351,93.43832397460938,1391300
2011-04-15,93.46599999008168,97.1838663868949,93.14751860109095,95.86150360107422,2962300
2011-04-18,94.57373292422506,97.7584934378767,92.9813473852595,97.27385711669922,2816900
2011-04-19,97.79312516447159,97.8554332928658,94.80220823017949,96.1868896484375,2943100
2011-04-20,99.53092348292974,103.71266841400842,99.00474820470421,102.41106414794922,5512100
2011-04-21,101.42792613944803,103.34571309339427,100.57634992235133,102.26566314697266,1779200
2011-04-25,102.63947550231815,102.97872613848418,100.79092770027636,101.8917465209961,1330500
2011-04-26,102.25179068281015,102.27947966009211,100.44478119211999,101.2132797241211,1600000
2011-04-27,101.66329104250029,102.18947665898644,99.99474766314245,101.60790252685547,1489800
2011-04-28,101.47641029782109,102.00258557615875,99.5170842924915,100.88099670410156,1595600
2011-04-29,100.99210512987874,103.63900398732108,100.3182214637316,102.22871398925781,2956200
2011-05-02,103.06935415180627,105.38278861284113,102.28431186964988,102.72893524169922,2302100
2011-05-03,102.61084037852012,103.16662228198906,100.29046232724478,101.48538970947266,1500000
2011-05-04,101.22138046064967,101.22138046064967,97.71997285172574,99.43594360351562,2068800
2011-05-05,98.6786872553597,101.70074380377854,98.25490478352305,99.82498931884766,1500000
2011-05-06,101.39505736842754,102.38851909912209,100.04034646353186,100.27655029296875,1413300
2011-05-09,100.38771064398287,102.05504554244376,100.38771064398287,100.53360748291016,1258100
2011-05-10,101.13106814561014,104.34763593170436,100.9087511786227,104.02806854248047,2269400
2011-05-11,103.68765337839002,105.41056753166949,102.02726189907055,103.25692749023438,2092500
2011-05-12,102.53447223103525,103.16667459933858,101.56880479180873,102.00648498535156,1700000
2011-05-13,102.2842618903588,103.87518656968443,101.2352319503184,101.6173324584961,1545700
2011-05-16,101.74245366558654,102.32602000405019,97.12253758509245,97.63662719726562,2860700
2011-05-17,97.66438906406533,99.51930254091674,97.31008332151727,99.24141693115234,2156100
2011-05-18,99.47068998453696,102.44412182760149,98.89407773949998,102.02728271484375,1999100
2011-05-19,102.81922792247443,103.2499537283185,101.45061978383235,102.1314468383789,1574000
2011-05-20,101.61735378478316,102.21481726823558,100.38074504472075,100.72115325927734,1339100
2011-05-23,99.10248525198197,99.5679601814016,97.3656733085497,98.9774398803711,1800000
2011-05-24,99.8250016056829,99.8666833948206,97.81724749050207,98.47723388671875,1092200
2011-05-25,98.50501071335155,99.97088025682791,97.7269224402615,99.44983673095703,1650000
2011-05-26,99.44287574754833,101.27694821085588,99.17193358594571,100.97126770019531,1303200
2011-05-27,100.85319413319085,102.4649606966068,100.85319413319085,101.70770263671875,1227400
2011-05-31,102.69423637893534,103.5834833732042,101.25615079561378,101.79109191894531,1342600
2011-06-01,101.47840870525165,104.06972801742158,101.0476723242012,101.33251190185547,2366000
2011-06-02,101.66599183577563,102.41629564940364,99.62349988767534,101.61041259765625,1611000
2011-06-03,100.56838845369175,101.35343110581682,99.01915465231419,99.6305160522461,1723900
2011-06-06,99.56795881563438,100.5614101453343,98.10208913145844,98.16461181640625,1547300
2011-06-07,98.85935108592271,99.34565637461746,94.53121811554907,94.54510498046875,3236200
2011-06-08,94.61456617729635,95.7122325634093,93.1903783079434,93.50995635986328,2777300
2011-06-09,93.49607754661425,94.27416603601586,92.8847162474212,93.92680358886719,2180900
2011-06-10,93.38489222911535,93.67667532893424,91.21040054157136,91.69671630859375,2271700
2011-06-13,91.79396881620292,92.70405638601348,89.31379679711009,90.16136169433594,2352600
2011-06-14,92.05101935501628,92.98194787452435,91.30765886511688,92.4400634765625,1423900
2011-06-15,91.22427074158438,92.51645871213483,89.98071857346456,90.57122802734375,1533200
2011-06-16,90.20304458736022,91.32850571103369,89.02895825129625,90.27946472167969,1940000
2011-06-17,92.20385258638714,92.73183948233537,89.8139981930257,89.8973617553711,2120900
2011-06-20,89.79316387352891,92.39838139403749,89.20959769309272,91.8912353515625,1789700
2011-06-21,92.14828581883891,95.04528660973304,91.80786689208486,94.08656311035156,1675400
2011-06-22,93.49605197157288,94.77434288325593,92.35670388061055,92.447021484375,1153900
2011-06-23,91.28681496911032,92.33585597732187,89.55695737125268,92.29417419433594,1931400
2011-06-24,92.32891732830703,92.53733687861612,90.4670600403721,91.23820495605469,1330600
2011-06-27,90.88391224830184,93.92679995928978,90.51569831594523,93.30155181884766,1539400
2011-06-28,93.78783042836675,97.22671542394208,93.78783042836675,96.8654556274414,1965300
2011-06-29,98.08122179618746,98.65090110213485,96.50420446033762,97.4073486328125,1772900
2011-06-30,97.95616834503787,101.3464277764236,97.57406769590118,99.72076416015625,2006900
2011-07-01,100.40158198191675,104.57687217254914,99.72074437827608,103.90994262695312,2573700
2011-07-05,104.11840173831956,105.20912475587417,103.10410947297669,105.01460266113281,1548900
2011-07-06,104.89649577379281,107.09181796820872,104.34765727469487,106.49435424804688,1790500
2011-07-07,107.77959358116587,110.57933337924526,107.7726501501419,109.41220092773438,1929200
2011-07-08,107.988000350794,112.36476772777392,107.44611597657006,111.95487213134766,2194200
2011-07-11,110.57931645686145,111.57972160543663,108.34925636376434,108.93976593017578,2006100
2011-07-12,109.20376991920656,110.80858217179644,108.59936286320699,108.98145294189453,1740100
2011-07-13,110.2180592935849,110.99615809458051,108.27978222286322,108.62020111083984,1709700
2011-07-14,109.09955540823198,110.9544795699331,108.74524964960231,110.30838012695312,1821800
2011-07-15,111.37826176926684,113.03169923959172,109.87069993945578,112.97611999511719,1830200
2011-07-18,113.27486310311437,114.84493709013765,112.39255977646116,114.55315399169922,3312200
2011-07-19,117.51270930825568,119.89562116095631,111.65618365336238,112.7330093383789,5837000
2011-07-20,113.30959592998562,113.3651645740327,109.54417895604695,111.28099060058594,2170300
2011-07-21,112.06602377030792,114.28219694516721,111.35045827882533,113.76809692382812,1834000
2011-07-22,113.46942076633886,115.94958318147032,113.25405774045096,114.80329132080078,1963000
2011-07-25,113.75424993081695,114.62959941923538,113.45551273513885,114.3656005859375,1078900
2011-07-26,114.61646194457185,114.92307383897206,113.68269709013862,114.37257385253906,862800
2011-07-27,114.44219731870841,114.70700030788372,110.17056911214145,110.91618347167969,1932000
2011-07-28,110.91620249756029,111.36915561637011,108.01734081580436,108.31001281738281,2421600
2011-07-29,106.85365265901507,108.18462222183389,104.30321070400166,107.090576171875,2537900
2011-08-01,109.91973319488103,110.28905817513437,106.3100902996929,107.45988464355469,2545400
2011-08-02,107.02090995901936,108.06617212222157,102.05242707405203,102.31723022460938,2703600
2011-08-03,102.40778660260086,105.9059217425947,99.58557763882595,105.74565124511719,3280600
2011-08-04,103.86419627176771,104.52619336985259,98.25462176766145,98.30340576171875,3381600
2011-08-05,100.1500194587023,100.57509302172512,92.58232349982171,97.49505615234375,4388900
2011-08-08,93.66241998961026,95.8853449229804,86.19228213330368,88.43611145019531,4501800
2011-08-09,90.30365945661005,97.50203119747698,87.1678736780906,97.33478546142578,4718800
2011-08-10,94.50561849397653,98.86785205819045,92.7426107662454,93.8505859375,4199700
2011-08-11,95.26517948757291,99.71799500132265,92.1642271738772,98.1988754272461,3210500
2011-08-12,101.20224508266423,102.24054230451777,98.52637741113438,101.26496887207031,2938800
2011-08-15,101.99662589271249,104.28226379379085,101.26495126209161,103.89900970458984,2135800
2011-08-16,102.86769118856371,104.11504285036088,100.2615119905999,102.35203552246094,2083800
2011-08-17,102.91648818639003,104.80492206113668,101.51583043787016,102.85377502441406,2877600
2011-08-18,99.21624316905817,99.5855681161201,93.43942426570507,94.77039337158203,4070800
2011-08-19,92.17117720172233,96.74245321204525,90.68690222513854,91.52310943603516,3394200
2011-08-22,94.1989886929998,94.67981082421608,90.13641383757461,90.5754165649414,2488300
2011-08-23,91.25132362293158,96.3313002892123,89.93429460444203,96.26161193847656,2386000
2011-08-24,95.80871846547979,98.40793365392489,94.36625180591291,97.46719360351562,2438200
2011-08-25,97.76680851070113,98.56817152296411,94.9794441091584,95.5996322631836,2152300
2011-08-26,94.77736187978557,98.4427531685323,93.86450166592655,97.79468536376953,1737200
2011-08-29,99.37652830556625,102.5262536446102,98.82602841197824,102.51231384277344,1621800
2011-08-30,101.99663751868452,107.63409060247983,101.50188624792723,106.96511840820312,3239300
2011-08-31,108.01038415224075,109.02080174836472,106.54701340409382,107.81526947021484,2884000
2011-09-01,108.63753340453414,109.88488504473031,105.83623957607757,106.49127197265625,2183200
2011-09-02,103.96867773739937,104.37284680370938,101.74575318916942,103.06278228759766,1949500
2011-09-06,99.94092659759772,104.11500766686622,99.16046814532073,103.75264739990234,1851500
2011-09-07,106.93025480134025,107.02781212102002,104.97909777479445,106.3727798461914,1654300
2011-09-08,105.63415943314085,108.23338487502883,104.70039473747417,106.24738311767578,2023800
2011-09-09,105.29275077161283,106.49828354208098,102.33117451282178,103.43217468261719,1650400
2011-09-12,104.01050518429663,107.91978442214462,102.63772728184516,105.72473907470703,3442100
2011-09-13,105.65503030065642,105.73865845207798,102.81889292534491,105.00697326660156,2457500
2011-09-14,105.52964229184988,106.21254375056289,102.93739194968592,103.58544921875,2563200
2011-09-15,104.56104456725883,105.14638873744335,101.13955105644474,104.25443267822266,2872100
2011-09-16,104.94431825764563,106.38677441502412,103.66212201080761,106.00350952148438,3347300
2011-09-19,104.4843677988662,111.23676050644568,103.02797229059092,110.31692504882812,3294400
2011-09-20,110.85351660062433,112.42140954430366,106.41464086928654,106.7630615234375,3295400
2011-09-21,107.87801169745872,109.04871073806042,102.47749103445135,102.58202362060547,2938900
2011-09-22,97.86439898076975,99.99673176878248,93.80181271379074,96.87488555908203,4453000
2011-09-23,96.49160007562573,99.39046196728995,96.19892805285473,96.63096618652344,2516700
2011-09-26,97.84346334246493,97.87830752474592,89.26535093269274,95.31392669677734,5166400
2011-09-27,97.71104423269492,100.63777425704386,96.97239448634896,97.5716781616211,2986000
2011-09-28,98.5681757258565,99.62737722083288,94.17807447964496,94.41500854492188,2393600
2011-09-29,96.54735085731495,97.1884434884863,83.91361643717325,87.4814453125,8011000
2011-09-30,84.84737308533511,86.93092646756784,77.84411796476444,80.19247436523438,9434800
2011-10-03,77.94862717702131,80.38060054415178,75.1055148949263,77.119384765625,6039600
2011-10-04,78.08802382041749,82.92410348992598,75.551522256632,82.74989318847656,6166400
2011-10-05,81.70461270486902,83.8299800233555,80.17156452910764,83.57911682128906,4008400
2011-10-06,86.54763867107046,92.47776160488603,86.16437936144845,92.38716888427734,7173100
2011-10-07,94.8958403071242,96.05957460050413,89.16780945736832,89.93433380126953,5855000
2011-10-10,91.76004010579327,97.39749324869729,91.655518183538,97.36961364746094,4630300
2011-10-11,96.74944462628936,98.21978021111487,94.79828683779297,96.00382995605469,3875400
2011-10-12,97.06998828055058,97.83650727600708,95.29304096592972,95.9620132446289,3042400
2011-10-13,95.36969889685892,96.09440915632781,90.51967886426056,91.4813232421875,6069300
2011-10-14,93.60668259872169,93.94116340795298,89.94130159998055,93.7112045288086,4003400
2011-10-17,93.13978383995344,96.33131734918042,92.7913632904695,93.94114685058594,3547200
2011-10-18,92.43597547973208,96.58218888176545,90.1782169298676,95.92018127441406,4552400
2011-10-19,95.30696365073563,97.06997084648377,90.24092569437327,90.77749633789062,6143100
2011-10-20,86.47102818007329,87.3838938329832,83.34221245548187,85.96930694580078,6757200
2011-10-21,86.82641988448705,87.48842227100556,81.78826055471197,83.89968872070312,5659100
2011-10-24,85.64177910726671,89.16082375401292,85.47453871849554,88.95177459716797,6639400
2011-10-25,88.3246295132455,89.19568108635443,85.71147479391871,85.83690643310547,2756000
2011-10-26,88.10859404603487,89.64164240314017,84.84040744997505,89.20262908935547,3268000
2011-10-27,93.39759828161165,96.41492108440762,91.6833753778577,95.39056396484375,5454500
2011-10-28,96.08744782988687,99.09083217531756,94.84707114847403,96.18500518798828,3989900
2011-10-31,94.77926076058272,96.45775574410837,92.79302853509066,92.87696075439453,2173800
2011-11-01,90.22629397333509,91.59008268843243,88.83454031154213,89.94654846191406,2806000
2011-11-02,93.28959455265522,95.60452319516521,91.82090335502801,92.69512176513672,3746800
2011-11-03,93.81410607626272,94.3736078766238,90.28926287572367,93.4993896484375,2612200
2011-11-04,92.4643210959313,94.03791395502631,91.65304399405602,92.07266235351562,1936200
2011-11-07,91.86985482112772,92.53425860698341,88.96045370421548,90.02350616455078,3834400
2011-11-08,91.07254372443624,91.42223095708371,88.64571347613419,90.24727630615234,2165900
2011-11-09,88.12119032097024,89.31712012074405,86.16993475213796,86.65950012207031,2471700
2011-11-10,87.54771378591262,87.7715134474061,82.10658018051136,83.62422180175781,4996400
2011-11-11,84.61033528210385,87.94634953293522,83.40741020414733,87.7435302734375,3099000
2011-11-14,87.4707771371882,90.20532892754086,86.96023135403041,87.43580627441406,3339600
2011-11-15,87.21901908156279,90.21933721529845,86.52663961556397,89.42205047607422,2045800
2011-11-16,88.25407702793531,88.85553957363325,85.98110971838976,86.19791412353516,2847900
2011-11-17,87.06513011271605,87.31690535987458,83.34445798180036,84.47045135498047,10289300
2011-11-18,85.16984604645687,86.11400077922397,83.79907234019113,85.1558609008789,2385700
2011-11-21,83.98165544498713,84.61616373158964,80.29127240880474,81.73533630371094,3713700
2011-11-22,80.57569779258375,83.26689889499754,80.27667235659382,82.34066009521484,2557200
2011-11-23,81.195634141052,82.04894180034357,78.55547952175073,78.75968933105469,2834500
2011-11-25,78.16891767333323,80.05786346484606,77.86989227290462,78.0522232055664,1040100
2011-11-28,81.96870794228363,84.56509909576992,81.94682911683506,83.58051300048828,2501800
2011-11-29,83.37632593924123,83.8722665203685,80.22564623687421,80.32775115966797,2143700
2011-11-30,84.60158384613632,87.97106272315649,84.34632155946068,87.92729949951172,4301600
2011-12-01,87.409466157095,88.72954616742383,85.75390339301472,86.76036834716797,1803300
2011-12-02,88.43050687180273,88.61283781380645,86.25711959482696,86.3592300415039,1573700
2011-12-05,87.9418837599931,88.1898512336335,84.62345754163948,85.79037475585938,2442500
2011-12-06,85.41109692882989,85.9726737162354,82.41357614769467,82.9022216796875,3073000
2011-12-07,82.04893572457705,83.54405189016695,80.22562604180868,83.17938995361328,2580100
2011-12-08,82.74178179303247,83.74825218490992,80.22561694193676,80.35689544677734,1908100
2011-12-09,80.38607740913686,81.59675213338654,79.22644956864096,80.85284423828125,4211500
2011-12-12,79.87553922297266,80.20373826783462,78.7669695078208,79.52546691894531,1819700
2011-12-13,79.73700043986804,80.5830134520489,75.68195490163261,76.14872741699219,2761200
2011-12-14,75.85696924700724,76.19975231991052,74.15034867842259,74.60253143310547,2749300
2011-12-15,75.41938979150078,76.7905167680143,73.67630049075385,76.27269744873047,2632600
2011-12-16,76.95826202154225,78.22728972171174,76.5206687572046,77.0530776977539,2322400
2011-12-19,77.67299055403292,79.24103795507281,74.31810193404256,74.53689575195312,1892200
2011-12-20,76.46228170229651,78.5627371806034,76.01010464239226,78.46063232421875,1976800
2011-12-21,77.99391206783274,79.05142966553235,76.57902169592234,78.72323608398438,2054000
2011-12-22,78.82531619730715,79.2410305331296,77.72403572145156,78.796142578125,1409300
2011-12-23,78.74508257127917,80.26936646810394,78.70132492885882,80.2256088256836,1386500
2011-12-27,80.63404010643369,83.47110933332725,79.75885374437829,82.80013275146484,2488900
2011-12-28,82.81472721545833,82.9605897629481,79.56193787630114,79.65675354003906,1994800
2011-12-29,79.97765976628396,80.86743023048503,79.1535202164597,80.47359466552734,1490100
2011-12-30,80.33502510965045,81.86660411838164,80.00682603072977,80.58299255371094,1442700
2012-01-03,83.48568694468919,84.45568882569917,81.90305581101929,83.12102508544922,2032400
2012-01-04,82.88762617863158,83.14288831938426,81.62589393391501,81.69153594970703,1724100
2012-01-05,81.0716381697134,81.2831371800631,79.72967945297914,80.83824920654297,2247000
2012-01-06,80.88203416738597,81.09353879890558,77.83345956999052,77.99391174316406,3059100
2012-01-09,78.31476810983,78.76695075620722,77.22078268266046,77.77507019042969,1567700
2012-01-10,79.6129803072934,79.71508518341281,77.92094392748962,78.42417907714844,1698500
2012-01-11,78.0376563023545,81.8009702491076,77.98660385257915,81.60404968261719,2586300
2012-01-12,78.0230647398643,80.91118640038383,76.30186007890327,80.07975769042969,6974000
2012-01-13,79.00036062055925,80.46630314324824,78.24915793192892,78.65757751464844,2641400
2012-01-17,80.56113027716908,82.90955450298615,80.48819898830472,81.61135864257812,3459400
2012-01-18,81.88118331744329,85.47674999432249,81.6842683331461,85.19231414794922,2978200
2012-01-19,86.51968474372585,86.8478838088172,84.60156505637138,85.58615112304688,2153600
2012-01-20,85.52779096591655,85.88516359822799,84.0035070482602,84.21501159667969,1518800
2012-01-23,84.44840538124667,87.20524851736131,84.33900569591054,85.52780151367188,2491300
2012-01-24,85.17044827606203,87.0156369421267,84.42654031033044,86.40300750732422,2498200
2012-01-25,86.45403814564399,88.37215760838944,85.67366195433554,87.82516479492188,2404200
2012-01-26,88.60555624101411,89.90375185152666,86.31547971283585,86.89894104003906,2380200
2012-01-27,86.78952373342729,87.51884746227961,86.15501008617831,86.840576171875,1412000
2012-01-30,84.84224122669922,85.01727738531115,81.80096223593326,84.1712646484375,2890700
2012-01-31,85.40383313614849,85.80496353297832,83.77744384929329,84.04000091552734,1639200
2012-02-01,85.57885845977172,86.67284424207915,84.47028864865861,85.87788391113281,3266400
2012-02-02,86.44674431951614,88.10960160081657,85.4038111209042,88.08772277832031,4245900
2012-02-03,85.33819266962026,85.49864482086504,83.42736201325945,83.857666015625,7266100
2012-02-06,83.46380819045687,83.77741761222708,81.72072494703367,82.28959655761719,3306100
2012-02-07,82.04893650287833,83.47111584320838,82.04893650287833,82.17292022705078,2191200
2012-02-08,82.60323040776363,83.62428502927334,82.20210001793124,83.60969543457031,2330200
2012-02-09,83.99624346893592,84.09105914977712,82.56676910134277,82.84391021728516,2144400
2012-02-10,82.04891624852148,83.29605910778321,81.69883842423656,82.55944061279297,1608600
2012-02-13,82.58862891872297,82.5959237150239,80.22562126845588,80.63404083251953,3733800
2012-02-14,80.44356959124832,81.94547254969255,79.9893324992154,81.43995666503906,2115800
2012-02-15,81.67438465310218,82.59750335523051,81.36667282948204,81.62310028076172,2250300
2012-02-16,81.74766980065917,82.71475079562855,81.05166102446871,82.5462417602539,1680100
2012-02-17,83.66716064500216,84.13604797580207,82.38504562712599,82.56088256835938,2115100
2012-02-21,86.92738987076953,89.07401671926507,86.44384671936213,87.47686767578125,8347500
2012-02-22,86.82483782566251,88.02636240986365,85.85775692643773,86.26070404052734,2340900
2012-02-23,86.21676041820946,86.54644497781952,84.83207632452057,85.23502349853516,1894300
2012-02-24,85.67460351843825,87.54282518958343,85.57203474855163,86.52445983886719,2087200
2012-02-27,86.01893456118464,86.15813182540101,85.22768506000237,85.36688232421875,1933600
2012-02-28,85.26431653941172,85.83577825880509,84.3192138671875,84.3192138671875,3111800
2012-02-29,85.35221391782021,87.79921891281056,85.0225294904491,86.84679412841797,4508300
2012-03-01,87.9164664414143,90.39277823393257,87.63806630993138,89.42569732666016,4312800
2012-03-02,90.99353332232165,97.14035866688572,90.26822409672256,93.24272918701172,14143200
2012-03-05,92.71524474988814,93.74826034939043,89.6161867722242,89.93122100830078,3160200
2012-03-06,87.89447805487853,88.4586061898931,86.89076316682869,87.46221923828125,2390700
2012-03-07,88.84688419843032,90.370770459928,88.8029277682487,89.57952117919922,2290800
2012-03-08,90.70780698045812,91.03749706343608,89.7480540684725,90.40010070800781,2101400
2012-03-09,90.31950413930569,90.82502554569614,88.10694247476151,88.4952392578125,2055900
2012-03-12,88.72968457435171,89.79933412922941,87.9823915605309,88.70037841796875,1851200
2012-03-13,91.32324043411558,92.48080870798192,90.86167535843599,91.8214340209961,2989600
2012-03-14,92.12179584230374,92.70790781191822,91.7115208173204,92.37089538574219,1716300
2012-03-15,91.87269438239991,94.38563988426995,91.84338822735572,93.77754974365234,1977300
2012-03-16,93.92408592502011,94.51019791536528,92.55405795117393,93.01561737060547,1859600
2012-03-19,92.73723068799103,95.76302631146642,92.73723068799103,94.72267150878906,1986800
2012-03-20,93.79953746559256,94.27574716196844,92.34159103929545,93.78488159179688,1818000
2012-03-21,93.93140788857916,95.20618929306016,93.55775581141334,94.4149398803711,1660100
2012-03-22,93.77753284351829,95.13291571955848,92.29028067791036,92.90569305419922,1356000
2012-03-23,93.18412598607013,93.3453070622049,92.20238924487573,92.72988891601562,1092600
2012-03-26,93.54308045194843,96.12195990359267,93.42585586390386,95.2427978515625,2763100
2012-03-27,95.08899125812167,95.57986809199438,94.2611187021562,94.37100982666016,1551400
2012-03-28,94.43692933359543,94.51751987167384,91.13273963069284,92.49544525146484,2171000
2012-03-29,91.55766461592947,91.88734909430751,90.01179979769363,91.52835845947266,1521500
2012-03-30,92.33427901708866,92.72990383409038,90.67851713621019,91.49174499511719,1290000
2012-04-02,91.38181952784281,93.5504244734052,91.03747922821776,91.9312973022461,1447400
2012-04-03,91.8287279424961,93.1181707545928,91.60161223878886,92.07782745361328,1019100
2012-04-04,90.95689347681434,91.6968584835592,90.41474360939026,90.6711654663086,1193600
2012-04-05,90.44407020815777,92.59069766755209,90.44407020815777,92.26834106445312,1049700
2012-04-09,90.39277581452784,91.57965009196792,89.98250077078087,91.00819396972656,1590600
2012-04-10,91.25728090589982,92.2756460893168,88.4659351747647,89.45499420166016,2226400
2012-04-11,90.61987088328105,92.55403208547855,90.55393064774562,91.0521240234375,1954900
2012-04-12,91.52103094193296,93.67498593995818,91.33054930845837,92.51741790771484,2347400
2012-04-13,91.86535706273767,92.86174387415511,90.97886692411628,91.9312973022461,1047400
2012-04-16,91.90198000274546,92.0558330901672,90.24621894496781,90.38542175292969,1370700
2012-04-17,91.18401708946901,91.98259447265748,90.40742351556092,91.4111328125,1746300
2012-04-18,94.31970369174923,97.05243692758597,94.12921089227507,95.44795989990234,3983100
2012-04-19,95.79230933492765,96.59821468818407,94.5468283901135,94.91314697265625,1800100
2012-04-20,95.84361143444846,95.84361143444846,94.414959838367,94.50288391113281,1565200
2012-04-23,93.32330946660109,93.32330946660109,91.37449773561075,91.7627944946289,1842800
2012-04-24,91.51369537360138,92.26098269518513,90.97886787484603,91.3671646118164,1122800
2012-04-25,93.52113691226643,94.64206531096734,92.19505981885216,94.43692779541016,2836900
2012-04-26,95.30877783969851,98.39318560271676,93.70430605182958,98.26863861083984,3566100
2012-04-27,98.52505056656153,100.10022730266927,98.07814141360257,98.9353256225586,2071000
2012-04-30,98.58366467203457,99.16977669657406,95.60915928300618,97.73380279541016,1838900
2012-05-01,97.29421054530657,99.55073418795868,97.06709482963451,98.69355010986328,1539800
2012-05-02,101.10393022583008,101.30906774065146,97.82171880953207,97.91695404052734,3921400
2012-05-03,98.01950405206601,98.36384435305294,95.14756821465797,95.64576721191406,1738100
2012-05-04,94.26843668551093,94.91316106383437,93.00097733190475,93.3379898071289,2222200
2012-05-07,92.4441814851714,93.47719724699111,91.3965098461177,91.7188720703125,2977800
2012-05-08,90.29019623798803,90.2975241741995,85.24232697675475,87.35232543945312,4635900
2012-05-09,85.67458543713418,86.28266999039121,83.48399645360871,84.52434539794922,3320000
2012-05-10,85.73320848967266,85.90171751649702,82.94186235733267,82.9711685180664,2441700
2012-05-11,82.37773211207508,84.531681772126,81.72568542309911,82.7147445678711,2461400
2012-05-14,81.33007060725821,81.46194554868293,79.08087425432142,79.19076538085938,3214500
2012-05-15,79.27135014301307,80.06259973376476,77.79875325917818,77.9892349243164,2604800
2012-05-16,78.49472673625247,79.38121682424826,76.78768120642698,76.97084045410156,2356700
2012-05-17,77.1843345743027,78.04561765906578,74.54159272883989,74.74771118164062,2591500
2012-05-18,75.10841761565733,78.53147221428216,74.63728812426668,75.04216766357422,3067900
2012-05-21,75.40288608328328,76.8089117871321,72.3331809581863,76.68376922607422,3241300
2012-05-22,76.47762654571932,77.51558721693328,74.88020320810757,75.9328842163086,2241600
2012-05-23,75.2482976536363,76.64696600282765,74.35756814686943,76.30834197998047,1921500
2012-05-24,77.04448744343209,77.63339662665798,75.15996345470907,75.99180603027344,1594400
2012-05-25,75.8592641175615,76.85305245112632,74.71824434653571,75.11576080322266,1382600
2012-05-29,76.23472522857507,77.88368435669057,75.99180307828871,77.00767517089844,1495000
2012-05-30,77.83953532502323,78.13399280121713,75.88140349850583,76.96353149414062,2835700
2012-05-31,76.62487297739963,76.89724702347131,73.73920314999343,75.8519287109375,2818400
2012-06-01,73.46683596387221,74.02629879012287,71.05229001778834,71.68537139892578,3345700
2012-06-04,71.51605349944043,72.65706794934852,70.53698524817825,72.26691436767578,2625300
2012-06-05,71.68536656990827,74.57104186807936,71.40563517562678,74.34283447265625,2906800
2012-06-06,75.32187410848252,77.0665286144172,75.16728532182573,76.49234008789062,2041300
2012-06-07,77.94257411783691,78.76705371126488,75.31455208315076,75.55747985839844,1811400
2012-06-08,75.04218929934632,76.83836889702341,74.34285222221375,76.71322631835938,1300200
2012-06-11,77.41255732652454,77.7732646905221,73.17238539761743,73.26808166503906,3226400
2012-06-12,74.55634421017203,74.86552201851467,73.17240143736998,74.69621276855469,2621400
2012-06-13,74.14410312823529,75.28511801158672,73.58463454122769,73.76130676269531,1863400
2012-06-14,72.80429368082427,74.43852642450696,72.31843827429977,73.9747543334961,1989900
2012-06-15,73.60670570703992,74.02630567390051,72.9294576230382,73.26808166503906,1832900
2012-06-18,72.8043132481509,74.3502075289568,72.14914850239836,73.85699462890625,1715000
2012-06-19,74.15881798662664,77.35367177952006,74.15881798662664,76.9414291381836,2136600
2012-06-20,77.5597625640688,77.6260125124173,75.822470556385,77.21377563476562,1554800
2012-06-21,77.41255149965362,79.18664750098078,75.04953513033207,75.12315368652344,2992300
2012-06-22,75.55013595039779,76.66171024378795,74.96858398541376,76.05807495117188,2405300
2012-06-25,74.48272183890846,75.63109961984993,74.35021627831458,75.13052368164062,1691500
2012-06-26,74.85811280804735,75.77092525508492,73.9452947447047,75.11576080322266,2042200
2012-06-27,75.66057569138331,76.30838340529266,75.05694025925625,75.38084411621094,1849900
2012-06-28,74.865489212198,75.99914629565754,73.90850989863543,75.09369659423828,1792800
2012-06-29,76.76473016744366,77.2947522241612,75.74149532539974,76.35249328613281,2247800
2012-07-02,75.52803842859454,76.9782365778584,74.78453471229169,75.19677734375,1939100
2012-07-03,75.07159887854483,75.60161523766045,74.10725115581275,74.75505828857422,1349600
2012-07-05,74.33548670132468,75.30719215288349,72.4656887413252,74.95384216308594,2831500
2012-07-06,74.26186454821313,74.3502034454645,72.90000550935468,74.12200164794922,2384600
2012-07-09,73.53306768101179,74.4900524940514,73.06193825141544,73.62140655517578,2237400
2012-07-10,74.05574704263535,74.85814325835202,73.22391014375586,73.78337860107422,2682800
2012-07-11,73.57723585199355,75.80774613685915,73.19444528853856,74.08517456054688,2214700
2012-07-12,73.29016454329651,73.80546639076655,71.00812955109406,71.22161102294922,2807400
2012-07-13,71.28048996614477,71.40563251025948,70.00696435844668,70.8314437866211,2589100
2012-07-16,70.69159542874391,71.92094913515338,70.17629914950288,70.99341583251953,2089100
2012-07-17,71.73692716903929,72.34056247153686,70.36034730522064,71.6706771850586,2317100
2012-07-18,70.85353404818332,74.30603532265854,69.58000831567459,70.88298034667969,5188500
2012-07-19,71.06701639574533,73.70975853564626,70.57380352640614,73.36377716064453,2236400
2012-07-20,72.56874420775367,73.56989590771134,71.57495548661682,71.63384246826172,1855500
2012-07-23,70.18366206332922,70.30144728864622,69.19723607468842,69.9480972290039,1857200
2012-07-24,70.43392398452289,70.66212574463721,67.73964703115897,68.46106719970703,2659300
2012-07-25,68.60831043054745,69.19722523223855,67.41576610076926,68.3064956665039,1725000
2012-07-26,68.65982577156572,68.77761095392488,66.3336245830384,68.53468322753906,3254500
2012-07-27,69.13421745207496,70.19998033142983,68.95658559998644,70.02235412597656,2010500
2012-07-30,69.88170952538124,71.47295910199914,69.34882542096655,69.9779281616211,1818200
2012-07-31,69.78549682017416,70.24437050009767,68.8307470703125,69.38583374023438,1430600
2012-08-01,70.59959716777037,70.95485499202366,69.65225049860366,70.53298950195312,1749100
2012-08-02,69.60045237560726,71.03627804784377,68.50507910724113,69.22299194335938,1804500
2012-08-03,70.42197374621833,71.33231242665606,70.31835805326821,70.72541809082031,1473600
2012-08-06,71.03626828606221,72.99756929463831,70.1925316573858,72.3832778930664,1551600
2012-08-07,73.56007873817393,76.97201162843422,73.13081039505418,75.9654541015625,3456600
2012-08-08,75.35115265173478,76.21709202535456,75.1513239634427,76.01725769042969,1353800
2012-08-09,75.74338184627386,76.33547622575199,74.973667058235,75.14389038085938,1004200
2012-08-10,74.75166197624615,75.47697761657375,73.91533353345817,75.36595916748047,1254300
2012-08-13,74.68505235935764,75.3067466235566,73.67849490115982,74.10775756835938,1001800
2012-08-14,74.78127004051855,75.00330130029083,73.50827048994495,73.67109680175781,911200
2012-08-15,73.53785716056912,74.38158815658493,73.33802286609442,74.16695404052734,802100
2012-08-16,74.52224351323146,77.54931368574314,74.30760930604127,77.14965057373047,2194400
2012-08-17,77.54930432953148,77.99337251820248,76.75738093830097,77.5641098022461,1208900
2012-08-20,80.00648536610298,81.4127059620468,77.89715729550386,78.15619659423828,1930800
2012-08-21,78.19319007282071,79.56240237979777,77.5936927826212,78.01556396484375,1615800
2012-08-22,77.97856948022608,79.26636886831821,77.59370625836571,78.3042221069336,1453700
2012-08-23,78.5336454818023,78.9703108570633,77.79353008240477,77.82313537597656,1111000
2012-08-24,77.36426525860644,78.16359128092765,76.58714744243247,77.95635986328125,1287500
2012-08-27,78.5484402368499,78.67426413806916,77.3494569810363,78.05996704101562,1183800
2012-08-28,77.71211046533506,78.41521777755914,77.20883180978952,77.88233947753906,1129000
2012-08-29,77.89714776840205,78.21539762410501,76.7129642285652,77.65290832519531,1228400
2012-08-30,77.35685618400598,77.35685618400598,75.75820991700162,76.12086486816406,1028700
2012-08-31,76.82399582857562,77.74914025981263,76.11347993634811,76.35771942138672,970600
2012-09-04,75.93583314859141,76.15046727590067,74.29277618180693,74.54441833496094,1817200
2012-09-05,74.44078246548152,74.85524513879206,73.50823580390237,73.72286987304688,1580500
2012-09-06,74.58880718305093,75.6767774047017,74.35937328341572,75.15869903564453,2193300
2012-09-07,75.49177538034286,76.86098782409115,75.27714122372439,76.03945922851562,2416700
2012-09-10,77.04600284840876,77.34205010252947,76.05425104073083,76.2984848022461,1668700
2012-09-11,75.78783140092875,77.86755423329514,75.7064182408985,77.5641098022461,1452300
2012-09-12,78.23019629164132,79.7992429878786,78.21539646801384,79.52539825439453,2451600
2012-09-13,79.0073154675681,81.7235375106525,78.8148838909929,81.427490234375,1766800
2012-09-14,82.11578124245403,84.74319252705442,82.0047684769723,83.64781951904297,3451700
2012-09-17,84.49156509260477,85.25388294574576,82.85590531571411,83.24076843261719,1439500
2012-09-18,83.18156249936762,83.95868586397869,82.64128146400573,83.4332046508789,1100600
2012-09-19,83.81807134067365,86.14203330845488,83.46281345444652,85.62395477294922,2458500
2012-09-20,84.69141331985833,85.09107635060253,83.63304797361889,85.03926849365234,1347200
2012-09-21,85.48333157113025,85.48333157113025,83.94389013223322,84.64700317382812,2378600
2012-09-24,83.96608372817532,84.9504384933492,83.71444722096923,84.42495727539062,1052800
2012-09-25,85.46853899146927,86.2012517431266,84.02531040268796,84.32135772705078,1876700
2012-09-26,84.30655767406289,84.91345214638224,82.81892396696757,84.15853118896484,1079400
2012-09-27,84.52857688746333,86.01621038258891,83.85507482779052,85.4315185546875,1535400
2012-09-28,84.96526086234189,85.92740761534456,84.4767819265361,85.43893432617188,1074400
2012-10-01,85.8533962818881,87.2004062390662,85.09848097151418,85.54254913330078,1386600
2012-10-02,86.1568485325765,86.1568485325765,83.96610167165983,84.82463836669922,1415800
2012-10-03,85.23171641900521,85.66838191883353,84.4397872949696,85.01708221435547,734000
2012-10-04,84.27692668143999,84.9652340990436,82.79669616157256,84.387939453125,1702200
2012-10-05,85.20947303388685,85.76455951265004,83.73664515795872,84.2325210571289,2176100
2012-10-08,83.82548570466517,84.10672757057901,82.89293856475435,83.3962173461914,1026300
2012-10-09,83.46282293666795,84.46938047426198,82.10101311911906,82.73011016845703,1170100
2012-10-10,83.01137005227282,83.7884880597006,81.3757095748043,82.16763305664062,1098800
2012-10-11,82.90773057242177,83.52943048927992,82.26383374206449,83.23338317871094,1085400
2012-10-12,83.9364794524272,85.09846025543953,83.6330294669868,84.2325210571289,1163300
2012-10-15,84.29174123108086,86.22344284877983,84.02529923921671,86.03841400146484,1209600
2012-10-16,86.51210766714952,88.05895212935042,86.09024202230084,87.18561553955078,1764000
2012-10-17,87.20039950438958,88.2883700870519,86.45288134102421,88.03672790527344,1220400
2012-10-18,88.11813240824782,88.44378497155067,86.85993856270284,87.55564880371094,1321800
2012-10-19,87.25958240345878,87.25958240345878,84.95782370098571,85.5721206665039,1636600
2012-10-22,84.53597861341768,86.21603802175193,84.53597861341768,85.45372009277344,1027000
2012-10-23,84.44715704120642,84.9578384198873,83.81806014735177,84.65438842773438,1154400
2012-10-24,84.40276890645741,85.85339455057812,82.75971165901093,83.1075668334961,1917300
2012-10-25,87.42982770621589,89.55396087716434,87.05977001664084,89.13209533691406,5253900
2012-10-26,89.92403554886108,89.9536408472139,87.38543909309787,88.05154418945312,3151400
2012-10-31,88.2069584178412,89.8500155990855,87.41503512243268,89.59837341308594,3376300
2012-11-01,89.73157288447123,91.50785064458988,87.90348728181974,90.96016693115234,2106400
2012-11-02,91.37464110402436,91.4338516876506,89.1691005069513,89.40593719482422,1831400
2012-11-05,90.3570761986486,90.73752970652627,87.82073963647524,88.39141082763672,2148500
2012-11-06,88.85902646620482,89.36629363589097,87.59878024516148,88.93828582763672,1673300
2012-11-07,88.05058328680519,88.9145268304927,87.00434377920666,88.0030288696289,1553700
2012-11-08,87.67013037482114,88.41518178189096,86.16417810498115,86.5921859741211,1672800
2012-11-09,85.96599415902723,87.0835708472466,85.78369827541003,85.8788070678711,1574800
2012-11-12,86.13248099973808,86.51293448936286,84.53934750763595,85.1417236328125,1139300
2012-11-13,84.77711888217698,85.98188313059538,83.68332501333357,84.75334167480469,1747700
2012-11-14,85.3398908258154,85.37159579304945,82.47066083283237,82.87488555908203,2096300
2012-11-15,82.67671360301507,83.7071036184386,81.90788496725945,82.866943359375,1460400
2012-11-16,85.29231988621109,86.71901290001927,82.33589727035972,82.69257354736328,2013700
2012-11-19,84.10339555781454,85.04659832351682,83.16019279211226,83.84976196289062,1338100
2012-11-20,84.31742163493422,85.18929304709623,83.67541272880011,84.70580291748047,956700
2012-11-21,84.49972976490888,85.83130814385632,84.49972976490888,85.62522888183594,1000600
2012-11-23,86.211738100785,86.72693312738846,85.5459520704196,86.65560150146484,554800
2012-11-26,86.37823603423898,86.53675487319342,84.51560641744094,85.26065826416016,1190500
2012-11-27,84.91978210315749,86.7824044617721,84.91978210315749,85.80750274658203,1017900
2012-11-28,86.23549330400587,88.66086455007886,85.47458659239382,88.526123046875,2747200
2012-11-29,88.771861828347,89.84980634860233,87.58295296457449,88.79563903808594,1337500
2012-11-30,88.85113636111797,89.35048203919901,88.23290461406927,89.08892059326172,958400
2012-12-03,89.54070230466539,91.69659162873022,89.54070230466539,89.88152313232422,1393800
2012-12-04,86.27514832137375,87.67806410710376,85.2051315990849,87.2817611694336,2986400
2012-12-05,87.2738559621926,87.77319561569004,86.40991219040299,87.13911437988281,1565900
2012-12-06,87.1866461427163,88.56577867033045,86.98849467421013,88.33592224121094,1018400
2012-12-07,88.57370411179797,89.27119508578846,86.49707459906548,87.3927230834961,1108500
2012-12-10,87.49574881754667,87.57500818363249,86.33061739006894,87.21833801269531,959600
2012-12-11,88.17740570506373,88.57370865205279,86.61597112639039,87.02812957763672,1593900
2012-12-12,87.83659031441009,90.71374770900444,87.4006546271518,89.92906951904297,2570500
2012-12-13,89.85771940228858,91.27648447329979,89.6912729142395,90.53143310546875,1115000
2012-12-14,88.96209875323942,91.0862831469093,88.763947246543,90.158935546875,1296700
2012-12-17,90.57900084811038,90.82470674085373,89.12853060679309,90.11136627197266,957300
2012-12-18,90.19854255642046,91.15759484980572,89.58030495218566,90.31742858886719,2637800
2012-12-19,90.31742215428172,91.68070500216704,89.58822632074833,90.07171630859375,1056500
2012-12-20,90.48389354136637,90.95152812541475,89.67543212720713,90.5790023803711,620300
2012-12-21,89.53277611916579,90.07174845962004,88.89869492558108,89.96871185302734,1078400
2012-12-24,89.65958941530965,89.94492804799773,88.58956651917751,89.18402099609375,289500
2012-12-26,89.25534427775008,89.54861061600509,87.8920612630984,88.4151840209961,510500
2012-12-27,88.69260907470024,88.83527839089851,86.33856838098063,87.98719024658203,865400
2012-12-28,87.5670941757558,89.00170878342561,86.77448835103611,86.92507934570312,2159600
2012-12-31,86.85373774472626,89.19984999067952,86.49706153632242,89.16021728515625,1139900
2013-01-02,92.2355421797135,94.33594278164051,91.84716097092856,93.58296966552734,2487000
2013-01-03,93.97926531347628,95.95285197512321,93.7969633268027,94.58956909179688,1731900
2013-01-04,95.05723552753733,96.8643761963827,94.6371553252132,95.73094940185547,2129100
2013-01-07,95.69131782566245,96.6899969564479,95.31879206621403,96.05591583251953,1501000
2013-01-08,95.93702738247673,96.60281349500026,94.97797488394909,95.97665405273438,976300
2013-01-09,96.19859592794826,98.06121888689547,96.06384830720337,96.3174819946289,1869900
2013-01-10,98.00570923802034,98.03741419595039,95.31877603624909,97.4112548828125,1462000
2013-01-11,97.30028615131332,97.77584840454256,96.5156020840278,97.48258209228516,889500
2013-01-14,97.36369201307058,98.1800810535869,97.09420894798728,97.33199310302734,868000
2013-01-15,97.20517761452084,98.24348930721024,96.90398957884443,98.12460327148438,1001800
2013-01-16,97.26064983411489,97.74413982029897,96.86434696328216,97.45880126953125,828300
2013-01-17,97.89476577427617,98.14047169172616,96.87230333973697,97.85513305664062,824700
2013-01-18,99.19461668079481,99.95551752008474,98.05326239830872,98.33067321777344,1352600
2013-01-22,97.9740241701172,98.80626285520465,97.22897262526193,98.53677368164062,751000
2013-01-23,98.60015669714122,99.05986948432091,97.29235599773095,97.59354400634766,1017500
2013-01-24,97.95021616826216,98.73489413658676,97.12590549516185,97.23686981201172,1378000
2013-01-25,97.53808416485715,98.55261879140409,97.25274554525292,98.22765350341797,930900
2013-01-28,97.65697192765576,99.05196000076364,97.53015812852037,97.91853332519531,933900
2013-01-29,97.7045253073423,98.24349755391763,96.5790263959095,97.00703430175781,1003700
2013-01-30,96.7613350143829,98.17217262599344,96.74547950913814,97.87890625,1225300
2013-01-31,99.4720354849095,100.62131156370279,97.74415446727158,99.25010681152344,3266600
2013-02-01,98.27520748244224,100.3914699095089,97.09422634095345,100.16161346435547,3616500
2013-02-04,99.35313255087605,100.64508383250356,98.72697326383063,98.885498046875,1433900
2013-02-05,98.87759059655738,100.4786519278563,98.87759059655738,99.67019653320312,1039600
2013-02-06,96.24613442529575,98.933067935448,95.83398201910705,97.72830963134766,2739100
2013-02-07,97.7124594391798,97.7124594391798,95.72301683407602,97.35578918457031,1417700
2013-02-08,97.89475531143775,100.5975382558295,97.88682755933722,100.2804946899414,1468000
2013-02-11,100.56583979252089,100.56583979252089,97.93438830569548,98.36239624023438,1325600
2013-02-12,98.7379324961989,99.08951404078923,97.88295509149366,98.01879119873047,813500
2013-02-13,98.76191354184398,99.27330160954308,97.7950702858433,97.80306243896484,1253500
2013-02-14,98.12269350931243,98.48226119282367,97.07594078649363,98.44230651855469,887300
2013-02-15,98.34639106741105,98.69796647532446,97.49141376107629,98.25050354003906,1088400
2013-02-19,96.60450547083157,96.61249762477699,94.34320750623175,96.19699096679688,1901300
2013-02-20,96.02917841744423,96.62046970308248,92.95285798609588,93.13663482666016,1651300
2013-02-21,92.93690605626082,92.94489821183407,90.97125642500751,92.31365203857422,1664900
2013-02-22,92.80902124253778,94.16739447378139,91.90609704283598,93.75988006591797,1296700
2013-02-25,94.734734733418,96.42871163934961,92.29765213198722,92.33760070800781,1625400
2013-02-26,92.5133814727424,92.94486628204042,90.60366539409873,92.2896499633789,1386600
2013-02-27,92.59329062844836,94.55095365291356,92.12185721734328,93.9996109008789,1450000
2013-02-28,93.67998981131059,95.28607120907367,93.40831756591797,93.40831756591797,964200
2013-03-01,93.44827284514403,93.72794335999893,92.00200392579237,93.14463806152344,1041100
2013-03-04,92.8090430105212,93.8797599810201,91.98602794592605,93.128662109375,1333200
2013-03-05,93.39234324434825,93.75191702056125,92.61727499868519,92.6891860961914,959800
2013-03-06,93.00081740548845,94.51101148620783,92.55335429897238,93.72795104980469,1034200
2013-03-07,93.70393131236484,94.50297568854548,93.05670731845046,93.65599060058594,835700
2013-03-08,94.30322637783311,94.46303893077294,93.20853934726668,93.76786804199219,908200
2013-03-11,93.95166457744867,95.31003794517005,93.67998624616853,94.40711975097656,1231300
2013-03-12,94.15942177686894,94.28727185133093,93.16860808469684,94.27129364013672,1101100
2013-03-13,94.43107421733592,95.46184229890665,93.86375338414125,94.79064178466797,762400
2013-03-14,95.07830425540867,95.86936270724043,94.81462420102388,95.7335205078125,725300
2013-03-15,95.50181540420266,96.07712853674683,94.68679253058308,95.86138916015625,1565400
2013-03-18,94.85461025889678,97.33164799231206,94.47905821648395,95.97327423095703,1065600
2013-03-19,96.17299611572993,96.94807025296711,95.08629511246089,95.82940673828125,807100
2013-03-20,96.76430790296443,98.11469534026851,96.54856852532912,97.73914337158203,907800
2013-03-21,97.4754508820607,98.18660010175016,96.75630950927734,96.75630950927734,658000
2013-03-22,97.33160260684612,98.20256422830623,96.85217715558316,97.54734802246094,761600
2013-03-25,98.18658371401003,99.60089586046726,97.08390452393493,97.19577026367188,2148700
2013-03-26,97.96288228509577,99.88059084863505,97.44350199343738,99.51303100585938,1087400
2013-03-27,98.96964733578322,99.43309458582944,98.0906996487398,99.18538665771484,800500
2013-03-28,99.28127420759999,100.20816870787928,98.57012512552126,100.00840759277344,880200
2013-04-01,100.06434719479884,100.06434719479884,97.81104190862203,98.43429565429688,970300
2013-04-02,98.8817721629853,99.27330232157608,97.89095853674007,98.49024200439453,1012500
2013-04-03,98.33841893802004,98.37837360661624,95.68559110285874,96.20497131347656,1164100
2013-04-04,96.3248341679601,96.34081237848292,94.81464028014024,94.92650604248047,1185100
2013-04-05,93.16860290469961,94.42310273353145,91.41869930543878,94.31922912597656,2383600
2013-04-08,94.4231014827984,98.5062199873664,94.4231014827984,98.02679443359375,1463200
2013-04-09,98.5142398549199,99.67285244383457,97.99485948545772,98.70600891113281,1046400
2013-04-10,98.8418234043381,101.05518055779385,98.76192015645107,100.96728515625,903700
2013-04-11,101.0631482295353,102.44549785840087,100.89534352452702,101.60649871826172,1298500
2013-04-12,101.4786670151948,103.38838317447554,101.12708543064883,102.70919036865234,1248800
2013-04-15,101.8861608349856,102.43749736713328,98.42629685895585,99.18538665771484,1507500
2013-04-16,99.89654671621813,101.83023915565704,99.8805685075964,101.5106201171875,1508200
2013-04-17,100.91135700015057,100.96728988591428,98.41833531419475,99.34523010253906,1360200
2013-04-18,99.7127942957955,100.13628703455127,97.67522776091187,99.03360748291016,1109100
2013-04-19,100.00843743134065,102.22178856475065,99.64886365913227,101.92613983154297,1293800
2013-04-22,102.23775292935916,102.78110959104573,101.27090970627485,102.59732055664062,1073400
2013-04-23,103.11668760709284,103.8038663144344,101.75830839889952,103.37237548828125,1431300
2013-04-24,103.87580436445461,105.50585008364794,103.81187932944357,105.07437133789062,1533400
2013-04-25,106.67246214483532,108.65408948839536,106.1930304716972,107.79911804199219,2776400
2013-04-26,108.19062137300135,108.88579838497245,106.94411389284846,108.2705307006836,1900700
2013-04-29,108.42235089355931,109.07756104794296,106.62450075632573,108.51024627685547,1214900
2013-04-30,108.87778067361987,109.89257043001183,108.3424224127145,109.70879364013672,1482300
2013-05-01,109.3652221568916,109.78072873107926,108.3104897054332,108.8458480834961,1085600
2013-05-02,109.5889436414137,110.61171958255824,108.71798809961032,109.16545104980469,1490700
2013-05-03,110.45193312868047,111.06720089283702,108.98169397110793,110.90739440917969,1553700
2013-05-06,110.94732594599338,112.13789436459545,110.30808795219025,110.81147766113281,1155600
2013-05-07,111.09319971840807,112.30047205812649,110.65858707975354,111.74512481689453,1064200
2013-05-08,111.9141483480992,112.6143623752129,111.10930012162025,111.74512481689453,720800
2013-05-09,111.33466582629318,112.75119440057894,110.47347225803837,112.31658172607422,1885000
2013-05-10,112.40512749469775,113.02485190384715,111.66466846015999,111.95441436767578,844700
2013-05-13,112.02684240473147,112.9926579564876,111.26223893796664,112.96851348876953,1252100
2013-05-14,113.08115740287981,114.81157589557434,112.8960457796212,114.40110778808594,917300
2013-05-15,114.13553719950166,114.61039475630446,111.8417268781093,112.485595703125,1328500
2013-05-16,111.86582254999595,113.70087491907853,111.86582254999595,112.16361236572266,957600
2013-05-17,113.14555709373118,114.00673824860418,112.767277471747,113.47554779052734,983200
2013-05-20,113.86991726487453,115.54400295589411,113.52383844175945,115.18182373046875,1094600
2013-05-21,115.30257764933444,116.03499264259719,113.87800482012334,114.63455200195312,738700
2013-05-22,115.23817930031872,116.69496511017522,113.36289347745878,113.99871826171875,1366000
2013-05-23,112.5097376634702,112.67876120892815,110.55396220308592,111.43124389648438,1460100
2013-05-24,110.38495014221606,111.43125548993137,109.86180360886422,110.98858642578125,944300
2013-05-28,112.42119805156044,114.71502048434927,112.30047572604933,113.14556884765625,1036400
2013-05-29,112.97654601677358,113.49164841052205,110.93223684561836,111.45538330078125,1085400
2013-05-30,111.85779645088692,112.17974309101191,110.9885589440623,111.1656265258789,2453400
2013-05-31,110.40909094963655,111.92220978018487,109.37084197998047,109.37084197998047,1072700
2013-06-03,109.62032478017194,111.24612161839543,108.40500839276751,111.14954376220703,1309200
2013-06-04,110.98054554795289,111.4715035639153,108.87989072962345,110.13545227050781,1057800
2013-06-05,109.4432712722178,110.25617593643304,107.05287077590125,107.672607421875,1120700
2013-06-06,107.4472330752283,108.80742847762143,107.05285304202874,108.60621643066406,1155900
2013-06-07,109.27425711521879,111.14955512769183,108.80744362755934,110.66664123535156,1104600
2013-06-10,111.03684959061701,113.00872498493804,110.67465811979673,111.8416976928711,1325100
2013-06-11,110.01474158399279,110.24009817773039,108.04286524828218,108.47747802734375,1386800
2013-06-12,109.0489088352039,109.70083404254538,107.41506764512226,107.76114654541016,907300
2013-06-13,107.495535208217,110.30446015000358,106.3687525192251,109.87789154052734,1137900
2013-06-14,109.43520685249644,110.35273327669198,108.1957337911218,108.76718139648438,1028000
2013-06-17,110.26419613724067,112.87995261494895,109.54788177766243,111.3829345703125,2189600
2013-06-18,111.76929575739689,113.00071285313007,111.53589512007358,112.11538696289062,955100
2013-06-19,112.8799618596685,112.8799618596685,110.811496057623,110.95637512207031,830900
2013-06-20,109.84567906051252,109.86982352406768,105.12926811026512,106.37678527832031,2678100
2013-06-21,107.02873653644892,107.53579495715582,102.51354267255084,104.38079071044922,3216600
2013-06-24,101.91793856535308,102.21573464853307,98.06271445080368,99.89777374267578,3326000
2013-06-25,101.74891883026642,102.57791158226675,101.04870475145319,101.08894348144531,2084600
2013-06-26,102.62621256862451,104.18761415770796,101.90989804413393,102.4008560180664,1697100
2013-06-27,103.07692565454117,104.38882000672777,102.65840110806555,103.50349426269531,1011900
2013-06-28,103.34251594397676,104.03468596743281,102.93204773557075,102.9964370727539,1154400
2013-07-01,104.05076958395107,105.07293019017183,103.23787736006382,103.39080047607422,1082600
2013-07-02,103.3264099802296,103.94613421672231,100.53358590229354,101.55574035644531,1674400
2013-07-03,100.75895617540876,102.21572956886965,100.25994804094745,101.5235595703125,599500
2013-07-05,102.54572225560982,102.98033492296771,101.04870396425018,102.28012084960938,623100
2013-07-08,102.47328383732304,103.89786260602239,102.03866502471008,102.19963836669922,1457100
2013-07-09,102.38475033839045,102.93204742176846,100.94407116096149,101.8857421875,1412000
2013-07-10,101.764994666771,102.65837653968646,101.38671508123878,102.43301391601562,993800
2013-07-11,104.2278536589098,106.61021000332941,103.10107096419057,105.94218444824219,2463300
2013-07-12,105.76509965255627,106.11117846647069,104.44514916140267,105.25804138183594,1389400
2013-07-15,105.25804660935555,106.90798787549207,105.08097902288183,106.23191833496094,1262500
2013-07-16,106.65042888029419,107.3989440806241,105.5799793174407,106.61824035644531,1097500
2013-07-17,107.15751070629317,107.3909113282399,105.36270229301226,105.8456039428711,859400
2013-07-18,105.93411339903953,107.8416119345171,105.93411339903953,107.12529754638672,953800
2013-07-19,107.28627970940441,107.28627970940441,106.25607487880123,107.11725616455078,935700
2013-07-22,106.52969087442828,107.56793947950625,105.58802010768123,107.35063934326172,1431100
2013-07-23,107.1896686353417,107.51965931785938,105.78118440026215,105.85363006591797,1272000
2013-07-24,106.78727719828832,106.8677669487192,104.93613574849485,105.5397720336914,1276400
2013-07-25,105.53170357025901,105.9743725847672,103.35057158760726,104.7590560913086,1445000
2013-07-26,103.43105290822179,105.61219725329234,103.43105290822179,105.41902923583984,1140700
2013-07-29,103.7449215781765,107.04480390416686,103.66444413181584,105.65242004394531,1427500
2013-07-30,106.64238876346826,108.12330653545837,106.15947492081493,107.10115814208984,1205900
2013-07-31,107.8979244616148,108.45327156482986,106.73089727945612,107.14942169189453,923600
2013-08-01,108.86374904437208,111.12538251019018,108.13134661057379,110.61832427978516,1513600
2013-08-02,110.62640106319344,112.82363357655075,109.79740826157118,112.55804443359375,1412700
2013-08-05,111.93829687955841,113.53189298720555,111.93829687955841,113.40311431884766,1004800
2013-08-06,113.40311594207948,113.84578494526491,111.57611921776592,112.0187759399414,1039100
2013-08-07,111.99463627881981,112.53389544829459,110.6424970267321,111.8819580078125,1146100
2013-08-08,112.25486109566161,113.61679756420376,111.51713932353702,113.04932403564453,1075000
2013-08-09,112.74939168077437,113.11419525788493,111.28206265439839,111.979248046875,703600
2013-08-12,111.39555781424491,112.98448391591698,111.11992954334217,112.22244262695312,627900
2013-08-13,112.60347357953306,113.80328916858642,111.96304167145566,113.18716430664062,739400
2013-08-14,113.16287577591413,114.01409268276741,112.78996971348408,113.63307189941406,2268500
2013-08-15,112.70883028953526,113.17902613588448,111.62252214624264,112.7493667602539,956600
2013-08-16,112.97636927979197,114.15996756433863,112.25486454914228,112.3359375,846000
2013-08-19,112.14948364056566,114.55720456098668,111.88195771940812,112.83045196533203,897700
2013-08-20,112.9763541915824,114.13562054005307,112.7817865575061,113.41411590576172,1243800
2013-08-21,113.25196294021622,114.03832331744468,112.01972620940587,112.71691131591797,837700
2013-08-22,113.13037645260971,115.02736434808908,112.99256236139894,114.51663208007812,700500
2013-08-23,114.51666789318224,115.31924565533562,114.17618373135872,115.05982208251953,541300
2013-08-26,114.9463192210793,118.39170944480087,114.9463192210793,115.87860870361328,1278900
2013-08-27,114.4599252380496,115.08415237832062,112.48186381588964,112.85478210449219,981400
2013-08-28,112.99254047808593,114.71117748268036,112.44127185001437,114.119384765625,1005400
2013-08-29,113.90053421896766,115.66781059167172,113.76272011036184,115.01116180419922,930000
2013-08-30,115.5948899486617,115.63542643378331,113.7060035459809,114.33833312988281,705200
2013-09-03,115.35979260101975,116.64066877551572,114.54911241741455,114.85716247558594,1293500
2013-09-04,114.71933263457231,115.4246327094187,113.900550214344,114.61395263671875,1409500
2013-09-05,114.7923031574942,116.33259034648755,114.50045783673802,115.67594146728516,706600
2013-09-06,116.5190472631802,116.87574848623817,114.49234701398416,116.27584075927734,916200
2013-09-09,116.26777037660949,118.6511725041247,116.19481211637944,117.83238983154297,1020900
2013-09-10,118.74034352097817,121.52097098873529,118.5782099363567,120.98593139648438,1377500
2013-09-11,121.39124426853584,122.5667279554303,120.67784181249097,122.30730438232422,1144000
2013-09-12,122.61537630734638,122.61537630734638,120.58057352397408,121.31828308105469,543400
2013-09-13,121.68304933863912,122.25862509976669,120.71022363139399,121.8857192993164,464400
2013-09-16,123.13421761229014,123.7179083578786,121.36694067759065,121.5858154296875,879700
2013-09-17,121.95059847888818,123.38550568387637,121.84521848010117,122.21812438964844,764800
2013-09-18,121.9343571380283,124.41503545773145,121.66683130766917,124.05833435058594,1110900
2013-09-19,124.68256330479699,125.65537665002442,123.87188345544199,125.29867553710938,917900
2013-09-20,125.64730254949689,126.3606925657,124.73933250251788,125.83375549316406,1391600
2013-09-23,125.68783562406286,126.17424862572578,125.01498203542411,125.67973327636719,836600
2013-09-24,125.30680286580304,127.67398677980164,125.13655463750443,126.56334686279297,692800
2013-09-25,127.04977365871821,128.19283545512977,125.76079539637941,127.77127838134766,1609200
2013-09-26,128.09557645396202,129.587237452333,128.0064011354181,129.49806213378906,1101100
2013-09-27,128.91434523613705,129.0926958370432,127.52807690545659,128.0874481201172,788200
2013-09-30,126.80655711824667,128.80893759735227,125.97155775392265,128.0955352783203,1074200
2013-10-01,127.9334191008258,129.8304074844585,127.87667792866385,129.76556396484375,1675300
2013-10-02,129.12510912239526,131.02209734936534,128.76840794399166,130.80322265625,940300
2013-10-03,131.13560664200924,131.59770022998012,128.98730935581952,130.24386596679688,2177700
2013-10-04,128.98728471409805,130.5681081104256,128.744078260049,129.85470581054688,996400
2013-10-07,128.9224701610313,130.18712928347898,128.2009652837375,128.93057250976562,1109500
2013-10-08,129.45752012916012,130.94916869393148,127.10654018142475,127.44703674316406,1538100
2013-10-09,128.4036125926812,128.85759144136867,126.27963482060953,127.86856079101562,1309100
2013-10-10,128.89812383162416,132.675895712721,128.89812383162416,131.61390686035156,1326600
2013-10-11,131.58150125558845,135.2052427384389,131.58150125558845,135.0674285888672,1147900
2013-10-14,134.37022554618068,136.0402245601947,133.48658721274555,135.5051727294922,882000
2013-10-15,135.99967891597143,137.9453184319484,134.73502003408404,135.5457000732422,1707300
2013-10-16,136.35636636870913,138.45602448970007,135.67539817325172,136.6644287109375,995700
2013-10-17,136.5185221079872,137.6859034159314,135.4727502354518,137.3778533935547,992000
2013-10-18,138.79650977507023,140.04495136615955,137.9371786986136,139.37208557128906,1007200
2013-10-21,139.78554146802952,140.52326321047042,139.13700738719697,140.35302734375,908700
2013-10-22,140.361132122196,140.5556997718137,136.4455463098534,137.8074951171875,1727100
2013-10-23,137.54810780907872,137.96966497594104,134.72694418161137,134.94583129882812,1467600
2013-10-24,135.9996967729243,140.4260158107078,135.30251135290703,140.12606811523438,1506800
2013-10-25,136.24290178536108,136.9319848495082,132.78940885645233,136.34017944335938,2638600
2013-10-28,136.25912819958648,136.9076748273947,134.16757181915398,136.51853942871094,1176000
2013-10-29,136.91574692867505,136.91574692867505,135.1889945422346,136.84278869628906,740900
2013-10-30,137.80750686711104,139.41264991083347,136.19424910604917,137.4508056640625,918900
2013-10-31,136.6644444748101,137.4345880492205,134.27294079848474,134.7755584716797,1056800
2013-11-01,135.35120002402846,136.1537656735637,134.91342569700853,135.9510955810547,816300
2013-11-04,136.0969372709204,136.50227719620193,134.50799932102,134.9700927734375,1035200
2013-11-05,134.5704987933826,135.6960014928819,134.19532707863465,134.73361206054688,1092500
2013-11-06,135.99775218773044,136.1119327112677,133.2818735442254,134.06483459472656,1270000
2013-11-07,134.61123802234619,134.85591406876188,129.97874552969537,130.09292602539062,2622700
2013-11-08,130.3783891469884,133.95062722340975,130.3783891469884,133.51837158203125,2471800
2013-11-11,133.74672872420814,135.5328352661413,132.8985200769176,134.5949249267578,725200
2013-11-12,134.42370171625902,136.73177873328603,134.08114767416674,136.51158142089844,2799100
2013-11-13,135.18218474366785,138.8441379990343,135.0598529027932,138.81967163085938,1024100
2013-11-14,138.7462949630032,138.90125696356571,136.82152803263065,137.43321228027344,712100
2013-11-15,137.43318575496355,138.37110888717393,135.0598607901818,135.70416259765625,1411200
2013-11-18,136.66754546940544,138.40339879205604,135.38018534406288,135.87020874023438,905100
2013-11-19,135.5380499234484,136.05298912247088,131.3437515258583,132.22413635253906,1396500
2013-11-20,133.2789447075885,133.6859205568627,130.7955847414431,131.5513916015625,780100
2013-11-21,132.86362088516384,137.0413032366399,132.32376627504215,135.8203887939453,2878200
2013-11-22,135.85364469340632,136.227391240953,133.8187784406416,134.9234161376953,717900
2013-11-25,135.50483033165293,136.71744430313228,135.29719190780838,135.9367218017578,638600
2013-11-26,135.9782004618631,136.9001152210971,135.38850198551535,136.21075439453125,544200
2013-11-27,136.36856980564562,138.24561599654155,135.79548591078088,137.5064239501953,617600
2013-11-29,137.74731406902953,139.04297560501047,136.9998082552578,137.763916015625,565500
2013-12-02,137.51480063738006,139.00978735931162,136.31048747224742,136.825439453125,750100
2013-12-03,136.21082524719967,137.34867991486274,134.45005522017442,135.6377410888672,1287300
2013-12-04,135.14763721478613,140.35521007855706,134.65761379767008,139.35023498535156,1568600
2013-12-05,139.25889879955585,143.57777430907666,138.78548991172224,142.36517333984375,1694200
2013-12-06,143.68574244370083,144.5162958682309,140.9615282251014,143.81863403320312,1383800
2013-12-09,144.10101907310184,148.76872526084003,144.10101907310184,148.27870178222656,2595100
2013-12-10,148.2454950673815,150.9613958196802,146.51794230982628,150.4547576904297,1742100
2013-12-11,150.52953018459323,152.3567454626182,149.5162538382515,150.08102416992188,1598900
2013-12-12,150.19728940714543,151.50126446367233,148.2371826727275,149.0760498046875,1277800
2013-12-13,150.34680899885726,151.37668730251383,149.43319501344425,150.96141052246094,968600
2013-12-16,152.0328359093796,153.9929428722741,150.52953595180324,151.84181213378906,1282500
2013-12-17,152.1823329260278,152.83016372164363,150.19731032443738,151.55941772460938,1061700
2013-12-18,152.43149108679296,155.2802963359818,150.74546840444825,155.0394287109375,1145500
2013-12-19,155.60423444769637,155.60423444769637,152.04115212231972,153.74378967285156,1047300
2013-12-20,154.49128629327538,154.5411301598705,151.06940916853347,153.94313049316406,1534600
2013-12-23,155.02280780594091,155.02280780594091,152.83014704316454,153.7769775390625,801700
2013-12-24,154.47465110995375,158.4696114452327,153.8018921247168,157.1822509765625,862500
2013-12-26,157.26529020474732,159.11742072464313,156.81678427502607,158.66891479492188,692400
2013-12-27,158.81013670846383,159.383207964941,157.83007701061229,158.84335327148438,587500
2013-12-30,158.4945044551986,161.45127248693905,158.38652845938864,160.53765869140625,1948600
2013-12-31,160.54601203656577,161.56758940728903,159.3250972411864,161.30181884765625,731500
2014-01-02,161.24368905033566,166.01107168037967,160.3965207580941,164.39979553222656,3054800
2014-01-03,164.5741675851477,165.0725047442378,162.0575915455476,162.78848266601562,1169400
2014-01-06,164.69048053220607,165.1472875822596,162.12407275087324,162.6722412109375,1289100
2014-01-07,163.32837675618268,168.50273532802063,163.32837675618268,167.3648681640625,1686500
2014-01-08,168.3282721763626,170.59567962698304,167.24855011832034,170.5043182373047,1406000
2014-01-09,170.88638763582813,171.50100180621683,168.7269434032114,170.07244873046875,1228300
2014-01-10,169.72363410737876,172.12393351686725,167.98776744273403,171.80831909179688,1151000
2014-01-13,171.17714314082772,174.20035846398218,168.9014211679015,168.99278259277344,1618900
2014-01-14,169.3830987194869,172.705313031378,168.2203161063799,172.4229278564453,1587500
2014-01-15,172.67205513007497,174.75675237563055,171.99930887130228,174.49928283691406,1025100
2014-01-16,173.63552814712008,174.51591290781298,172.62225177301343,174.49099731445312,904400
2014-01-17,173.81828299415824,179.39130407924364,173.81828299415824,179.1504364013672,1706000
2014-01-21,179.86467437015483,180.22181898596574,174.39963050221957,176.30160522460938,1815600
2014-01-22,173.93458415290334,174.00102998108417,171.11900713412493,173.4113311767578,1767000
2014-01-23,171.50932220153868,171.84153857960544,169.20038415621997,170.47943115234375,1758400
2014-01-24,169.3415673577476,169.71531393065285,160.26362289521273,160.41311645507812,3080100
2014-01-27,162.01613310615224,162.61412017264243,156.99958114206737,159.32513427734375,2996300
2014-01-28,160.2968148408775,165.11402735519948,160.2968148408775,163.7436065673828,1595600
2014-01-29,162.42307745997232,163.23701652701914,160.39652443025923,161.01943969726562,1716800
2014-01-30,163.11243736088633,168.3781446715761,162.3566304674839,167.3648681640625,2480400
2014-01-31,170.4877429485726,182.6470472831538,169.69040590732885,180.57896423339844,4801300
2014-02-03,179.44941973505698,179.91452775171075,170.92794384159697,173.97607421875,3341200
2014-02-04,175.67037921385707,177.87135375556855,173.01261035195716,177.36471557617188,2158900
2014-02-05,168.59408134884518,175.24681118255504,167.9379369019043,174.04251098632812,3297900
2014-02-06,176.80821898763014,180.64537179515256,175.24677447713648,179.98092651367188,1956900
2014-02-07,180.99423962308043,184.75664643035603,179.43279479419178,184.34136962890625,1663700
2014-02-10,184.5323783474856,186.5589310008715,183.83471641957146,184.690185546875,1905000
2014-02-11,185.43355516858574,187.88084043241562,183.89670065358897,187.33792114257812,1631500
2014-02-12,187.83907666467874,188.7662032168222,183.75471109602162,184.690185546875,1415200
2014-02-13,182.93616464257417,186.89523512474403,182.0925553412743,184.82382202148438,1550100
2014-02-14,184.00531132980154,185.80109113370304,183.42063972468608,185.70921325683594,943300
2014-02-18,185.6006254093943,188.64927816786476,185.0159411040358,187.1792449951172,1269800
2014-02-19,186.52772132935854,187.08733635555177,183.0948491129514,184.5231170654297,1520700
2014-02-20,184.54818349846866,188.69937023725277,184.53983560026992,186.67807006835938,1742800
2014-02-21,187.51336702628896,191.06317464259956,185.29160202413132,190.7290802001953,1790600
2014-02-24,191.74802720432368,197.62817174010877,191.43062865798655,196.77621459960938,1759100
2014-02-25,197.7534881711356,200.89403160736381,195.1224597237617,196.4087371826172,1688800
2014-02-26,197.0018009979556,200.48478729200528,195.8324576659796,197.8621063232422,1431800
2014-02-27,198.4551165430482,202.31396185389517,197.3024691406352,202.0968017578125,1448900
2014-02-28,202.18031089655744,203.8006955148323,200.04207613033745,202.5394744873047,1485400
2014-03-03,200.10051770977506,204.2851087015192,198.84764478166076,202.8651885986328,1727100
2014-03-04,204.85309348760973,207.14167953514817,204.16819617455084,207.09991455078125,1159600
2014-03-05,207.74305222441978,208.23584588569784,205.13708042726356,206.9412078857422,904800
2014-03-06,207.9685864123135,208.06046428264807,206.3064368471277,206.99969482421875,1134000
2014-03-07,207.8516411723918,208.1857355497439,204.61087218356565,206.0140838623047,848200
2014-03-10,206.06417071028864,206.20616143118636,200.158957478016,200.9357452392578,1329500
2014-03-11,202.12183086303858,204.8113326083002,199.54090277869022,200.56826782226562,1123500
2014-03-12,199.4156290989205,200.5766242936173,197.18551657723174,200.07546997070312,1281000
2014-03-13,200.45967308226165,201.26986528055974,192.79209670440886,193.96978759765625,1428600
2014-03-14,192.36614763369624,193.39350008135713,189.75181483110865,191.81488037109375,1704600
2014-03-17,192.5832699985739,196.5841050638976,191.70625644610584,194.84678649902344,1217000
2014-03-18,194.8886141934515,197.87044593756204,193.8529010392983,195.71551513671875,894100
2014-03-19,195.39807116700763,197.31078496723862,190.244588527296,191.28028869628906,1048100
2014-03-20,189.84367849506097,191.60605382758033,187.32123650330823,190.92950439453125,1182800
2014-03-21,190.06921217701816,193.73595384690776,188.81633899489347,188.9332733154297,1283800
2014-03-24,189.79355430506394,189.92719715285935,183.12827339609058,187.33792114257812,1337400
2014-03-25,188.08966450503516,189.34253760641081,183.3036928263478,183.33709716796875,1595600
2014-03-26,184.48138689731326,184.58997331291917,177.70751904105734,179.4698944091797,2644200
2014-03-27,176.66347577353784,178.87689282408374,172.94662102210577,178.54278564453125,2745700
2014-03-28,178.83514656617606,184.17238664906785,177.88296330826208,181.67498779296875,2115100
2014-03-31,183.654440674949,188.5072323260818,183.23681643309757,185.55044555664062,1680600
2014-04-01,191.62276228217598,192.94245680616703,189.05855530607448,189.75180053710938,1691400
2014-04-02,192.10719805479627,192.46634887274593,188.5740996765298,189.9856719970703,988700
2014-04-03,189.55969785934263,191.9234533087796,183.99693822546837,185.6925048828125,1223100
2014-04-04,186.41077067295572,188.3485534826486,176.8471770473142,178.4425048828125,1785500
2014-04-07,177.74926909314735,177.8912598389951,172.32851333065457,175.99525451660156,2497100
2014-04-08,176.10382368820066,179.57846115822002,173.27233125229196,177.79937744140625,2197400
2014-04-09,180.94823642269367,185.51704678506806,179.0856358167798,184.0052490234375,1634600
2014-04-10,185.44192332314157,187.66367521953208,174.81755864587055,176.1038360595703,2088900
2014-04-11,173.76511694957648,178.96872501808633,172.06121537593205,176.51309204101562,1707000
2014-04-14,177.724177891457,182.0841761566329,173.73169101183325,175.7362823486328,1999300
2014-04-15,175.6027111520709,176.755345822013,162.572824859306,169.40516662597656,3892300
2014-04-16,170.97540550825934,174.56697744974275,169.47195530660542,171.22598266601562,2440000
2014-04-17,170.88356402869417,174.6338360601434,170.7081689023359,173.7317657470703,1861700
2014-04-21,173.31411411848475,175.31870600310623,169.2548047189745,170.7582550048828,1337700
2014-04-22,173.73174724965423,181.24063841365125,172.75450770076114,180.48890686035156,1865200
2014-04-23,180.95663888637094,181.70000977351094,171.59350741716304,172.74615478515625,2116100
2014-04-24,174.66718544076207,178.24204847598142,172.14474381204795,178.01654052734375,2514800
2014-04-25,176.42120006700105,177.02258004367016,167.20004892132937,168.2942352294922,2456000
2014-04-28,168.5364882611572,170.69143152086508,157.38591258188728,161.73756408691406,3760500
2014-04-29,164.0094341480022,171.11739594944044,163.23264623484314,170.0649871826172,2517100
2014-04-30,166.9829352123845,171.10906624068346,165.57136272955745,170.2988739013672,1731500
2014-05-01,171.4097746684611,173.3141410785526,167.8182019670126,172.5874786376953,2690900
2014-05-02,178.99378688435056,185.7008324733136,177.90796109862183,185.1579132080078,3980800
2014-05-05,183.5292176471854,183.80485128416368,178.75159342933256,180.95664978027344,2698300
2014-05-06,180.54735709803552,181.95892940149497,173.29739195357547,173.35586547851562,2411600
2014-05-07,173.2305929357812,175.05144191468142,164.16815126416822,171.17588806152344,3471000
2014-05-08,165.10364515969712,172.89651876683504,162.95706215790398,164.0846405029297,3541900
2014-05-09,166.16442229311758,168.63675196080465,164.04288289778742,167.4590606689453,1639700
2014-05-12,167.71793609173378,173.09693958517485,167.71793609173378,170.12344360351562,1753200
2014-05-13,171.23281895535663,174.29189800559112,169.28306978174658,173.1237335205078,1720400
2014-05-14,172.54382628904986,172.6698949361545,168.14010520626,169.1065673828125,2391200
2014-05-15,168.89644397388577,170.05620869477895,163.9548511529478,169.52674865722656,2148000
2014-05-16,169.62759313109444,170.89661476602663,165.99704482699352,169.5687713623047,2366000
2014-05-19,168.48462185244665,173.37579181502045,166.8374329748508,171.0730743408203,6950200
2014-05-20,169.83768050931772,171.7285943995186,167.30806254380462,168.2493133544922,2033400
2014-05-21,169.03089928456933,172.28326710142605,168.54346216076976,172.15721130371094,1555100
2014-05-22,172.91361681919108,176.70384506712153,171.99757692074957,175.0986785888672,1594500
2014-05-23,175.45164728943791,175.85503876984768,172.4261791274048,174.68687438964844,1304200
2014-05-27,175.07344521405633,181.51094767622672,175.07344521405633,181.23361206054688,2183100
2014-05-28,182.0992228534165,183.74642477074696,180.22512047812742,183.2169647216797,1584300
2014-05-29,183.4102855983544,184.88939615107304,181.30085746244666,184.88099670410156,944200
2014-05-30,184.889366859276,184.889366859276,179.8133189751516,180.66212463378906,1359700
2014-06-02,180.8806618471202,183.24220172667611,179.51080816570988,183.22540283203125,695200
2014-06-03,178.9476942323463,178.9476942323463,173.62793402668373,174.99778747558594,2202000
2014-06-04,173.56070307187957,177.3257194971401,173.12368822943537,176.66180419921875,1032600
2014-06-05,176.6029565476322,178.15771313115258,172.7791058120508,172.99761962890625,1344100
2014-06-06,173.36740969155323,174.10697133784942,171.50171950640296,172.2664794921875,875300
2014-06-09,168.28293757571052,169.33344529743957,164.551532096356,167.28285217285156,2571500
2014-06-10,165.6945174090617,166.5937455264274,162.61862712074577,166.29119873046875,2564600
2014-06-11,167.0979775243736,169.76206381873882,166.60214091068144,168.9888916015625,1374500
2014-06-12,168.9889257737339,169.66125347962804,165.36677612741494,165.73655700683594,1080100
2014-06-13,166.41726211908698,169.31666134168117,165.59365469724816,168.9720916748047,1078300
2014-06-16,166.82064228683214,168.0056181887962,165.5600328992742,167.34169006347656,1052800
2014-06-17,165.98020951643045,167.0139054585127,164.92970186126317,165.9381866455078,1349800
2014-06-18,164.79529831786843,167.76193207155336,163.65234502865945,167.57704162597656,1259600
2014-06-19,168.74518875411334,172.28330520085893,168.66955525875838,170.2747344970703,1462900
2014-06-20,170.51843605894842,171.15715306497268,168.20731869439422,168.74517822265625,1695600
2014-06-23,167.34170102438054,169.29984927347599,165.71131072457507,169.05613708496094,1393700
2014-06-24,169.50995601997545,172.20766601067555,169.03093107498492,169.45953369140625,1547400
2014-06-25,169.0813830373445,172.26651797817345,168.60234518481306,171.1067657470703,1165500
2014-06-26,173.6279300638745,176.6113618839895,173.23293811485541,174.83810424804688,1745100
2014-06-27,176.24999421773327,177.33411260366898,173.63633034971352,173.87164306640625,1111000
2014-06-30,174.821330718578,175.23312161874716,172.71190259469213,174.4347381591797,899000
2014-07-01,174.74566288057213,178.4686691825045,174.50195071397187,176.60296630859375,1117900
2014-07-02,176.60302950915414,178.77967936647602,175.98953632657785,177.85523986816406,1362200
2014-07-03,178.20818678325105,179.0738043838443,177.33415691122894,178.0905303955078,672500
2014-07-07,176.00628406716777,177.2668935086696,173.45985402122062,175.2919464111328,1302900
2014-07-08,173.9304993847482,174.7540939960561,168.63593695060302,169.91334533691406,1644100
2014-07-09,169.34183756964794,173.31695502968788,167.5517683841006,173.17408752441406,1292500
2014-07-10,169.7452943068539,171.6950434620861,168.29139471217894,170.76219177246094,873800
2014-07-11,170.283149870832,171.69503936742964,169.17382003111962,170.37559509277344,659000
2014-07-14,171.98916252512169,174.29188064942267,170.2663396850792,170.53526306152344,905100
2014-07-15,171.9807433362787,172.41775819936805,168.29136022188575,170.190673828125,1158800
2014-07-16,171.5436962912623,172.115179131719,169.9385303182232,171.3251953125,1229200
2014-07-17,167.55181020084595,170.68653512503008,166.82066077856211,167.40054321289062,2111500
2014-07-18,168.60230288871412,169.76206765246036,168.00562161430994,168.92166137695312,1012700
2014-07-21,168.16530440733226,170.27471958688224,167.74510126071084,170.190673828125,1184200
2014-07-22,171.33366657498337,175.11549577032054,170.92187560303014,174.20785522460938,1218300
2014-07-23,174.27503689062414,174.7792857611789,172.56061381318466,173.3337860107422,792200
2014-07-24,174.14904030638468,175.0230574458413,171.8547340946735,172.3085479736328,819700
2014-07-25,171.35882240871527,173.2497363957718,170.61086138900058,171.83786010742188,833400
2014-07-28,172.83793660641973,177.40133597021597,172.83793660641973,177.3004913330078,2772500
2014-07-29,177.5442315618522,185.30959044459146,177.49380923527312,182.71273803710938,5160700
2014-07-30,183.46072849666623,184.217089163562,180.46888362073597,183.72125244140625,1765500
2014-07-31,181.68742557657484,183.78002888979705,178.77121492197716,179.1746063232422,1961500
2014-08-01,178.6451759246093,180.32598854886757,175.1070597081693,176.51893615722656,1690400
2014-08-04,176.4853205446337,180.11588186544282,175.28354570767306,179.42674255371094,1252700
2014-08-05,178.5191050604779,179.7797145129728,174.4095187582879,175.72055053710938,1218400
2014-08-06,172.2580866701992,172.7455238809504,167.1988369675856,168.5350799560547,3620400
2014-08-07,167.8375704277361,170.2327210112796,163.26575748801335,164.030517578125,3478500
2014-08-08,165.49380223187003,170.50952857733685,164.47035028432848,169.77366638183594,2401900
2014-08-11,170.02740165727826,171.57525982934635,167.30384962637015,169.36766052246094,1196200
2014-08-12,169.52832171455918,170.84781662274847,167.0838934144707,169.3337860107422,1145000
2014-08-13,170.28959634051017,173.1653902258069,170.01047311947585,170.2980499267578,1204300
2014-08-14,170.9155508593807,172.12507219875434,169.67218935448741,171.05087280273438,833100
2014-08-15,171.6936816354272,172.27728888927692,168.14967983357153,170.28961181640625,1015600
2014-08-18,171.4145796063019,172.1250681907708,169.46072954589178,171.61756896972656,840300
2014-08-19,172.31957279728778,173.79976353365115,171.01701062803315,172.00662231445312,856200
2014-08-20,173.09772183694994,173.09772183694994,170.62791951157993,171.30458068847656,683900
2014-08-21,171.50757702788385,171.60061809784227,169.58755471487157,169.59600830078125,720400
2014-08-22,167.92134848588643,169.4522870476355,167.76910644175902,169.26620483398438,1057400
2014-08-25,170.02741573127753,170.27269882735067,167.77752249233808,169.5537567138672,1259000
2014-08-26,168.47954306395891,169.16465786330704,166.73714915296512,168.5556640625,1385200
2014-08-27,168.44570719159395,168.63178935247825,165.1723751086339,165.95053100585938,1747700
2014-08-28,165.31613921221194,167.13466680684186,163.3030888046805,166.4495391845703,1557400
2014-08-29,166.8978835905338,166.8978835905338,162.3050557042541,163.14242553710938,2037200
2014-09-02,159.94519456236657,160.67260313194183,152.78107002792711,156.5196075439453,4725600
2014-09-03,156.57880553786774,158.91328611140514,155.56382015670508,156.68031311035156,1897900
2014-09-04,156.9002232786006,158.0420899043099,155.61456823960575,156.28277587890625,1870700
2014-09-05,156.03748996048304,157.28931782675022,154.21052131020386,157.0355682373047,1969800
2014-09-08,157.6022239573008,157.6022239573008,154.87867247047063,156.23199462890625,1516900
2014-09-09,156.22358955609437,157.80528819317698,154.95485437360375,155.85142517089844,1231100
2014-09-10,154.430385256902,154.88712405839897,152.88252741400356,154.1766357421875,2084000
2014-09-11,153.1870669530642,158.0843784554193,153.17014687237017,157.40773010253906,1781800
2014-09-12,157.49229245333004,157.7629620984379,153.939837251843,154.38812255859375,1522600
2014-09-15,154.02441794144406,154.49807689322907,151.71531119213452,152.857177734375,1623000
2014-09-16,148.39125331457853,153.11940283042532,145.929904223372,152.13824462890625,3835000
2014-09-17,150.1336387785569,155.81757250171466,149.8545155351776,154.87025451660156,2268800
2014-09-18,156.1812472182635,161.0870243124187,156.1051262284913,158.8709716796875,3374900
2014-09-19,160.30046854233336,160.30046854233336,155.4031433962197,156.71417236328125,1893100
2014-09-22,153.82985838686585,155.8936690213978,151.46156379599722,153.33082580566406,2547200
2014-09-23,152.48502421423245,155.47924593791817,152.25664830840302,154.64187622070312,2353700
2014-09-24,154.5318973312698,157.56839954677727,153.82986252074025,157.28082275390625,1578400
2014-09-25,155.65685329395362,156.13897874649356,152.68801830163056,153.906005859375,1952300
2014-09-26,155.7921791939837,158.58339836964822,155.63147071900406,156.05438232421875,1819100
2014-09-29,154.3458049166317,154.89559770829558,150.767976603134,151.39389038085938,2570000
2014-09-30,151.66453840590566,159.95360738955574,148.67033030255718,158.23658752441406,4828200
2014-10-01,156.47727758766834,156.57031864734833,152.56957889358284,154.1935577392578,2105500
2014-10-02,154.7857339720377,156.79033197052956,150.55661555750115,153.73690795898438,1893500
2014-10-03,154.7179620173348,156.57031669664337,152.72181895780983,154.1766357421875,1236000
2014-10-06,158.6679573696269,158.99782787305958,155.28466486006616,155.45382690429688,1553500
2014-10-07,152.19742382900137,155.32696698814962,151.5630564491914,152.48500061035156,1493100
2014-10-08,152.8656242256316,155.42001391847364,150.97944209223155,155.0309295654297,1105000
2014-10-09,155.3016397935896,156.00367478605182,150.36203408230983,150.61578369140625,1386500
2014-10-10,150.36202481302368,153.5169423843655,149.33011926422182,149.4654541015625,1542100
2014-10-13,149.14395155861902,150.32809844066628,143.83218484846475,146.69952392578125,3037500
2014-10-14,144.94873352556033,150.31971659616588,144.7372777024064,147.0379180908203,1936900
2014-10-15,144.914920534741,148.54349713843203,142.77498842631593,147.4354705810547,2326300
2014-10-16,146.58963360974238,156.12206578533997,146.35280411896574,153.99905395507812,3044300
2014-10-17,156.9932078351492,158.67640025449114,153.1362570130492,154.32040405273438,2219800
2014-10-20,154.69261116412395,155.2254839329667,151.90985839555935,153.65225219726562,1878600
2014-10-21,154.73487499769587,157.00167463772854,153.99901305438073,156.13047790527344,1774100
2014-10-22,156.55339000904715,157.32309210555482,153.68605029821148,154.2950439453125,1332600
2014-10-23,155.61457946723405,157.23855878333728,154.8702636804203,155.20013427734375,1603900
2014-10-24,155.52999005245854,156.9425133921725,154.08362655379048,156.240478515625,1265400
2014-10-27,155.3607790241107,157.06089169552604,154.6925844615486,155.35232543945312,2002400
2014-10-28,154.72645022656252,157.02709063733005,153.5169291013648,156.6887664794922,1661400
2014-10-29,161.50999950080111,162.7787347881699,156.07136043060999,157.2639617919922,2563700
2014-10-30,155.77522838693957,159.69139320869922,155.68218733589663,158.71868896484375,1176100
2014-10-31,161.53529319544748,161.53529319544748,159.45457558185376,160.71484375,1527800
2014-11-03,160.67259246265746,162.16969034329423,159.3953910775662,160.29196166992188,1222900
2014-11-04,158.0843541499582,158.16894163418291,154.11745410208414,156.69720458984375,2088000
2014-11-05,153.93984587214283,154.77721561406727,149.79531672269644,152.02828979492188,2938200
2014-11-06,152.23127554335923,152.23974203644266,149.30473412165014,151.15708923339844,3081700
2014-11-07,152.34083116504976,153.36164294921886,151.21708477721464,151.98912048339844,1489600
2014-11-10,152.42665874426362,154.50259002903698,151.33721924185832,152.5982208251953,1034000
2014-11-11,153.267285129859,155.1030264406124,151.86045546263998,154.70843505859375,1296400
2014-11-12,153.9535740067004,154.99153304029824,153.67906422268803,154.656982421875,2121700
2014-11-13,155.26608042216287,157.48784053095864,155.0516245099776,156.66433715820312,1294400
2014-11-14,156.88733680578895,158.5515164626575,156.02093979723313,157.83094787597656,1279700
2014-11-17,156.83589927008134,156.97315419532399,155.24034675984865,156.66433715820312,815600
2014-11-18,155.35181116217868,157.0846048740809,153.83346019462306,156.19247436523438,1445200
2014-11-19,156.18392525042904,156.5613565816568,154.01361983212203,154.42538452148438,876800
2014-11-20,154.1594405097809,155.85792708351505,150.0332991872599,152.5638885498047,2655700
2014-11-21,156.12385950871695,156.50987742259997,153.61044321819364,154.09939575195312,2017300
2014-11-24,154.76850115447337,155.12021190104534,152.88129223262746,154.59693908691406,1155500
2014-11-25,155.3775748386041,156.25254538480868,151.92912070147798,152.70115661621094,1670500
2014-11-26,152.96706574717876,153.22440228018465,151.40582097043347,151.88619995117188,833300
2014-11-28,152.74404530269308,153.55897498307777,150.88256993950785,153.21585083007812,578700
2014-12-01,151.86050869434283,151.93770967579758,149.3041980678301,149.69021606445312,1498700
2014-12-02,149.53579245072655,150.633805436936,148.74658334562542,149.47573852539062,1167100
2014-12-03,146.31894400773675,147.72577386388238,144.80916644256342,145.46112060546875,2201300
2014-12-04,144.8435073629505,144.85208088603105,138.40983092851707,139.75660705566406,3638400
2014-12-05,139.95390711699088,141.5580460581991,138.97598879237535,140.59727478027344,1531500
2014-12-08,138.109583747506,139.79949709268232,134.95279954473568,135.1844024658203,2400900
2014-12-09,133.42584815028084,134.65254243964395,133.05699036488167,134.3608856201172,1605800
2014-12-10,134.53249219761452,134.53249219761452,124.47022387989063,125.88562774658203,4661600
2014-12-11,126.87209208925823,129.90020803708836,125.79981270010173,127.7127685546875,2676700
2014-12-12,126.1858158237529,128.57913713133814,125.60248915869487,126.51177978515625,1488400
2014-12-15,127.61842660361515,128.56202475412195,124.25575950512089,124.52168273925781,1437200
2014-12-16,123.31213292498447,123.94692705185936,120.36121787582302,120.54136657714844,2118900
2014-12-17,118.2252467496303,119.44335460760371,114.58807022220589,119.21173858642578,4298600
2014-12-18,121.85385013556692,124.58172301569392,121.85385013556692,124.47021484375,2870100
2014-12-19,124.29863193310901,130.34629081074684,124.29863193310901,128.7678985595703,3293500
2014-12-22,129.00804879207237,129.93449954997976,125.47382089621264,126.51177978515625,1768400
2014-12-23,127.01791354839924,131.54721992586093,126.92355245347936,130.12322998046875,1669000
2014-12-24,130.46635328709823,131.50432532478857,128.699239238039,129.44554138183594,494100
2014-12-26,129.62573048369026,130.71517016915263,128.4161960124616,128.99093627929688,998900
2014-12-29,128.67349362840838,132.75672778071913,128.16738102824604,131.24696350097656,1510400
2014-12-30,131.058258667741,131.91608207207986,128.75929822699916,129.70289611816406,1262600
2014-12-31,129.84874509788364,130.6465277967702,127.12944604603742,127.60982513427734,1633000
2015-01-02,127.46401199196315,128.01301859999546,121.93962563587871,126.0057144165039,2228900
2015-01-05,125.00204424117732,125.38806220687421,121.67368479872349,123.86113739013672,1695100
2015-01-06,123.09766003102078,123.81822855805187,119.46048403989067,121.21902465820312,1975800
2015-01-07,123.71535409990771,126.28025206979041,122.88326393570792,124.77906036376953,1472000
2015-01-08,126.151538635972,127.84145220344247,125.57679838506142,126.28022003173828,1676600
2015-01-09,128.71641263129985,130.0631886553697,127.5583457259966,127.85858917236328,2210100
2015-01-12,127.84141528107149,128.24459331053322,125.89415257381447,127.35246276855469,1250400
2015-01-13,128.86226992044007,131.70166411139633,127.05226149297413,128.51055908203125,1627700
2015-01-14,126.74339438731242,128.09875679141422,124.7360909780526,127.47254943847656,1378800
2015-01-15,128.1588374421599,129.53136040403498,126.30594845978229,126.65764617919922,1061600
2015-01-16,124.65035637460143,126.84638289279161,123.85258663810993,126.09150695800781,957800
2015-01-20,126.07427271203893,126.09143284050528,118.47395887996049,121.83662414550781,2520700
2015-01-21,119.17741496786802,123.45795903108255,119.17741496786802,122.57440185546875,1605000
2015-01-22,123.6380582602344,126.65758640846141,123.30350774593994,126.29730224609375,1409400
2015-01-23,125.70546945306917,126.50325223842776,124.23002484612884,125.25082397460938,964700
2015-01-26,125.96278452755976,134.42951036030283,125.96278452755976,133.67462158203125,2587100
2015-01-27,133.64893313949457,135.32168671236363,131.3328118009566,132.99697875976562,1739600
2015-01-28,134.20645827850032,134.46380789712944,131.0582482065904,131.65872192382812,1740300
2015-01-29,132.26778270309472,134.87555989371953,128.32179010889962,131.2212371826172,1418500
2015-01-30,129.4370355558566,129.81448013060202,126.66626828485201,126.91503143310547,1738100
2015-02-02,127.1466050536651,128.49338119343412,124.76185668009973,128.45050048828125,1211300
2015-02-03,128.36472901537454,134.62684420765194,127.04368636858067,133.64892578125,2386800
2015-02-04,129.96881952561384,132.8768403482618,123.68955900040913,125.33657836914062,4808700
2015-02-05,125.67972325704723,127.12944714690623,123.91260884314165,125.79124450683594,1760000
2015-02-06,127.6355441638143,127.72133174374498,124.89051176754292,125.44810485839844,1464500
2015-02-09,125.01061400964592,128.3132396944858,124.82189179397805,127.3438949584961,1295700
2015-02-10,129.72867432982386,134.14647423311658,129.3426562831587,132.6624298095703,2354800
2015-02-11,132.800998811878,132.9742412286078,130.36690783031912,131.00791931152344,1126600
2015-02-12,131.5536521340146,134.25628446990837,130.48819855352204,134.02239990234375,2591600
2015-02-13,134.68070754215373,138.95120519498298,134.03103855944016,138.0243377685547,2153900
2015-02-17,137.47862660390723,137.91173926469793,134.10901063165753,135.99737548828125,1810900
2015-02-18,136.76833015577668,138.6393802231594,135.92809044637474,137.31405639648438,1282800
2015-02-19,137.49591630288975,138.36214146513888,136.34383525099278,137.35733032226562,883800
2015-02-20,137.0887778335496,137.28801912066245,135.34767016289072,137.27069091796875,920900
2015-02-23,134.42954004431343,135.49499372888295,132.44587620934684,133.68458557128906,2322200
2015-02-24,130.13305640615422,130.16771282884687,127.20522313114718,127.33515167236328,2772000
2015-02-25,126.01843400178842,126.01843400178842,122.10310575092024,123.91351318359375,3620600
2015-02-26,123.90486894881525,126.26967368432138,123.23788494218016,123.6709976196289,1856000
2015-02-27,124.16473701397742,124.84906243413295,122.64884266958066,123.4371109008789,1120500
2015-03-02,123.43708406058006,125.94913171233804,123.27249916702513,123.3764419555664,1430800
2015-03-03,123.0819416838327,125.39476149800586,120.93370678074177,121.3321762084961,2146500
2015-03-04,120.13682187534593,120.40534967708349,117.33024637635246,120.24943542480469,2854000
2015-03-05,119.7642925426116,120.6218602571556,118.46495473014673,120.40530395507812,2106100
2015-03-06,119.21859299322168,119.5997342423461,117.83262721777818,118.67286682128906,2851600
2015-03-09,117.37355228731367,117.96257926802069,114.02126391654721,115.06938934326172,5406900
2015-03-10,113.44088235431094,114.74022043317382,112.1588592665299,112.18484497070312,3689600
2015-03-11,112.15886568099263,112.44472166079687,109.29166160446539,109.69012451171875,3130700
2015-03-12,110.80755203633129,112.2888032921284,108.38212487164947,109.42159271240234,2443600
2015-03-13,108.6159845881247,110.99810404798014,107.76708753607161,110.07124328613281,2613200
2015-03-16,108.35610356268292,110.40905959890192,106.11258354004752,108.84119415283203,4333200
2015-03-17,109.14439850694626,110.83353536413891,107.7671033170469,107.91436004638672,2490200
2015-03-18,107.10008549750194,107.53319810679588,105.27234975757962,106.47640228271484,4751600
2015-03-19,108.28682686600476,112.95577410684837,107.82772851329558,112.70457458496094,3584000
2015-03-20,114.15115748949641,115.42450960976215,112.37539315968282,112.59194946289062,2420900
2015-03-23,112.32344620760395,118.11849625747739,110.53902399562065,114.37639617919922,3274800
2015-03-24,114.44569185159698,114.56696287490352,111.691101514684,112.17618560791016,2202700
2015-03-25,112.61793637737968,112.64392207664126,110.49568722654685,111.93362426757812,1573800
2015-03-26,110.78153889017712,111.33592248242356,109.3609301089489,109.88932800292969,1909000
2015-03-27,110.01061564530477,110.0452654511594,108.99713360696182,109.36094665527344,976500
2015-03-30,109.75938875003169,111.01541919179701,108.8585137945228,110.4090576171875,1160400
2015-03-31,109.68145493033023,112.47069497376879,108.97115041587882,109.04044342041016,1362100
2015-04-01,109.23967882691852,110.05393276632662,107.1434150773518,108.73726654052734,1709400
2015-04-02,108.90185833512747,112.22816069860143,108.27817498978227,112.08956146240234,1346200
2015-04-06,110.82485847067926,114.37637399691977,110.37441764841942,113.23296356201172,2053700
2015-04-07,113.241644547836,113.9865989317658,110.77290344238281,110.77290344238281,1612200
2015-04-08,112.47935808738741,113.96059591689335,110.73823681237842,111.98560333251953,1666600
2015-04-09,114.66222806313183,118.61221294881467,114.38504286604689,118.35235595703125,2568900
2015-04-10,117.9798964658554,118.10983820597758,115.50249130093616,117.82398223876953,1774400
2015-04-13,116.94040163963447,117.3648567446436,115.50246463985422,115.72769165039062,1983700
2015-04-14,113.12036641581145,113.7180640280981,109.74209280403912,110.46971893310547,3139600
2015-04-15,110.00194176443499,112.83449540134716,108.79788920529772,112.6266098022461,2204400
2015-04-16,112.66127469418663,113.36291516138131,110.18386949322776,110.31380462646484,1337100
2015-04-17,109.23100704225003,111.04142132322805,107.85371201225108,108.71127319335938,1533500
2015-04-20,109.85470275132774,112.73057075706073,109.60349659733365,111.69976043701172,1645200
2015-04-21,112.16751117036114,112.21948256999255,109.49087174018352,109.81137084960938,1419100
2015-04-22,110.3830877678917,112.5486443605522,108.89317922790057,111.80370330810547,1586000
2015-04-23,109.94133464919271,112.2195118562662,109.27434394768454,110.94615936279297,1353500
2015-04-24,112.08089315205493,113.73538667846915,111.66510870112731,112.68724822998047,1219500
2015-04-27,113.08574174309383,113.48419807152742,111.35329074195124,111.59583282470703,1355700
2015-04-28,111.34459855794215,114.34174402772403,110.54767944596303,113.02507781982422,3966500
2015-04-29,100.65537639544178,101.39167318145543,93.78620955812275,94.21932220458984,15694200
2015-04-30,94.06339785073307,96.80933694875591,93.82951993829542,96.21163940429688,5447400
2015-05-01,96.70537960718674,98.1519740872485,95.28477082540086,97.63224029541016,2457100
2015-05-04,98.1260075016073,103.02018209630027,98.01340058422083,101.50428771972656,4627000
2015-05-05,101.19242919323607,102.1279540100745,99.90175547536708,100.86326599121094,2304500
2015-05-06,100.71599601735403,101.19242249683889,98.0306993545197,98.48114013671875,2542300
2015-05-07,98.67258050557098,100.75200383304012,98.48116804229456,99.14240264892578,1598600
2015-05-08,100.07334798017645,102.6661050800219,99.88194217371696,102.52689361572266,2746500
2015-05-11,102.44858898001925,102.4833918450187,99.18589506345813,99.25550079345703,2324400
2015-05-12,98.86396633797553,99.16848972504279,97.51539026682781,97.6023941040039,1575100
2015-05-13,97.78510864417397,98.17662924843034,96.3669267829695,96.54963684082031,1417700
2015-05-14,97.02816096617725,97.07166620560338,94.44411303826762,94.65292358398438,2043400
2015-05-15,93.94819023759314,95.03575491759044,92.24288297794551,92.91282653808594,2770200
2015-05-18,92.47780275486738,93.2869511605802,91.53814525701351,92.9737319946289,2180500
2015-05-19,92.92152325943167,93.1390361821944,91.73825242856492,92.52129364013672,2090400
2015-05-20,92.9302272706052,95.00965046631116,92.52130187732969,93.69587707519531,2225300
2015-05-21,93.5392772644625,95.43599058350848,93.5392772644625,94.05260467529297,1804100
2015-05-22,94.2788219091823,94.6703425985883,92.6344243929266,92.69532775878906,1413800
2015-05-26,92.26899048252227,92.47780104330243,90.26786880797748,90.58979034423828,2635100
2015-05-27,90.98131612406544,90.998714239295,89.54572933178004,90.1025619506836,1905300
2015-05-28,89.56312981298547,90.27657198679883,89.09330106857645,89.60662841796875,2378500
2015-05-29,89.3978190418893,89.60662960729766,87.39669732299063,87.60551452636719,3005200
2015-06-01,87.9013273289053,87.9013273289053,85.16936536219279,85.51738739013672,3829800
2015-06-02,85.52609429301697,88.17974829086033,85.30858134378546,87.05738067626953,2309200
2015-06-03,87.5881271755128,89.44134205535369,87.24010507204277,88.78880310058594,2582200
2015-06-04,91.90355859529313,95.66218167025568,91.79045426406739,95.21846008300781,5914100
2015-06-05,95.14887096540689,95.37508630531958,93.41746964038423,94.95745849609375,2433000
2015-06-08,92.19939222000917,92.45170804379765,89.04980224902765,89.09330749511719,4158300
2015-06-09,88.91929349213238,89.83285055979229,88.29286175661632,88.98889923095703,2060100
2015-06-10,89.2150892123827,90.42446036944756,88.33633526383603,89.80672454833984,1997700
2015-06-11,90.03294756614144,90.9900030525215,89.01498209187811,90.87689208984375,1374000
2015-06-12,90.32005161190477,90.69417405357703,89.00627851684102,89.43260192871094,1490600
2015-06-15,88.59735321571476,90.22434540789791,88.56255035626074,89.43260192871094,1287000
2015-06-16,88.87579186813873,90.34617488259748,88.42336121909882,89.45872497558594,1823800
2015-06-17,89.95466137797804,90.99002521672068,89.13681050448594,90.71160888671875,1302100
2015-06-18,90.86821517516913,92.9737390089378,90.86821517516913,91.58165740966797,1513300
2015-06-19,91.69475361466645,91.76435934794063,89.45872087748607,89.7110366821289,2849400
2015-06-22,90.0503529851528,90.37227451109665,87.4662983156779,87.83171844482422,1688200
2015-06-23,87.30099100315364,87.64901303710319,85.05626249201389,87.23139190673828,3518200
2015-06-24,86.92685314661648,87.2139651119404,85.23895102323628,85.44776153564453,2292500
2015-06-25,85.90022131650903,86.13513239323889,85.0997685766853,85.25637817382812,1540100
2015-06-26,85.0736488703122,85.20415794478495,83.77727377660864,83.9599838256836,2347500
2015-06-29,81.5934517867969,83.51626535146922,81.42813983068632,81.72396087646484,3082700
2015-06-30,83.43797411693664,87.21399597665265,82.96814531927251,85.84801483154297,4440000
2015-07-01,89.51962942371097,93.33045392880176,89.1368045064802,89.67623901367188,4545000
2015-07-02,90.60718135235606,91.35542632760048,89.11939377729125,90.08515167236328,3017700
2015-07-06,88.94537871576765,91.32931826062384,88.82356538384235,90.3809585571289,2235400
2015-07-07,90.78989467831043,97.44579159234544,89.80673863494891,96.88025665283203,4679300
2015-07-08,94.50502793795717,95.27067112444851,90.32007430899166,90.60719299316406,3677900
2015-07-09,92.45168579369272,94.87913057837997,91.1901069783712,91.52942657470703,2685100
2015-07-10,92.90411522751941,93.078129542365,90.06774495622628,90.39836883544922,2411700
2015-07-13,94.67034206415207,95.97541987209668,93.3391637621236,93.8698959350586,3514000
2015-07-14,93.61754590960354,94.60940415041011,92.72139387080168,93.32173156738281,1850500
2015-07-15,93.20864225670512,93.20864225670512,89.1367997719665,89.98075103759766,2095100
2015-07-16,90.85080634063446,91.25102936757493,89.40652382062912,90.3113784790039,1161900
2015-07-17,90.31137736917879,90.38097646668434,88.33635611241017,88.49296569824219,1522800
2015-07-20,88.0144405061546,88.74528080894468,86.8746681701821,87.02257537841797,1711100
2015-07-21,87.08348347798136,88.82358711798948,86.8746728998116,88.24065399169922,1287400
2015-07-22,87.80561663424596,88.64086547600002,86.74415249015193,88.09273529052734,1727300
2015-07-23,90.65938844160956,91.92096744445134,89.6240313872398,90.74639892578125,2655700
2015-07-24,91.21625250239546,91.21625250239546,88.26677662381438,89.11943054199219,1641000
2015-07-27,87.03125761114268,88.1014239644988,85.35205781309067,86.33522033691406,2229300
2015-07-28,86.03939324387198,86.99644857673378,84.72561360588949,85.27375030517578,2623600
2015-07-29,85.41297364118796,86.83116215791865,83.41185871759298,83.55106353759766,4079600
2015-07-30,86.34393356791048,91.09441531295968,86.14382538323683,90.58979034423828,5069300
2015-07-31,90.41576077834284,91.7295405544187,88.57995136928615,89.8154296875,2847300
2015-08-03,89.70236387546515,90.24179852920716,87.00520388269564,87.70124816894531,2355400
2015-08-04,87.96222696366097,89.00629300331113,86.42223835048429,87.26618957519531,1819000
2015-08-05,87.88392926343671,90.23306633691966,87.70121919220742,88.11013793945312,1776900
2015-08-06,87.63162441999364,89.27602190470739,86.99648364135166,87.61421966552734,1818500
2015-08-07,87.81533116316959,90.74454777680228,87.80658536109104,90.1849365234375,1967900
2015-08-10,91.69763718731869,91.80256012459274,89.80019846147647,90.9369125366211,2365300
2015-08-11,89.18811083832429,89.31052535872882,86.22391827650256,87.02835845947266,2669000
2015-08-12,85.00851851899864,85.55063810076531,82.30663972678975,85.20962524414062,2760000
2015-08-13,85.32328752845766,85.89164442583223,82.70884713475279,82.7350845336914,2229700
2015-08-14,82.76132510827958,83.4695815288076,80.47915811869899,80.59282684326172,2178600
2015-08-17,80.44417833474505,81.73828326932318,79.49109290225056,80.36548614501953,2469400
2015-08-18,80.12938700891338,80.44416907375879,79.02764978195445,79.48233795166016,1791100
2015-08-19,79.01018526901457,79.69221102870443,77.97840082789371,78.91400146484375,2241600
2015-08-20,77.82101314220681,78.69540654829902,74.76063622088408,74.8305892944336,2533100
2015-08-21,73.09927923353482,74.08734794132958,71.11440935914045,71.49913787841797,3791600
2015-08-24,65.57949877633416,68.3338390591585,63.61211381304413,66.87360382080078,5951100
2015-08-25,69.34813998925334,69.61046068362903,66.1041412023421,66.20032501220703,3432500
2015-08-26,67.86164875400694,67.90537107726851,62.300508126501505,64.95866394042969,4655600
2015-08-27,66.58504849275934,69.05958303484121,66.17408259065705,68.65735626220703,3397400
2015-08-28,67.9228818287818,69.36563232079119,67.36327056793212,68.3775634765625,2183100
2015-08-31,67.5294236380721,67.92289810696785,65.50956979675021,65.62324523925781,2863000
2015-09-01,63.74328738085194,64.39033670189664,61.65348745292822,62.07319259643555,3907800
2015-09-02,64.12800805394502,64.26791419854227,61.97700111395344,63.332313537597656,4612300
2015-09-03,62.86013486894617,64.84501142940591,62.86013486894617,64.54771423339844,2928000
2015-09-04,63.28859978515156,65.18603876987194,63.253623244257454,63.89193344116211,3084900
2015-09-08,65.17730435737856,66.87363019618402,64.98493668438896,65.4483642578125,4006100
2015-09-09,66.42766099557853,67.1096867117237,63.830711790955434,63.86568832397461,3621600
2015-09-10,62.91260712114843,63.00005180449875,59.55493941858901,60.91899108886719,7798500
2015-09-11,60.8577738208143,61.837096742143444,58.7942050491115,59.21391677856445,4630600
2015-09-14,59.02155022563931,60.02710389703522,58.3395244904066,59.869712829589844,3026200
2015-09-15,59.40630286087098,61.60102597676747,59.34509557618649,61.513587951660156,2475900
2015-09-16,61.88080788696142,65.66693229232321,61.68844697406227,64.51273345947266,3875100
2015-09-17,64.11927894796987,64.2591784433476,61.20754690145269,61.44363021850586,3840500
2015-09-18,60.85777190823414,61.25125289306002,59.55492776850678,59.84347915649414,3778800
2015-09-21,60.13201597383592,60.29815281256529,57.98975535410384,58.199607849121094,2917500
2015-09-22,56.835567812285156,56.949236546316655,55.83875992588011,55.899967193603516,3761700
2015-09-23,55.340357211916746,55.34909967798031,52.516067025853054,52.673458099365234,5464300
2015-09-24,52.37616775294791,54.03751326740625,52.24500740432525,52.31496047973633,5295700
2015-09-25,53.09316099084482,53.12813418700501,50.828482263849416,50.91592025756836,4928500
2015-09-28,50.65360253984813,50.67109080556259,47.540761289131176,47.58448028564453,4719500
2015-09-29,46.745069830859386,48.170331990572976,45.695797095705494,46.53521728515625,6223400
2015-09-30,47.60196800457097,47.63694453559814,45.90564627630028,46.44776916503906,4265300
2015-10-01,46.71883172863183,47.077332828587004,44.55907932847386,45.214874267578125,4745600
2015-10-02,48.32771401355184,55.751310636270624,47.87302913565098,55.54145812988281,15153700
2015-10-05,55.786294816792434,58.80295252809378,52.94451644182879,56.739383697509766,12699700
2015-10-06,56.46831656294015,59.73854538499172,56.41584843264178,59.327579498291016,8437100
2015-10-07,60.35938576360508,64.25044106856245,60.32440922103072,62.94758987426758,10459000
2015-10-08,62.527880898338786,66.87361764997111,61.90706231540459,66.37521362304688,7819000
2015-10-09,65.57950916685901,66.67250098630666,64.00559827841734,65.92926788330078,6904900
2015-10-12,65.31718222201816,66.73370188629585,61.94202327230461,62.256805419921875,6176800
2015-10-13,61.994484908724154,63.62085694380188,60.90149330832736,61.487335205078125,5306200
2015-10-14,61.7933810132172,63.69955892402762,61.67971227090416,63.27985382080078,3864400
2015-10-15,66.14787304247791,67.5469013808728,62.020734440893015,64.49526977539062,8508000
2015-10-16,58.19085403558847,65.84179241969949,58.01597144129834,63.743247985839844,16035600
2015-10-19,62.00324664554037,62.08193885887063,58.72427100158594,59.6773567199707,7443300
2015-10-20,60.15826030256258,61.11134577516546,57.9285547712333,58.51439666748047,4020600
2015-10-21,58.70677550932785,58.83793586062191,56.249732057528874,56.37214660644531,5105300
2015-10-22,57.33397859642482,57.88484407166324,53.57408740579343,55.244178771972656,6336900
2015-10-23,55.934951444708226,59.519963343990796,55.716353076811814,59.1089973449707,4375900
2015-10-26,58.95159480341518,59.35381492169256,57.23778473250185,58.06846237182617,2211600
2015-10-27,57.85860618978382,59.07401240884358,56.066103830473764,56.45083236694336,2647500
2015-10-28,56.197258384847345,58.96034460815715,55.34909909271793,58.846675872802734,3754100
2015-10-29,60.32439317733208,62.37047701165493,59.59865179298356,61.120094299316406,4584300
2015-10-30,60.56048386896887,61.758398460883086,59.90468887184503,61.16381072998047,2949300
2015-11-02,62.650286192063724,64.41655786128915,61.76714702190502,63.122459411621094,4274200
2015-11-03,62.763958362247344,65.99921800560493,62.03821022556821,64.93245697021484,4616600
2015-11-04,65.47458239320285,66.18284565929746,62.51913478669787,63.71705627441406,4286300
2015-11-05,63.787002642762765,65.42212087618547,63.183675668965755,63.81324005126953,2261500
2015-11-06,64.27664510332143,64.87123273787125,63.463459171820794,64.69635009765625,2123700
2015-11-09,62.60115124813948,62.856451360911294,58.55157738021652,59.995338439941406,7502600
2015-11-10,59.23823650253609,60.268235422086164,57.389518943130554,59.20302200317383,3814800
2015-11-11,59.5815701197051,59.86327940116908,56.878919391870305,57.92652893066406,3669200
2015-11-12,57.547983451870024,59.86328147939037,56.49156857234615,56.95814895629883,2970100
2015-11-13,56.579594759169325,57.05498039112756,54.62523720262868,54.75728988647461,3929500
2015-11-16,54.695666852506,56.23626584407768,53.39276067976552,55.8929328918457,3023300
2015-11-17,56.58840716612548,56.7380637589142,53.83293793201097,54.193878173828125,2949400
2015-11-18,54.11465532687314,54.8453378660829,50.760549144732444,53.97380065917969,5605800
2015-11-19,53.87694974858744,55.15344676274451,53.287118657833204,54.38754653930664,2675400
2015-11-20,54.4051503352151,54.484381271981846,52.01942364558411,52.43318557739258,3778300
2015-11-23,52.38037592533961,54.11465163145402,52.38037592533961,53.02302551269531,2427400
2015-11-24,52.50361848987024,56.34191176626541,52.50361848987024,55.41755294799805,5628300
2015-11-25,55.83130266153567,55.84010796445697,54.26429456545612,54.80130386352539,2358500
2015-11-27,54.18507092437833,54.51079665329189,52.186693388603565,53.74489974975586,2285100
2015-11-30,54.097042509766844,55.39114358665253,53.55123114837125,55.25909423828125,2878100
2015-12-01,56.15704272482572,59.23824113705285,55.90174262183507,58.815673828125,6375200
2015-12-02,58.33148284633278,63.01490362713973,58.12900116149996,60.30344772338867,6911800
2015-12-03,60.259432115146055,60.58516120768256,56.069003941109365,57.29268264770508,3747600
2015-12-04,57.283879186431975,58.31387817325448,55.4087489509144,56.8701171875,4241000
2015-12-07,56.42994599144121,57.354308189756445,55.567210850154744,56.8701171875,3427100
2015-12-08,55.28550138603559,56.01618718123711,53.20789280960684,54.40515899658203,4571600
2015-12-09,58.77166622568699,64.2650014558163,57.803290834717295,61.54474639892578,12687600
2015-12-10,61.62396187828211,61.694390875240785,58.37549659571088,58.50754928588867,4749500
2015-12-11,57.706445781467124,58.39311176425228,54.64285133925715,55.57601547241211,5520000
2015-12-14,55.72567464735814,57.046191638749775,54.47559001992955,55.25909423828125,2906700
2015-12-15,56.11302301472195,59.15900338954402,55.80490117646501,58.13780975341797,4010600
2015-12-16,59.13259467915722,60.91968859441125,57.952939141267464,60.73481750488281,4192400
2015-12-17,60.83165655615496,60.910890862196695,56.51797759046679,56.5796012878418,3748700
2015-12-18,56.438751554320234,57.60960855315118,55.69045850265121,55.8137092590332,7710500
2015-12-21,55.9105528449726,58.18183483593067,55.285510451941526,57.891326904296875,2991300
2015-12-22,58.032169039270414,60.294648724701794,57.231060952764864,59.5551643371582,3563700
2015-12-23,59.99532662384608,61.40387290269097,59.77524105788662,60.6995964050293,2444200
2015-12-24,60.43549738079741,61.23660534335065,59.696006391192924,60.893272399902344,1339900
2015-12-28,60.74362687636897,60.81405588180393,58.53396552532444,60.16259765625,1870300
2015-12-29,60.78765562945264,62.74201044428017,60.69961600146313,61.72962188720703,2614800
2015-12-30,61.24541927635148,62.24900905499277,60.197809691997406,60.426700592041016,1909500
2015-12-31,60.40029228528878,61.527129476756166,59.92490658579858,60.910892486572266,1645100
2016-01-04,59.00935139309031,60.98131653511824,56.90533354464309,60.54114532470703,4249800
2016-01-05,60.954887988580346,63.94805261256995,59.55514720769437,61.68557357788086,4286100
2016-01-06,59.62558682898026,60.63797509900988,57.539173163731526,58.48994445800781,3316100
2016-01-07,56.289096303608815,56.35072336606858,52.64447901637199,52.98781204223633,5525600
2016-01-08,54.149858598833646,55.54080117844933,50.66370356181364,50.830970764160156,5740000
2016-01-11,51.949005913173956,52.811744459731344,49.307978592848606,49.99464797973633,4612400
2016-01-12,51.45601208460236,51.60566867521709,48.357206546051586,48.96464157104492,3806400
2016-01-13,49.440020524796594,50.08266996299668,45.45207121506986,46.191558837890625,5413000
2016-01-14,46.44686502189567,46.64934673557907,43.973104948582844,45.3376350402832,4978200
2016-01-15,46.79900608636538,52.05465176479356,45.82182539658325,51.385589599609375,10548100
2016-01-19,52.688489764292086,53.80652498276349,50.452422685588914,52.05464553833008,5851500
2016-01-20,50.6284960443449,50.79576326976491,46.23558881985361,49.58969497680664,6212900
2016-01-21,49.668913370504015,50.59327551706696,47.829001097899614,49.897804260253906,4076600
2016-01-22,51.94019860667163,53.516012217834586,51.02464175745789,52.0898551940918,3590000
2016-01-25,53.683270895028954,56.12181937108274,52.97019245170084,53.70087814331055,5654000
2016-01-26,54.26431448629013,56.113035864465644,52.521236632518026,55.8225212097168,3065100
2016-01-27,55.18865567369365,57.22224752548868,53.9209640144028,54.78369903564453,3125800
2016-01-28,56.93172989328791,58.46353019566094,54.836517822547115,55.59361267089844,3660700
2016-01-29,56.08661641955114,59.29986769022397,55.94576176254367,59.282257080078125,3137600
2016-02-01,58.55156988040852,59.581568788071074,55.945754047746725,59.07096862792969,3953100
2016-02-02,57.697651208415934,58.058588159315654,53.92978283200759,54.58123779296875,5434300
2016-02-03,54.99498816432873,56.262679950546676,52.40677948322101,55.61122512817383,4244300
2016-02-04,55.01258874017259,57.662417437939695,53.97378461537958,56.14822769165039,3671400
2016-02-05,55.73447182652381,56.64121995621437,54.14105106586314,54.501991271972656,2462100
2016-02-08,53.771308522713724,54.105836173970815,50.2235268211287,51.76412582397461,3846600
2016-02-09,50.59328134810978,53.48960543756879,49.8097771100081,51.456016540527344,2733700
2016-02-10,51.94899852775486,52.996608031822234,50.716521301764224,51.183101654052734,2776600
2016-02-11,51.464817163809705,54.281913584744686,49.74814876993996,52.547637939453125,5410800
2016-02-12,55.2414871393831,60.990122096940325,54.84533237669573,60.86687469482422,10716600
2016-02-16,62.36344354943903,66.90601291324822,61.491906577630445,65.7175521850586,9057800
2016-02-17,66.298602145031,68.90441555643662,64.84604216055303,67.09091186523438,6938900
2016-02-18,66.59790389185414,70.20730638793815,64.74918619546767,69.06285858154297,6318300
2016-02-19,67.66300422256393,68.8325098100005,67.02509085495092,68.38065338134766,4207800
2016-02-22,70.15263549380009,72.04865212123559,69.65648363153649,70.46273040771484,4864300
2016-02-23,70.62219557798916,71.56134193045452,69.31093539827086,70.56903839111328,4284000
2016-02-24,69.49699848942042,70.9057181433382,66.95420692471036,70.58676147460938,4629100
2016-02-25,69.92223862084738,71.58790198975633,68.92993543211031,71.4372787475586,2669900
2016-02-26,72.11070217690374,74.06873863085052,71.92464514838193,72.80177307128906,2963400
2016-02-29,72.80173187541718,73.64342568194894,72.3055800801134,73.0763931274414,2440000
2016-03-01,74.82179027155338,76.40771185743051,74.57371436038808,74.87495422363281,5705000
2016-03-02,75.3799627895741,75.63690046882805,73.80290309444946,75.30908203125,5406900
2016-03-03,74.55599340594304,78.7378635604975,74.05097982640514,78.27714538574219,5501400
2016-03-04,78.29487778249784,78.31259459449606,74.70661837205681,75.69892883300781,6043700
2016-03-07,73.98009753525767,76.01787538077184,72.72199450485694,74.41423034667969,5192400
2016-03-08,73.71429568696928,74.29018999505954,70.98545420111482,71.11834716796875,3575400
2016-03-09,72.13724591545738,73.04095877092385,70.67536224424644,72.26128387451172,2372900
2016-03-10,73.30674422582518,75.10530121319267,72.03092437936515,74.47624969482422,3265200
2016-03-11,74.0155179060977,77.26709573961469,73.71427814726427,76.24820709228516,3903500
2016-03-14,76.3368374953243,77.23168177645809,75.00785361212905,75.5040054321289,2555200
2016-03-15,76.25707962628672,76.62919341652393,72.60680219372482,73.75859069824219,3401700
2016-03-16,73.43965714696806,76.72667684518828,73.27131700633942,76.46088409423828,2380000
2016-03-17,76.81527448804934,79.10112864961808,76.72667690433104,78.67585754394531,3257800
2016-03-18,81.22749338936133,85.55111842560308,80.94397710435469,83.30070495605469,7033600
2016-03-21,82.46786578089703,82.66278446142638,79.79217495472913,82.1666259765625,2732900
2016-03-22,83.5753570998786,85.58654947109875,82.999462807646,84.1689682006836,4003300
2016-03-23,83.9474919155941,83.96520872859838,81.06802649368717,81.29838562011719,2251700
2016-03-24,80.18203378416985,82.99948010354305,79.3403466305918,82.81342315673828,3299500
2016-03-28,82.86657343792022,83.18553010855794,79.39349720160017,82.24638366699219,3305600
2016-03-29,83.92089591372117,84.54994741814454,81.64390399957307,83.40702056884766,3412700
2016-03-30,84.74486948205792,85.04610256955687,81.28064841845264,83.27412414550781,3214200
2016-03-31,83.35386367928163,83.83229864764381,81.51986634700715,82.77796936035156,2973100
2016-04-01,81.36924389102555,84.3904702707678,80.04026010723393,83.93861389160156,4545000
2016-04-04,83.7791401802835,85.249885559919,82.5476156802569,82.75139617919922,2755000
2016-04-05,81.17432700460726,82.66278902220162,80.0934191780784,80.55413055419922,4427100
2016-04-06,81.24521894392323,81.35154009707912,75.94700653022096,79.34034729003906,7577100
2016-04-07,84.20441357856815,89.34314683397459,83.9651927114883,88.59005737304688,12644100
2016-04-08,89.14822888882725,90.76072883856807,86.2953428024641,87.51800537109375,6248900
2016-04-11,88.27110618179051,89.8836063397903,87.0927456213933,87.10160064697266,3806900
2016-04-12,86.61431231600463,87.02186656617813,84.62969149834025,86.10929870605469,3439500
2016-04-13,85.38279033588442,87.00414559979485,84.81575773088241,86.5434341430664,2991700
2016-04-14,89.48492251325244,89.62668405093258,85.58656810135673,86.53457641601562,3933200
2016-04-15,86.31307908306204,87.41171072139663,85.7726250498903,86.53457641601562,1861000
2016-04-18,86.02067937664246,86.27761702948462,84.96635693308524,85.48023223876953,2528900
2016-04-19,85.68401390620606,88.95331618618252,85.68401390620606,88.59005737304688,3433300
2016-04-20,87.95212767489633,89.46717485842498,87.26991909878727,88.0584487915039,2424600
2016-04-21,85.7549087092473,86.10044400979092,83.60195435071125,84.8689193725586,5222400
2016-04-22,84.63854615777382,85.73717085964017,83.61965723834146,85.05496215820312,2482000
2016-04-25,84.90433190258362,84.90433190258362,79.68585696227878,80.57184600830078,4901500
2016-04-26,80.57187041671312,81.75909285345055,79.08340809809953,79.43780517578125,3680900
2016-04-27,79.19855788694848,80.70473651579168,78.74670159447162,79.0036392211914,2514800
2016-04-28,78.285992001179,81.83880993908281,78.2239730388517,79.04794311523438,2969800
2016-04-29,77.98477407208188,80.43010639702183,77.76327675031895,78.23285675048828,3214700
2016-05-02,80.89080789142409,83.71710853641746,80.42122798831744,83.53105163574219,4269300
2016-05-03,82.38813532737979,84.81575064681748,81.13889404742446,83.68167877197266,3669100
2016-05-04,81.84768626820515,82.81341808675805,79.84535538638073,80.82880401611328,3308200
2016-05-05,80.68704847014175,81.1211813516255,78.83533400453399,79.4023666381836,3925600
2016-05-06,81.16547799440242,82.27296458775518,78.4809315736452,80.81108093261719,3671600
2016-05-09,81.11232632516004,81.66163538675436,78.90620801406855,79.4023666381836,2693000
2016-05-10,79.59725851431787,83.36271223732939,79.49094414708097,83.30955505371094,3093200
2016-05-11,83.27410167930972,83.49559892255897,81.56414269104317,82.36153411865234,2085300
2016-05-12,83.00831720609892,83.62850684436185,81.07686078464567,82.76909637451172,1876100
2016-05-13,82.42169613874024,83.09867296748301,79.92758206831483,80.12354278564453,2341000
2016-05-16,80.02559264547915,81.80710635668859,79.76727913777701,80.95198059082031,1520300
2016-05-17,80.95196264306838,83.37482184049401,80.4264194768281,81.26373291015625,1978800
2016-05-18,80.53331117700408,81.62893803974032,78.46674924573253,78.78742218017578,2691400
2016-05-19,78.11935469940798,79.56238290440261,77.63835209367694,78.78742218017578,2504900
2016-05-20,79.21499286413774,80.39970089511428,78.9299509946332,79.24171447753906,1746900
2016-05-23,79.54456250074037,81.93179032259722,79.27733281781269,81.48641204833984,2112000
2016-05-24,82.28810722162984,83.36592208806702,81.68239235167215,83.03634643554688,1619800
2016-05-25,83.61532670211366,86.57263842056626,83.55297401030032,86.09162902832031,3116800
2016-05-26,86.80422207283641,86.80422207283641,83.5618688120985,84.28338623046875,1974700
2016-05-27,84.22106424813781,86.2252671930555,83.81131011008691,85.4770278930664,1598000
2016-05-31,85.86894118033464,87.02692073106785,85.24540745677018,85.6729736328125,2139100
2016-06-01,83.74003598629112,86.41230598150746,82.91163201593669,86.16289520263672,2100500
2016-06-02,86.26088878689582,88.959887710148,85.5215657774921,88.55014038085938,2985400
2016-06-03,88.11367162888477,88.1314905727528,85.566106330627,87.73955535888672,2769200
2016-06-06,86.394477459971,88.54120404673725,85.7353195037902,87.90876770019531,2323200
2016-06-07,87.63264607538625,90.83937579226124,87.4099568892663,90.06441497802734,3214400
2016-06-08,90.85717964656445,92.06860925219337,89.12020687169492,90.25146484375,2593100
2016-06-09,89.5121434269974,90.33164479753485,88.73718940803077,89.77937316894531,1238600
2016-06-10,89.02222047306353,89.99314194530804,87.6949881909121,89.47650146484375,2469000
2016-06-13,88.74607705716251,91.52524007834013,88.67482169451705,89.20927429199219,1952800
2016-06-14,88.50557618539399,90.60776230187923,87.53464795898164,90.44742584228516,2412500
2016-06-15,90.55432740243675,92.72776908163974,89.85062880932377,90.5008773803711,2211700
2016-06-16,89.68135616304936,90.49194096707687,88.34522154011711,90.14454650878906,2074300
2016-06-17,91.13332783228024,92.41601982429991,90.5008913073081,91.91719818115234,2191500
2016-06-20,92.65651075460435,94.14407963758646,89.20037713759639,89.33399200439453,2839700
2016-06-21,89.5388654823511,90.90172901786639,88.65701820308152,90.68794250488281,1991500
2016-06-22,91.16895689063355,91.641056906092,89.64576358199145,89.71702575683594,1747700
2016-06-23,90.85718793262308,91.65887036180374,90.09113658873207,90.58995819091797,1569000
2016-06-24,87.17834713412883,88.76389272649665,81.90506312431766,82.20792388916016,4896900
2016-06-27,80.836163846746,80.836163846746,76.90792386222785,78.1104507446289,5475000
2016-06-28,80.3462450506249,80.59566261481145,77.85213057216302,78.63599395751953,3780300
2016-06-29,80.16808321991212,81.98522725507537,79.18825245085527,81.3082504272461,2613400
2016-06-30,81.45079010496968,81.94961165337835,79.41095656460722,80.7381820678711,2580700
2016-07-01,80.88071075676655,83.68658891386205,80.7381864232848,81.76255798339844,2821500
2016-07-05,81.28154510654822,81.28154510654822,78.49347921134752,79.36641693115234,2405100
2016-07-06,78.88540438770033,80.23044879179508,77.72742485492724,80.10574340820312,2133700
2016-07-07,80.23045494899355,81.03213733070453,78.54692534536764,79.24171447753906,1999500
2016-07-08,79.98103513189106,80.82725117507866,79.45548520924675,79.94540405273438,2006400
2016-07-11,81.32609836147077,85.56609582613183,81.30827941979028,83.8202133178711,4057100
2016-07-12,85.39685636648,86.020383404484,84.1854265818422,85.9580307006836,2634100
2016-07-13,85.94021564994071,85.94021564994071,83.70441426764363,84.51499938964844,2037600
2016-07-14,83.53517939028755,84.39921465404277,80.86290874161074,81.96744537353516,3453300
2016-07-15,82.44844578045434,83.55298908606413,82.07432956207116,82.14559173583984,1770700
2016-07-18,82.2702838873479,86.34104146393612,82.06540686975454,86.10054016113281,3102000
2016-07-19,85.5126528344039,85.69080147610154,84.20323925052747,84.77332305908203,1799100
2016-07-20,83.98945564999084,84.58626104769809,83.00962457394684,83.89147186279297,2077000
2016-07-21,83.80238650062397,84.93364444562131,83.22339332420462,83.63314056396484,1793800
2016-07-22,84.17649665233118,85.43246668982668,83.27683060535497,85.30775451660156,1510000
2016-07-25,86.6260913848075,88.18491565137217,85.74424413115543,86.76861572265625,2883100
2016-07-26,89.08458551282544,92.51399768126933,88.98660172550407,92.1666030883789,4013800
2016-07-27,91.97062714758617,92.43381763066081,89.25381655705623,91.07096099853516,2388000
2016-07-28,91.32037503293452,93.44928982475052,89.96642782225625,93.22660064697266,3848400
2016-07-29,85.63733605525253,91.74792666621074,85.52154014774379,87.24960327148438,8143600
2016-08-01,87.24960840687768,88.63028388935672,84.4615426265426,87.23179626464844,3437800
2016-08-02,86.90220644846961,87.16052666230793,85.55716895715253,86.33212280273438,1947600
2016-08-03,85.53935721934695,87.39213262187918,85.06725729761013,86.99129486083984,1497600
2016-08-04,87.31197628361627,88.03349389415827,85.80660195185497,87.51685333251953,2043500
2016-08-05,88.12257728502225,88.46106244856337,86.7151798015684,86.85770416259766,1808000
2016-08-08,86.9912933670783,89.31616185549245,86.91112173868687,89.12020111083984,1973000
2016-08-09,89.48724734412869,90.59733134330483,88.68153846163501,89.69315338134766,1674500
2016-08-10,89.88117800423852,90.22136326575745,88.45775741221625,89.15603637695312,1296200
2016-08-11,89.70211485963465,92.90704245671681,89.53202566832846,91.90438842773438,3366500
2016-08-12,89.07545532379532,90.31087124031586,88.83374603819698,89.29926300048828,3005000
2016-08-15,90.40039183371908,93.49788898743809,89.66630299185583,92.87122344970703,3662500
2016-08-16,93.15771260229931,93.15771260229931,90.07812336945945,90.79430389404297,3013600
2016-08-17,91.20609498208714,91.40304681534754,90.30191695494479,90.7137222290039,2032500
2016-08-18,90.37352739447567,90.75847683017858,87.95640747824555,89.23658752441406,3053700
2016-08-19,88.4398374034256,88.62783502174236,85.88843139760114,87.17755889892578,3887700
2016-08-22,87.45506175186452,87.46400913840021,86.04955026829572,86.92687225341797,2698800
2016-08-23,87.75049841039154,88.54725990992677,86.16594328967084,86.29127502441406,2775900
2016-08-24,85.95111835138331,86.37187795608187,80.88410831277353,81.29591369628906,6068500
2016-08-25,82.02103506460188,82.7730255363205,80.62447059844636,81.02732849121094,2758300
2016-08-26,81.18846730595676,81.7345585318572,79.5591478468956,80.43647003173828,3116400
2016-08-29,79.98886348572277,82.18218284830496,79.94410604775274,81.21533203125,2151000
2016-08-30,81.34063750562912,82.19110368303764,80.24845528701782,80.70502471923828,2159700
2016-08-31,79.91724134833896,81.42122919311103,79.22791671659968,79.96200561523438,2146500
2016-09-01,83.77568584532932,85.27967361015706,83.2564504292425,83.40863800048828,6805000
2016-09-02,83.97261791230872,84.19642552206427,81.56444584571781,82.70138549804688,3025400
2016-09-06,83.22065378227161,84.04426447345233,82.20009122361965,83.06846618652344,2029900
2016-09-07,83.6951051210744,85.26175863812021,83.48025169401268,84.46500396728516,2617000
2016-09-08,85.88842602661155,86.57775058399979,85.06480868302201,85.74518585205078,2792800
2016-09-09,86.27336131727857,88.1801997256178,85.2527991460473,88.0996322631836,6349200
2016-09-12,87.34765775358987,93.166657212175,86.9089966299002,93.11294555664062,7002800
2016-09-13,92.26245912284287,93.81121099342893,91.49256029654929,92.8443603515625,4456500
2016-09-14,93.5515895745693,96.39842290851007,92.44150563940462,96.01347351074219,4905300
2016-09-15,95.6822376908996,98.02774416537001,93.75749749325871,97.29365539550781,5706900
2016-09-16,97.26680288517439,97.8218414678373,95.53900761029678,97.19518280029297,3835000
2016-09-19,96.93558029736664,97.06986627003458,92.61161432388208,93.06818389892578,4273700
2016-09-20,92.86227542806792,93.83807352764467,91.68951866876687,92.64741516113281,2818600
2016-09-21,93.18456131794707,94.19617639140913,90.87487127718536,92.2087631225586,4014700
2016-09-22,92.66529459766461,93.17557561931842,91.06283146613914,91.57311248779297,3839900
2016-09-23,90.48989307832404,91.80588289704963,88.07276683064457,91.43883514404297,5125800
2016-09-26,90.91067506023293,91.01809836677766,89.21868968147528,90.24819946289062,2622800
2016-09-27,89.64840218899838,91.41200776941409,89.31716436955767,90.18553924560547,3779100
2016-09-28,90.9196267403342,91.0897227571487,88.18022301306289,91.0091552734375,3047200
2016-09-29,90.5704897259682,92.77275646352471,89.5230714294599,90.05125427246094,2858100
2016-09-30,87.85793077400616,88.13545007513133,84.86786384039274,87.21336364746094,6737900
2016-10-03,89.78269450925049,90.64211522660563,88.56518011881356,88.87850952148438,4234900
2016-10-04,88.86951814694737,89.15599159963067,86.08535790715406,86.28230285644531,3288400
2016-10-05,86.22861789812322,88.06384350443632,85.83471421753279,87.67889404296875,2699600
2016-10-06,87.28497873347209,88.26973097368246,86.92688514701366,87.49983215332031,1969200
2016-10-07,87.40135969832586,87.72364325586076,86.06746803690314,86.84632110595703,2165800
2016-10-10,87.00746757575845,89.06649393761407,86.846325788303,88.33240509033203,1813600
2016-10-11,89.37085737384228,90.47198700141016,87.17753867548362,87.4640121459961,2791500
2016-10-12,87.13279631182118,87.65203170126968,85.94213796948605,86.32708740234375,2034400
2016-10-13,85.71832338766663,85.75413342853321,83.09529765727477,85.00213623046875,3060700
2016-10-14,85.64670312185447,86.24650593743007,82.28064124843308,83.58767700195312,2885500
2016-10-17,81.671878297324,84.27699539788715,81.51968392747915,83.34595489501953,1887900
2016-10-18,84.59033388021396,84.93947325294423,82.87149284060845,83.23854064941406,1183300
2016-10-19,83.0684450340915,85.88842268284685,83.0684450340915,85.51242065429688,1852300
2016-10-20,85.17225492196303,87.05223817318256,85.05587738067334,85.94215393066406,1498400
2016-10-21,85.49451075174484,86.14803200669948,84.59928027266898,85.28860473632812,1927500
2016-10-24,86.676226802162,87.63412327519605,86.30023158771519,86.6583251953125,1500100
2016-10-25,86.52404064865405,86.54194225579526,85.18119472083241,85.55718994140625,1172900
2016-10-26,85.25279829825527,87.32973265783453,85.25279829825527,85.71831512451172,1804200
2016-10-27,86.88211119839407,86.88211119839407,83.36385552825352,84.31279754638672,1851000
2016-10-28,84.41127343469101,85.53926562704372,83.92784820939698,84.31279754638672,2079000
2016-10-31,84.74253414258018,85.09167353951956,83.63244325121985,84.64405822753906,1341600
2016-11-01,86.3270892270623,89.29925462146112,85.89737552290221,87.93850708007812,3722300
2016-11-02,87.52669204955188,87.83107400272755,85.81680516900289,86.40765380859375,2542400
2016-11-03,82.54919872501665,83.19376573987616,77.64333969870374,78.3595199584961,9050400
2016-11-04,78.98619707002175,79.8545649952706,77.5001110289514,78.81610107421875,3223800
2016-11-07,80.52599710854223,80.57076137466649,78.17154287386258,78.65496826171875,2792100
2016-11-08,78.69077444631894,79.21000985557589,77.15097665614603,77.58963775634766,3439400
2016-11-09,76.40791728400076,79.25475037860991,75.73649444876338,78.63703918457031,2798900
2016-11-10,79.81877314459726,80.25743427877327,75.9155667142026,76.3631820678711,3564900
2016-11-11,75.90662514304724,76.56909406444483,73.86549988301672,76.07672119140625,3252600
2016-11-14,75.64698297672768,76.98087461028904,74.08928370122335,75.65593719482422,2480700
2016-11-15,76.50245147600617,78.84390936790831,76.4394126478837,78.23152923583984,2288600
2016-11-16,78.15048889253573,79.17712533977515,77.35799964909143,77.96137237548828,1825800
2016-11-17,79.06006602189561,81.64467251764135,78.66381791044103,81.44654846191406,3636900
2016-11-18,82.15799671207475,84.65254200111876,81.8518030937646,83.16661834716797,3224700
2016-11-21,85.29192084988156,88.66000874829707,84.87766463741062,87.6964111328125,5209400
2016-11-22,87.40822102890304,88.53391934988404,86.4536310513407,88.34480285644531,2690300
2016-11-23,88.20973551649213,91.43373780852649,87.84951747752943,91.24462127685547,4267800
2016-11-25,91.4157209049978,92.03710177223599,90.47913897775877,91.45174407958984,1170400
2016-11-28,91.3256606667727,92.89263087413993,90.74029614018131,91.85698699951172,2746200
2016-11-29,91.11853639136066,92.35230437657694,89.33542700818604,89.86676025390625,2687200
2016-11-30,91.67688282481004,94.46861355515782,91.42472060525935,91.84798431396484,2618300
2016-12-01,90.95642998429776,90.95642998429776,87.65138115760294,89.3984603881836,3881900
2016-12-02,88.25475866470744,89.69565130957945,87.7144247817202,88.83111572265625,1955500
2016-12-05,89.65961171849648,90.4070770029769,88.22772684721366,88.58795166015625,1678600
2016-12-06,89.15531178859423,92.12715826316777,88.93017211236041,92.01908874511719,2892100
2016-12-07,91.20858843064815,91.9380388141597,90.10090502388749,91.84798431396484,1769500
2016-12-08,92.06412563855177,92.06412563855177,81.05028891117306,81.69869232177734,12682400
2016-12-09,86.82286063664888,86.89490010515489,82.08592032884658,82.74332427978516,9967100
2016-12-12,83.10357313944648,83.29268968156335,81.12234633284382,82.40113830566406,3363100
2016-12-13,83.86903079168094,85.32793838582575,82.86941006673838,84.20223999023438,3743300
2016-12-14,84.427383788332,85.07578719514127,82.35609589110435,82.99549865722656,3537500
2016-12-15,82.68930082711009,83.28367287616851,81.40150159153457,81.8427734375,3120100
2016-12-16,81.98686388731687,82.98648458196266,81.43752253726045,82.76134490966797,4106700
2016-12-19,82.85140366209232,83.49079953978102,80.91520100671507,81.15835571289062,3142100
2016-12-20,81.3474523615786,82.00485623035307,79.24914937129847,79.5283203125,4096000
2016-12-21,80.23976710487567,80.78010087200519,79.24915405335209,80.39286041259766,2455400
2016-12-22,80.15873842085342,80.3208392750493,78.97900175448196,79.47431182861328,2076800
2016-12-23,79.07806383527668,80.14973097617218,79.01502499585449,79.55535888671875,1256300
2016-12-27,79.81651121047162,80.34784439030224,79.25816924099215,79.46529388427734,1483400
2016-12-28,79.45632138036122,79.85256265723687,78.00642088108148,78.4206771850586,1671600
2016-12-29,78.41164685783349,78.81689553035378,78.1144608336025,78.50170135498047,984600
2016-12-30,78.4386596975752,78.75385386160738,77.06080601572204,77.90733337402344,1888500
2017-01-03,78.52871597313597,79.15010367540991,77.62815727220223,78.76286315917969,2703500
2017-01-04,78.98801611178955,81.46455295564724,78.98801611178955,81.30245208740234,2598800
2017-01-05,81.77075737081307,83.14861149806691,81.62666463740943,82.34711456298828,2507500
2017-01-06,82.022902012448,83.41876411271531,81.77974727443991,83.23865509033203,1858400
2017-01-09,84.54445387604031,85.55308216022995,83.4097547858848,83.52682495117188,2776200
2017-01-10,84.35533483926002,85.9763433063346,84.07616383076525,85.39998626708984,3055400
2017-01-11,84.94067960577745,85.33692755448581,82.87839976383403,83.68890380859375,2207300
2017-01-12,83.41875944197243,83.57185966021656,81.24841629968405,82.79737854003906,1904000
2017-01-13,83.30168204849709,83.30168204849709,81.50056459879985,81.52758026123047,1527100
2017-01-17,81.50059785901037,83.93210466010697,80.69009330173797,83.15762329101562,2008600
2017-01-18,83.6439019947137,83.6439019947137,82.26604807856461,82.83340454101562,1202400
2017-01-19,82.70730696082654,83.16659381746689,81.50956912242201,81.88780212402344,1143500
2017-01-20,82.23002158169396,83.04052587339642,81.75272651844652,81.78874969482422,955200
2017-01-23,81.85178702638736,84.31931616165065,81.85178702638736,83.42776489257812,2322600
2017-01-24,83.63489791026437,85.04877494603954,83.31069619384422,84.6795425415039,1775800
2017-01-25,85.19286190555283,87.57033661021246,85.19286190555283,86.83187866210938,2865800
2017-01-26,86.45364395860602,89.47051453510122,85.73319417733032,86.00336456298828,5216100
2017-01-27,91.8569848260316,93.70313285758685,90.95642615126658,92.82958984375,7967400
2017-01-30,92.50538824773957,94.00931958686971,91.94703939546487,92.352294921875,2483400
2017-01-31,91.9920771012434,92.26224060209339,90.85737115966316,91.34367370605469,1827500
2017-02-01,89.65962445220333,90.13691947708436,88.04762351014999,88.12867736816406,3025400
2017-02-02,87.65138731644373,88.32680639843905,86.95795321132636,87.6964111328125,1698700
2017-02-03,87.96656144719238,88.70501920022343,87.08401102492762,87.28213500976562,1888800
2017-02-06,88.47990566271423,89.4254951890765,86.4446407689615,87.3722152709961,2828800
2017-02-07,87.2371272825958,87.61536030297249,86.9309337393971,87.36320495605469,1903100
2017-02-08,87.33618739161855,87.56132707085268,86.75082285146627,87.51629638671875,1061000
2017-02-09,87.85851906448852,89.3084193602881,87.6243787107868,89.04725646972656,1764300
2017-02-10,89.63559424127534,90.6946014353312,89.17397306477488,89.51792907714844,2314900
2017-02-13,89.4998177633716,89.98859188224507,88.89337848659132,89.58128356933594,1621200
2017-02-14,90.97518605793935,91.11095778648148,88.34123800338791,88.41365051269531,1876200
2017-02-15,88.19642640535932,90.77606181566586,87.71670558062621,90.32349395751953,1924900
2017-02-16,90.14247418757246,90.15152747947054,87.40896701361352,87.54473876953125,2813000
2017-02-17,87.0831134365963,87.20077860314416,86.00599963781308,86.81157684326172,1988600
2017-02-21,87.07403729504746,87.23696197054852,86.03313693529556,86.86585998535156,1551000
2017-02-22,86.79345069414786,86.86586319830141,85.36333481247947,85.7615966796875,1975100
2017-02-23,86.13272842331794,86.24134030271146,84.72071184045747,84.93794250488281,2079400
2017-02-24,84.40389190817555,85.13704951012122,83.87891162018752,85.091796875,1935300
2017-02-27,85.48101378873382,87.11025383046461,85.33618876868465,86.44950866699219,1694400
2017-02-28,86.18703202311222,88.47702449333164,85.81592303022417,87.02880859375,2094100
2017-03-01,90.42305504055902,93.8716197420908,90.16961815722631,92.96648406982422,6088500
2017-03-02,92.9302922369754,92.9302922369754,90.27824402941275,90.64935302734375,2754100
2017-03-03,90.53166046173111,91.88936387355191,89.68083768615634,91.45490264892578,1782100
2017-03-06,91.21956698031626,91.54541635704462,90.07909416176697,90.84846496582031,1206000
2017-03-07,90.31443102489817,90.66743336411511,88.92957463171832,90.02478790283203,2462400
2017-03-08,89.9523770646107,90.79415348273692,89.39119738961782,89.81661224365234,1204700
2017-03-09,89.44550146611125,90.27822457705382,89.07439945378027,89.59937286376953,1081600
2017-03-10,89.76230621947741,90.98423804026302,89.44551010381261,90.10626220703125,1485800
2017-03-13,92.27858051847242,94.7767569479293,91.8712722216167,94.40565490722656,3453700
2017-03-14,94.31512477543005,95.79050019202802,93.90781652624548,94.76769256591797,2777100
2017-03-15,94.87630934740177,95.02113435204977,93.34662803757973,94.81295013427734,2129400
2017-03-16,95.03924427816959,98.2977312722937,93.93497766832131,96.09825134277344,4710000
2017-03-17,97.09389896087939,99.84551218890377,96.57797191222713,99.73690032958984,3913500
2017-03-20,99.56493247603103,103.04970373156458,99.56493247603103,101.04935455322266,5013300
2017-03-21,102.2712922411277,103.14022178157865,100.06276558209586,101.14892578125,4163700
2017-03-22,101.2484645092993,102.75098595116269,100.74159080442531,102.59711456298828,2473000
2017-03-23,102.54283881537229,103.25789694839605,101.17608178107938,101.66485595703125,2302600
2017-03-24,102.05405976913583,102.524727338903,100.37050665641345,101.30279541015625,1666300
2017-03-27,100.29807922208677,104.78755121988969,99.72784624830116,103.7738037109375,3487200
2017-03-28,104.07251564423689,105.16772911589922,103.08591404721473,104.2535400390625,2148000
2017-03-29,103.97294653394239,104.98669415867705,103.68330336892708,104.53412628173828,1213300
2017-03-30,104.3531061196582,104.75136807729854,103.0044557253371,103.45702362060547,1685900
2017-03-31,102.58806849280114,104.02723772846437,102.00878224485677,103.73759460449219,1979600
2017-04-03,106.64308590511357,108.43525759610668,104.87807408534833,105.30348205566406,3477200
2017-04-04,104.9957365185871,105.77415373833102,104.3349844485674,105.66553497314453,1668100
2017-04-05,107.05037585890786,108.10033638610129,105.45734230167349,105.61121368408203,3103600
2017-04-06,105.15867484871885,107.32194880331083,105.06816265214589,106.67024993896484,1953900
2017-04-07,106.59783216999594,106.76075687805914,105.26728844405699,105.74700927734375,1582800
2017-04-10,105.2672796535228,106.40774560909095,104.38024367133276,105.15866088867188,1293200
2017-04-11,105.36682786600817,105.67457062421285,103.05872955692945,105.20390319824219,1934900
2017-04-12,105.56597751462901,105.9642394449191,103.8552715404467,104.44361114501953,1654600
2017-04-13,104.13587331805053,104.3983566149369,102.19888331865974,102.70575714111328,2553400
2017-04-17,102.97729228191334,104.27163669374721,102.90488666946474,103.76476287841797,3059300
2017-04-18,103.1854582119975,105.05003533479655,103.02253352806888,104.89616394042969,1752300
2017-04-19,104.76945069090691,105.53881460642981,103.8552617577794,104.03629302978516,1207600
2017-04-20,105.15865320696061,105.6293206756589,104.45264855109491,105.13150024414062,2107800
2017-04-21,105.22201611849457,105.33063487922676,103.54751659795126,104.90522003173828,4250200
2017-04-24,105.88276612435732,105.9008657979794,104.28972552578381,104.60652160644531,2350200
2017-04-25,104.75133387476,107.1137311635235,104.75133387476,107.00511932373047,4245500
2017-04-26,111.6032059560812,115.1332287564383,110.03731855810989,113.31391143798828,6282700
2017-04-27,113.34107553690717,114.0108739154172,112.23680905261672,112.68937683105469,2448300
2017-04-28,113.17816062321306,113.17816062321306,111.3045301350856,111.34073638916016,1522800
2017-05-01,112.22776597953383,114.94317289734443,111.5579675400522,113.97467803955078,2138700
2017-05-02,114.50870351234528,114.56300943703475,113.01522843265688,113.41349029541016,1497500
2017-05-03,113.35918263963423,114.2009590389281,112.7255904705471,113.91131591796875,1322800
2017-05-04,114.15571334007663,114.45440286329443,112.12820446448897,112.5264663696289,1423300
2017-05-05,111.76616922835706,112.0829653704434,108.4714686337452,110.55328369140625,3086100
2017-05-08,109.33133586992786,110.0826001159407,107.86501363253811,108.79730224609375,2901900
2017-05-09,109.46989631282858,112.61474630736402,109.27902469594868,112.2148208618164,2917400
2017-05-10,111.3877382416904,112.14213379105318,110.59697825970245,112.04215240478516,1236300
2017-05-11,112.12394360401088,112.12394360401088,110.62422994383881,111.09687042236328,1051300
2017-05-12,113.3237113113081,115.55964510495991,112.86925305403376,113.8781509399414,2374900
2017-05-15,113.42368068468518,114.950660544982,112.94195609244855,114.24170684814453,1396300
2017-05-16,114.91432191322262,117.27750360196623,114.56893611396605,116.259521484375,2408100
2017-05-17,114.73256013956919,115.1143034961052,111.24231634335425,111.45137023925781,2716000
2017-05-18,109.5699072923122,112.47843786119188,109.54263396725818,111.26957702636719,1651800
2017-05-19,111.82400529646638,113.5600392861207,109.49718107967787,110.64241790771484,3182000
2017-05-22,112.30572253319309,114.35987580165332,111.79673150310772,113.75999450683594,1979800
2017-05-23,114.37805955007174,115.95957939834152,112.60567498586983,112.84199523925781,1907800
2017-05-24,112.87835433134329,113.32372152194523,112.08759439602352,112.70565795898438,1100100
2017-05-25,112.73290885026357,113.46912897314184,112.40569836576604,113.1055679321289,1000300
2017-05-26,113.11467231431354,115.72326555000338,113.11467231431354,114.27809143066406,1354100
2017-05-30,114.27808907310714,115.96866759754842,113.94178742909017,115.05066680908203,1617300
2017-05-31,115.30515123915741,117.09571790793893,114.06902420693716,116.97755432128906,1697100
2017-06-01,119.79521031000654,122.94005397036015,118.84084510895202,121.42216491699219,4059300
2017-06-02,122.20381016191773,122.64008616116,121.05858046304527,122.41285705566406,2293600
2017-06-05,122.11293578865607,122.52194543472524,120.4314347371923,121.14038848876953,1423700
2017-06-06,121.34944237896686,122.10384477216634,120.24056308958599,120.5223388671875,1892400
2017-06-07,121.13130925307564,121.13130925307564,119.22257900168131,120.25874328613281,2371500
2017-06-08,121.28583950504733,122.66739669077681,120.4314556384642,122.45833587646484,2609600
2017-06-09,122.27655717272368,122.78554828334066,115.97776444090346,117.78650665283203,3109700
2017-06-12,116.95027814032743,120.29509789342572,116.36857216617526,118.38636779785156,1921200
2017-06-13,120.39509876741286,122.34017973389264,120.0406218486748,121.94025421142578,1665400
2017-06-14,122.16748518837991,122.94005598745849,120.5132502968819,121.33128356933594,1235900
2017-06-15,119.48614668720687,122.1129143226983,118.93170717187658,121.83113861083984,1257100
2017-06-16,122.1674801694312,124.5033885552256,121.71302188194932,122.21292877197266,1806200
2017-06-19,124.15797434059398,126.14848942314504,123.71260035282921,125.81219482421875,1824800
2017-06-20,125.5213594838254,125.9031027048012,123.90348941299125,124.63970947265625,1359700
2017-06-21,124.5488102346472,125.830385656866,124.14888480907851,124.93965148925781,897200
2017-06-22,124.85786268721851,125.39413399493208,123.59446923088194,124.5670166015625,1126900
2017-06-23,124.1489309771352,125.79406801495136,123.65812205257545,125.72136688232422,1455900
2017-06-26,125.88494082615749,126.94837151398706,124.29433688070063,124.65789794921875,1174500
2017-06-27,124.5215631218606,126.11216703035151,123.00367419917654,123.27635192871094,1729800
2017-06-28,123.59448655126701,124.23982349791758,121.80391957797463,123.55813598632812,1268400
2017-06-29,123.43087698543881,123.44905920073941,119.14078952629728,120.66776275634766,1779600
2017-06-30,121.01314296637662,122.758260992356,119.70430097965077,121.90387725830078,1455000
2017-07-03,120.70413224417567,120.79501558655313,117.08664790992533,119.07716369628906,2005600
2017-07-05,119.61342973305572,120.78592604103909,118.18642401841993,120.35873413085938,1212300
2017-07-06,120.01333334491652,120.72230100264476,118.91355210266738,118.98626708984375,1276900
2017-07-07,118.88627591209345,121.28581481517213,117.71376591039373,120.39508056640625,1334800
2017-07-10,120.6131722721681,122.84001410171146,120.35867685558944,122.65823364257812,1119800
2017-07-11,122.69463271710163,123.52173612015959,120.90406625743398,122.05838012695312,1391100
2017-07-12,123.22182783418626,124.09437998738507,122.81280427659749,122.94915008544922,1183400
2017-07-13,123.7944338272249,123.91259741917172,122.24927843492614,122.68555450439453,953800
2017-07-14,117.73195081102293,119.8315456655348,115.44148432741746,118.54088592529297,4478300
2017-07-17,118.15914381569594,119.3680044128554,117.15933012813096,118.02281188964844,2156900
2017-07-18,118.1227814172229,121.53121791638262,118.09550116578309,121.38578796386719,1740700
2017-07-19,122.05838728704887,122.86732239478607,119.88607746724011,121.0404052734375,1359400
2017-07-20,121.12221195316735,121.27672609919328,119.70430438354995,119.97698211669922,1008800
2017-07-21,120.14966619522173,123.24907457830676,120.14056815470184,121.92205047607422,1646700
2017-07-24,123.82170522114058,126.74841779888322,123.19455054462905,125.91221618652344,2814000
2017-07-25,126.42118650405308,126.9392755409431,124.22161034537315,126.32120513916016,3743200
2017-07-26,119.97698211669922,120.88589864788632,116.74124148470759,119.97698211669922,8653800
2017-07-27,120.27694083496414,121.0040769219636,115.74144180101345,116.35951232910156,4513400
2017-07-28,116.20497104702264,119.18622293834107,116.02319052408677,116.88666534423828,2730500
2017-07-31,117.75922789044789,119.36801409309912,116.84122715303042,117.55926513671875,2475300
2017-08-01,118.27732063284202,118.48636756582891,115.81415056455626,116.34132385253906,2424100
2017-08-02,116.19588667199218,116.2595174866367,112.85108047551311,114.47803497314453,2906300
2017-08-03,114.70525652055385,115.60508882480275,113.79634004437042,114.83250427246094,1238600
2017-08-04,115.04156654809196,116.25042721432628,114.405327741907,115.89595031738281,1034400
2017-08-07,116.63217456635634,118.56815732410313,116.34131462269617,118.36819458007812,1707400
2017-08-08,119.2076044598357,120.15652855512593,118.05796087920552,118.67841339111328,1791700
2017-08-09,118.2130897799101,118.67843272023545,117.19118420846804,118.47769927978516,1789000
2017-08-10,117.70213745951085,118.1765995863072,114.90100935035692,114.98312377929688,2174300
2017-08-11,114.57253061033694,115.30246908575818,113.24039880972101,114.62727355957031,1235200
2017-08-14,116.16014830088746,117.21855848079639,115.67656697983622,116.95394897460938,1293200
2017-08-15,119.81894068421805,124.56351950807742,119.75506463365313,124.44490051269531,5147800
2017-08-16,124.68214546072925,124.9650072603492,123.55075395192797,124.49966430664062,2131200
2017-08-17,124.08907678315425,125.1018631873253,122.3919756173114,122.8299331665039,2190300
2017-08-18,122.729567948245,124.98324570475644,121.79890988511093,123.08541107177734,1729600
2017-08-21,124.07995731541807,124.54528634022263,121.56167008786073,123.76060485839844,1671300
2017-08-22,124.5270523578482,125.8683105986679,123.89748045839143,124.2259521484375,1931800
2017-08-23,122.17300783860945,123.57814215232509,121.59819282156352,122.94857025146484,1720300
2017-08-24,123.4503771368386,123.4503771368386,120.95947547723011,122.35547637939453,1474400
2017-08-25,122.1273828096529,123.44125548707719,121.18759162940162,122.85730743408203,1128900
2017-08-28,123.0489409575911,123.44127480851014,120.67664378961739,122.17301177978516,1976400
2017-08-29,121.76238146871707,123.62372507551055,121.01420470621856,123.40473937988281,1136700
2017-08-30,123.45949382990543,124.39928490397108,122.7386884718775,124.18031311035156,1012100
2017-08-31,125.10186153076954,127.68401086797623,124.41754677815919,126.81721496582031,2629700
2017-09-01,129.01611580681802,132.1274697414897,128.51429620389825,130.8592071533203,3014100
2017-09-05,130.09278588678458,131.31542478730054,128.50517079941602,130.01979064941406,1836000
2017-09-06,131.21505712397104,131.3063046506265,129.64569433793866,130.82272338867188,1817300
2017-09-07,131.38844909144512,134.58191834019553,131.2242202128429,132.9851837158203,1860700
2017-09-08,132.78444426516907,134.02533567422964,131.53443367073749,131.78077697753906,1081100
2017-09-11,133.3683970328039,133.4049016204121,131.5800620677885,133.12203979492188,1516700
2017-09-12,132.7570746792878,133.45050868272332,131.30633060664766,133.14028930664062,992300
2017-09-13,133.5782495187107,133.66037787951757,131.8994004737438,132.72970581054688,933400
2017-09-14,132.300847397503,132.41946640551615,131.34280399393387,131.47967529296875,1070400
2017-09-15,131.48881083374764,132.43772124863568,130.35740533077836,130.6767578125,1534800
2017-09-18,131.17856950841968,132.38295613817442,130.8592170801386,131.242431640625,900700
2017-09-19,131.55264708553568,134.47240085114743,131.38841824548933,134.13479614257812,1968900
2017-09-20,134.445070734858,134.94689051542215,131.47057310757,132.93045043945312,1223400
2017-09-21,132.4285931535854,133.03079348992904,130.20228688401417,132.6658172607422,1361100
2017-09-22,132.2187042236328,133.29535247870402,131.93585642517903,132.2187042236328,1022800
2017-09-25,130.89573012094456,131.35193994945104,127.92123312873409,128.76979064941406,2193500
2017-09-26,129.91032086984197,132.30085601999448,129.37198266775616,131.95413208007812,1085700
2017-09-27,132.30084381272272,134.14393532825298,131.91762924616228,132.5563201904297,1348500
2017-09-28,132.66579584822554,133.3318721380782,131.54352370975448,131.73513793945312,1132800
2017-09-29,134.2260706891284,136.9998206179298,133.64212260293755,135.87754821777344,3215000
2017-10-02,134.22603533245024,135.83188866586974,132.66579183682134,134.18954467773438,3006000
2017-10-03,134.73701454144924,135.24796734249892,133.54174696990384,134.2078094482422,1709000
2017-10-04,133.79718178422956,134.65485825759248,133.16761016346678,134.09828186035156,1525000
2017-10-05,134.61834808880153,137.22786805097087,133.95228584517238,134.0891571044922,1718500
2017-10-06,132.00886079157368,133.0581516830083,129.85556390523288,131.33367919921875,3339400
2017-10-09,129.9285353173946,131.58002635916537,127.00879561004967,130.81358337402344,2587500
2017-10-10,131.64390486234458,132.5563245045413,129.51796542533606,130.05628967285156,1503900
2017-10-11,129.59096096204075,131.56179073504703,129.57270867087806,130.7223663330078,870200
2017-10-12,130.9869522834202,133.12201075282118,127.83910752636733,128.4321746826172,2441900
2017-10-13,128.91576086547218,130.66761877240148,127.94859830425017,129.86468505859375,1450300
2017-10-16,131.3245733580638,135.16586679006315,131.1968351446854,133.9523468017578,2831200
2017-10-17,133.72422229758214,134.41767014515145,133.03078837243186,133.57823181152344,1005900
2017-10-18,133.32273399608212,133.97055797234512,131.85373803194125,132.6019287109375,1173000
2017-10-19,131.38839275135692,132.87564081892356,130.83181636405524,132.78439331054688,785200
2017-10-20,133.94319724213315,133.96144953202565,131.5891530530456,131.78988647460938,1063100
2017-10-23,131.75340699356082,133.8793466924417,131.75340699356082,132.08187866210938,1212700
2017-10-24,132.30993781406733,132.89388569802807,131.6438755219908,132.2187042236328,735400
2017-10-25,131.9359086365796,133.71512446192827,130.47603138774818,130.9413604736328,1705400
2017-10-26,132.78441540811392,133.30450123206498,130.22963789497422,132.61105346679688,2748100
2017-10-27,130.16580774448252,133.21328643525038,128.6968113577175,130.61288452148438,3037700
2017-10-30,130.06544312549613,130.25704348377454,128.08549386290014,128.84280395507812,1636000
2017-10-31,131.2789636876522,136.5436158456844,131.2789636876522,134.5727996826172,3938100
2017-11-01,139.03450108983304,140.1111495194815,136.74431901664923,138.27719116210938,3463900
2017-11-02,138.27721420295958,138.8064193221668,136.76259409513418,136.90858459472656,1357300
2017-11-03,136.40672888316314,137.79361056005163,136.0417666156537,136.94505310058594,1213700
2017-11-06,136.90857133690457,140.76810256009836,136.45236151167157,138.13121032714844,1772800
2017-11-07,139.46329933879983,139.98337111418417,137.53809400693206,138.86109924316406,1285900
2017-11-08,138.91588413646124,139.60019883664086,137.8574740588031,139.40858459472656,2153400
2017-11-09,138.6421668357522,140.59474438341155,137.9943566630384,140.13853454589844,1455300
2017-11-10,139.77359449605814,141.12397193179234,139.60935168874877,140.54002380371094,903900
2017-11-13,140.2845174555567,142.70242389476635,140.07466483991666,141.64402770996094,1282900
2017-11-14,141.00529134600626,141.67136754818648,138.94322846441452,140.1476287841797,1101200
2017-11-15,139.59841793464304,139.59841793464304,137.31906824615598,138.79286193847656,1191100
2017-11-16,139.1407050616452,141.2461264186552,138.9667769454564,140.2391815185547,1269900
2017-11-17,139.9645769074024,140.68775032896633,139.12241104989954,139.39703369140625,849600
2017-11-20,140.7426980242416,144.45921841688107,140.5962307260365,143.68113708496094,1771400
2017-11-21,143.6811285583631,145.3013758069752,143.43396675329583,145.15492248535156,916900
2017-11-22,145.11825748351063,146.0519687292373,144.3767862466839,145.2647247314453,962300
2017-11-24,145.16406636606217,146.4547831198739,144.9992871791618,145.93299865722656,436500
2017-11-27,145.20982040438946,146.4639131913666,144.75212067566642,145.0816650390625,945000
2017-11-28,145.20068869976296,146.1893220025839,143.7452066016753,144.17544555664062,1413400
2017-11-29,144.6514201166295,144.86195807201344,140.66942705640528,142.86639404296875,1630000
2017-11-30,142.5094076303153,145.38377587640883,140.0652922954511,144.7063751220703,1474500
2017-12-01,145.86889410414028,147.19622038712183,141.6489024813313,145.55764770507812,1803100
2017-12-04,146.4364271553122,146.78428335907543,142.28966944326493,144.69717407226562,1427100
2017-12-05,145.39293639063433,147.35189119481615,144.42261494107106,145.96047973632812,1473900
2017-12-06,144.26693874370392,146.63781963554513,143.71769356331427,144.49578857421875,1066500
2017-12-07,144.65139648868012,145.78648264350267,142.93959035642024,145.47525024414062,1155700
2017-12-08,146.46392134062347,146.85753642464013,145.4661392287836,146.04283142089844,1066900
2017-12-11,149.4755715390277,151.25144872464415,148.98126197695612,150.36351013183594,2596700
2017-12-12,148.69749761614284,150.5466085246286,148.46864774021745,148.5784912109375,1610900
2017-12-13,149.9423924947969,152.5970446007665,149.52130271484666,150.903564453125,1355200
2017-12-14,151.72744307084517,152.67945225404745,150.64727853667554,151.0408935546875,1161200
2017-12-15,152.31330899849016,152.31330899849016,150.4459003267829,151.9837646484375,1496300
2017-12-18,151.95628980332583,152.7160729284887,150.21703665176722,151.15989685058594,1450300
2017-12-19,151.91051403338471,152.54214179768653,151.30634713119295,152.08444213867188,1004900
2017-12-20,151.956312627531,154.93136091692543,150.75714155189863,154.65673828125,1480100
2017-12-21,155.43484048183706,155.61791759130801,154.0159684396328,154.25396728515625,1104300
2017-12-22,153.57656995668708,154.43704767633736,152.8900203677602,153.55825805664062,748600
2017-12-26,153.77796784430257,154.4278936707124,152.63371846326902,154.3546600341797,661100
2017-12-27,153.5857522499506,155.89256328031735,152.19434087012252,155.8101806640625,951600
2017-12-28,156.13053407155635,156.58823381448087,154.061736261977,154.22650146484375,1073000
2017-12-29,154.20820178022217,154.58350494956227,152.57877786346418,154.3271942138672,1336300
2018-01-02,151.14160253929325,152.26753994277894,149.86919787268621,150.40013122558594,2581200
2018-01-03,151.07753347116278,151.39792889633296,146.97654745558216,148.77073669433594,3530900
2018-01-04,149.3840221275048,149.64948179307498,147.86445585455667,149.5762481689453,2708800
2018-01-05,150.55575426141957,152.1851642256223,149.31995937077824,150.57406616210938,2186600
2018-01-08,150.23535570021176,150.26281656672603,147.8370135720486,148.5693359375,1803800
2018-01-09,149.11854849404904,149.91495542653075,148.3770772555788,149.5762481689453,2453600
2018-01-10,148.44120606135024,148.68835390241884,146.81179585156065,148.29473876953125,2296800
2018-01-11,148.29471116286058,149.56711584190052,147.35185084512028,148.75241088867188,2420700
2018-01-12,149.05449262258867,151.81900284483118,147.48915343294013,151.53521728515625,2680200
2018-01-16,156.16712848014018,158.025387969232,153.27446329700467,154.455322265625,3264400
2018-01-17,157.04590010290912,160.02094779816298,156.4508961510122,158.90415954589844,2367100
2018-01-18,158.69363515140324,161.1743735869949,157.1466079830987,160.63427734375,1847400
2018-01-19,161.79681848640865,164.64371073108006,161.5496567762988,164.44232177734375,1840800
2018-01-22,171.71978834096362,179.2718341934577,169.3672188962762,178.71343994140625,6777500
2018-01-23,180.2787573509002,184.62690443529738,178.12756320620187,178.4571075439453,4261800
2018-01-24,180.22386436820747,184.88324463478503,177.77058635862386,183.61083984375,3248400
2018-01-25,183.76645473228587,186.40280983528027,181.39557331368678,183.629150390625,3490700
2018-01-26,184.90151479549436,184.90151479549436,162.97768977435723,165.03733825683594,22145600
2018-01-29,156.5607426729522,157.30221387824852,148.60592044429754,149.64947509765625,25903500
2018-01-30,147.2786107454663,157.72332138211928,147.12299452167042,156.8903045654297,16494600
2018-01-31,158.61125282158818,162.00737666378544,148.84394321548197,151.5809783935547,11253100
2018-02-01,151.9654822866458,157.2473418798911,150.15299499300528,156.0664825439453,6416100
2018-02-02,153.7413685791157,158.36413960986016,151.95634205339184,152.46896362304688,5398800
2018-02-05,151.60847154254196,156.3319366520101,151.3155509449341,151.48031616210938,4916800
2018-02-06,149.66782503641747,153.47589048138042,148.51442664255833,149.41151428222656,3672700
2018-02-07,160.70749187830276,164.86341234143075,158.3182992505776,162.318603515625,15719900
2018-02-08,163.12419394312545,164.03959347587912,154.8398253781271,154.95883178710938,5312600
2018-02-09,154.38209808962444,154.46449464847836,147.27860401025544,152.15768432617188,5511100
2018-02-12,153.43927720207373,153.56743258795933,148.29473589566481,149.13690185546875,3427500
2018-02-13,149.21013907867905,151.5444109191934,148.7432902977321,150.72970581054688,2122900
2018-02-14,150.1328601628414,151.84988062465675,149.25140784968178,150.7296905517578,2116700
2018-02-15,151.1153078297316,152.68540068576158,148.56274757559473,150.59193420410156,2642400
2018-02-16,150.68373831079901,153.68621510218364,149.2146328321496,150.83982849121094,3451200
2018-02-20,150.47256617702212,153.26384990472536,149.92164809410875,151.42747497558594,1915800
2018-02-21,151.21632316199523,155.1737096091756,151.07858661111288,152.74969482421875,1962900
2018-02-22,152.7772272329755,153.95250618651778,148.8106642673778,150.75721740722656,2533400
2018-02-23,151.50095151735155,153.70459611706804,150.68376512716003,153.45669555664062,1904900
2018-02-26,154.3197831277675,155.83478693077453,153.5301413005783,155.17369079589844,1776300
2018-02-27,155.55932150487408,155.7705007027945,152.88739256999696,154.9441375732422,2023200
2018-02-28,154.9349748614147,156.0459739699376,153.18123324863447,153.79641723632812,2578000
2018-03-01,154.48504877686452,154.67787431882732,149.90328805170392,150.05020141601562,2561500
2018-03-02,148.54438653813077,150.12367030684146,143.73307854386897,149.71966552734375,4147600
2018-03-05,148.131224564222,153.08025574829864,145.67966506591938,151.55606079101562,2803600
2018-03-06,152.99757717118408,153.61276107296607,150.5919165582009,153.1352996826172,1257600
2018-03-07,151.61112829122845,155.38487979461726,151.15203450254577,154.63197326660156,1551900
2018-03-08,159.066817023459,165.75122130098666,157.5609899941353,164.45657348632812,6348200
2018-03-09,173.739435433278,176.98063610465869,169.32295591274996,173.43643188476562,9408500
2018-03-12,173.73028565845206,176.5858497156502,172.78453952072533,176.0991973876953,4959100
2018-03-13,173.73029639183835,176.58586062545865,169.59845184861854,170.24118041992188,3765900
2018-03-14,170.7094399551574,171.96735250625295,168.64351781831402,170.06671142578125,2012700
2018-03-15,169.8647100793308,172.28872484112668,169.5892509906294,170.97572326660156,1543000
2018-03-16,171.49909115297038,171.81127159694006,168.81798484921572,169.64434814453125,2031200
2018-03-19,168.6710623928183,168.6710623928183,165.55840693249124,166.76123046875,1467300
2018-03-20,166.7612078410652,170.59923884367817,166.21030375203236,169.12095642089844,1737000
2018-03-21,168.0650480884569,168.0650480884569,163.9791161690283,164.28211975097656,5681200
2018-03-22,162.22538323685816,164.57595533108105,159.81973613710764,161.17864990234375,3736200
2018-03-23,167.3672399499806,168.86389026909558,160.1502846231786,161.4908447265625,5924200
2018-03-26,163.3363819117342,164.63102971341743,159.61771955030133,162.51919555664062,2512500
2018-03-27,164.4932622545065,168.21192391691935,162.15189566190162,163.18943786621094,2953800
2018-03-28,162.46410300931484,162.91400593015052,158.90153092691287,161.63772583007812,2262600
2018-03-29,163.0425915635312,167.93651952375427,162.63858674637663,167.44070434570312,3300700
2018-04-02,169.66270357287019,171.04916180483482,164.30966818470054,166.19195556640625,2561200
2018-04-03,168.07422522800312,168.48740680227158,162.84973609420948,165.54920959472656,2018900
2018-04-04,162.60184555356417,165.24623043601161,161.3806543130015,164.8881378173828,2022200
2018-04-05,165.58593058202936,168.1844028913336,164.1719279949571,166.4123077392578,1619600
2018-04-06,168.0742471612116,169.54333895148164,162.35394219389823,163.88731384277344,2809600
2018-04-09,164.35560760059906,167.17445072412005,162.54677660840585,165.62271118164062,1896900
2018-04-10,168.02835472322298,169.0750881758356,166.66944080466675,168.2854461669922,1978600
2018-04-11,167.26623137661792,168.4782457188854,164.93404106556937,165.11767578125,1180900
2018-04-12,166.05425882812793,172.61929558254621,165.4666192333706,171.3705596923828,3135900
2018-04-13,172.08672207796403,172.47235919715445,167.70696320716442,168.77206420898438,1477500
2018-04-16,169.39644646362987,173.3170976849317,167.4590699403098,173.2620086669922,1887900
2018-04-17,174.4923647223603,176.09919301667813,173.2619967052146,175.05245971679688,2068600
2018-04-18,175.78698834685173,178.40382824078287,175.17180442314216,177.12754821777344,1847200
2018-04-19,177.788694397824,178.302877284245,174.76784892445147,175.97067260742188,1845400
2018-04-20,175.51154876561904,177.3112025711438,174.620905700036,176.76028442382812,1902800
2018-04-23,177.21939452006936,178.18349436138692,174.0608407507793,177.4305877685547,1777300
2018-04-24,177.88965378321805,178.73438461378805,171.6000637160271,174.45562744140625,3979400
2018-04-25,170.02080435391676,171.2144510931728,164.5575906743416,167.92733764648438,4413700
2018-04-26,168.23950959447382,169.58924648385366,165.3196797589539,169.18524169921875,2336800
2018-04-27,170.14933295042695,172.2795347952093,168.45987121793556,169.9656982421875,2057700
2018-04-30,170.76452612375635,172.91309575818363,170.01161957630447,170.9573516845703,2299100
2018-05-01,173.01405297650584,176.70517041638215,172.63760677319965,176.15426635742188,2864400
2018-05-02,175.58500189607548,177.60501171126597,173.83127431718506,175.4013671875,1816000
2018-05-03,175.18100260129123,176.56747481675598,172.83044463309244,175.94309997558594,1781300
2018-05-04,174.95140668933786,179.34035499113662,174.78613969589142,176.66842651367188,2311900
2018-05-07,177.06330415707137,177.64176686348222,174.56583261281202,176.2093963623047,1936000
2018-05-08,175.91554086021304,177.38464647355204,175.32790141696333,176.0624542236328,1261600
2018-05-09,175.8145696915614,182.9580685849355,174.91474970523754,182.91217041015625,3152400
2018-05-10,183.40798160918703,185.914629950562,180.70850769827638,185.02398681640625,2749300
2018-05-11,184.5649196527722,185.00565987238892,179.2853399452699,179.6434326171875,1899800
2018-05-14,179.4505625496759,180.39629452911404,175.3187189077089,175.9522705078125,2624900
2018-05-15,175.9339362418874,176.5399434536148,172.96819405421306,175.30038452148438,1883100
2018-05-16,175.29117040961412,178.44375491891185,174.63667995170687,177.45741271972656,1672900
2018-05-17,177.6786431524315,179.16275585760326,174.44309938357497,175.12522888183594,1721500
2018-05-18,174.9316705948343,177.03339366189996,173.27241184039113,174.24952697753906,1319400
2018-05-21,177.25462321141728,181.03404524281626,176.8121588877464,178.99684143066406,2492900
2018-05-22,179.0521581489322,179.75272781935004,177.1532200808943,178.72030639648438,1195100
2018-05-23,177.62331749194703,179.5130281064485,176.94117400244224,179.3931884765625,1247100
2018-05-24,179.45773221183111,179.8817704529374,178.3331384051117,178.50827026367188,814900
2018-05-25,178.38845524874603,179.98318064461841,177.63256522895205,179.02450561523438,1166500
2018-05-29,177.25460517355054,179.24571552598007,176.13001139568001,178.2686004638672,1048100
2018-05-30,178.87702014992004,180.95109017830325,178.38846255737812,180.37034606933594,1301800
2018-05-31,180.60075641418013,182.22313464095654,178.01047625213963,180.6837158203125,2240500
2018-06-01,177.90911611581777,178.9046714068354,172.76542081173702,177.44821166992188,3732500
2018-06-04,176.81215671246997,177.42976696611922,166.99489789499455,168.53431701660156,5783500
2018-06-05,168.22087748367935,170.0091745758134,161.25199178228877,163.04953002929688,7194500
2018-06-06,164.18336552140508,166.11916962285457,160.95703472944663,165.47389221191406,5006900
2018-06-07,165.19735592554144,165.69512647263545,161.99867836712917,162.4687957763672,2686100
2018-06-08,162.82827780868107,165.8241558923923,162.46877300126306,164.1925506591797,2434200
2018-06-11,165.40938728471184,169.03208942297474,165.0590954101242,166.68148803710938,3906600
2018-06-12,167.86138930473734,168.82927729909883,165.18813532623975,165.36328125,2898300
2018-06-13,165.63059510400257,165.8149681128463,162.28443879191255,162.62550354003906,3365500
2018-06-14,163.06796585082847,163.51044418789604,161.32574783747103,162.4687957763672,2440700
2018-06-15,160.57907619025482,161.15060716124717,158.79999211241187,159.7586669921875,3246000
2018-06-18,158.74470573393586,162.2660081710246,158.680172363928,161.39950561523438,2412500
2018-06-19,159.28855476536737,161.65759593800055,158.38518612903013,158.93826293945312,2795600
2018-06-20,160.58829616974447,162.9112439137091,160.28409761776913,160.80030822753906,2128200
2018-06-21,160.21958865603258,160.85563899195472,157.887413468109,158.55111694335938,1898800
2018-06-22,159.067323448048,159.46370854413783,156.4954830983605,156.8365478515625,3024300
2018-06-25,155.32478737883514,157.37120410041655,152.57780101224853,153.51803588867188,2734100
2018-06-26,153.60096498431312,155.168036724508,152.51322356843417,154.1263885498047,1884800
2018-06-27,153.66551389761514,156.05299515460928,151.00148720592898,151.0936737060547,2067900
2018-06-28,150.42996098730387,152.10764547350942,149.35144651781084,151.1858367919922,1401200
2018-06-29,151.80344815790085,155.1957114476864,151.3886370609743,154.25546264648438,3256400
2018-07-02,146.81651564793447,147.48021921828823,139.96746782393853,142.08763122558594,6755000
2018-07-03,142.520852582053,143.29516856270996,140.124144185903,140.27163696289062,2227700
2018-07-05,140.3822792543263,142.79742827569714,139.21159201138818,142.73289489746094,2626100
2018-07-06,142.96330437093602,144.79770870220713,142.13368218773113,144.59490966796875,2048800
2018-07-09,147.8765560159336,149.53581455695286,147.2773859626946,147.60923767089844,4568900
2018-07-10,149.51741632395547,153.23230545222984,148.99199251044334,152.4487762451172,4051000
2018-07-11,149.80312968076427,150.06123499651886,148.37433742058158,148.5863494873047,2950900
2018-07-12,149.8768955139132,151.9048721432834,149.14867272118764,151.6652069091797,1785200
2018-07-13,151.32411656672096,152.8727484004801,149.9321764552877,152.31967163085938,1452100
2018-07-16,152.5593702732723,153.7300714941243,151.6191212733769,153.0479278564453,1373900
2018-07-17,151.77584239226962,152.5778257666928,149.462106924326,152.06161499023438,1607800
2018-07-18,152.13532758543585,152.36577979970866,150.14423114404082,152.0523681640625,1704600
2018-07-19,151.1766444733092,152.0984532810733,150.50372798203355,150.7802734375,1258000
2018-07-20,150.7710382989408,151.82189972106744,150.35622717072758,151.10289001464844,1348400
2018-07-23,150.76185051600214,151.7666188552852,149.3975772633202,150.93699645996094,1657000
2018-07-24,152.09843337125952,154.1356367586484,150.32856237991243,150.77102661132812,2888200
2018-07-25,150.96463618087554,152.98339977113648,150.52215781473168,152.83590698242188,1731500
2018-07-26,151.40708250299917,152.61464967762768,148.95506792809948,152.33810424804688,2220400
2018-07-27,152.1353129480331,154.20938267693577,149.13943445072917,150.6143341064453,1511800
2018-07-30,150.2824950850361,151.0291580000193,148.89978181560448,149.1671142578125,1834900
2018-07-31,149.36066637495153,154.4859206281829,149.36066637495153,153.7392578125,1955700
2018-08-01,153.4996202760448,153.9328715795288,146.19889555632335,147.48020935058594,4672000
2018-08-02,141.46999049491703,142.88035676221827,135.6718055598471,137.84727478027344,7324500
2018-08-03,137.34949703988292,138.6215975537546,134.82373612463059,137.52464294433594,3543800
2018-08-06,137.51545318050486,141.36862192726713,137.22969465491278,140.9906768798828,2117900
2018-08-07,140.62191720842978,142.31804180701718,139.66322830266526,141.30404663085938,1587600
2018-08-08,141.29482812136925,144.49350524796648,140.44676585500483,141.8571319580078,2226400
2018-08-09,142.13373626694957,142.79743989231392,140.07810607306,140.4099578857422,1917800
2018-08-10,139.17470068250753,139.17470068250753,136.11430251685704,136.9070587158203,3951400
2018-08-13,136.41849083297043,138.09617555273596,135.85618689633603,136.42770385742188,2079500
2018-08-14,134.8975049923348,135.44136884314625,132.2150378380325,132.62063598632812,4039400
2018-08-15,131.81447396160556,131.99053773570316,127.96892554396786,128.03378295898438,3872100
2018-08-16,129.40517685618434,131.06386917593767,128.8677384871295,129.35885620117188,2550800
2018-08-17,129.18282500971208,132.47239828976655,129.1550269539441,131.88861083984375,1797200
2018-08-20,134.34419579817632,135.5210319664202,132.95423649595662,135.08551025390625,2467900
2018-08-21,135.58589624683862,136.07701404279024,134.1496022170533,134.66851806640625,1818100
2018-08-22,134.59438268284748,134.97430825805793,133.59361036100822,134.4090576171875,1142800
2018-08-23,134.36268745607472,137.57812669393357,134.17736243918623,134.49241638183594,2257500
2018-08-24,134.7055528259577,135.28934011957284,134.36270080368536,135.19667053222656,1438700
2018-08-27,136.54958506134068,140.78431984475117,136.54958506134068,137.81907653808594,2752300
2018-08-28,137.90247068522015,138.62524822521956,136.27157642930845,137.10556030273438,1193800
2018-08-29,137.22601613340598,138.36579269919784,135.82679582359086,137.84686279296875,1842600
2018-08-30,137.96734931775137,138.29167878611756,136.70711908032837,137.63375854492188,1722600
2018-08-31,137.2538255755518,139.5333647569613,135.29861584503314,137.4576873779297,2956500
2018-09-04,136.88317246720194,137.24456126542967,131.84225189953645,132.5372314453125,2751400
2018-09-05,131.70323598447504,131.80516686357066,129.61829775338586,130.0723419189453,2164200
2018-09-06,129.49787524194312,129.53493460207292,117.98901389391276,118.47086334228516,6215600
2018-09-07,117.78512394924716,120.92643066296215,117.64612663799403,118.96195983886719,3230900
2018-09-10,120.15732067794512,124.68858645317407,119.8051932066098,124.35499572753906,4579500
2018-09-11,122.08475520269361,124.1604327911993,120.29634773881698,123.69711303710938,4106800
2018-09-12,121.89015063073701,125.53185112925199,121.76042166948233,125.04073333740234,3096300
2018-09-13,126.09709892359653,127.96891458455478,123.42837276455873,125.26311492919922,2047200
2018-09-14,127.76504196436017,128.80287354312287,124.84611943999784,125.35577392578125,2257400
2018-09-17,125.08707067578909,125.6337845850638,122.49247725868317,122.7333984375,1461100
2018-09-18,123.31716374100337,123.75268535728272,121.38975223775299,123.2152328491211,1417200
2018-09-19,124.06772284843149,127.36655616275033,123.61366454686137,125.77273559570312,1963700
2018-09-20,126.59751664722603,128.5898005701829,126.39365477344626,127.23690032958984,2605100
2018-09-21,128.3395652891051,128.75655021848291,126.47702506353968,126.69940948486328,5336900
2018-09-24,125.13340069413938,126.02298089828578,122.69634825185265,123.22452545166016,2487000
2018-09-25,123.40982734980568,124.68859423444113,122.63145365454716,124.11408233642578,1650700
2018-09-26,123.2430369243695,124.24380914649778,121.77894501455565,122.01060485839844,2967700
2018-09-27,121.44536715564729,121.55655936787976,119.2214380746205,119.48089599609375,2576800
2018-09-28,119.36041126638023,119.97199662496901,117.47933453507368,117.7387924194336,2657700
2018-10-01,117.59054575713846,118.04459710093408,114.00444859732558,116.0986557006836,3494500
2018-10-02,116.2747040231129,117.3959367426809,114.3009577632223,114.72721099853516,2037700
2018-10-03,115.87625438403175,119.8422696995842,115.57046169959126,117.81292724609375,2406300
2018-10-04,118.10019564824447,118.43378641744059,113.40213389671347,114.3843765258789,2145100
2018-10-05,114.90330300359587,116.04307274889571,109.40833024652305,111.78052520751953,3370800
2018-10-08,109.72337897116327,110.54808750333392,106.06314895844727,107.74036407470703,3584500
2018-10-09,107.3789734857445,110.80754358287977,107.1195155791965,110.23302459716797,2643200
2018-10-10,110.40907469337537,112.21601851169805,106.51718536743111,106.66545104980469,2442000
2018-10-11,105.95194418836459,110.22375233092296,105.72955271484825,107.69403076171875,3319400
2018-10-12,110.65928643064416,111.66005877866601,106.60987637547703,108.02763366699219,2366100
2018-10-15,107.29557485868143,107.7959609731784,104.99750608132842,106.25773620605469,2116800
2018-10-16,107.79596163421596,109.67703845950811,106.35039938246095,109.18592071533203,1720200
2018-10-17,109.8067836984433,111.77126203628329,107.30485980914298,109.61219024658203,1954800
2018-10-18,109.38977097053758,109.60289404812589,105.17355937477157,105.51641845703125,1661600
2018-10-19,105.90562845123705,107.5365159376303,101.837681644544,102.11566925048828,2777100
2018-10-22,103.24615286793185,103.78360537822496,100.03998162157534,100.72569274902344,2295300
2018-10-23,97.15813056276991,97.2044653563028,92.88632276388343,95.1565933227539,4342400
2018-10-24,96.3519841748506,96.51877957777273,91.70024964318802,92.12650299072266,3371400
2018-10-25,92.76586382763932,96.16662846965716,91.84849287108973,95.64771270751953,2726900
2018-10-26,93.24771257995761,95.48091674307693,90.10640583882648,93.13652038574219,2901000
2018-10-29,94.51720830264118,94.77666617467342,85.71413498033637,87.27088928222656,3158300
2018-10-30,86.86316652684405,90.79212227274333,85.96432526926661,90.43999481201172,3327400
2018-10-31,92.10795290403377,94.88787095705473,91.60756680612634,93.21991729736328,3323200
2018-11-01,93.97051906141958,105.85929897609266,93.69252437178696,104.3674087524414,6067500
2018-11-02,104.64537627073604,105.82220506925827,100.85541786332654,103.49634552001953,3883300
2018-11-05,103.08862103409355,104.08012479181336,99.60445532344865,101.28167724609375,2213300
2018-11-06,101.40215343295087,103.12570334385525,99.77126605140417,101.64308166503906,1523300
2018-11-07,103.55195420997815,105.93341721416692,101.90253718906033,105.62762451171875,5263100
2018-11-08,91.04232721119732,95.00834298044181,90.11568774848793,91.7558364868164,13478400
2018-11-09,91.2832414676225,93.93343049057302,88.95737479299873,91.107177734375,5228400
2018-11-12,90.61606249586508,94.25775540851984,90.53266127848057,92.20061492919922,3008000
2018-11-13,92.85854033492026,96.46316730355232,92.79367585488181,94.5079574584961,3090700
2018-11-14,95.52725480871709,97.98285069579424,94.60061538489158,95.66625213623047,2463600
2018-11-15,97.13033713506795,99.62299926814032,94.94346768658681,98.59442901611328,2971200
2018-11-16,98.19596721843682,100.1511766963856,97.3156556464034,99.85465240478516,2617700
2018-11-19,100.12339446558848,101.23535896732756,95.64772426714755,96.5743637084961,2223500
2018-11-20,93.69962051883331,95.05298404736989,92.78493550699183,94.22229766845703,3958700
2018-11-21,95.74365831253611,100.58777101535587,95.71565877243548,98.68373107910156,1997600
2018-11-23,97.7503808873247,98.93573992108955,96.27567663985232,97.37703704833984,714100
2018-11-26,100.99846136612932,104.72255016110549,100.73712280100003,104.0878677368164,2741800
2018-11-27,102.83718214084898,105.51591688742285,100.95180582816472,105.31057739257812,2983300
2018-11-28,106.65462054352801,107.17730491022017,102.10917995079842,105.2825927734375,3476000
2018-11-29,103.83587681759983,103.91054702231511,99.3650997837042,100.91447448730469,3468900
2018-11-30,100.33579081427885,102.37984315701092,99.52376836228906,102.10916900634766,3025700
2018-12-03,110.10802429821558,113.8694483799399,109.78135107541239,111.80673217773438,5976800
2018-12-04,110.56536338823776,110.8360375133096,102.80917643127096,103.00518035888672,4552700
2018-12-06,100.36378876242881,105.08656874823947,97.23704698778013,104.91857147216797,3641100
2018-12-07,103.51853090491042,106.31859927079785,97.12503577271379,97.99305725097656,3357000
2018-12-10,98.89842092792576,102.55717547963151,97.29304714355989,99.15975952148438,2926300
2018-12-11,102.5478345779211,103.21984497068478,97.68505027911718,98.50640106201172,2355900
2018-12-12,100.33579081427885,103.74254234518475,100.33579081427885,102.10916900634766,2494300
2018-12-13,102.9398372773594,103.86385775206611,99.80376045071823,100.90512084960938,2781900
2018-12-14,98.7584021188332,101.89447904023064,98.65573238288125,99.5890884399414,2032900
2018-12-17,99.59843188110894,102.18383235161859,96.41569117739712,97.51705169677734,2964100
2018-12-18,98.11439972663878,99.88777069093798,94.5396440113848,96.21968078613281,3253700
2018-12-19,96.19168002800437,98.36640150973206,90.5355441854305,91.8329086303711,3341700
2018-12-20,91.36622519081067,94.03562412267816,89.7328520670917,91.2822265625,2876000
2018-12-21,91.04890095590181,93.36362036444923,86.67145806085682,87.18480682373047,4350000
2018-12-24,86.24210584680759,87.77280929502288,84.05804885009817,85.87809753417969,2225000
2018-12-26,86.49410729758807,92.7662613723488,85.15940780179261,92.61692810058594,3506200
2018-12-27,90.10619776862052,91.61823719771638,86.16743393010333,91.58090209960938,4229900
2018-12-28,91.99157412889407,93.69961748591017,89.86352337894569,90.7595443725586,2316100
2018-12-31,91.45956712315662,93.80229305297026,90.14353865485569,92.3182601928711,2609800
2019-01-02,89.78885113254121,99.22508157484731,89.23817446900547,97.44237518310547,4174400
2019-01-03,95.94901051053519,98.4130700598102,95.33299206274545,96.49968719482422,2885100
2019-01-04,98.76773946371291,101.26913402681664,97.51704574263191,100.39177703857422,3007200
2019-01-07,99.96243539477999,103.17318260959016,98.7490767554435,102.17449188232422,3143800
2019-01-08,103.84521946032532,105.78659506881336,101.30648929429121,105.37592315673828,2255700
2019-01-09,106.35590988554775,108.25995691800892,105.86123236101957,106.7479248046875,2193000
2019-01-10,105.86124436421576,106.85993508006905,103.30385071145025,103.97586822509766,2465400
2019-01-11,103.26652000859174,106.20659319544772,102.27716480525267,105.98258972167969,1806000
2019-01-14,102.93050662474053,103.03317636247944,100.17710905686705,100.89579010009766,3692200
2019-01-15,101.59580240514916,102.90250227087233,99.78509654983382,100.58777618408203,2516900
2019-01-16,101.11046907889255,106.54260135283474,101.035798881086,104.06920623779297,2316600
2019-01-17,103.4158548572136,107.49461630413059,103.15450917740533,106.65459442138672,2545800
2019-01-18,107.95195841032069,108.94131349191525,106.14124549107825,107.50394439697266,2714200
2019-01-22,105.9732625317765,106.8692836185191,101.78249523789239,104.4985580444336,2014200
2019-01-23,104.95588794499258,106.2252527785984,103.68652311138676,105.51590728759766,1807500
2019-01-24,105.13321144733095,108.39995720425142,104.60119885175581,106.7852554321289,1792000
2019-01-25,108.02663474267862,111.06004211604792,107.60662733935816,110.63069915771484,2043900
2019-01-28,109.16533292197983,111.0507163063261,107.33595574809065,110.29469299316406,2271400
2019-01-29,109.66932806206775,110.34134550954333,108.34396427451372,108.90397644042969,1689800
2019-01-30,110.15467491210813,113.37475747018694,109.52932808452698,112.45073699951172,3583900
2019-01-31,115.77349710869191,118.70423483503492,112.94542912799945,114.81214141845703,3719800
2019-02-01,114.7281246328279,119.01223263045483,114.6721255481993,117.66819763183594,2990800
2019-02-04,117.5375278654149,118.28421555508797,115.52147537586254,116.10015869140625,1210900
2019-02-05,116.50150863941893,119.89893140991556,116.3055047120533,118.75090026855469,1946600
2019-02-06,118.53621249103423,122.73631450843308,118.12553357063183,122.68964385986328,2418700
2019-02-07,121.47628065569214,121.80296096038494,116.7721725677884,118.42420959472656,2345600
2019-02-08,116.97751432165641,117.920198795941,115.63347934398291,116.86550903320312,2181200
2019-02-11,117.2575446575298,117.77089345012094,114.821484243494,116.6695327758789,1314000
2019-02-12,117.03351589655213,119.25490075776489,116.84684753276477,117.72419738769531,1924200
2019-02-13,118.13488367599216,119.58158138761975,118.07888458756358,119.04957580566406,1099800
2019-02-14,116.7962706877471,117.03098987837237,111.97044470153642,115.88555908203125,2837900
2019-02-15,115.32223056787795,117.35959135466021,114.14863465433135,116.89954376220703,2477900
2019-02-19,117.6130733938567,121.04935816716471,117.24691207775979,120.51420593261719,1732500
2019-02-20,120.50484064246125,121.5188149595478,120.24195628971691,121.28409576416016,2036300
2019-02-21,121.43431409731923,122.15725319833811,118.8054635235025,121.70659637451172,2071500
2019-02-22,122.15725653260094,123.80967448248158,121.56575958597504,123.69701385498047,2904700
2019-02-25,125.1898365747404,125.5559979756348,121.1902263244997,121.30288696289062,1944400
2019-02-26,120.85221062932501,122.67363372944011,120.54237959750033,122.4764633178711,1643900
2019-02-27,122.1760330456868,122.70180172052751,119.68800828699668,119.90394592285156,1700000
2019-02-28,119.74435014499147,120.29829119202283,118.06375978235907,118.80547332763672,1943900
2019-03-01,120.17621413134327,120.5611570055018,116.65542660796407,117.47225189208984,2215300
2019-03-04,118.06374296261718,119.4908323699415,116.72114901854769,117.89474487304688,1869800
2019-03-05,118.21397033380133,118.21397033380133,115.6038870555358,116.55215454101562,1389100
2019-03-06,117.25631372552077,118.97445985306581,115.95127564955447,115.99822235107422,1452900
2019-03-07,115.62266704486609,115.70716250960223,110.70295514221445,111.41649627685547,2331700
2019-03-08,109.99880220827741,112.43048952465406,109.20075124946985,112.28026580810547,1242500
2019-03-11,112.77788809560379,113.81065118237697,111.40712877489584,112.07373046875,1293200
2019-03-12,112.82481720415653,113.16281340682931,109.58569528544693,110.17718505859375,1839100
2019-03-13,110.38373784948843,111.60428047465852,109.67018952263231,109.83918762207031,1185500
2019-03-14,109.89552835791886,110.16779631664521,107.70794377335932,108.57170867919922,1591800
2019-03-15,109.94245820667875,110.80622303637551,108.59986426273373,108.71253204345703,2201800
2019-03-18,108.71255611421682,109.67959816626392,107.50140406474955,109.05055236816406,1749700
2019-03-19,109.7171407622956,111.44467059416324,109.16319973892712,110.61846160888672,1476400
2019-03-20,110.13024649825769,111.72633412046848,109.28525598406209,110.91889953613281,1798500
2019-03-21,110.68417765160243,114.4772405183593,110.07390634159587,113.73552703857422,1465400
2019-03-22,112.6745925119,112.90931168219049,108.94725094159745,109.76407623291016,1706800
2019-03-25,109.22890683258007,111.0221646856447,107.92386885244905,109.33218383789062,1262600
2019-03-26,109.50119365847749,111.25689577386413,109.03175527968482,110.18657684326172,944000
2019-03-27,110.2523189830166,110.88136481158362,108.06473400097745,109.43549346923828,1425700
2019-03-28,109.2664595144235,111.92348209387369,109.23829436164054,110.43067169189453,1130300
2019-03-29,111.20994620863091,113.56652881517763,110.88134078454536,112.02677154541016,2359700
2019-04-01,116.42071269188217,121.5845346257963,116.32682645296863,121.43431091308594,4497300
2019-04-02,121.80986100066201,128.10033165285606,119.74432808516612,126.7765121459961,5559100
2019-04-03,127.6872319761589,132.05300292724803,126.75773888010514,129.2176055908203,4216100
2019-04-04,129.70583767462762,132.35347740243282,128.44774607009762,131.1329345703125,2684500
2019-04-05,131.4427404585475,132.65388512070766,130.12831878441074,132.32528686523438,1856900
2019-04-08,136.42819797665288,137.01969499903734,133.91201479937334,135.99632263183594,3477600
2019-04-09,134.0246555842667,134.24999116086667,129.65888444279375,130.7479705810547,3139400
2019-04-10,131.27376975236027,132.4942982123491,130.46633507780473,132.3816375732422,1371400
2019-04-11,132.34407556986778,132.8228975643213,130.76675514945893,132.40040588378906,1767900
2019-04-12,133.32048466448174,135.1043445739103,132.47550140762,134.99168395996094,2177600
2019-04-15,134.5785868291587,135.1513022066066,131.01085239552197,133.15150451660156,2006400
2019-04-16,133.50826376714033,136.11833984494635,133.14210242748038,135.87423706054688,1579900
2019-04-17,136.13707727135474,136.97267668983767,134.40954814286903,134.59732055664062,1690900
2019-04-18,135.1513108539306,135.8366868982951,132.74778856729097,133.73361206054688,1832200
2019-04-22,133.18909132796273,133.3580823108321,129.81852634800265,131.44277954101562,1579800
2019-04-23,131.6586524218202,134.31567473359348,130.55078498764564,134.1654510498047,1847100
2019-04-24,134.1466941180756,135.98688424414715,133.26414781580613,135.5737762451172,1361600
2019-04-25,137.62056603275087,138.85987598590907,135.52687473488706,138.014892578125,1949000
2019-04-26,138.95372825967536,141.46052690846898,138.49367359654786,140.1742706298828,1634800
2019-04-29,142.1083530495235,142.23979519150717,139.18844644977517,139.67666625976562,1332100
2019-04-30,137.66748606016716,138.324696841762,134.48469482933152,135.6207275390625,2531300
2019-05-01,139.69544527846054,141.0286626790909,136.9445436723373,137.20742797851562,2487900
2019-05-02,136.8318775479677,138.4842951667921,134.64429340348673,136.66287231445312,1239700
2019-05-03,137.2543907068487,138.95375528675723,136.66289378579606,138.35287475585938,1100900
2019-05-06,133.38624389142996,133.69606065175907,129.91238800908283,132.71963500976562,2601200
2019-05-07,131.1892588188028,132.38163643488562,125.47150221531047,127.40558624267578,2850500
2019-05-08,127.3680152190503,130.89818641647292,126.84224656476624,127.6496810913086,2348900
2019-05-09,126.77652010356177,128.39138917936637,122.96468298025142,127.99706268310547,2550100
2019-05-10,121.43431378172475,125.09594165339907,118.53318810131628,121.95069885253906,5296900
2019-05-13,118.24214183553651,118.7397453738836,113.38814352644279,114.42091369628906,4116800
2019-05-14,115.56634278021535,117.12488171870982,114.50541456659573,115.78228759765625,1951500
2019-05-15,114.54297252662644,117.84781579531966,113.63226086126748,117.59432220458984,2127500
2019-05-16,117.5004340536291,119.81946091744898,117.17182860316227,119.52840423583984,1893800
2019-05-17,117.6130713925037,118.24212417373803,113.81062536780279,113.99839782714844,2624500
2019-05-20,112.09249215163739,113.0125944982095,109.67018847061583,112.8342056274414,2747900
2019-05-21,113.77148687445529,114.8602559973706,113.50639676936224,114.43421936035156,1278800
2019-05-22,113.54426723592299,114.28273458866889,112.52177064450701,113.53479766845703,1507200
2019-05-23,111.55607879285579,111.55607879285579,106.70869339914013,107.7974624633789,3530700
2019-05-24,108.80103395610782,109.47322883714976,106.68030573194521,108.11936950683594,1842200
2019-05-28,108.5738219115305,110.19277147180561,107.92055890148164,108.03417205810547,1474200
2019-05-29,106.88859307533572,108.94304877170214,106.462549182236,108.29925537109375,985300
2019-05-30,108.48859722332688,109.7572520390212,104.88146480543831,105.49685668945312,2040600
2019-05-31,103.64123539524563,103.90632554845558,100.79150180190888,101.61518096923828,2892700
2019-06-03,100.94297072579373,100.94297072579373,97.34530061765061,98.05536651611328,2661700
2019-06-04,99.61751741100728,106.90752474000637,99.2861547548099,106.86019134521484,3236300
2019-06-05,107.55132301785429,108.1667149633729,102.29683922880577,104.5785140991211,2106800
2019-06-06,104.36076549952892,105.21283888355921,102.31577204226127,104.12407684326172,1589100
2019-06-07,104.50275084149624,107.21993864185366,104.40807684361948,105.10867309570312,1545700
2019-06-10,107.05900974615672,112.10521339612171,106.84125301434845,110.45785522460938,2718500
2019-06-11,111.896925615238,113.12770222976977,110.78921727204599,111.85905456542969,1954800
2019-06-12,110.62827568591413,110.62827568591413,107.93949603749391,108.63062286376953,1094500
2019-06-13,109.20813689521327,111.43300866339916,108.88624381239228,110.96910095214844,1619300
2019-06-14,110.56198566242128,110.62825818628177,108.5359316779281,109.45428466796875,1525300
2019-06-17,110.01288570910924,110.65667914990239,107.61759763801791,109.52057647705078,1037900
2019-06-18,111.37619357497897,116.21410942077637,110.91228591423715,115.50404357910156,2536200
2019-06-19,115.49458373513352,116.3845353097,114.08392150006671,115.80701446533203,1582300
2019-06-20,119.0543769298568,121.16564261742116,115.28629088740378,115.93008422851562,1379100
2019-06-21,115.08749602330703,116.77271818971154,114.15968048644307,115.03069305419922,1431800
2019-06-24,116.28038621788674,116.96205060665677,114.85078491494754,115.52297973632812,1255100
2019-06-25,115.2200364698419,115.26737709097263,112.47445380021082,112.62593078613281,1922700
2019-06-26,114.14073423155563,115.73128227589184,113.70522797483034,114.803466796875,1638400
2019-06-27,115.85436814061306,117.5395902476483,115.12536302130881,117.35023498535156,1339800
2019-06-28,117.01884314172459,117.77624955582053,115.87327117719757,117.38807678222656,1848300
2019-07-01,123.44735646502248,127.79295748311493,122.48166253444694,124.26156616210938,3571500
2019-07-02,123.08756124970067,125.91836272517817,122.78460728756568,125.88996124267578,1429500
2019-07-03,126.22133424062827,127.36689925329966,125.14202009365475,126.27813720703125,1154300
2019-07-05,125.71006287583117,126.32544752974862,124.07218161597862,125.73846435546875,1144600
2019-07-08,125.1230702154343,126.01302170014718,124.20471725323708,125.97514343261719,1215100
2019-07-09,125.20825894392928,127.00708637517995,124.46979172930432,126.60945129394531,1734800
2019-07-10,127.38582145764587,128.26629621251018,121.05203151172987,123.39997863769531,3005800
2019-07-11,123.64614001990901,125.6153766120577,122.47215927206973,123.69346618652344,1817500
2019-07-12,123.8828434813822,127.15860626229693,123.74082162554205,126.76097106933594,1689200
2019-07-15,126.79885334379088,130.64268966095904,126.31601363487688,130.4344024658203,2650300
2019-07-16,130.65212872925406,133.73854338116558,129.56336676837483,131.9207763671875,2256800
2019-07-17,131.8355916000641,131.91133370940832,128.2379208610297,128.6544952392578,1295000
2019-07-18,128.22843406839948,128.50298652189082,127.2153998011737,127.89706420898438,865700
2019-07-19,128.6544878549303,129.7148484322279,127.40477923830515,127.48050689697266,984100
2019-07-22,126.9219074387955,127.96334317947196,125.48283653704092,126.68521881103516,1111800
2019-07-23,127.95386157451472,131.18229780281618,127.42368137969169,130.90774536132812,1348500
2019-07-24,130.40599042148912,133.7669578649619,129.5917808463229,133.37879943847656,1360100
2019-07-25,131.79769647072678,132.2331954381259,129.83790777845033,130.5479736328125,1082700
2019-07-26,131.72195140824624,132.86751620416817,130.80359843494608,132.00596618652344,909700
2019-07-29,131.89236365938137,131.9491666164943,128.47457942526123,130.90774536132812,857900
2019-07-30,129.21304554232336,129.88524756991885,127.8118529768816,128.38937377929688,1289800
2019-07-31,128.38937691961053,128.38937691961053,120.48397837564596,123.14436340332031,2308800
2019-08-01,122.83193363879322,124.53608017629452,114.61409709292137,116.37506103515625,3418000
2019-08-02,114.7939876194746,116.7064286061595,111.95372400827111,113.3265151977539,2428000
2019-08-05,108.46968041781768,109.01879985068692,104.389170170567,105.18444061279297,3578000
2019-08-06,106.26371615026517,108.25189902639855,103.63173996705245,105.91342163085938,3488600
2019-08-07,102.4009812292044,105.21283632995447,99.59858125063249,104.04833221435547,3354700
2019-08-08,105.01401238085447,106.50988629527185,103.79269815122234,105.57260131835938,1580300
2019-08-09,104.49331440333661,104.9856236482442,100.87671189179706,103.11105346679688,1597700
2019-08-12,101.78558674083547,102.41991057477019,100.87670321239969,101.35954284667969,2183400
2019-08-13,100.87671604133222,107.22943920318087,100.87671604133222,103.12998962402344,2601600
2019-08-14,100.76308542208666,101.61516594799204,98.03643496235328,98.77490234375,2689100
2019-08-15,100.13231990162919,100.96397043467023,97.53222412726865,97.98150634765625,1947800
2019-08-16,99.57786367596664,101.45145996155074,98.93740109073956,100.89703369140625,2156400
2019-08-19,104.8641015258614,108.33408521920845,104.66335981276117,107.45464324951172,3181800
2019-08-20,106.82373333550149,109.67236943339834,105.79134114219107,108.9841079711914,1698500
2019-08-21,110.40841350378675,110.67606909690505,107.77964175369658,108.5539321899414,1707600
2019-08-22,108.97452455528277,109.88264267601664,105.18909457747783,105.2751235961914,1642700
2019-08-23,104.17584338324184,104.67291704060332,99.12859522990112,100.6867446899414,2702500
2019-08-26,102.31179497824205,102.69416323549203,100.25657197695786,100.76321411132812,1670300
2019-08-27,101.97723055124155,101.97723055124155,99.32934354816621,99.55876159667969,1982500
2019-08-28,99.29110070632633,101.13602079487187,98.45945029676186,100.67717742919922,3766300
2019-08-29,102.29267984903863,103.15300660459906,100.81100558706969,101.63309478759766,5536700
2019-08-30,102.6654863899189,105.94428196389838,101.95810985796332,105.29425811767578,2685300
2019-09-03,101.86251857806006,102.49342733212826,99.67346765701988,100.6867446899414,2392600
2019-09-04,104.2427431055186,105.10306249957883,102.56988849451896,104.11846923828125,2063200
2019-09-05,106.02075782183742,107.71272770051229,105.5236768984172,106.4222412109375,1858100
2019-09-06,106.46048325475708,107.47375298227549,104.6824769788414,106.52739715576172,1930100
2019-09-09,107.22520884590436,110.53268081252092,107.22520884590436,109.59588623046875,2058900
2019-09-10,109.44293459669696,111.74669805281894,108.79291074907981,111.73713684082031,1557300
2019-09-11,112.37759491814143,112.78863950059505,107.46418235191956,109.28042602539062,2555300
2019-09-12,109.60544485670812,114.40414490615092,109.05101125580059,111.91876220703125,2728900
2019-09-13,113.31439737777984,114.92989937487694,112.02391093966209,112.2820053100586,1700700
2019-09-16,110.44664552564402,112.12906140347269,110.04516215608064,111.45991516113281,1455000
2019-09-17,109.8922243251645,110.12164237746931,107.63625948047351,108.90763092041016,3429700
2019-09-18,108.78336914795997,109.57677480005647,106.74726105270302,107.92304229736328,1861900
2019-09-19,108.01862638463274,108.73556417037146,105.74354643672649,106.56563568115234,1980000
2019-09-20,106.65166416224413,107.52155217177331,103.57361011786129,103.95597839355469,1917000
2019-09-23,102.41695936360955,104.19496578522495,102.04415227130976,103.34420013427734,1940800
2019-09-24,106.8810635580673,107.97080821312214,104.35744358919641,104.53907012939453,3313700
2019-09-25,104.54864652674522,106.62298469837737,103.33462783391745,106.1067886352539,1519200
2019-09-26,105.62883212877395,106.94799500858804,104.73026778412293,105.48544311523438,1760400
2019-09-27,106.36487812771168,108.47746105099475,102.76107435688961,103.47801208496094,2470900
2019-09-30,104.04199723644273,104.79717250137858,103.23903049989376,103.92729187011719,1499900
2019-10-01,104.10893087247271,107.0818262299354,103.9273042966502,105.07440185546875,1631100
2019-10-02,104.51996921218304,106.83329407049138,103.39199406791721,106.28842163085938,1951800
2019-10-03,105.92515462090523,106.10678117471564,102.62724406918838,105.01703643798828,1405700
2019-10-04,105.17953953951084,105.17953953951084,102.47429285416496,104.10891723632812,1668700
2019-10-07,102.94270842421605,103.09565135829907,99.76906414150994,102.30223846435547,2432400
2019-10-08,100.98308132748093,101.39412597003384,97.92414954085602,98.04841613769531,2382600
2019-10-09,99.49184048413439,100.37128235058421,98.48812474340146,99.81684875488281,1533300
2019-10-10,99.81685625832685,103.52581906679856,99.03300457181645,101.38455963134766,1716000
2019-10-11,103.21990721576843,109.11791257528671,103.0096043366949,107.80830383300781,3198400
2019-10-14,107.5980169797534,107.90391013312956,106.00163731347988,107.36859893798828,1026500
2019-10-15,107.58847637150976,111.09669050368956,106.7377107055167,109.81575775146484,1695600
2019-10-16,108.46789629586127,110.64738575110896,108.4296587431118,108.81202697753906,1474900
2019-10-17,109.68191665060593,109.76795297465846,108.3914301343625,109.0223388671875,1811500
2019-10-18,108.7929104672499,109.9878067066075,108.10464906648905,108.51569366455078,1188100
2019-10-21,109.21352743778147,111.87097577878573,109.15617474621317,111.71803283691406,1348800
2019-10-22,112.37759256975636,112.68348569730155,110.00692265454805,110.5995864868164,987400
2019-10-23,110.09295554612665,111.79448658369621,108.97453444296926,110.7525405883789,879200
2019-10-24,111.73712296284262,113.90705835374492,110.64737830851941,111.94742584228516,1065600
2019-10-25,111.41213639141883,115.70420195381372,111.41213639141883,115.52257537841797,1628100
2019-10-28,116.33509430731078,117.98883390244346,116.05788479920295,117.57778930664062,1433400
2019-10-29,114.84387400662213,116.42113860052471,114.2225264644098,114.92034912109375,1235900
2019-10-30,114.9681268080925,118.91606842560482,113.51513627275098,118.26604461669922,2754600
2019-10-31,117.45353367778269,117.74986563736941,114.08870148831706,115.99097442626953,1543700
2019-11-01,117.51088944347826,117.95061043449246,115.61817037574275,117.75942993164062,1383800
2019-11-04,119.48962590198686,121.43969747187543,119.30799933683407,121.13380432128906,2228900
2019-11-05,121.1242401968281,122.56767688507692,120.36906490411693,121.01908874511719,1168000
2019-11-06,121.49703676629734,121.49703676629734,116.36376767093532,117.15717315673828,2067300
2019-11-07,119.91979314283381,122.88314188510992,119.16462507777311,119.9580307006836,3107500
2019-11-08,119.24107406391077,121.60219001340332,118.15132936307842,120.89481353759766,1397000
2019-11-11,118.4572335822283,118.99255206464426,115.27402820328128,116.25862884521484,1853800
2019-11-12,116.79394228191042,117.34837590615665,115.3505055336377,115.41741943359375,1155700
2019-11-13,114.7041314418118,115.29211119130214,113.5378130045864,114.5499038696289,1380800
2019-11-14,114.54990350629255,115.41741521213122,114.02940383676473,114.39568328857422,1120000
2019-11-15,114.75233638256923,114.89691554782321,112.42933307447721,113.45106506347656,1743900
2019-11-18,112.33292661205249,115.88972059002091,110.96419013660828,115.81260681152344,1592700
2019-11-19,116.68976873570662,116.72832563043845,114.4824361516455,115.90901184082031,1319800
2019-11-20,115.28246379907267,116.57409390626361,111.97628578020091,113.30647277832031,1818400
2019-11-21,113.40287889037215,114.99331595608707,112.9402034815551,114.07760620117188,1456900
2019-11-22,115.60056026647398,115.60056026647398,114.28001424238916,114.85836029052734,1301600
2019-11-25,115.4463421883001,119.5236439223691,115.21500816240237,119.4947280883789,1752400
2019-11-26,119.42724298434136,119.71640864826016,116.92110379383521,117.16207885742188,1322700
2019-11-27,117.46088780113517,118.96456987303941,116.96929660302207,117.5669174194336,753600
2019-11-29,116.5162586651114,117.12352052442608,115.84153143695646,116.48734283447266,772700
2019-12-02,116.4198837721704,117.6440413420031,114.8872857366823,115.08006286621094,1672200
2019-12-03,112.4871585146558,112.6510271495003,109.90390549810827,112.3907699584961,1856900
2019-12-04,113.43179730574174,114.77161824908661,113.30649290344932,114.45352935791016,1291800
2019-12-05,114.98366303646671,115.47525422877233,113.27755545598413,114.00048065185547,819100
2019-12-06,115.23429411672984,117.49945855360147,114.81981665648706,117.28739929199219,1171900
2019-12-09,116.9789450714971,118.56938209269806,116.03431950884,116.04396057128906,1830700
2019-12-10,116.45843027279423,116.78616018850825,114.92583237411897,115.09933471679688,906000
2019-12-11,115.23427981921489,116.77651877505468,115.1764408025128,116.46807098388672,2014200
2019-12-12,117.98139587742872,127.7842673252366,117.88500732011384,127.4950942993164,4740900
2019-12-13,126.50227151076469,129.34577424836476,124.16963471855257,125.094970703125,2820900
2019-12-16,125.62513208636068,127.6782445009126,125.46127079480726,126.2131118774414,2308800
2019-12-17,127.17701241241467,128.93130337203806,126.03960237023855,128.68069458007812,1988100
2019-12-18,133.0182305723811,134.92674889280227,130.30967330312856,133.70260620117188,4885200
2019-12-19,133.60620075365063,135.2833923142051,132.92182517373814,134.7917938232422,2476600
2019-12-20,135.42798951504022,135.42798951504022,132.23748193738865,133.06643676757812,5785000
2019-12-23,134.1267257413379,135.55330882696185,133.51947853165322,135.16773986816406,1604300
2019-12-24,134.85928428330527,135.06169509451388,134.21347289619888,134.40625,472100
2019-12-26,135.1291714075302,135.90992821635217,134.53155799000226,135.8520965576172,978500
2019-12-27,136.0738140325038,136.71962551812894,133.72189476667353,134.76290893554688,1401900
2019-12-30,135.18697697759941,135.78459027979872,133.03748406438038,134.348388671875,3063000
2019-12-31,133.65443119619178,135.01353427181988,133.25922850759875,133.85684204101562,1142600
2020-01-02,136.93166209364472,139.17755135797447,136.6328553804762,138.41607666015625,3006500
2020-01-03,135.7653474052276,137.13408390765957,134.88819470396675,136.3629608154297,1760500
2020-01-06,134.17491182144747,136.27622201400288,134.03033266716753,136.09307861328125,1357900
2020-01-07,135.73647209556037,137.1341248442254,135.090645833615,136.73892211914062,1722100
2020-01-08,135.75567292775338,138.5799075854068,135.2255249843768,137.5967254638672,1176200
2020-01-09,138.55102996418722,138.67632699775356,136.42080389814865,137.01841735839844,1203900
2020-01-10,137.9148464087945,142.65723376634324,136.72925324639488,137.8473663330078,2180600
2020-01-13,138.65706167089039,142.54157863693396,138.31969068846976,141.89576721191406,1817000
2020-01-14,143.99705706799787,145.298328282432,141.86683105422466,144.61395263671875,2227100
2020-01-15,143.89102745268877,145.32724411315718,143.69825034520423,144.61395263671875,1913000
2020-01-16,145.54894516269542,147.2261369779757,145.2212225909129,146.71527099609375,1639700
2020-01-17,147.17792569662356,147.87193502577256,145.27904110269498,146.14654541015625,2177600
2020-01-21,137.9726615391332,140.05468931240605,135.31230252302802,137.17262268066406,5409700
2020-01-22,139.03300196688076,139.18721485613753,134.11710393847423,135.03280639648438,2903600
2020-01-23,129.89519328383602,134.93640221555066,128.68068425538897,134.08816528320312,4867700
2020-01-24,133.40377344993152,133.44233769197052,127.34084804277826,129.8855438232422,3988400
2020-01-27,118.48260297156446,122.52134689533752,116.72830501791621,119.41758728027344,5826500
2020-01-28,121.20082581412878,121.83700356382678,117.4319793361096,120.45862579345703,4260400
2020-01-29,120.77669562458465,121.25864571509939,118.62719498514,119.37903594970703,2321700
2020-01-30,118.03922090363157,122.23218541984923,116.6415685162174,122.0490493774414,3611600
2020-01-31,120.21764076685484,122.04905271889923,119.08987923546066,121.60565948486328,2379900
2020-02-03,122.00085193376302,125.29739631254073,122.00085193376302,123.93829345703125,2503500
2020-02-04,124.121455014074,130.01088687499927,123.84191566975548,127.90957641601562,3969200
2020-02-05,130.12654021143135,130.83018331064457,126.46371613796376,127.50473022460938,2170600
2020-02-06,128.77706659858137,130.53135723264865,128.140888966337,129.34576416015625,2544300
2020-02-07,124.39133644320992,126.02996400880876,122.02977629987552,122.3285903930664,5616000
2020-02-10,121.45144270314441,123.64913429923182,120.48754236423056,123.2635726928711,2908200
2020-02-11,123.95758307566744,128.9987774700127,123.0033164944865,127.22520446777344,2948400
2020-02-12,131.12900353403683,132.3242453211585,129.4807420916499,131.880859375,3640200
2020-02-13,129.4228849016521,130.66630969708362,127.66857946523798,128.7963409423828,3013600
2020-02-14,128.53610729604446,128.65177062226766,126.0492428265895,127.36978149414062,1496600
2020-02-18,127.45651258829525,129.23973374718435,125.769687327489,128.64212036132812,1578200
2020-02-19,129.65417972140494,132.6133596902961,129.0565664463101,131.25425720214844,1781000
2020-02-20,129.38431948071042,130.8109023637102,126.70467810646326,128.51681518554688,1849600
2020-02-21,126.76249859019687,127.4565078483265,122.17433934629415,123.33101654052734,2853200
2020-02-24,116.911464872966,120.1501703751932,115.68730740930384,115.83189392089844,4549100
2020-02-25,117.75643089767195,118.09662545494008,109.79584117917155,110.69979095458984,4285400
2020-02-26,112.20638032916,114.55859125429727,107.18119300549438,107.64775085449219,4155400
2020-02-27,106.15088228319907,112.66321085365804,100.98962479311912,108.0462646484375,5670100
2020-02-28,104.97477403448207,108.2600929966554,103.31267433548494,104.95533752441406,5940200
2020-03-02,104.92618030727175,106.34529037711738,101.42702236674265,104.91646575927734,4675300
2020-03-03,104.87757556959072,107.66717821584274,98.72488570857287,99.57051849365234,4346300
2020-03-04,101.59224357421455,103.46818183865318,98.89011649620834,102.7003173828125,3137800
2020-03-05,99.88155843453178,100.0662312403288,92.3486461945981,92.90267944335938,5576300
2020-03-06,89.42296688763216,95.2548995107386,87.47898934659668,91.39610290527344,5512300
2020-03-09,82.13304325865752,85.43780624569318,78.37144440663212,79.6350326538086,5092100
2020-03-10,85.08789826525884,87.84834282711493,80.77226573063699,87.64422607421875,5037300
2020-03-11,84.0770224003431,84.68937261060643,77.9146176128411,78.60472869873047,5660300
2020-03-12,69.32221955893459,75.69846174918678,63.17925253241063,66.11465454101562,9707800
2020-03-13,72.68531347184928,75.64015999641205,62.353076307070246,70.48861694335938,6976300
2020-03-16,57.83332797326594,65.58980110552314,53.09974401600297,53.26498031616211,7723200
2020-03-17,55.12147842204965,56.375344738001225,46.66517596978094,52.856746673583984,9050300
2020-03-18,46.898453127861075,50.40733280487916,34.83607393282232,41.8149528503418,10917800
2020-03-19,39.99733542506386,51.418202346513205,36.9452878735952,45.27523422241211,10369200
2020-03-20,48.43420023312759,58.319323845109054,47.63716606269577,50.51425552368164,11323900
2020-03-23,52.01111078185392,56.76413837226028,49.57142091344672,55.9573860168457,9148200
2020-03-24,66.73673856368701,69.39026319857282,62.74186496042511,64.695556640625,10793700
2020-03-25,69.79851029344287,77.46750099580683,63.363949465717894,72.95747375488281,9420900
2020-03-26,75.21248926379694,81.52070179678489,67.8059394927405,69.50691986083984,10883600
2020-03-27,64.78304422021804,65.41483831819525,61.487999622078966,61.53660202026367,9510200
2020-03-30,60.03001637816639,61.90595473759431,56.4239394374838,59.38850402832031,7156100
2020-03-31,59.009436213148206,61.71156746362685,57.44453372999253,58.50400161743164,5341600
2020-04-01,55.31587551544362,55.40335464477539,51.42792080352956,52.487388610839844,6244600
2020-04-02,51.63204060059861,54.82016617492955,50.106018582224,51.194644927978516,4688300
2020-04-03,51.48624354217096,52.001396375833096,44.91559773679528,47.14145278930664,7994100
2020-04-06,52.19578692324606,56.61833417286261,51.27239704066099,55.14091110229492,9013400
2020-04-07,64.10264843959719,65.31763425092909,58.0763217816649,59.1455078125,12004600
2020-04-08,60.89508872521408,67.44628996903944,59.93281835681762,67.13525390625,10758100
2020-04-09,71.8396985662555,74.72649918554302,65.92028268749056,68.67101287841797,11008300
2020-04-13,68.73904797682471,69.35139824097159,63.704145780114814,67.35882568359375,7528100
2020-04-14,71.00377089645136,72.45203184834118,67.25189427019885,72.39371490478516,6531700
2020-04-15,69.17641935347869,70.81908228171991,68.03919459501188,69.83737182617188,5966700
2020-04-16,69.05006711437667,70.66356424263341,66.88252939651196,70.26505279541016,6293700
2020-04-17,74.99865660478656,76.32055450166035,72.42288489653366,76.26223754882812,7338100
2020-04-20,74.04610760553318,76.4566431095231,70.644146781417,71.237060546875,5939600
2020-04-21,69.08895397239702,71.52864010754837,67.72816839992852,68.4280014038086,5283900
2020-04-22,70.80938275945553,71.1981797634855,67.66014111661632,68.06837463378906,3915400
2020-04-23,73.11297887537181,76.39829745789726,72.20902924012917,73.91973114013672,10329600
2020-04-24,74.80425249803295,75.39716622235105,71.85912780401532,74.46405792236328,4982700
2020-04-27,76.06783632283448,81.57901036951178,74.95976981870946,80.45149993896484,5905700
2020-04-28,84.53386017234997,85.11705192126422,75.81512016667293,79.85859680175781,9126300
2020-04-29,83.28971689243521,87.35263009244876,82.15248443905924,86.5361557006836,7076700
2020-04-30,84.77685671808392,88.26629263755461,82.21080710951169,83.13419342041016,6565800
2020-05-01,79.51839408836885,80.6653410641851,76.79683014648454,78.56584930419922,5109300
2020-05-04,74.94031216322841,78.6824664198907,73.45317093885664,78.19647216796875,4826300
2020-05-05,80.37374139026265,80.76253090585735,76.15530692176128,77.4383316040039,4105200
2020-05-06,78.20621104497457,78.61444452512357,75.82484166175333,77.03010559082031,3469300
2020-05-07,77.75909726241791,80.35430535378661,75.98035613277561,77.37030029296875,7431900
2020-05-08,79.6155905586686,84.95180594809646,79.20734970678399,84.50469207763672,6400700
2020-05-11,82.6287587932954,83.36746484213118,80.07242384886318,80.35430145263672,4940200
2020-05-12,81.10273931003381,81.55957518446768,76.37887364590303,76.45663452148438,4044600
2020-05-13,76.53439458674895,77.6327466559953,73.03523645612809,74.61957550048828,6993100
2020-05-14,72.42286730075514,76.30109945124876,69.20558023027306,76.10670471191406,5667100
2020-05-15,74.2307895459882,76.92319533961978,73.49207595950021,75.52352905273438,3885000
2020-05-18,80.20850328993079,80.6750611231832,77.80769745917546,79.18791961669922,6582600
2020-05-19,79.79055572355506,82.85232187646585,77.49666901561604,79.73223876953125,5439000
2020-05-20,82.26910990156324,84.83515906854386,81.35543829573326,84.42692565917969,5359300
2020-05-21,83.80485891504935,84.41720906805404,79.83914361716347,80.82085418701172,4382500
2020-05-22,79.02268942185164,79.1393233274077,75.34856566743473,76.05812072753906,7775200
2020-05-26,80.64589160309473,83.75625201313868,79.0809894361302,82.5121078491211,8349800
2020-05-27,85.10733008330955,85.34061271576797,80.18906952543551,84.49497985839844,7608900
2020-05-28,84.60190171691968,85.0004132483905,80.29599125641616,80.86946105957031,5005800
2020-05-29,79.37260285983804,82.55100272835955,78.53669196290619,80.94721984863281,5123600
2020-06-01,81.77340933282794,84.21310312592274,80.88890344308815,84.04786682128906,3707700
2020-06-02,83.10504084356974,83.81459591718271,80.23767690354549,81.74425506591797,5619900
2020-06-03,83.3966332871036,91.12394047293434,83.10503371131611,90.88094329833984,8273900
2020-06-04,94.26346261509711,94.57449868671783,89.15080023562687,92.7082748413086,10517800
2020-06-05,99.2108772992326,101.09653757894284,96.50875014522592,98.76376342773438,10986000
2020-06-08,103.47790787911086,105.87872096360475,101.13541915464249,105.75236511230469,6159100
2020-06-09,102.42817476114043,102.46705520214469,98.56938554146264,99.8815689086914,6115200
2020-06-10,99.93987950705507,100.50363474223812,92.51388630824479,96.15884399414062,6583700
2020-06-11,87.62479154938303,92.63053533802402,86.50700294948285,87.22627258300781,7717400
2020-06-12,92.47498772999425,93.05817936220274,87.2845725629496,89.72425842285156,4921000
2020-06-15,85.10731900958648,90.47270020704752,84.15477433922048,89.4229507446289,4636300
2020-06-16,95.2548860871828,95.40068586535115,84.77684980410226,87.97469329833984,7201000
2020-06-17,87.47898131839038,88.21769479258197,85.86547654787788,86.21539306640625,3873800
2020-06-18,84.58245498889225,87.38178724314933,84.30058478643731,85.89464569091797,3146600
2020-06-19,87.81916356627228,88.43152109572048,83.62989530992813,84.35888671875,4161700
2020-06-22,83.45495932520775,83.78543195911968,79.43092626891355,80.9861068725586,4876800
2020-06-23,82.16219774017522,82.94950615777026,81.07357522017907,82.14276123046875,4351000
2020-06-24,80.9763702621957,81.05413113223513,72.91858364255803,73.10326385498047,8439100
2020-06-25,72.75336294927975,72.75336294927975,69.40000442868936,71.49949645996094,7971700
2020-06-26,70.44001336260276,71.35368499801346,66.78533423664427,67.11581420898438,7082400
2020-06-29,67.28105558690825,72.15072080323064,65.64811435713048,72.14099884033203,7053200
2020-06-30,71.50920694688322,72.76307323494581,70.09982632605534,72.40343475341797,4590400
2020-07-01,73.14214792733061,76.04839199449651,71.1009731892398,71.7230453491211,5433900
2020-07-02,73.47262343481222,76.15531436560791,73.02550951562716,75.15416717529297,6267200
2020-07-06,77.49666086580727,78.72136126562926,72.5783930930435,74.55152893066406,5925000
2020-07-07,72.7241767577277,73.89055995110715,71.09123583758638,71.3147964477539,3878800
2020-07-08,71.13014583416705,72.47148780570333,69.29308746232292,72.10213470458984,4940500
2020-07-09,71.91744643645521,71.9368903644826,66.76591044637361,69.13755798339844,5923200
2020-07-10,68.2627701767079,72.14100304245025,67.50461275583682,72.05352020263672,4805600
2020-07-13,74.25994216592996,82.59960744122282,71.04265435284427,78.99352264404297,16235900
2020-07-14,77.0203652236208,77.99235370544832,74.55151358989689,77.07868957519531,5721300
2020-07-15,79.71279285163207,84.52413379875203,79.32399590074607,84.31029510498047,7416200
2020-07-16,82.0844400847588,83.65906439730266,81.20965621569722,82.23023986816406,3919000
2020-07-17,82.37603536347805,82.79399076578444,79.66418622977166,80.44178009033203,2776000
2020-07-20,80.06270897049413,80.62645676002565,77.43833512673702,77.72993469238281,2928100
2020-07-21,78.85745514179665,80.15992409677455,76.71908257269381,76.9718017578125,4081600
2020-07-22,76.3302708319886,76.73850430305528,73.24906845667041,73.96833801269531,3964600
2020-07-23,73.70590992908309,73.8128292866321,71.31481845384177,71.82997131347656,5158500
2020-07-24,70.84824526966186,71.35368347167969,69.59437914225524,71.35368347167969,3446900
2020-07-27,70.59554554695912,71.48978090006744,68.05865412559818,68.70989227294922,4832800
2020-07-28,68.64182816521613,72.869976510821,68.49602841212283,71.3147964477539,4769800
2020-07-29,72.19932713493934,73.28795726446816,71.1398628986908,73.18103790283203,3131500
2020-07-30,74.82368418727786,74.98892046619306,72.60754399463744,74.27936553955078,4378500
2020-07-31,73.86140752665979,74.10440466313516,69.49718103195382,70.40113067626953,5520500
2020-08-03,69.759617306071,71.61611905825293,68.35023682766021,71.00376892089844,4446900
2020-08-04,70.6052617362662,72.2868055254629,69.80823126320465,70.7121810913086,3956100
2020-08-05,71.03293057679032,73.13242215305868,68.5349201042831,69.2833480834961,7054700
2020-08-06,68.92371897603721,74.93060173533284,68.78763374212335,74.4251708984375,7673800
2020-08-07,72.94773890993743,73.83224457688299,71.06207887228564,72.02434539794922,4874800
2020-08-10,75.98035926998689,79.46008079592148,75.19305075071645,79.19764709472656,9703800
2020-08-11,83.44522458034002,86.91522378338198,82.47323592497047,85.81687927246094,11414400
2020-08-12,86.98327833283504,86.9930002975286,81.03471143841755,83.39664459228516,6416400
2020-08-13,81.92892580192014,84.30058052735805,81.88032340219492,84.24225616455078,3263400
2020-08-14,82.84260656878706,83.67851009298357,81.79285691186234,82.599609375,2697100
2020-08-17,82.97866245822334,83.28969848738191,80.86944173806776,81.16104125976562,2219900
2020-08-18,81.54985576010777,81.54985576010777,79.22680329350612,79.34343719482422,2462300
2020-08-19,80.3057157602924,81.44294085436046,78.69221082421426,78.98381042480469,2549200
2020-08-20,77.7590791506929,78.81854304459293,76.8065271681961,78.03123474121094,2947000
2020-08-21,79.1781854706332,83.18278091962297,78.82826900345526,80.47093200683594,4360800
2020-08-24,81.3165652422463,84.41720365843685,79.07126666040973,84.35888671875,4485700
2020-08-25,85.13647708330527,85.74883464136506,82.33715261228079,83.79513549804688,2644200
2020-08-26,83.48411631785531,83.62019415477339,81.93865770613452,82.42465209960938,2393000
2020-08-27,82.50240505695831,85.87520731334695,82.30801026704368,84.09646606445312,4183100
2020-08-28,85.34061501120026,90.59907027990762,84.28114342008963,88.9855728149414,5852900
2020-08-31,88.09133646406225,88.25658018508457,85.00041198730469,85.00041198730469,3368800
2020-09-01,84.64076827749012,86.16679006861457,83.01754911041009,83.86317443847656,2674300
2020-09-02,83.85346073580307,87.17766768012265,83.64934400148536,86.82775115966797,2435100
2020-09-03,86.68196027374624,89.32577095944598,83.39664084513504,84.9129409790039,3209000
2020-09-04,85.8363253407819,87.46926676026276,82.21081140532587,85.26285552978516,3249900
2020-09-08,82.6676449029556,83.01756144091597,80.17934869793899,80.36402893066406,4039200
2020-09-09,81.31656800119568,81.31656800119568,78.34227790962402,80.62644958496094,3174300
2020-09-10,81.77339788958004,83.98953811703191,80.79169474718003,80.99581146240234,3201800
2020-09-11,82.24968355635488,82.52183919622532,78.61444060755696,79.80998992919922,2198400
2020-09-14,80.7042165629575,81.49152499780378,79.56699162024955,81.45265197753906,2261900
2020-09-15,81.55956586890956,81.60816084883355,78.50751488426495,79.9752197265625,3525600
2020-09-16,78.91576083210757,79.01295821392821,75.15416208860127,77.42861938476562,6588400
2020-09-17,75.84426005049154,78.31311168421547,75.80537962133641,77.07868957519531,2792100
2020-09-18,76.69964206171719,77.43834823251892,74.13358473053185,75.52352905273438,3709900
2020-09-21,71.67444662653718,72.5200794883666,68.8556778361246,70.27478790283203,7009900
2020-09-22,70.65387088140956,73.06439904257223,69.99291817611923,71.36341857910156,3310300
2020-09-23,71.86885594779392,73.60871683089842,68.53493398817653,68.70989227294922,4401700
2020-09-24,68.52519804274415,70.32337551533878,66.8630983843555,69.07923126220703,3915400
2020-09-25,69.16671595054682,70.52749412912067,68.65155573644682,70.33309936523438,2684500
2020-09-28,71.06209162865437,72.48119418442508,70.40113904227083,71.55780792236328,3203500
2020-09-29,70.93574547192854,71.04265741687195,68.57381240511837,68.99176788330078,4250900
2020-09-30,69.92485568380005,71.86883270105835,69.18614234085042,69.79849243164062,4450800
2020-10-01,70.11926266574265,70.68301787897282,69.11811551351138,70.05122375488281,4258900
2020-10-02,68.03921321344482,71.38285692152498,67.65041622623085,71.14957427978516,3115800
2020-10-05,71.01349247344598,71.99520314270578,70.01234529297152,71.78136444091797,3414400
2020-10-06,72.48119449304635,75.56239678305887,71.94659776072272,72.23819732666016,5082600
2020-10-07,73.79338467947255,73.82254315568382,72.15072872219007,72.95747375488281,2847200
2020-10-08,73.17130555570094,73.958614001773,71.83968582994301,72.23819732666016,2743700
2020-10-09,72.53950373570667,73.41429492492442,70.4205683732389,70.63440704345703,3095200
2020-10-12,70.8093877113094,72.12157120294907,70.32339327620682,72.03409576416016,2072300
2020-10-13,71.13014266343076,71.13014266343076,67.54350151843106,69.73047637939453,5278400
2020-10-14,69.48746500388674,70.51777799318958,68.77791745757098,69.69158172607422,3263900
2020-10-15,69.44858836618769,70.71217661912655,68.68072383317123,70.66357421875,2571600
2020-10-16,70.49832276688139,71.31479694043443,68.93342073194796,69.12782287597656,3007600
2020-10-19,69.40000402371365,70.21647108230867,67.55322376148543,67.71846008300781,3848200
2020-10-20,68.19473267179782,71.03293797595327,68.04893287955525,70.4108657836914,3506700
2020-10-21,69.99291257997918,71.34397636111657,69.3222379635564,70.80937957763672,2532200
2020-10-22,73.12270960068918,74.50293170766757,72.07296007607819,74.28909301757812,4012000
2020-10-23,74.50293388725738,74.68760669399505,72.69503434720983,74.41545104980469,2143300
2020-10-26,72.50063709898149,72.56868343034826,69.75962912832108,71.46060943603516,2959400
2020-10-27,71.54808601995387,71.80080514852528,69.17643131109519,69.81794738769531,2438200
2020-10-28,68.72932027201891,68.85567613371214,65.80363220075611,67.07694244384766,4421100
2020-10-29,67.33937145090408,71.07181166571588,67.11581821762223,70.16786193847656,3936700
2020-10-30,69.35138126693178,71.25647792701653,68.28219534957701,70.40113067626953,3303900
2020-11-02,72.33540513754649,73.93918815002478,71.34397981867387,73.72534942626953,3955100
2020-11-03,74.48350347453747,74.99866379814733,72.03409481673816,72.48120880126953,3082800
2020-11-04,72.97690863770977,75.60127499104765,71.63555957275882,73.98777770996094,4412300
2020-11-05,75.21248333146595,78.23536879760084,74.69733050426935,77.88545227050781,5303100
2020-11-06,75.70819756328451,78.63388556150434,75.33884453515884,77.82713317871094,3461900
2020-11-09,92.50416888585458,102.96277006240487,92.33893257574678,99.37612915039062,18916800
2020-11-10,97.19886940365068,99.3275270166099,92.7277228942198,93.95243072509766,5302700
2020-11-11,94.47729056276664,94.47729056276664,88.45096410640622,89.14107513427734,5046800
2020-11-12,87.17766609778707,87.37206086531786,83.55214509942591,84.24225616455078,7160600
2020-11-13,85.2434084033192,90.06447901570375,84.0381444580658,89.6076431274414,4172000
2020-11-16,94.9341237634798,95.60479826330172,90.8226161823845,92.08619689941406,4496000
2020-11-17,90.69627973401447,93.62196832998846,88.83978483522095,91.59051513671875,2500500
2020-11-18,91.90152687083273,96.09079544470573,91.0753306123318,92.96099090576172,3339200
2020-11-19,94.21485255600979,96.68370441812786,93.57333653912868,95.98387145996094,2764400
2020-11-20,95.07991838614956,96.03247041524477,92.62078857421875,92.62078857421875,3589000
2020-11-23,92.8249022054367,94.07876826647073,91.48356073850168,92.80546569824219,3332600
2020-11-24,94.85638129025762,100.02736870853592,94.68143042926727,99.8815689086914,4229700
2020-11-25,98.80263982879235,98.87067873220626,96.28518557110924,97.58765411376953,2225700
2020-11-27,98.4916010348543,100.49389506433697,97.8500850356895,98.38468170166016,1419600
2020-11-30,98.16113259601036,98.81237063346087,94.50646057746383,97.68486022949219,3071400
2020-12-01,99.16228730850543,101.75750286234113,98.06394270952165,99.49276733398438,2816000
2020-12-02,98.89984639611066,103.47791210598945,97.91813577072553,102.18516540527344,2956500
2020-12-03,104.10970809608833,107.29782977961226,102.93360268330572,105.4510498046875,3167800
2020-12-04,106.43276207877676,110.34015336890432,105.1691738092843,110.32071685791016,2997700
2020-12-07,109.6014406051769,109.77639885617802,106.4521920871568,108.20177459716797,3736500
2020-12-08,107.53111733248608,109.99996975274367,107.23952514445175,108.19207000732422,2846100
2020-12-09,109.71807893988927,110.35959502477506,106.27723814127427,108.0462646484375,2159200
2020-12-10,106.03423328370258,109.92218770090786,106.03423328370258,109.71807098388672,1840700
2020-12-11,109.51394771458048,110.20405869246252,106.52994317453759,107.87129211425781,2162900
2020-12-14,109.26124378024329,109.58199438729812,104.19717656989387,104.52765655517578,2856100
2020-12-15,106.16060564987265,111.53570190597792,105.48020911911789,110.9039077758789,3196300
2020-12-16,110.32071462986512,113.03256392342419,109.3973283547438,112.00225830078125,2319500
2020-12-17,113.52828758648839,113.90736260112638,110.94279398338253,111.59402465820312,2046300
2020-12-18,111.34130599946675,113.26583942857503,109.84444254589081,112.68264770507812,3196300
2020-12-21,107.60885524193353,110.59285989810783,105.68432199844729,109.3875961303711,3809700
2020-12-22,109.1251627023434,110.106873317302,107.60886277817025,109.45564270019531,1637000
2020-12-23,110.73867008625066,113.65463611248492,110.43735596989235,112.07029724121094,1998000
2020-12-24,111.20523494314602,112.21609670367226,110.42764098738755,111.185791015625,850900
2020-12-28,111.73981836211865,114.1114731270558,110.92335142606923,112.23553466796875,1912000
2020-12-29,113.02284349981153,113.32415762019406,110.6511887271137,111.10802459716797,1262500
2020-12-30,110.9816606775656,112.70207726817864,109.3875999376207,110.2235107421875,2087100
2020-12-31,109.61116263474004,110.72895112490279,106.97707414284868,109.66948699951172,2103400
2021-01-04,109.98053134350926,110.33044789566588,103.2057683971516,103.90560150146484,3596800
2021-01-05,103.30297459717347,108.39619413450444,103.04054086852871,107.10345458984375,1814600
2021-01-06,107.55053932964888,110.20406403652197,105.99535906353663,107.74493408203125,2433700
2021-01-07,109.27095856045315,109.55283614930937,105.47048692354521,106.67575073242188,3846700
2021-01-08,106.82154673818944,107.59913315505763,105.0525278140325,105.97591400146484,2812400
2021-01-11,103.63342151415917,105.38299644873035,101.15484775391153,105.00392150878906,2525200
2021-01-12,105.45104207283373,107.76437970738837,103.80838636693079,106.91874694824219,2104800
2021-01-13,106.48136926636936,106.6077251327245,103.80840023555912,104.8775863647461,2775300
2021-01-14,105.55796514463145,108.23093391283,105.16916820430197,105.94676208496094,2643700
2021-01-15,105.39273621120923,105.39273621120923,102.80724268089,103.25436401367188,2836300
2021-01-19,104.5276606269959,105.24693015377935,102.78780004835201,104.16802215576172,3576900
2021-01-20,105.237210930947,109.69864282025893,104.26522225269957,106.9867935180664,4020500
2021-01-21,107.24922680959797,108.8141291691596,105.65516597630422,106.10228729248047,2101900
2021-01-22,103.74035989397106,105.05254318973347,101.5728217740725,104.440185546875,5038400
2021-01-25,103.60425668995548,106.43274694923056,101.72832589474731,105.0330810546875,3289100
2021-01-26,106.18976762151635,106.8701567589956,102.62257080017362,102.94332885742188,2056800
2021-01-27,101.08682417228263,102.80724089769787,97.38354962129809,97.9764633178711,3433800
2021-01-28,99.24004701304612,101.86442101132805,96.22688345859096,99.19145202636719,2980100
2021-01-29,99.14283256970398,99.90098245578638,96.57678337880168,96.74201965332031,2251900
2021-02-01,98.09309445054554,99.70659919658162,97.33494447713004,98.9095687866211,1770800
2021-02-02,100.84381895712575,104.05138435769854,100.24118334527766,103.12799072265625,2442500
2021-02-03,103.71119665716775,106.41333161130311,103.05024401055026,105.38301849365234,2161100
2021-02-04,106.21891651065297,107.10342972523672,103.5459477728492,105.64544677734375,2378400
2021-02-05,108.94049848798625,116.15265307487952,108.77526218387855,113.71295928955078,5400800
2021-02-08,111.6329043654197,114.64606795089841,110.369323463476,114.12120056152344,2797300
2021-02-09,112.55629701840802,113.74211703054142,109.89304257978075,110.2040786743164,5642500
2021-02-10,111.29270714683715,116.45396481704671,110.87475170546615,113.1783676147461,6098600
2021-02-11,113.17836773298517,113.61575968608568,109.83472419852407,111.37046813964844,2806500
2021-02-12,111.4676638872594,114.8890608322322,110.32071693003778,114.54886627197266,2124600
2021-02-16,116.43452103664907,120.05031999380705,115.4722543514973,118.01885986328125,3785200
2021-02-17,117.71755050468339,120.52659721754722,116.00684833875216,118.74785614013672,2296000
2021-02-18,117.11491154826047,118.59233846400754,114.21838949470772,116.51228332519531,2042200
2021-02-19,117.17323589095412,120.88623227431243,117.12463349169602,120.19612121582031,2371700
2021-02-22,121.2750362925745,128.27335992768312,121.05148302692658,123.19957733154297,4363100
2021-02-23,126.41686183839965,134.3871670878229,122.15955353429595,132.6570281982422,7016000
2021-02-24,132.75420019767537,133.5415085635531,128.3802516482494,130.45059204101562,3286800
2021-02-25,130.24647651965842,131.9377420764455,123.63695086432722,125.05606079101562,2753400
2021-02-26,125.63925626178246,129.2161824538412,124.5797921194302,128.04006958007812,2251500
2021-03-01,131.61701365066193,132.0446911173977,127.5249340690742,128.09840393066406,1934600
2021-03-02,129.5563605389386,131.40314787142398,128.15670934230215,129.2744903564453,1428800
2021-03-03,132.45290752623424,135.57298302362224,130.0034917898216,131.82110595703125,3572700
2021-03-04,132.27794838349487,132.54038950464263,123.27733769668532,129.16758728027344,3407500
2021-03-05,129.9451871460491,130.14929649178092,122.64554906363222,129.58555603027344,3350700
2021-03-08,130.80051146343058,133.35683136565794,129.7701911013501,129.99375915527344,1987000
2021-03-09,133.0555217412853,133.0555217412853,129.30364507080557,130.24647521972656,1438200
2021-03-10,130.42142645349335,132.85139801357218,129.78963978042063,131.0629425048828,1554900
2021-03-11,132.14188242132155,138.61533178211175,131.02410116596536,134.05670166015625,3151900
2021-03-12,133.64843622744846,135.50493806475478,132.19045328678538,133.21104431152344,2020000
2021-03-15,135.90347713133636,139.84974917005948,135.20364402944372,135.884033203125,3377800
2021-03-16,136.72966335322204,136.72966335322204,131.38372492831675,133.7165069580078,2129800
2021-03-17,131.55867349694017,136.12701731716515,131.32539087493205,136.0784149169922,1407000
2021-03-18,136.06869212274006,136.07840666963781,131.0240688167537,131.85025024414062,2015000
2021-03-19,131.61699657785567,132.1904663650574,127.56380538157393,131.68502807617188,2797300
2021-03-22,131.32537681021412,131.53921548297728,127.64154664101021,129.1481170654297,1703300
2021-03-23,125.96973251980171,127.54434935610415,120.88622871638084,121.64437866210938,3297400
2021-03-24,122.45113208600169,126.71815420512536,121.49857995624343,121.67353820800781,2154900
2021-03-25,118.37850323146895,125.4254138055736,117.42595105408553,124.51175689697266,2121000
2021-03-26,126.11554064794473,126.60153502423738,119.97257202823296,123.86052703857422,1691000
2021-03-29,122.69412043755158,124.1423813302658,119.31159695150397,120.04058837890625,1772600
2021-03-30,120.28359636956363,123.31620365070951,119.60320727556532,121.93597412109375,1517900
2021-03-31,121.5568938187161,122.74272111552405,120.28359110608692,121.85821533203125,1582500
2021-04-01,123.33564405839097,126.71816054070639,122.74273036530556,124.51175689697266,2213800
2021-04-05,128.20532013193397,130.4700558747786,126.93201714373694,127.3985824584961,2729300
2021-04-06,129.38140187984027,133.58038487865497,128.81764671756363,132.55007934570312,3851500
2021-04-07,131.96691159237542,132.7639346239712,127.42772608670946,128.9634552001953,2708800
2021-04-08,129.22588079236965,129.82852380684955,127.49574227906432,129.75076293945312,2925600
2021-04-09,128.35109549278852,128.95372366887423,126.25159659166764,127.70957946777344,1698700
2021-04-12,127.33050696192512,127.74845494205597,125.26989587010611,126.30020141601562,1480700
2021-04-13,124.910253300223,126.64039187231852,121.84849505321685,126.1835708618164,1941600
2021-04-14,126.49460662211261,128.15671379597362,125.04633814503771,125.43514251708984,2409700
2021-04-15,126.08636687141055,126.52375879072257,123.55919790449553,124.33678436279297,1394100
2021-04-16,124.06463055716537,125.40597963873785,122.71356692839662,123.71471405029297,1296100
2021-04-19,123.02460679377958,124.09379285745024,121.9845792039668,122.74272918701172,1377300
2021-04-20,121.60549827075518,122.19841192917882,116.38591665035992,118.23269653320312,2812600
2021-04-21,118.09661905607088,122.51917030798364,116.97883064359662,122.46084594726562,1926200
2021-04-22,121.11951097847546,123.16068573969251,119.27273098854187,120.89595031738281,2300100
2021-04-23,122.02346515976579,122.68441778794906,120.19612903040522,120.67240142822266,2618400
2021-04-26,121.23616248653457,123.65641244627535,121.10979920045659,121.49859619140625,2087100
2021-04-27,121.62493406699599,124.44370256472787,120.72098434844679,124.17154693603516,1567600
2021-04-28,124.45343370611799,127.07781521059489,122.7621827639287,126.62097930908203,2103400
2021-04-29,128.02063250275904,128.39970748562612,121.62493794607389,125.41569519042969,2617700
2021-04-30,124.12294800642634,125.67813578358133,123.38424196953113,124.80333709716797,1275100
2021-05-03,125.0949284005554,126.9903031822639,124.44369782588474,125.25045013427734,1494100
2021-05-04,124.53120055044805,124.69643686700249,118.3882390348986,120.86680603027344,4818700
2021-05-05,123.19957557201657,125.71702290583276,122.31506223914987,124.2298812866211,2342500
2021-05-06,123.05377117109437,123.66612881422759,117.78559405839495,119.34077453613281,2885200
2021-05-07,119.94339494041614,123.07319942459534,118.85476503679764,122.75244140625,1654900
2021-05-10,123.44255984778347,124.46315090728717,121.85822100127348,122.20813751220703,2571600
2021-05-11,121.20699659427255,126.15441587165743,120.32249067015573,121.49859619140625,3799300
2021-05-12,120.16695039976656,121.80961354029603,116.88163153439228,117.52314758300781,2869400
2021-05-13,118.85478215476132,121.7707483800133,116.64837097388897,118.99085998535156,2602100
2021-05-14,120.4682634323887,123.6563846944409,119.32131664512025,123.12178802490234,2017400
2021-05-17,121.91654176611372,122.17897544969044,117.96054809175484,121.23615264892578,2710200
2021-05-18,122.02345958222067,124.90054518054399,121.91654023433661,122.60665130615234,2015100
2021-05-19,120.33220474907571,122.84965193766838,119.47684994189927,122.76217651367188,2181900
2021-05-20,122.74272933426842,123.83135932560711,121.06119307050992,123.08292388916016,1908500
2021-05-21,124.16183350224942,125.39625587880991,122.98572807421904,123.79248046875,1889100
2021-05-24,124.0743518236663,126.70844015762145,122.47056907878337,125.83365631103516,1706400
2021-05-25,126.8833927227879,128.53578530431253,124.5311819532832,125.41569519042969,1730800
2021-05-26,126.36822893364183,129.08008535567228,125.58092056317126,128.73988342285156,2571900
2021-05-27,129.2453196261818,129.40084135484875,127.44713486297046,128.95372009277344,1544000
2021-05-28,129.50778208955893,129.5952575146256,127.47631439766268,128.1761474609375,1239300
2021-06-01,130.43114885705575,132.3945699253897,129.5271917727331,131.81137084960938,2234400
2021-06-02,132.2001859468891,132.99722384938002,129.80910190215928,130.87828063964844,1582600
2021-06-03,129.30363083907352,129.38139169996256,125.4448352517405,125.46427917480469,2944700
2021-06-04,126.48490267074362,126.51406114716897,124.10352574830115,124.57008361816406,2149400
2021-06-07,123.86052259514227,125.54206633969206,121.69298449173462,125.48374938964844,3075200
2021-06-08,126.11554323015628,126.11554323015628,123.31621823504132,124.46316528320312,1569300
2021-06-09,124.6478171696426,124.6964047321175,123.05374912293235,123.12178802490234,1828200
2021-06-10,123.22871687806112,123.7827500985248,121.53745874438538,122.63580322265625,1656200
2021-06-11,122.70384596780868,123.70499309788278,121.27502145568933,123.60779571533203,1207200
2021-06-14,123.63695620306166,123.94799228170302,120.42939803251352,121.44998168945312,3051900
2021-06-15,121.44999075194764,122.67469864734689,121.08063769840179,121.88739013671875,1658200
2021-06-16,121.6152235000288,122.64552910399337,120.25443789634727,121.93597412109375,1622800
2021-06-17,122.23730557930081,125.69759052392591,121.02231965866916,121.79019165039062,2313900
2021-06-18,120.52659963459345,121.5374687794755,119.3213357146394,120.95427703857422,2526800
2021-06-21,121.68328081608497,124.19100629593247,120.06977584098343,124.03549194335938,1735800
2021-06-22,122.7330097490198,123.96743954942484,120.82791278902981,123.20928955078125,2067600
2021-06-23,123.82164800415406,124.88111219696948,121.47915893998916,122.42198181152344,1864300
2021-06-24,123.32592648889094,124.0743619582895,120.65295750098127,120.67240142822266,2721300
2021-06-25,120.85706316268264,121.59577660073498,119.77816260163462,120.58490753173828,3498300
2021-06-28,120.34192639044818,120.34192639044818,116.44425678957953,117.37736511230469,3935700
2021-06-29,117.5620220045012,119.36992145220528,117.44538811476852,118.23269653320312,2710200
2021-06-30,119.69068107410287,121.6638168356584,118.54373417712237,118.87421417236328,3847000
2021-07-01,120.04059869428897,121.03202385785058,118.76729593136064,118.9714126586914,2017500
2021-07-02,119.72958305351764,119.72958305351764,117.64952757354844,118.09664154052734,2050900
2021-07-06,118.58262950701256,118.58262950701256,113.53800543611281,113.62548828125,3790000
2021-07-07,114.57801535007603,114.57801535007603,109.19319752916857,109.74723815917969,4946200
2021-07-08,107.55054645939336,109.74724290222291,106.84099147635942,108.53225708007812,3661000
2021-07-09,110.02912080445162,111.72038652679342,109.19320990693156,110.68035888671875,3131900
2021-07-12,110.10687415389717,110.90390455800365,108.58085225521702,110.8164291381836,1766800
2021-07-13,109.76669588317843,110.12633441014431,108.26011027137886,108.42535400390625,2011700
2021-07-14,109.0571171278122,110.14574702121419,106.72435043802638,107.60885620117188,1990500
2021-07-15,106.72436334804134,107.56027423208232,103.759794815607,105.1983413696289,2786600
2021-07-16,106.04395564272507,106.40359409730799,101.2520515089712,101.76720428466797,2608600
2021-07-19,97.71402721692401,102.05881808774038,97.44187155519974,101.80609893798828,4278800
2021-07-20,101.7672172687959,104.64431044116849,100.49391440296196,103.5848388671875,3330100
2021-07-21,104.85813344393597,106.89931555222105,104.26521977106228,106.52023315429688,2415500
2021-07-22,105.04282462020755,106.04397185291077,103.0891251432156,104.39159393310547,1913300
2021-07-23,104.47905501161932,104.73177412999524,100.50362510301173,100.66886138916016,3621600
2021-07-26,99.76491640526591,101.5436574495207,97.93758037696611,101.39785766601562,4127700
2021-07-27,98.1805807166412,99.96903636608225,95.64368961501046,97.52934265136719,5198400
2021-07-28,98.4332784595019,100.11482193549428,97.01417604816245,99.29835510253906,2749200
2021-07-29,99.69687721006572,100.11483263322016,96.8392281580012,96.96559143066406,3279400
2021-07-30,96.10052787737376,98.23890010536476,95.16741959157666,95.57565307617188,2771400
2021-08-02,97.19887140495719,99.04565144478845,95.41041573063495,95.61453247070312,2761600
2021-08-03,95.14797287494045,95.54649179989954,90.78374570552378,92.41668701171875,4945200
2021-08-04,91.44468810601926,92.90267098749653,87.73169199781783,88.53843688964844,7400100
2021-08-05,89.9478232845672,96.10051272111075,89.43267052824999,95.91583251953125,6750200
2021-08-06,96.55736209929367,97.97647224762476,94.99246698181423,96.12969207763672,3221500
2021-08-09,93.99130992762476,94.4189873541428,90.96842429714108,93.4469985961914,4877900
2021-08-10,93.60251242158664,95.18685129308393,93.59279045843932,94.71057891845703,2079700
2021-08-11,94.40925418799725,95.32292588507885,93.38867056265755,95.099365234375,1898900
2021-08-12,95.02161361492519,95.15769143426648,93.22343607447087,94.477294921875,1881400
2021-08-13,94.28290693679878,94.28290693679878,92.5138877424471,92.8443603515625,1596300
2021-08-16,91.7460127317666,91.8529320819422,89.91867664676724,91.0850601196289,2209300
2021-08-17,89.8700733241495,89.92839027248912,87.76085964810117,89.38407897949219,3190300
2021-08-18,89.6951141652286,91.17254111097544,88.64536461151665,89.76315307617188,2942700
2021-08-19,87.56646900437478,88.42182390976829,85.06845804016046,86.19596862792969,4804000
2021-08-20,86.22511826864135,86.70139066398517,85.35032693945905,85.82660675048828,3085700
2021-08-23,87.87750361802404,90.37551432847916,87.30402641782922,90.32691192626953,4058100
2021-08-24,93.49559307872286,97.51962560244084,93.05819372529302,96.65455627441406,7375600
2021-08-25,96.70315184611881,98.97760921698686,95.62424381639815,98.01533508300781,3406400
2021-08-26,97.25718456706345,100.08567517432006,96.23660090646963,96.79063415527344,3090400
2021-08-27,96.89754680282131,98.95815790783324,96.84894440609818,98.21945190429688,2276800
2021-08-30,98.91927775392163,99.11367992568047,96.87810315240367,97.0919418334961,2445800
2021-08-31,97.19886662717298,99.75519414982102,97.19886662717298,98.8415298461914,2627000
2021-09-01,100.16343687292512,100.35783164349075,97.78206014722781,98.15142059326172,2450900
2021-09-02,98.326370657271,99.96902635398061,97.42242095968572,99.14283752441406,2367900
2021-09-03,99.07480981887215,99.80380135366744,96.50876020964758,97.49047088623047,2377900
2021-09-07,97.78205224788044,103.57510344782794,97.10166319018097,102.96275329589844,5060700
2021-09-08,103.2835216336974,104.43046859960414,99.57052508570871,101.68946075439453,3358700
2021-09-09,101.40756520603398,102.93358690288159,100.37725232064055,101.01876831054688,2400100
2021-09-10,102.14627960821942,102.49619610156353,98.25832516278224,98.69572448730469,2170300
2021-09-13,99.24976323931865,101.34925490089331,96.90726699565496,100.58139038085938,2699300
2021-09-14,92.71800630206374,92.82492565785643,86.74999596820614,89.66596221923828,25730100
2021-09-15,83.28971573586288,84.05758771404768,80.23767175029488,84.01870727539062,26088800
2021-09-16,81.55958464546785,83.02728240997277,80.49039102140982,82.00669860839844,13217800
2021-09-17,81.8025725357492,82.55100057170331,80.55842077081357,80.95693969726562,8730600
2021-09-20,78.10900976432401,81.7345233343887,77.66189586801045,79.80998992919922,13197800
2021-09-21,80.1987802458037,81.13188839776664,76.34970633807498,76.56353759765625,10372200
2021-09-22,76.98148902371214,79.67390141907423,76.88429165332623,78.5269546508789,6067400
2021-09-23,79.0518398622281,82.01640083949256,78.56584552998623,81.4818115234375,6526500
2021-09-24,80.80140778893936,83.59101767639086,79.8877435686302,80.55841064453125,8009100
2021-09-27,79.3726038186497,84.45610076010043,79.34343792736541,82.98839569091797,6511000
2021-09-28,82.50239751568128,84.3200190395523,81.65677209959405,81.9483642578125,4644800
2021-09-29,82.46352776008042,82.55101060985776,80.87918865637803,81.28742218017578,4111200
2021-09-30,81.64705367636891,83.05643437474632,80.50010667333537,82.37604522705078,4163000
2021-10-01,83.37718394568034,85.04900558482883,82.65791443198324,84.76712799072266,4605500
2021-10-04,84.56301125892684,85.96267726657648,80.9569343123651,81.21936798095703,4623800
2021-10-05,81.61789112570233,83.93122152804898,80.7917022259846,82.66764068603516,3642500
2021-10-06,81.64704039259551,82.52183159422447,80.38345227738876,81.8900375366211,3065200
2021-10-07,82.76484141889989,83.94094688629625,81.72481377975203,83.0953140258789,2737900
2021-10-08,83.51326757279902,84.53385867711076,82.62876170932279,83.64934539794922,2380000
2021-10-11,83.72711212174198,87.95526179149822,83.60075625118746,86.48756408691406,8301500
2021-10-12,87.17766666865525,89.96726942098311,86.55559450966112,88.87864685058594,4933200
2021-10-13,88.58705104529874,89.89923432968466,87.70254516927297,89.85063934326172,3645700
2021-10-14,90.54074883578542,91.22113795911791,88.08161861271697,89.07304382324219,3753100
2021-10-15,90.03530671445832,90.7837421338484,88.04273441511171,88.1690902709961,2600700
2021-10-18,88.28573501244804,89.68539369162579,87.33318282773624,88.25657653808594,2066100
2021-10-19,88.69395805182143,89.27714971751844,88.08160791519221,89.05359649658203,1879500
2021-10-20,89.32575496762409,89.86034425506283,87.52757751772184,88.39264678955078,2256100
2021-10-21,87.28460299854122,88.90782262249455,87.2068421096163,88.52874755859375,2083500
2021-10-22,88.2468424249574,88.37319826835834,86.26398486879539,86.60417938232422,2754800
2021-10-25,86.93466990708446,88.28573357894984,85.9335227532532,87.88721466064453,2668000
2021-10-26,89.31604247556966,91.7362923008142,88.88836506772302,89.57848358154297,2915000
2021-10-27,89.61736071762525,91.04618538152468,89.0633274209791,89.2188491821289,2520800
2021-10-28,89.42296429295396,89.4521227687137,87.5275892117145,88.23713684082031,2186300
2021-10-29,88.1107729176993,88.88835939104234,86.28342950318905,87.28458404541016,2958200
2021-11-01,87.47897987449,91.28917366259226,86.55559360875549,91.06562042236328,3062400
2021-11-02,90.8226309547721,90.9198283464014,88.0330205793287,88.9855728149414,2423900
2021-11-03,88.53845130531563,91.53217842247969,87.60534299912533,90.86151123046875,2534800
2021-11-04,91.58077951038611,92.11536886354466,88.42181613156423,88.54817199707031,2876300
2021-11-05,90.91009083302717,95.18684207438025,90.91009083302717,94.20513153076172,5371700
2021-11-08,95.83807240559976,95.83807240559976,91.94039612744513,92.193115234375,3136600
2021-11-09,92.61107688532881,93.68026291141751,89.49099422556152,91.48357391357422,4844300
2021-11-10,90.2588724460362,95.60481036538035,88.63565307574528,89.44239807128906,8679800
2021-11-11,89.59791782430902,92.74715910645143,88.77172892017627,91.73628997802734,3748700
2021-11-12,91.60992841280816,92.33891988558912,89.54930984676746,91.31832885742188,3899900
2021-11-15,91.9598316471071,96.08106076898576,91.91122925632573,95.30347442626953,4317700
2021-11-16,96.06163604011958,96.22687232394185,93.5636256107618,94.94384765625,2820700
2021-11-17,94.76889218782124,95.77976126104016,92.17368430459602,92.33892059326172,2413600
2021-11-18,92.48471883591927,92.65967708444892,87.0415840376523,87.9455337524414,4363300
2021-11-19,88.12049528751054,89.70483413029072,86.94438248561184,88.1690902709961,2608500
2021-11-22,89.79230614664733,93.01930807203874,89.12163904076081,91.69740295410156,4284900
2021-11-23,92.52360339388858,92.82491750701782,88.75228262766977,89.12164306640625,3132300
2021-11-24,88.20798610663786,90.18112224019941,87.42067752928416,88.64537811279297,1831600
2021-11-26,81.86088647581937,83.97010009712125,80.33486456983199,83.28971099853516,5818400
2021-11-29,83.37718366802088,83.58130039086254,79.91690651105482,80.67505645751953,5145100
2021-11-30,79.49894887541973,81.5304014998962,76.25250307927482,78.74079895019531,5603600
2021-12-01,79.70307390582482,81.04441565069077,73.90030014348865,73.92945861816406,6859200
2021-12-02,75.93175629833732,80.43206109541936,74.68760459239901,79.98494720458984,8029100
2021-12-03,79.37260012637749,80.05298924431592,76.78710664684102,77.85629272460938,5199900
2021-12-06,78.65331534174284,84.58244428916937,78.48807906032746,82.53155517578125,5055500
2021-12-07,85.31144663623225,86.9929903836445,83.40634963614865,84.01870727539062,3617100
2021-12-08,85.52529044171317,87.77058956003387,84.6893794999463,85.70024871826172,2836200
2021-12-09,83.86317736590499,86.41951219530957,83.8145823840731,85.07816314697266,2068000
2021-12-10,85.03929480409342,86.18624184113658,83.94095017147775,85.12677764892578,1697000
2021-12-13,83.5910343765573,84.46582575433285,80.76254349103064,82.3954849243164,2610200
2021-12-14,80.67507075182958,82.13305395818794,80.0043961038852,80.9861068725586,2908600
2021-12-15,80.78198545899328,80.83058786267924,77.48694419573444,80.3931884765625,3157600
2021-12-16,81.15134080031406,81.61789867551454,77.92433836187544,78.30341339111328,2985500
2021-12-17,77.27309468452727,80.23766291857227,75.69847046281873,79.96549987792969,4516400
2021-12-20,77.80768521120238,80.07241286236166,77.18561314191176,78.5269546508789,2831000
2021-12-21,79.5961513697543,84.3005803755132,79.46007354959085,83.90206146240234,3648600
2021-12-22,83.49383437905598,84.6407813906681,82.52184563754355,83.46467590332031,2241800
2021-12-23,87.67337508989388,87.95525269414736,84.82544798944639,86.39035034179688,3336200
2021-12-27,85.4961307092433,85.53501114964816,83.49383623035052,85.12677764892578,2212800
2021-12-28,84.17422480527179,86.01128296126744,83.73683283124834,84.03814697265625,1758900
2021-12-29,83.6687955445259,83.89234881002592,81.95809322387295,82.599609375,2440100
2021-12-30,82.30799952757735,85.505843089517,82.17192170925523,83.73682403564453,2457700
2021-12-31,83.11475671788348,84.40749606703083,82.51212104767863,82.65792083740234,2406200
2022-01-03,83.65904683220546,86.65277308224724,83.57157142993971,85.3114242553711,2437800
2022-01-04,86.36118889166958,86.70138343139344,84.02841468034427,85.0392837524414,2292300
2022-01-05,84.2130896402509,85.31143406160018,81.3943212864173,81.8900375366211,3439900
2022-01-06,82.87174721386943,83.68821404978412,80.88888964933972,82.26911163330078,2583200
2022-01-07,82.21080672913436,83.96038195469201,82.12332388922954,82.18164825439453,1720400
2022-01-10,81.77340596693583,82.32743922460358,77.58413707853028,79.8683090209961,3340000
2022-01-11,79.0518406775468,83.78542077636511,78.85743849323404,82.91063690185547,3198800
2022-01-12,83.75627571339774,84.62134517896743,83.13420345536305,83.39664459228516,2636000
2022-01-13,83.51326120879702,84.990688077393,81.5595694041537,81.87060546875,2403800
2022-01-14,88.92724290732511,89.79231224559841,86.53615162691611,88.90780639648438,10750500
2022-01-18,88.27600323388367,91.05589118782177,87.13877836609565,88.53843688964844,3595200
2022-01-19,89.05361932485735,89.47157481862233,86.4584035113609,86.56532287597656,3154800
2022-01-20,87.44981974181056,88.33432555426978,84.35889554826356,84.66020965576172,3178300
2022-01-21,84.43665123747144,85.45723480459372,81.9969578072725,83.25082397460938,3871800
2022-01-24,79.50868573876026,82.53157145942872,76.48580001809181,82.42465209960938,5484500
2022-01-25,80.44179154092691,85.11705508531219,79.54755624928596,84.03814697265625,3114200
2022-01-26,85.32116718182297,86.89579155068019,82.83287847460836,83.7173843383789,3153000
2022-01-27,84.14506454446727,84.47554457072854,79.7225128312024,80.43206787109375,2870400
2022-01-28,80.69449892793092,81.81228742045677,78.76024348372829,81.77340698242188,2296000
2022-01-31,81.22909101343389,83.318868089686,80.31541931133184,83.05642700195312,2949500
2022-02-01,83.39662852297143,86.03071685521805,82.77455638480097,85.71968078613281,2931600
2022-02-02,85.4669693478814,85.60304717686216,83.07587796133828,83.70767211914062,2750900
2022-02-03,83.07586929210008,84.73796895750702,81.81228110835495,81.87060546875,2631400
2022-02-04,81.355458716497,83.51327501573977,80.5001112513669,83.10504150390625,2884400
2022-02-07,83.51326856912812,86.58475646644226,83.20223247711905,85.62248229980469,3352500
2022-02-08,86.21538182222123,88.26627826557433,85.32115413180037,87.32344818115234,3248100
2022-02-09,88.63564241364948,91.5127277669987,87.83861206181412,91.16281127929688,3521600
2022-02-10,90.20054379621222,92.89294891799783,89.69510557843361,91.54188537597656,3357400
2022-02-11,91.60993742502176,93.74830965593641,88.67453473541869,89.33548736572266,4205400
2022-02-14,89.56875266823735,91.74600509705049,88.79115880724748,89.48126983642578,2323500
2022-02-15,91.06561862653,93.7969043490639,90.24914430764626,93.56362915039062,4095700
2022-02-16,90.65739928905457,92.9901740768418,89.30633534336643,91.59051513671875,4118900
2022-02-17,90.88093922582333,92.79575806233154,90.43382533448757,91.2405776977539,2704600
2022-02-18,90.55048581997943,92.38754417339959,89.55905302930685,90.54076385498047,3008900
2022-02-22,89.15079748504279,89.31603377081217,84.95180693987271,86.06959533691406,4338800
2022-02-23,87.46926766920498,87.99414249688729,84.43666744128834,84.7477035522461,2156100
2022-02-24,79.86830304964752,84.36861510200403,79.41146721217262,84.05757904052734,4455400
2022-02-25,84.49495750482342,85.33086817744136,82.32741996636445,85.3114242553711,2605700
2022-02-28,84.22282935201493,85.16565965604126,82.08444958452456,84.09646606445312,2395600
2022-03-01,83.50355295406489,84.2131005537897,78.74080683080182,79.35315704345703,4410200
2022-03-02,81.55957378090699,87.39150586681176,81.27769617353938,86.14735412597656,6974200
2022-03-03,85.49612510059055,85.74884423880056,82.23024247768602,82.90091705322266,4454900
2022-03-04,81.99697174509258,82.49268808520479,78.01181934342016,78.99352264404297,5060200
2022-03-07,78.28396904734902,78.62416360164822,69.98318484402297,70.05122375488281,6379900
2022-03-08,70.96490634258933,73.41431492396647,68.31137358171836,69.73047637939453,4978600
2022-03-09,73.02550516892225,76.64130416136125,72.8602688769103,75.10556030273438,5575500
2022-03-10,73.26849553889643,75.86371064970118,72.72418431418677,74.38628387451172,2337900
2022-03-11,75.47492133598843,75.74707697573508,70.14842018778599,70.29421997070312,3624700
2022-03-14,68.23359349828667,68.45715412852172,64.50116101189039,65.006591796875,6019000
2022-03-15,64.55949107837775,68.42800957126147,64.47201565029421,67.5726547241211,4779700
2022-03-16,70.58581787204524,73.74478095945636,70.10953809803479,73.06438446044922,4677800
2022-03-17,71.93687736778865,75.26107655406383,71.73276065449294,74.75564575195312,2918300
2022-03-18,73.51149366101244,77.47720884853932,73.20045761193295,77.41889190673828,3715600
2022-03-21,76.75793524593765,77.40916577996123,75.12499422220075,76.10670471191406,2647900
2022-03-22,76.13587489681545,78.96435809249908,76.03867751219165,77.69105529785156,2732300
2022-03-23,77.05926703191994,78.11873862720475,76.27195851622936,76.43719482421875,1636700
2022-03-24,77.08841198156865,79.49894692520837,75.52350977299571,79.09071350097656,2598900
2022-03-25,78.49781763246872,79.4212040269951,77.5549873091413,78.02153778076172,1655500
2022-03-28,78.2450907610438,78.80884598976982,75.68876313626137,77.88545227050781,2013300
2022-03-29,79.41147297766169,81.41377472099478,78.78940080954418,79.46007537841797,2771000
2022-03-30,79.07126713471989,80.23765784524197,78.05068360565772,78.89630889892578,1456900
2022-03-31,79.09073231304122,80.40291572628573,77.4577908120276,77.50638580322266,2382900
2022-04-01,79.46979665803597,80.93749422747901,77.90489428791659,78.37144470214844,3117800
2022-04-04,78.76995992756414,80.85001501472199,78.02152452528641,79.54754638671875,2171400
2022-04-05,79.36288100981552,80.08215059110567,76.08727633153548,76.85514831542969,2807100
2022-04-06,75.29995746047219,75.59154958886181,72.95746139261462,74.03636932373047,2926500
2022-04-07,73.81282931067109,74.00722409772217,69.52635529031701,71.89801025390625,3437600
2022-04-08,71.36340274892491,72.17015508383514,69.99290264995356,70.20674133300781,2423600
2022-04-11,69.3027975249502,71.6938888456478,68.40856228182065,69.29307556152344,2483800
2022-04-12,70.56636298125629,71.56750994072934,69.11810220569255,69.49717712402344,1956300
2022-04-13,70.32337377055836,72.37427031108744,70.15813748821996,71.50920104980469,2171300
2022-04-14,71.36341346598711,72.68531878185465,71.06209932135219,71.89801025390625,1618500
2022-04-18,71.44117078284589,71.71332643741373,70.22618488517844,71.40229034423828,1677800
2022-04-19,71.73276531103589,76.45663074162866,71.69388487516738,75.62071990966797,3531200
2022-04-20,75.63042997961738,77.05925439653912,75.38743283158809,75.57211303710938,1964100
2022-04-21,76.65103191302278,77.48694281486246,72.74363306197023,73.30738830566406,2612300
2022-04-22,73.30739051392126,74.21134035752732,71.00378189830492,71.14957427978516,2361500
2022-04-25,69.03064023812924,70.54694778518328,68.11697582302364,70.18730926513672,2492100
2022-04-26,69.15699380856117,69.59438573401513,65.99803070163738,66.30906677246094,3700000
2022-04-27,66.38682517678406,67.65040592318095,64.1609703650561,66.04662322998047,3062500
2022-04-28,67.04777410237067,69.46802353932034,64.93855329217337,68.75846862792969,2521200
2022-04-29,68.92372326589256,72.21876441293632,68.32108759359535,68.50576782226562,2422500
2022-05-02,68.97230257553986,70.22616862143084,67.08664252604252,69.7012939453125,2181800
2022-05-03,69.78878885284175,71.13013053588963,68.46688368011992,69.68186950683594,1846000
2022-05-04,69.83740130595982,70.5955514649683,66.23132336010735,69.94432067871094,3562100
2022-05-05,69.0014664801757,69.16671017292934,65.63838691920948,66.57149505615234,2944500
2022-05-06,65.88137940472608,66.68813164024003,63.538890973704326,64.44284057617188,2935000
2022-05-09,63.01402859348407,63.47086446459109,59.32046860280563,59.61206817626953,4649600
2022-05-10,60.88537004494991,61.63380177008606,58.04716489202662,59.92310333251953,5824600
2022-05-11,59.437103349622596,61.60463744535632,56.958529496030145,57.2015266418457,6717600
2022-05-12,56.37534366311117,58.22212364555701,54.78128281485732,56.91965866088867,5424300
2022-05-13,59.06774745710677,64.85108034813031,59.02886702336275,64.41368103027344,5999600
2022-05-16,63.11122674568888,65.6772763268607,62.00316021816856,62.148956298828125,3646200
2022-05-17,64.11238447818018,65.24960966749717,62.84880340639012,64.5400619506836,4040500
2022-05-18,63.85965420526572,64.11237334200158,60.50629617851374,61.06032943725586,2856600
2022-05-19,60.379937126046585,62.72242974939779,60.26329952001024,61.040889739990234,2092700
2022-05-20,62.314194768544105,62.69326975988395,59.456545680888304,61.30332565307617,2430600
2022-05-23,61.653239835663655,61.90595525103861,59.40794473865886,60.20497512817383,2311800
2022-05-24,59.058031079497134,59.29130999617875,55.80187045628665,56.560020446777344,4067900
2022-05-25,55.957380425737796,58.533151561719286,55.88934152398813,58.047157287597656,2847100
2022-05-26,58.610911157575295,63.38337497982207,58.60119290313878,62.62522506713867,2783500
2022-05-27,63.247311330927175,64.0151833778061,62.79047540544475,63.43199157714844,2029000
2022-05-31,64.17069797773465,65.28848659244915,62.80019761169667,64.24845886230469,2684200
2022-06-01,65.39539931337795,66.42570497439372,62.17811905181599,63.30562210083008,3006900
2022-06-02,63.393102005064584,65.19127955465261,63.305619168937966,64.80248260498047,2420800
2022-06-03,63.77217742794397,64.47201045900435,63.023741996960204,63.40282440185547,1469600
2022-06-06,64.8996887419397,67.38798510604387,64.3067823979345,64.96772766113281,2437100
2022-06-07,63.65553930809779,65.61896067872664,63.36394714099742,65.57035827636719,1303200
2022-06-08,65.58008472772998,68.75848480230837,65.42456296208549,68.31137084960938,2546900
2022-06-09,67.42686537001066,67.4560238473471,64.35537721868161,64.42341613769531,2755100
2022-06-10,62.71271207519409,63.781905652998546,59.95226753242643,60.54518127441406,3045900
2022-06-13,57.658365074159065,58.270718947547024,55.199235033627325,55.99626541137695,6556300
2022-06-14,56.482268087910114,58.18324843751684,55.79215695023768,56.385066986083984,3987400
2022-06-15,56.93909710894595,59.24270917983439,56.51141972833306,57.67780685424805,3395100
2022-06-16,56.015704847719455,56.51141740927348,52.681783605982474,52.963661193847656,4179400
2022-06-17,53.566297681966105,54.25640876691576,52.09859267318531,53.42049789428711,3708400
2022-06-21,54.52856293526321,54.9562403233287,52.73038537786474,52.77898406982422,3871000
2022-06-22,51.593165399555005,53.41078335097859,51.398766905085935,51.90420150756836,3376400
2022-06-23,51.923632862584995,52.458229596236244,48.79383187309115,50.56285095214844,5593100
2022-06-24,51.35016182820297,56.66693718809214,51.21408030349265,56.65721893310547,8445300
2022-06-27,56.909931165852306,57.58060566553436,55.092313541932384,56.07402038574219,2351900
2022-06-28,59.67038402388028,61.225568124907944,57.74584689687274,57.84304428100586,5284900
2022-06-29,57.01685184380015,57.54172658427455,55.37419242399207,56.37533950805664,2871400
2022-06-30,55.247837124566914,56.38506210874012,53.50797648472879,55.383914947509766,3350000
2022-07-01,55.13119804285287,56.66693819927799,54.45080523852979,56.55030059814453,1717700
2022-07-05,55.16036113413014,56.21011075574245,53.96481542585577,56.17123031616211,2378500
2022-07-06,55.519992720565874,56.58918250014954,53.84817470154396,54.275848388671875,3141600
2022-07-07,54.95623695727083,57.05573220877248,54.78127871065883,56.239261627197266,2429300
2022-07-08,55.90878832114924,55.97682723090804,54.19808619847569,54.87847900390625,2335000
2022-07-11,52.18607404391044,52.74982929209862,49.38674914621223,51.330726623535156,9221800
2022-07-12,51.330724842036396,53.64405529011676,51.26268592931889,53.19694137573242,4644500
2022-07-13,52.137468647467884,53.478813972617445,51.33072002614618,52.963661193847656,2713100
2022-07-14,52.1374722105112,53.33301784216651,51.69035830751995,52.759544372558594,2199800
2022-07-15,53.08030687554602,54.17865521458416,52.341593340180545,53.91621780395508,2112600
2022-07-18,54.654921568951956,56.44338084060841,54.654921568951956,54.96595764160156,2434100
2022-07-19,55.73383647993379,58.17352667255627,55.73383647993379,57.901371002197266,2517100
2022-07-20,58.66923550986004,60.22441586679212,58.07632184007892,60.1855354309082,2318400
2022-07-21,60.2632989343648,62.05175827685965,59.49542697741567,61.896240234375,2952800
2022-07-22,62.1392380072677,62.372513219324965,59.456547113710684,60.00086212158203,2532600
2022-07-25,60.127219783137654,60.613214118652394,58.367918953751015,60.486854553222656,2179000
2022-07-26,60.156381577753216,60.42853723415649,59.1455124141943,59.53430938720703,1399600
2022-07-27,60.341053208922574,61.71155696710234,60.02029519572368,61.51715850830078,1812200
2022-07-28,61.41996307971566,62.051757202027396,60.078621376960584,61.86708068847656,1600100
2022-07-29,61.526881192288336,61.896237919818596,59.90366191629378,61.701839447021484,1786400
2022-08-01,60.933973504624895,62.00316335611945,59.3593527651864,61.76016616821289,2348200
2022-08-02,60.827048269674435,63.32505867101876,60.554888940780586,62.60578918457031,1913200
2022-08-03,63.47084664102879,64.80246602721847,63.17924714945039,64.43311309814453,2050100
2022-08-04,64.93856609784181,65.97859376504947,64.63725195797443,65.22044372558594,1645200
2022-08-05,64.00544363560029,65.18154887470335,63.87908779552087,64.84135437011719,1789600
2022-08-08,65.27875642851201,66.98945098572631,64.01516831140924,64.04432678222656,2300800
2022-08-09,63.60694252242276,64.24845120444807,62.21699839306847,64.18041229248047,2687100
2022-08-10,63.04318639382465,65.2301609243717,61.96427836549996,63.51945877075195,4065900
2022-08-11,64.54005160431878,67.00890380907754,64.07349376222797,65.67727661132812,4085200
2022-08-12,65.71616188114643,66.84366500759522,65.06493117957858,66.81450653076172,1781500
2022-08-15,66.18270249608672,67.60181242681219,65.8716664299913,66.41598510742188,1536800
2022-08-16,66.09523428225432,66.6589895308969,65.26904533686326,65.93971252441406,1534000
2022-08-17,64.93856138409032,64.93856138409032,62.955703585594065,63.58749771118164,2125800
2022-08-18,63.412539068590306,63.72357514790396,62.323916498835075,63.67498016357422,1945300
2022-08-19,62.97514266457499,63.422256533395704,61.779597124288834,61.886512756347656,1359400
2022-08-22,60.38965955973783,60.38965955973783,58.64979887984175,58.80531692504883,2686900
2022-08-23,58.54287793731463,60.48685530348616,58.54287793731463,59.76758575439453,1405700
2022-08-24,59.77730465829069,61.67268335243916,59.330190749102776,61.06032943725586,1337400
2022-08-25,61.81848152768642,63.87910029769398,61.81848152768642,63.13066482543945,1486700
2022-08-26,63.441702556075164,64.25817696360203,60.54518022899778,60.58406066894531,1599000
2022-08-29,59.93282410599733,61.215848915041185,59.39823105353617,60.66181564331055,1127600
2022-08-30,60.963131161819575,61.585203323414866,57.73612904266208,58.5234375,1887700
2022-08-31,59.0483174314162,59.903668582198975,58.183248024441255,58.892799377441406,1500100
2022-09-01,58.16380935879,58.24156653393421,55.646358243645835,57.52229690551758,2282700
2022-09-02,57.969410859164995,58.71784267262331,56.65722747542146,57.52229690551758,1456900
2022-09-06,57.629211960684145,57.84304695723905,55.5880334288663,56.56974411010742,1641900
2022-09-07,56.287861776220325,58.68867489423738,56.287861776220325,58.620635986328125,1616300
2022-09-08,57.68753315038093,60.0300259838158,57.250141161557025,59.94254684448242,1536700
2022-09-09,60.788178628771796,61.45884954594441,60.360501196508466,61.021453857421875,1285700
2022-09-12,61.62408346334979,62.98486909116027,61.57548106333742,62.7029914855957,2063500
2022-09-13,60.74929329507925,62.30447372029624,60.12722112499245,60.924251556396484,2626100
2022-09-14,60.885368856318124,60.94368951053756,56.55030033775372,58.989990234375,4424400
2022-09-15,60.360495109367136,65.07463869021797,59.650943823027596,63.40282440185547,7090300
2022-09-16,62.401670334226374,63.781899896731346,61.01172993205032,63.58749771118164,4050100
2022-09-19,62.51830501208348,65.44399270693312,62.51830501208348,64.04432678222656,4435900
2022-09-20,65.60923356996459,68.25304387218236,64.83163968730587,65.90083312988281,6296700
2022-09-21,65.60923810679185,65.60923810679185,62.15867891829948,62.19755935668945,4437400
2022-09-22,62.76131338715907,62.76131338715907,57.89165137363903,58.50400161743164,3951600
2022-09-23,57.512568149422265,58.01800270562207,56.02542666242071,57.9791259765625,3175800
2022-09-26,61.9059518277777,66.9602932263649,61.71155707647382,64.92884063720703,13687300
2022-09-27,66.17298341511399,67.16440849046288,64.04432608055838,64.695556640625,6141600
2022-09-28,65.15242554370592,65.81337840152315,63.8791222473753,64.8899917602539,3625400
2022-09-29,64.07349202418301,64.07349202418301,61.64352032348719,62.54747009277344,2382200
2022-09-30,62.207276479192316,63.23758212285966,61.07005148582154,61.26444625854492,2899800
2022-10-03,61.4588408057931,63.37365589103859,59.650941355565905,62.80018615722656,2950500
2022-10-04,64.15124493193672,68.80707102218211,64.15124493193672,68.75846862792969,3863500
2022-10-05,67.67958274918259,70.65387375166019,66.91171064745365,70.15815734863281,3229300
2022-10-06,70.20674657496606,72.28680178522526,70.10954177309479,72.09239959716797,3422300
2022-10-07,70.85798312039759,71.72305253615728,69.46803887670181,71.04265594482422,3061700
2022-10-10,69.98318916307183,70.38170810533506,61.84764446106071,62.34335708618164,5818600
2022-10-11,61.6921246706408,62.1878372817756,55.811590003106325,57.96940612792969,8979900
2022-10-12,58.14436834075177,58.154090304913346,55.2575604866891,57.065460205078125,5445100
2022-10-13,54.8881991488599,57.901362420164,53.78985095823875,55.50054931640625,5284800
2022-10-14,56.161512601844166,56.71554593033548,53.53714576492452,54.771568298339844,4785800
2022-10-17,55.8310317484553,56.61834396067174,54.71324692501037,55.69495391845703,3042400
2022-10-18,56.95853651240031,58.77615805664863,54.839600843242664,55.00484085083008,4963900
2022-10-19,52.973377747108955,54.93679512873186,52.66234169733129,52.95393753051758,5105500
2022-10-20,53.158057969072296,56.45310260935398,53.158057969072296,54.55772399902344,4988600
2022-10-21,54.256405515025044,57.289009029540665,53.83845010376113,57.152931213378906,4224700
2022-10-24,54.98539838074624,55.87962987897077,52.30271130175764,54.94651794433594,5602900
2022-10-25,55.393636048495026,56.51142079658475,55.06315975170273,55.83102798461914,3688900
2022-10-26,55.7532734518746,57.30845391737405,55.42279713947563,55.52971649169922,4663400
2022-10-27,55.67551803008721,56.472548560233676,54.003699792821564,54.227256774902344,4279900
2022-10-28,53.848177485288524,56.812742390047795,53.68293747200512,56.66694259643555,3550700
2022-10-31,59.961982828870234,63.50973943375581,59.505150651598385,62.11008071899414,13995100
2022-11-01,65.22044629463583,66.40627380437783,63.85966050615018,65.95915985107422,7590700
2022-11-02,64.73444284222641,68.11696661942605,64.64696742293712,65.24959564208984,5438400
2022-11-03,64.39425244274311,66.05635225742073,63.30562241104546,64.61781311035156,2873600
2022-11-04,67.4074051604811,69.26390686981934,66.42569463837857,68.82650756835938,4132400
2022-11-07,68.3988460542606,70.75105687916813,67.91285171445234,70.25534057617188,3551800
2022-11-08,70.45944166576065,70.68300227533948,67.04776749705229,68.44742584228516,3600900
2022-11-09,67.5434912768277,68.3016412604938,66.06607174656618,66.36738586425781,4201200
2022-11-10,69.94431200260766,72.05352588399789,69.41943716939649,69.98319244384766,4894700
2022-11-11,72.89914778355727,76.62186604346861,72.66587258704163,75.7956771850586,6394400
2022-11-14,76.17477070995993,77.64246857011527,75.15417942618717,75.88317108154297,3274400
2022-11-15,77.7590911678569,78.245085487656,75.36800000432747,76.20391082763672,2692700
2022-11-16,75.76651623143192,76.22335210713877,74.3279771075947,74.92089080810547,2486700
2022-11-17,73.13242708844804,76.7968286090075,72.7047571067582,75.84427642822266,2543000
2022-11-18,76.52467188014998,76.76766904964461,73.46290606138064,73.87113952636719,1930800
2022-11-21,72.04381334406744,72.52008578508584,70.69274948997419,72.25764465332031,2094800
2022-11-22,72.28681006534401,73.56011302630812,71.33425777396583,73.45319366455078,1374800
2022-11-23,72.9283035662914,73.62813654571066,72.35483385107452,73.24906158447266,1087700
2022-11-25,73.70591478247059,73.7447952255655,72.22848760760908,72.83112335205078,1311600
2022-11-28,76.52465873621118,77.2730866268026,73.50177387365639,76.0094985961914,7483600
2022-11-29,78.35201358080465,80.10159629373057,77.49666615208845,78.04097747802734,4534800
2022-11-30,78.70193702080586,81.57902307756443,78.50753480472916,81.31658935546875,4127000
2022-12-01,81.306868546386,82.75512985223219,80.70423279151218,81.68594360351562,2484900
2022-12-02,80.23767743547147,83.38691903297642,80.21823350692254,82.76484680175781,2537300
2022-12-05,84.11589756170656,84.8934840221346,82.2108007224834,83.36746215820312,2429200
2022-12-06,83.56187419430078,84.07702704634092,82.52184652630874,83.01756286621094,2031000
2022-12-07,81.6081657735966,83.04671223161404,80.50982127399908,82.58015441894531,1783900
2022-12-08,85.26285379619426,87.13879236843377,83.38691522395477,84.00898742675781,2800300
2022-12-09,84.04786044154709,84.5727352067354,82.24968290743163,82.60931396484375,2056800
2022-12-12,81.80257313879184,84.14506206645228,80.91805985591296,83.98954772949219,1924800
2022-12-13,85.27256919638211,86.12791655547667,83.46466967874255,84.24225616455078,2190400
2022-12-14,84.11590015571207,85.19480816964021,83.18279192501193,83.90206146240234,1690700
2022-12-15,83.19251441288216,84.32974689805815,81.666492356236,82.57044219970703,2513400
2022-12-16,82.18164361071253,83.85345786537438,81.59844448612836,83.60074615478516,2908700
2022-12-19,82.45379761132347,82.58015346411126,78.47836024165711,79.275390625,3342700
2022-12-20,79.06155365746547,80.4320612208787,78.48808391040428,80.2571029663086,1548000
2022-12-21,80.91804894025768,82.42463419911279,80.09186013391444,80.2862548828125,1668100
2022-12-22,79.75167901958194,80.50982904966678,77.86601849246851,78.96436309814453,4667900
2022-12-23,78.44920137715948,79.07127350662688,77.39945187780148,78.45892333984375,1134800
2022-12-27,79.16847192023509,83.59102320736373,79.15875737310871,81.96780395507812,4026500
2022-12-28,81.18049447581018,81.50125253255952,77.82713636451543,77.84657287597656,2131500
2022-12-29,78.19649446948489,79.82943591828231,77.10787178074388,78.98381042480469,1431100
2022-12-30,77.92432763744871,80.34458469495135,77.85628872914651,80.15990447998047,1614700
2023-01-03,83.7076761918071,84.07702925762722,81.57901839596445,83.21195983886719,3318600
2023-01-04,84.27141800213859,89.76315568448594,84.27141800213859,88.35377502441406,5743600
2023-01-05,87.04158755750248,89.81175375817342,86.6722271202897,88.78144073486328,2983000
2023-01-06,89.4035237673988,92.06677072538747,89.07304375369159,90.94898223876953,2901900
2023-01-09,91.95012440631874,93.20399064923895,91.57104942772482,91.68769073486328,2751000
2023-01-10,91.4641412866516,94.86610196353003,91.4641412866516,94.73974609375,2598300
2023-01-11,94.07878619892146,94.90497510231903,92.85407837307834,93.544189453125,3683500
2023-01-12,93.54417799619635,96.97529646530029,93.0095887315595,95.84779357910156,2661700
2023-01-13,95.96443698678846,97.57793419395324,95.13824075073332,97.44185638427734,1831400
2023-01-17,96.4212717489821,96.92671000309564,94.77861596232545,95.26461029052734,2231100
2023-01-18,96.22688481956823,96.51848440650781,94.86609910665945,95.60481262207031,1879600
2023-01-19,95.41041594553825,97.0919522718477,94.8758191853327,96.15884399414062,2086900
2023-01-20,96.35323339883028,97.45158533297902,96.02276081326391,96.48931121826172,1967300
2023-01-23,96.48931837598268,98.10282323419761,96.23660664439774,97.48075103759766,1683500
2023-01-24,96.72258611614113,97.10166107082631,95.75059753167979,96.35322570800781,1527300
2023-01-25,95.25489174291934,96.64483586804037,94.44813934941384,95.82836151123047,2466000
2023-01-26,99.4830303648568,100.3967020093669,96.63510350921993,99.96902465820312,5051900
2023-01-27,99.35668973438008,101.41730110770628,99.2011679771631,100.10511779785156,1899900
2023-01-30,98.35552304003193,98.98730966044008,96.51846528700091,96.5767822265625,2197200
2023-01-31,96.57679020820886,101.55337462935057,96.32407108974904,100.73690032958984,3132800
2023-02-01,101.63113287021272,102.35040982465506,98.94844948273357,101.39785766601562,2427800
2023-02-02,101.25207143856312,102.5156598438682,98.3361050408,100.07596588134766,2803700
2023-02-03,98.8609798822797,101.6894708476392,98.76378248549146,100.07596588134766,2166100
2023-02-06,98.77350130652448,101.20347322732937,98.19030211298266,100.05652618408203,2181400
2023-02-07,100.11484228175928,101.12571148205933,98.18058672571729,100.63971710205078,2025900
2023-02-08,100.53277281131092,101.45615893803696,99.84266185274065,100.71745300292969,2743600
2023-02-09,106.1508916214371,108.63918047476119,104.72206695730043,105.54825592041016,7123200
2023-02-10,104.7998171288143,107.46306398347157,104.48878105393231,105.59684753417969,2778200
2023-02-13,105.3149756754552,107.24923113986254,105.28581720054578,106.21892547607422,2468300
2023-02-14,105.68433394371233,107.11315109447597,105.10113479486243,106.02452850341797,1991300
2023-02-15,105.00394243320684,106.02453357684573,104.43047263593103,105.4218978881836,1764900
2023-02-16,104.53737476403114,106.13143544226241,104.02221458736383,105.43160247802734,2026300
2023-02-17,104.63458434647164,106.08284542350633,103.5265178290511,105.95648956298828,2709000
2023-02-21,104.22633569302513,105.9175936971,103.34182255118384,104.14857482910156,1894500
2023-02-22,104.0027915634073,105.83012766141673,103.21548308440455,104.65402221679688,3375500
2023-02-23,105.5871082074315,106.80209383383624,102.41843103306023,102.87525939941406,1820700
2023-02-24,101.38813957189289,103.26407807150834,100.85355023288781,102.57396697998047,1944200
2023-02-27,103.4487592153055,103.51679812871573,101.2520626434122,102.19489288330078,2259000
2023-02-28,102.17545594064484,105.93704750509671,102.00049767608762,105.33441925048828,3241500
2023-03-01,106.88960159510583,109.58200710852331,106.6757628884553,109.07657623291016,3367800
2023-03-02,108.62946295585034,111.13718825290181,108.04627119876129,110.23324584960938,3973800
2023-03-03,110.80669315844281,113.24638646139304,110.27209649710655,112.58543395996094,2577600
2023-03-06,113.10061166808116,113.10061166808116,111.12747568991317,112.1675033569336,2342000
2023-03-07,111.9730846083312,112.0022504957288,109.40703527800127,109.990234375,2104700
2023-03-08,110.2818353778293,110.47623756435956,108.90161322404754,110.3595962524414,986000
2023-03-09,109.65003673850258,110.30127476698331,106.46191516740387,106.55911254882812,2851500
2023-03-10,105.46076618588006,108.32812967350797,103.16687242950384,105.30524444580078,3425100
2023-03-13,103.99307330274407,104.49851160074859,102.68088998578928,103.2738037109375,2653900
2023-03-14,104.75122112989145,106.1411652966283,104.33326568351085,105.29553985595703,2212800
2023-03-15,102.78779878945389,103.439029399183,98.51104728576281,101.9227294921875,3135800
2023-03-16,100.36754540430736,105.39272471117219,100.19258715882248,104.43045806884766,2614700
2023-03-17,104.18747918173443,104.61514920013565,101.75750724385041,104.04167938232422,2175000
2023-03-20,103.9639176420192,106.27724823813452,103.51680369902307,104.62487030029297,1464400
2023-03-21,106.40360635001382,107.62831421343428,105.02338414757153,105.15946197509766,1640900
2023-03-22,105.84956949707902,105.84956949707902,102.76836713906388,102.78780364990234,2148200
2023-03-23,103.72090548508778,105.87872142328354,101.94216451812268,103.22518920898438,2186100
2023-03-24,101.91300747542422,103.71118497724994,100.13426648350757,103.59455108642578,2296400
2023-03-27,103.73063517099371,104.38186581973004,102.03937691068204,103.36127471923828,1487200
2023-03-28,103.69175634757136,104.84842529071275,102.76837003517663,104.2069091796875,1683600
2023-03-29,105.34413090331239,108.1823434965411,105.34413090331239,105.99536895751953,3011800
2023-03-30,107.18118439864584,107.5797033017969,105.0719708231408,105.94676208496094,1915800
2023-03-31,106.39388411821822,108.90161678890999,106.39388411821822,108.77526092529297,3749000
2023-04-03,112.10917911306801,113.88792030926098,109.5528513645691,110.15548706054688,3743600
2023-04-04,109.64032695079722,109.7472462997107,107.40475000256922,108.95993041992188,2255700
2023-04-05,108.28926134658708,108.81412870288649,105.10113227797576,105.55796813964844,2356000
2023-04-06,105.54824766610689,106.0925663719679,104.06110616567275,106.06340789794922,1390600
2023-04-10,105.48021012971233,107.78382601112179,105.44133710763751,106.84099578857422,1880900
2023-04-11,107.3561432569533,107.65746478064392,104.78037927106253,104.95533752441406,1628700
2023-04-12,105.02338180622053,105.48993222857028,102.55452962292355,103.08911895751953,1837900
2023-04-13,104.6054286456657,107.87131133592317,104.30410710000235,107.17147827148438,2182000
2023-04-14,106.81184110027694,108.49338486850033,106.3744491374212,107.88102722167969,1148000
2023-04-17,108.7460967292934,110.07772396254894,108.10458802195951,108.22122192382812,1214200
2023-04-18,109.39731129687159,111.04968882070922,108.95019005021611,109.00851440429688,2423800
2023-04-19,108.10457884897394,110.73866720082236,107.84213776066743,108.9793701171875,2098700
2023-04-20,111.77869676334906,113.71295213529694,109.65003920848868,110.5053939819336,5010700
2023-04-21,109.69864178813391,111.38989999598,109.41676418421206,110.91362762451172,1933400
2023-04-24,110.65118247606729,111.9536511010893,109.84443754619761,111.27326202392578,1670500
2023-04-25,110.29155286993488,110.44706719716949,108.0754199431263,108.50308990478516,1863000
2023-04-26,108.72665928780232,109.38761191691938,106.014809857264,106.38416290283203,1382200
2023-04-27,108.27954587358711,108.34758478797703,104.52766878709046,107.13259887695312,2242100
2023-04-28,106.90903272841503,111.78842004985158,106.72435992206815,111.07886505126953,2653700
2023-05-01,112.75067435334776,114.55857369054411,111.57456907109581,112.36187744140625,2897700
2023-05-02,111.6037380744429,112.01197153345093,109.45564401745116,110.02911376953125,1865600
2023-05-03,108.68778227184278,108.94050142449844,105.43162142619816,106.26753234863281,2491300
2023-05-04,105.57740054539941,107.28809507962292,105.44132273962445,106.18975067138672,1644000
2023-05-05,107.64773667032227,108.7169226394414,106.32583159064188,107.67689514160156,1561100
2023-05-08,108.84329805841095,109.9902450228246,107.67690716718329,109.60144805908203,1836700
2023-05-09,108.2017758292001,109.32928621864224,105.4899266156469,108.57112884521484,3359700
2023-05-10,110.3109871632197,110.32070912587803,104.98449364190789,108.3767318725586,5041500
2023-05-11,107.29784024887041,107.58943984756289,102.66145705632388,103.90560150146484,4509700
2023-05-12,103.75978660426281,104.87757501568925,101.67000955954119,102.43788146972656,2668400
2023-05-15,103.03080951766796,103.54596237874657,102.06854271271573,102.74893188476562,2429200
2023-05-16,102.05881185787783,102.55452816329364,99.27892362735129,100.16343688964844,2382700
2023-05-17,103.40986571512269,107.93933611361201,102.54479646145145,105.8689956665039,5680500
2023-05-18,105.92732532751089,107.34642785306575,104.78037843484532,107.2103500366211,2459100
2023-05-19,106.83127927414466,107.30755165048835,105.92732950599881,107.19091033935547,1921300
2023-05-22,107.4052358644728,108.52556407428257,105.40812873252779,105.61271667480469,1733500
2023-05-23,104.4241974941157,104.4241974941157,98.67643267910185,99.25120544433594,3877500
2023-05-24,98.15035919060944,99.60191080869599,97.50738552804712,98.48158264160156,2342700
2023-05-25,98.56925858071169,100.09874766377162,97.76067323913298,98.41338348388672,1834800
2023-05-26,98.27700430511217,99.27068954505184,97.9457808468218,98.52055358886719,1808200
2023-05-30,99.54346451616249,99.79675785482647,96.20196801343252,96.9423599243164,3623400
2023-05-31,96.26041392450034,96.47473847760257,93.9515715338887,96.15325164794922,3391000
2023-06-01,94.99395366450521,96.40653637291861,92.61691055321086,93.99053192138672,5667000
2023-06-02,95.43235803861205,98.9297298961859,94.96474753886092,97.76068878173828,3916700
2023-06-05,97.41972920314817,98.82257568208486,96.10456434541277,97.97502136230469,1917400
2023-06-06,97.65351185070436,101.5405634969006,97.57558173412133,100.08900451660156,2701900
2023-06-07,99.87467752124782,100.98526898756714,99.18299851301519,100.59558868408203,1641600
2023-06-08,98.22829386910693,100.56636835972675,97.45867728001565,100.40074920654297,2625000
2023-06-09,100.3910069829802,100.70274973549148,98.50106236508054,99.57267761230469,1704300
2023-06-12,100.43972310841266,101.06320868006354,99.67985053249654,100.90734100341797,1802200
2023-06-13,101.40417960959782,102.65115822747612,100.70276389224287,101.3165054321289,2007700
2023-06-14,101.25804820814696,102.04714547493607,100.12797601283685,100.82939910888672,1629000
2023-06-15,100.76121904438074,102.88496928723596,99.69934020668563,101.8718032836914,2265800
2023-06-16,102.58295592150269,102.58295592150269,100.74172402728637,101.053466796875,2268200
2023-06-20,102.25172625156634,104.37547621705335,101.92050280671334,103.43050384521484,2765100
2023-06-21,102.36863836758414,104.1221887791217,102.09586435462504,103.60586547851562,1716900
2023-06-22,102.8752215331121,104.20987435595411,102.10560486293616,102.60244750976562,1240600
2023-06-23,101.3164932138657,102.68037057055908,99.26093684348169,101.5113296508789,1786200
2023-06-26,100.58585408407832,103.73251409716893,100.54688530681474,102.53424835205078,1482800
2023-06-27,102.80702117416824,103.75199357243723,102.07637333210883,103.03108978271484,1111000
2023-06-28,102.88496738679403,102.88496738679403,101.32625334572306,101.56005859375,1470900
2023-06-29,101.99844058669666,102.97263775536629,101.04373152361977,101.80360412597656,1354700
2023-06-30,102.40761704980683,103.61561955225746,101.41393169788418,102.88497161865234,1349400
2023-07-03,103.10901651031344,105.57374139307093,103.09927989083106,103.868896484375,1120300
2023-07-05,102.68038639189797,103.11877215899246,98.7933416440465,99.12456512451172,3301900
2023-07-06,97.4489286588445,97.91654650805624,94.84782434753815,96.96183013916016,2726500
2023-07-07,97.2053858967717,99.18300482968023,97.0787429489003,98.70565032958984,1862400
2023-07-10,98.71539685665402,104.36573574483411,98.71539685665402,104.32676696777344,2577800
2023-07-11,105.31073099807423,106.25570360735439,104.34627771230421,105.46660614013672,1760600
2023-07-12,105.99265854394693,107.05452992644344,105.66142763036967,106.06085205078125,1772900
2023-07-13,106.91812876433451,109.35362144689338,106.67457949607862,106.81096649169922,2271600
2023-07-14,107.01555727031494,107.2396258889603,105.7880667592226,106.68433380126953,1455500
2023-07-17,105.74910331823283,105.86600221909323,103.68380269013109,104.25857543945312,1665200
2023-07-18,104.62879583289056,105.68093074420469,104.18066594826472,105.46660614013672,1356900
2023-07-19,105.99264479549026,106.21670596065339,103.90786364836411,104.5313491821289,1258500
2023-07-20,103.59612821377175,105.78807194621602,103.11877365981587,103.45000457763672,1778200
2023-07-21,104.97949540474896,106.4797600282642,103.38181254490885,104.41445922851562,1598800
2023-07-24,104.23909639187339,106.06084776153725,103.32334868067393,104.7359390258789,1595600
2023-07-25,105.70040034695381,106.43104827561939,104.43394096425277,106.03162384033203,1270000
2023-07-26,106.39206885774475,107.3467853260697,105.33019754186047,106.70381164550781,1003900
2023-07-27,107.18115688580593,108.2235474389595,104.94050811537635,105.35941314697266,1997800
2023-07-28,106.51870337256334,106.79148479371545,105.2912204237807,106.16799926757812,1661300
2023-07-31,106.1874799385364,106.71354724481485,105.58347508335734,106.16799926757812,1359900
2023-08-01,105.99265196675714,107.34678539882077,105.34967828575948,106.3238754272461,2699100
2023-08-02,105.03793179006202,105.03793179006202,101.75488486342772,102.44657135009766,1905300
2023-08-03,101.56006277111224,104.09297412110297,99.4947619364091,102.88497161865234,1614200
2023-08-04,103.82992627858044,104.05398744413215,101.36520886230852,101.49185180664062,1939400
2023-08-07,102.64140258430349,102.92392062291418,101.53081853323174,102.31991577148438,1650500
2023-08-08,100.5079178008779,101.22882904057123,99.83572682404817,100.4104995727539,1618200
2023-08-09,102.21275747247654,102.21275747247654,98.58874308813786,98.92971801757812,3398400
2023-08-10,100.41050969499453,103.90788166772636,100.09876687405072,101.53083801269531,4171000
2023-08-11,101.30675357416479,101.30675357416479,97.03977298446591,97.95552062988281,3148100
2023-08-14,97.4294571059412,97.93603634350447,96.68906520562481,97.33203887939453,1971400
2023-08-15,96.23118656189686,96.24093061382545,92.66562910702268,93.02607727050781,3222100
2023-08-16,93.02607889733922,93.76647077364846,91.83755724741845,92.3636245727539,2645500
2023-08-17,92.59744006310679,93.5131803100323,91.8278234394702,92.34414672851562,1810500
2023-08-18,91.44552244749586,92.59811528267332,90.83992029606732,91.69947814941406,1805900
2023-08-21,91.81669512436318,92.39298782522057,90.5664264256583,92.01204681396484,2026000
2023-08-22,92.98880699975983,93.75069636658213,91.70923647401224,92.83252716064453,2296400
2023-08-23,92.3050624223899,94.25860871704364,91.69946038825965,93.8483657836914,1298600
2023-08-24,93.89721377781686,95.18655422380502,93.19394326815961,93.27207946777344,1494000
2023-08-25,93.39906150255702,94.08279980147493,92.25623112838201,93.26231384277344,1706200
2023-08-28,93.87768683234238,94.60049702140064,93.67256532404973,94.5418930053711,1209800
2023-08-29,94.08279921594017,96.19263301465074,94.06326702988774,95.79215240478516,1082900
2023-08-30,95.34283442690183,97.63824999928774,95.25492096212389,97.08148956298828,1263500
2023-08-31,97.73593570386748,99.73832398437894,97.02289535575957,99.02527618408203,2924300
2023-09-01,99.55272351618898,100.40251888947026,98.33175700685919,99.27922821044922,1946900
2023-09-05,98.12664557146607,98.12664557146607,94.13164632107468,95.14749145507812,3084700
2023-09-06,94.40514851331812,94.98144122952635,93.27208781731693,93.60419464111328,1896200
2023-09-07,92.35391230657854,92.64693980562734,89.73615973992533,92.26599884033203,3111300
2023-09-08,92.79345035282829,93.50649803976529,92.20738794630061,92.51018524169922,1466700
2023-09-11,93.04742931021688,93.71163547133247,91.68971498049646,93.10603332519531,1068600
2023-09-12,93.26230955109213,94.90328884517021,92.77392294514257,93.09625244140625,1292600
2023-09-13,92.53949710864941,93.43813417678437,92.39297962835218,93.06695556640625,1260800
2023-09-14,94.18046769213964,95.59679326640784,93.20369451768762,95.44050598144531,2066800
2023-09-15,95.98750636057719,97.14986894138067,94.34652696210878,94.78607940673828,3658700
2023-09-18,94.78608350347326,96.15356763666554,94.59072436890922,94.95213317871094,1268300
2023-09-19,94.51258450775347,95.0205033335754,91.87529218467218,92.51996612548828,2036900
2023-09-20,92.6469540074491,93.19395217012844,91.2990094199465,91.51390075683594,1061300
2023-09-21,90.35152460395287,90.41989843259265,88.1049431734657,88.26123046875,2358400
2023-09-22,88.8277701651233,91.3087753497123,88.67148285324878,89.43336486816406,2611300
2023-09-25,87.90959054012325,89.36498056356368,87.86074889783674,88.54449462890625,1387800
2023-09-26,87.9291252074276,89.53104020293983,87.9291252074276,88.57379913330078,1454000
2023-09-27,89.26730642858524,90.1561736602208,88.09518151330447,90.0682601928711,2050000
2023-09-28,89.85337452782814,90.46874648134796,88.90590322659642,89.2477798461914,1290400
2023-09-29,90.40035848538274,92.07063968634125,89.64823898273056,90.26361083984375,1326800
2023-10-02,90.76177314655317,91.76784845208425,90.2050126642598,90.47850799560547,1712300
2023-10-03,89.52127069508921,90.36129629416665,87.74354366145319,88.1342544555664,1315300
2023-10-04,88.46634868500439,88.67147016334255,84.58855787729738,86.16116333007812,2289300
2023-10-05,85.37974779496396,87.88028476729228,85.37974779496396,87.41143035888672,1513600
2023-10-06,87.2649100995864,91.71900075433022,86.68861751512752,90.26361083984375,2470600
2023-10-09,91.32829218376028,91.4552700141693,87.51887529742254,90.90827941894531,1622800
2023-10-10,91.32829847938915,92.76415634301954,90.97665951473728,91.80691528320312,1674800
2023-10-11,91.99250349082756,93.53580698931803,91.94366184824445,92.52973175048828,2029400
2023-10-12,92.29529797489549,92.83252621806125,90.80083616487383,91.37713623046875,1105400
2023-10-13,90.98642432436729,91.05479814971912,87.997493289388,88.1830825805664,1500700
2023-10-16,88.83753249154324,89.32591916263955,87.7630833055692,88.22216796875,1479800
2023-10-17,87.83145807536889,88.94497910113368,87.48958889240411,88.20263671875,1355000
2023-10-18,87.51886862721636,87.78260153851906,84.52017549604943,84.70576477050781,2029600
2023-10-19,86.78629336014497,88.16354708620266,85.52625509551382,86.17092895507812,2179400
2023-10-20,86.14163056632542,86.5128016981314,85.09648354437282,85.5653305053711,1106400
2023-10-23,85.54580139054661,89.13055736109219,85.22346443567444,87.75330352783203,2371400
2023-10-24,88.3100799077175,90.31246075304898,88.22216643331184,89.29661560058594,1335000
2023-10-25,88.16354680580899,89.37474342794674,86.72768907969851,86.87420654296875,1518500
2023-10-26,86.93281714213552,87.69469906631197,85.00857269394261,85.50672912597656,2183400
2023-10-27,86.34677366559518,87.16725977889618,85.03789337965652,85.2527847290039,1587500
2023-10-30,86.36628663584376,86.63001957942183,84.74484695992476,86.03418731689453,1343100
2023-10-31,85.78022935729466,86.10256632899322,84.80345607495143,85.74115753173828,1471700
2023-11-01,85.24299906759794,86.0048884697569,83.84621300858932,84.92066955566406,1773400
2023-11-02,86.12208665260646,88.97426245564435,86.05371283034829,87.66539001464844,1839800
2023-11-03,89.34546073464092,91.20133161537454,88.32961554253211,90.60549926757812,1866100
2023-11-06,90.87898396669375,93.68232587366343,90.87898396669375,92.93020629882812,2470600
2023-11-07,92.2757779343892,92.2757779343892,90.48828094698658,91.01573944091797,1994000
2023-11-08,90.93759258455319,91.83622223049608,90.14640859760225,90.74224090576172,2621400
2023-11-09,91.5041163180736,91.82645327191258,88.53472481001128,88.54449462890625,5825500
2023-11-10,83.025731916331,84.30530257645867,79.75354279594869,83.50434875488281,15054500
2023-11-13,83.26014665499295,84.36390515595154,82.00987813371971,82.57640838623047,3779800
2023-11-14,83.80714103586827,86.33697997120073,83.80714103586827,85.09648132324219,4061300
2023-11-15,86.24908228496928,87.44073940849432,85.20393518945116,85.4285888671875,2544600
2023-11-16,84.79369145689031,85.11602844836153,83.14294957595956,84.06111145019531,3022800
2023-11-17,84.88397758430902,85.63828083461561,84.01211737760835,85.09949493408203,1678400
2023-11-20,85.11908711045666,85.85380129829504,84.25702515399668,85.39337921142578,2117800
2023-11-21,84.87418904638398,85.36399854340783,84.27662086210286,85.08970642089844,1554700
2023-11-22,85.285625858014,86.44157655134859,84.59009728029822,85.74604797363281,1400000
2023-11-24,85.50114077191198,86.52974365911295,85.1190899792715,86.51014709472656,1008100
2023-11-27,85.9321660370209,86.05951379590846,84.85458680533783,85.28561401367188,1889400
2023-11-28,85.20726305331426,85.6089029528552,82.93454729508088,83.2088394165039,3616000
2023-11-29,83.31659295650904,84.61948045278346,81.77859153591052,81.96471405029297,3810200
2023-11-30,82.49371328442533,82.8659658056596,81.79818470654304,82.69943237304688,2327700
2023-12-01,82.434939421615,83.61047921889053,82.434939421615,83.41455841064453,2048200
2023-12-04,82.59167500018863,83.64966530754317,81.90594469388465,82.18023681640625,1997800
2023-12-05,81.67083886334473,82.1606483642008,80.28957248345868,80.53447723388672,2366600
2023-12-06,81.18103372362872,82.24881490538547,80.35814983155632,80.72061157226562,2340000
2023-12-07,80.72060601868834,81.77859631832017,80.66182379722008,80.84795379638672,1804800
2023-12-08,80.67163327988855,82.50352373040334,80.64224590202427,82.47413635253906,2346800
2023-12-11,82.61127614215027,84.50194120444601,82.61127614215027,84.24723815917969,1973900
2023-12-12,84.4529605007683,84.73705093255475,83.78681922338295,84.4725570678711,1313700
2023-12-13,84.24722446308849,86.30442263543061,83.32638031568146,86.2260513305664,1935800
2023-12-14,87.18609698370453,88.97880167047633,86.99017615981815,87.96979522705078,2970100
2023-12-15,88.54775735723156,88.93960643672281,85.6676752179554,86.95098114013672,3479700
2023-12-18,87.35262186945366,87.79345489083993,86.40239027155174,87.46038055419922,1487600
2023-12-19,87.75427056968229,89.9094293495696,87.6367136007449,89.85065460205078,2264100
2023-12-20,90.00739552827916,90.00739552827916,86.6962858333823,86.74526977539062,2039600
2023-12-21,87.93060696440351,88.92001681180982,87.20568349490367,88.87104034423828,1891800
2023-12-22,88.16571025006898,89.27267703260478,88.07754812729084,88.5771484375,1170500
2023-12-26,88.72408825836074,89.48818984573994,88.39102140187215,89.14532470703125,1150000
2023-12-27,89.14532915286611,89.3510482463509,88.23428318234787,88.78286743164062,1142200
2023-12-28,89.03756797413828,90.72251380571893,88.92980928905583,89.88983917236328,1233000
2023-12-29,89.75270537198763,90.2033292648318,89.04737841835303,89.25309753417969,1144800
2024-01-02,88.97879846157774,93.7299492715322,88.83185411201212,92.67195892333984,3013600
2024-01-03,91.78051190425286,93.57320909961503,90.45802019728531,92.11357879638672,2369100
2024-01-04,91.77071246459704,92.86788848596026,91.24171728325585,92.28990936279297,1694100
2024-01-05,92.08418113466523,94.56261587789136,91.76090508800979,93.70055389404297,2535000
2024-01-08,93.46545451494065,95.65979903243132,92.61318327484604,95.07202911376953,1441700
2024-01-09,93.77892644106869,94.54302803495531,92.91685697194569,93.3185043334961,1803300
2024-01-10,92.98544262156402,93.06381394283095,91.40825528209452,91.72173309326172,1683500
2024-01-11,91.7413241839571,92.29970673532497,89.78208611264526,91.9862289428711,1871000
2024-01-12,91.9568338514797,94.39608295289226,91.9568338514797,92.19194030761719,1915200
2024-01-16,91.51600170403823,92.94624449274885,91.2025239349222,92.63276672363281,1452300
2024-01-17,90.56577253635443,90.84986294001003,88.57714718466508,89.30207061767578,2588000
2024-01-18,89.83107199701118,92.21154680215444,89.77229724035855,92.18215942382812,2193200
2024-01-19,92.34867219828025,92.34867219828025,89.98779449010536,92.30949401855469,2050700
2024-01-22,92.08418453108143,92.08418453108143,90.12494656233501,90.19351959228516,2248200
2024-01-23,91.1143732653967,92.1135814444233,90.41884461132807,91.21233367919922,1340200
2024-01-24,92.64255532971902,94.02382151036409,92.20172983209545,92.3682632446289,2318700
2024-01-25,94.18056705244352,94.99365259019643,92.83848637472725,94.445068359375,2568600
2024-01-26,94.17078273317496,94.93489192013065,93.33810798109967,94.75856018066406,1465200
2024-01-29,94.68996840862026,95.34631129138113,93.41646082287296,95.0818099975586,1261800
2024-01-30,94.10219281949544,94.20995150061815,92.57398966742699,93.05400085449219,1388400
2024-01-31,92.62298147269613,94.16098303750029,91.4572324454592,92.50542449951172,1583000
2024-02-01,94.28831674965367,96.4924592191261,94.08259768270412,95.30712127685547,1942200
2024-02-02,94.6213999528124,95.54224424660217,93.85729829366778,94.99365997314453,1225200
2024-02-05,94.71936862912314,96.19858801799033,93.81811342017131,95.50305938720703,1547900
2024-02-06,96.59043280275756,98.3145643514705,96.01246117485886,98.02067565917969,2488000
2024-02-07,98.54966770452266,99.01008982006502,97.13902145827547,97.79536437988281,3627500
2024-02-08,102.13508628206445,106.54337209495698,101.80201191199548,103.94738006591797,6472400
2024-02-09,104.32942010170649,104.71147090135005,102.13507570587421,103.44776153564453,2492000
2024-02-12,103.44777352497175,103.97676872591809,102.37999231347116,103.5653305053711,1866300
2024-02-13,101.55709708570954,102.82080645710711,100.58727639562291,102.0762939453125,1724400
2024-02-14,103.05592132127627,103.70247348332208,102.06651145957623,103.06571960449219,1535800
2024-02-15,103.13427079522155,103.68285495671783,102.59548491486588,103.57510375976562,1377300
2024-02-16,103.1037804510857,104.38030644379216,102.6128100679853,103.23143005371094,1255200
2024-02-20,102.53424992679322,102.57352845525426,98.53775142814463,101.3657455444336,2487300
2024-02-21,101.16936043681336,101.89599453842625,99.54915660229211,100.53109741210938,1216600
2024-02-22,100.69803827108713,101.15954418270444,100.0794107341537,100.57038116455078,1020300
2024-02-23,100.79622090127279,102.70118088872644,100.58019273458103,102.2789535522461,1515700
2024-02-26,102.6128197848147,103.09396870816329,101.08099444180293,101.37557220458984,1176800
2024-02-27,102.60299156034445,102.79938421429057,100.16778258432235,100.83550262451172,1536900
2024-02-28,100.01067144675848,101.2773760089741,99.7848292524956,101.00243377685547,1327500
2024-02-29,102.05310935780128,103.44746351923426,101.1988181504712,103.3001708984375,2241100
2024-03-01,101.13990768892363,101.24792178190113,97.40852945715262,99.38223266601562,3761200
2024-03-04,99.10729643330666,99.32332463235538,97.87004878796421,97.92897033691406,1875100
2024-03-05,97.44779618228185,98.77341467265236,96.32838434671446,97.96822357177734,1380000
2024-03-06,98.5672215824397,99.01891348249494,97.2710599370073,97.34961700439453,1125800
2024-03-07,97.36926065095767,99.72591275500342,97.36926065095767,99.28404235839844,1773500
2024-03-08,98.77342438601283,100.20706458886977,98.21371841318775,98.61631774902344,1138400
2024-03-11,98.86179366923828,102.08255808691113,98.86179366923828,101.3657455444336,1943400
2024-03-12,102.32805293236694,102.74046628272592,101.03189133722874,101.17918395996094,1436800
2024-03-13,100.54092394191187,101.89599963019214,100.42308834186454,100.48200988769531,1138400
2024-03-14,101.03189298919965,101.03189298919965,98.35119867642032,99.176025390625,1882700
2024-03-15,98.09587601221718,99.4804084835914,96.8979071768529,97.30049896240234,4405800
2024-03-18,97.37906544906093,98.21371361454773,97.02556616858898,97.05502319335938,1528700
2024-03-19,97.21213755213229,98.01732869481873,96.49531748397322,97.94859313964844,1444100
2024-03-20,97.87985859784305,98.52793562592782,97.0844889524074,98.27263641357422,1139000
2024-03-21,98.93054222739397,100.01067568142976,98.11552951080866,98.1548080444336,1157200
2024-03-22,98.80288728942284,98.80288728942284,97.78166794502926,98.08606719970703,899600
2024-03-25,98.02715180211628,99.07782815781002,97.30051021659817,97.61473846435547,1238100
2024-03-26,98.1940833583778,99.1662026859738,97.99769818830664,98.76361083984375,959100
2024-03-27,99.22512521198975,100.02049489774527,98.76361181698105,99.9517593383789,1090200
2024-03-28,100.60966178744712,101.0220751595583,99.70627797474235,100.38381958007812,1018200
2024-04-01,101.12027738174244,105.79431068118312,100.96316324145138,104.6356201171875,2954200
2024-04-02,103.58493490548344,103.68312748906712,101.19881841549166,103.35909271240234,1716000
2024-04-03,103.10378428585582,104.9007377528252,102.46552126576348,104.49813842773438,1321500
2024-04-04,106.39329144302795,108.38663020441527,103.80096815343077,104.20356750488281,2412000
2024-04-05,103.89915198163025,106.04960469640142,103.7420453517932,105.51935577392578,1441800
2024-04-08,106.21653612177424,106.54057838859325,103.99735527464665,104.0759048461914,1170100
2024-04-09,104.06609483170854,105.24442085792076,103.71259552552205,104.56687927246094,930300
2024-04-10,102.81901916805633,103.47691769902447,101.66032873679863,102.35750579833984,1449800
2024-04-11,102.54408896390939,103.61440095391569,102.26914670928812,102.96632385253906,847500
2024-04-12,101.87635543718775,101.87635543718775,99.0876472313154,99.35276794433594,1705600
2024-04-15,99.42151377572158,100.71767543342938,96.99611861137407,97.64420318603516,1772200
2024-04-16,96.9764751763326,97.85040188603575,96.3283906545588,97.55581665039062,1341300
2024-04-17,97.79147735883309,98.17444115012721,95.22861885005268,95.71958923339844,1904000
2024-04-18,96.22037709914039,96.22037709914039,93.95209624362907,94.36450958251953,1786200
2024-04-19,94.35468473734853,95.3366255046846,93.08798774010491,93.27455139160156,1165300
2024-04-22,94.1582995187199,96.24001664108678,94.06992844569216,95.71958923339844,1695800
2024-04-23,96.15164451371918,97.68347730661007,95.71959564174679,97.03539276123047,1231800
2024-04-24,96.7015286155874,97.02556337033005,94.45288339306471,95.30716705322266,1256700
2024-04-25,94.3350565602551,95.26789736518043,94.26632100085654,94.85548400878906,948900
2024-04-26,94.43324701361983,95.15006710968534,93.52986325575111,94.14848327636719,1420000
2024-04-29,95.4544646260645,96.86846178067013,94.70818751762113,95.22862243652344,1588300
2024-04-30,94.26632188852027,94.77692783577285,89.93595913079156,89.99488067626953,2752900
2024-05-01,89.99488381863947,92.83269238358433,89.70029855580607,91.05538177490234,1846900
2024-05-02,93.01926564266445,94.01102056718412,91.49725423646673,93.54950714111328,1873200
2024-05-03,95.16970766100242,95.35627882428277,94.1779527727363,94.9635009765625,1323200
2024-05-06,95.96507558222915,96.89791632518899,95.27771254228868,96.10254669189453,1906700
2024-05-07,96.05343962652582,96.54440997985944,94.56089304870135,95.4740982055664,2967600
2024-05-08,96.08291015193393,96.19092424417597,92.52828908888756,94.02083587646484,4251400
2024-05-09,94.42343942491071,96.07309292547968,93.94228299563032,95.4348373413086,2041400
2024-05-10,95.93562456637243,96.23020983803268,94.02084277542478,94.64928436279297,1566400
2024-05-13,96.38731833011195,96.88810277431607,95.24826333752344,96.22038269042969,1750000
2024-05-14,96.03381414765455,96.642612654797,95.51337922576197,96.26947784423828,973400
2024-05-15,96.90773964650944,96.9371966717592,95.50356400723251,95.85706329345703,1131500
2024-05-16,95.5919335261996,96.5247817630609,95.31699130619454,95.35626983642578,1171200
2024-05-17,95.33658040136075,95.95680462105129,95.00186241881994,95.28736114501953,1072600
2024-05-20,95.59254859666551,96.60655693767166,95.49410257043246,96.14385986328125,1182200
2024-05-21,95.59255388615782,96.46873633673005,94.95264341380879,95.09046936035156,1403800
2024-05-22,94.93295206897044,94.95263826985975,93.45623914091072,93.9977035522461,1319000
2024-05-23,95.25782708090519,95.25782708090519,92.23548837057461,92.6292724609375,1465100
2024-05-24,92.62926858423111,93.41685175389522,92.6095823849169,93.15104675292969,1035400
2024-05-28,92.92461644407705,93.56452684635413,91.76293537117328,92.05828094482422,1812400
2024-05-29,90.90644551963497,91.25101788310307,90.18778275737682,91.09349822998047,2367700
2024-05-30,91.08365406562277,91.66449841498941,90.424057398318,91.10334777832031,1218100
2024-05-31,91.7826272207672,93.47591827438642,91.54634776225771,93.4070053100586,2004900
2024-06-03,94.01738309768035,94.01738309768035,92.07796572103383,93.4365463256836,1197200
2024-06-04,92.55051410671801,93.00337178982784,91.2017804013401,91.47743225097656,1522900
2024-06-05,91.55618710714053,92.04842467223268,91.16239555287697,91.91059875488281,1335000
2024-06-06,91.48728422948365,91.93029508250244,90.94581984383844,91.04427337646484,1194600
2024-06-07,91.04427338047138,92.42253270590165,90.58156881652694,91.69402313232422,1416200
2024-06-10,90.95567121342056,91.58573479655956,90.17793483496294,91.42822265625,1391700
2024-06-11,91.34945205643041,91.34945205643041,89.59708745307287,90.31575012207031,2077500
2024-06-12,90.89659651992538,91.31992115404081,88.70121353115243,89.41988372802734,2048700
2024-06-13,88.9473409913632,89.73492422811573,88.75044893765028,89.08516693115234,1627100
2024-06-14,88.2188244971011,88.59292237435062,86.4270799086748,87.42140197753906,2688600
2024-06-17,86.87010056290795,87.52970473888914,86.07267795327256,87.40171813964844,1832700
2024-06-18,87.11620905052763,87.97270518540668,86.9193170133128,87.815185546875,1604400
2024-06-20,87.69705660787942,89.26236864182803,87.66752355228793,88.30742645263672,2039500
2024-06-21,88.60276649595599,88.78981918428465,87.79549714609749,88.48462677001953,5307800
2024-06-24,88.37634008558733,88.88827142286577,87.34264557734258,87.71674346923828,1828400
2024-06-25,87.34263884319597,88.15975504215386,86.81102134667937,86.92916107177734,1450000
2024-06-26,86.63382359242947,87.0866813144395,86.3089449513298,86.76180267333984,1089700
2024-06-27,86.73226366454837,87.85456479227717,86.35816579228867,87.75611877441406,1266600
2024-06-28,88.0120886453901,88.64215220303363,87.81518908928268,88.11053466796875,2199400
2024-07-01,88.36648628967231,88.36648628967231,85.72809274480358,86.30892944335938,1896100
2024-07-02,86.20065412563312,86.74211854037219,84.75347424528545,84.98975372314453,2233300
2024-07-03,85.73794272831647,87.67736010043402,85.44260467087129,85.92499542236328,1556900
2024-07-05,85.47214014403332,86.5353752072007,84.88145650147922,85.48198699951172,1925200
2024-07-08,85.69857988737748,86.0136116903577,83.84776147278681,83.92652130126953,2239600
2024-07-09,83.98557918254413,84.68455569215611,83.39489554874034,83.44412231445312,1830500
2024-07-10,83.68038939278715,83.68038939278715,82.38088246971361,82.60731506347656,1886400
2024-07-11,82.94204367591638,84.49751644599787,82.57778511250729,83.29645538330078,1701700
2024-07-12,84.20216723692882,85.15710943465325,83.54257061965838,84.49751281738281,1776200
2024-07-15,84.47781226461163,85.61980707153403,82.98141330517657,83.2865982055664,1868800
2024-07-16,83.33581799123372,84.86174987637163,81.93786516403932,84.61563110351562,2010500
2024-07-17,84.16278940189221,84.53689481449035,82.93219530455688,83.60163879394531,2042200
2024-07-18,83.13892508401005,83.7394555384552,81.89849177796388,82.18399047851562,2317600
2024-07-19,82.18400002298057,82.44980504487424,80.91402600515443,82.13477325439453,2150800
2024-07-22,82.65653502300583,83.12908641314608,81.30780132553947,82.24305725097656,1641600
2024-07-23,81.93786912019034,82.01662142298547,81.26842572526176,81.97724151611328,1569900
2024-07-24,82.16430046965908,82.44979918306966,79.40777437667559,79.71295928955078,2320100
2024-07-25,79.4373020913827,80.37255047755305,78.86630470294536,79.26993560791016,2426000
2024-07-26,80.15597250778636,80.4020913186142,78.77770566496038,80.34302520751953,1925400
2024-07-29,80.43162456279563,81.48501277517131,79.50622293935862,81.21920776367188,1466200
2024-07-30,80.96325238517852,81.60316287833857,80.55962138887669,81.22906494140625,1442300
2024-07-31,81.5145621498292,82.66639650903886,81.32750942944527,81.53424835205078,1997500
2024-08-01,81.05185576878414,81.33735451596468,76.99581470287707,77.48805236816406,4292500
2024-08-02,76.27713995342756,76.680770869958,74.3278757998198,75.60769653320312,4142500
2024-08-05,70.79361854604757,73.47138490600476,70.5179591679659,72.40815734863281,4677800
2024-08-06,72.79209849687193,75.75536343306494,72.77240478679275,75.1056137084961,5052100
2024-08-07,77.2813172891461,77.8227817522403,72.92009105761358,73.68798065185547,5081700
2024-08-08,74.44602129378511,76.02118019550606,74.32788155954974,75.46002960205078,2654800
2024-08-09,75.9522559868233,76.0310157979899,73.29416869206842,73.47137451171875,2417900
2024-08-12,72.85117768522333,73.90456603509867,72.2801801656028,72.78226470947266,2584000
2024-08-13,72.79210701217278,73.67812878469176,72.11281664302102,73.04806518554688,2371200
2024-08-14,73.10713446368248,73.64859134680188,72.12265920970165,72.89054870605469,2381300
2024-08-15,73.86517862209652,75.70615008880813,73.86517862209652,74.95794677734375,2778700
2024-08-16,74.62322296485183,76.08024205082421,74.62322296485183,75.1056137084961,1822800
2024-08-19,75.21426221529792,76.27111364017212,75.11549253305284,75.65872955322266,3310500
2024-08-20,75.24389109409499,75.74762626136399,74.97721220297821,75.08585357666016,1839300
2024-08-21,75.60934908165773,76.88349080335385,75.4908209406341,76.40939331054688,2302300
2024-08-22,76.40938660530188,76.68594470777745,75.81676102347664,76.1427001953125,1133700
2024-08-23,75.82664020050011,76.45878275723875,75.13524487606638,76.41927337646484,1479900
2024-08-26,76.69583619244744,76.95264341534714,75.8464032930167,76.2908706665039,1315400
2024-08-27,76.10320198250658,76.26123196189435,75.65872712321378,76.09332275390625,1135500
2024-08-28,75.5599613646666,75.60934997458733,73.29810017901566,74.37471008300781,3012700
2024-08-29,74.37470663288707,75.52044848058897,74.16728050935727,74.61175537109375,1672400
2024-08-30,75.0068358860701,76.10319657789807,74.2956821902203,75.9352798461914,3939500
2024-09-03,75.97480947034956,76.2513676400766,74.77967878794632,74.87844848632812,2036000
2024-09-04,74.94757337686008,77.0909138445215,74.86856215498793,76.09332275390625,2184800
2024-09-05,76.15258956357138,76.90325275284788,75.36242452780402,76.17234802246094,1600400
2024-09-06,76.37976470165431,77.28845786092147,75.73775044552107,75.77725982666016,1924800
2024-09-09,75.7574939294219,76.68594545591323,75.44142644698873,75.96492004394531,1606900
2024-09-10,76.08345155862355,76.14271186519557,73.89072978772761,74.4240951538086,1967400
2024-09-11,74.42409102835869,74.9870865165179,73.5450280299284,74.83892822265625,1324300
2024-09-12,75.2735331370176,75.57972145586716,73.97963278508452,75.32292175292969,1392100
2024-09-13,75.84639548147545,78.36505623124253,75.60934674240593,77.4958724975586,2235300
2024-09-16,77.68354172317156,78.58235562531833,77.33784406849972,77.97985076904297,1657600
2024-09-17,78.7008850060156,80.02441534352693,78.60211532250105,79.01695251464844,2464900
2024-09-18,79.00706581429388,79.05645441920262,77.38721904377604,77.81193542480469,2107500
2024-09-19,79.32314012933841,80.10343343315729,78.80953325798161,79.19474029541016,2273600
2024-09-20,78.94781234974353,79.00707265224843,77.52550480447567,78.73051452636719,2394900
2024-09-23,78.90830534814286,79.7972475907316,78.54284922184416,79.22437286376953,1646700
2024-09-24,82.53321362482608,85.14077274355964,81.97021807727326,83.12584686279297,4888100
2024-09-25,82.73075805305044,83.82711896030514,81.86156668260308,83.09620666503906,2244100
2024-09-26,88.75579395931916,90.47441059450082,87.60017281854067,89.91141510009766,8289500
2024-09-27,91.52139043810804,96.61798004424786,91.52139043810804,96.42044067382812,11253100
2024-09-30,96.25252785522991,96.96368167484815,94.41538299976425,94.70182037353516,6224800
2024-10-01,94.84997796746846,98.54401857442718,94.84997796746846,98.22795104980469,4771200
2024-10-02,98.30695871313418,101.0034153652829,98.08966090156223,100.78611755371094,4512300
2024-10-03,98.74156217846414,101.92199577720798,97.65508056995786,101.81334686279297,3880700
2024-10-04,102.9689692727483,105.28021158463896,102.17879671011467,104.15422058105469,4238000
2024-10-07,106.1790423672646,106.48523068268483,103.9961997028754,105.1024398803711,3330700
2024-10-08,101.24047113588917,103.55171339641895,98.83045165549221,101.61579895019531,4473500
2024-10-09,101.5762933319608,103.57147569113897,101.03305628078809,102.87020111083984,3199200
2024-10-10,102.24793938895976,103.67024703118786,101.55654402712348,102.42572784423828,2181800
2024-10-11,102.98871693077058,105.09254810943709,102.43560067584865,103.46282196044922,2537900
2024-10-14,102.13928779199003,103.76900634415942,101.09230808864622,102.67264556884766,2160800
2024-10-15,101.24047209973052,101.44789069926733,97.77360114028629,98.00077819824219,4169200
2024-10-16,98.66253448197494,100.35152081360778,98.40572729518979,99.00823211669922,1697700
2024-10-17,97.97113977126469,98.17855835328218,95.77841828187503,96.78588104248047,2933300
2024-10-18,98.38598783604523,100.07497436444298,97.95139216710868,98.21807861328125,2269800
2024-10-21,97.36863531865049,97.65507265747759,96.4303045461528,97.16121673583984,1674100
2024-10-22,97.07232592001013,98.48475426162484,96.71674902732084,98.1785659790039,1403700
2024-10-23,97.37851978731588,97.8229946964902,96.23277781733148,96.47970581054688,1683100
2024-10-24,97.77359325889174,98.24769825936174,95.8179280291059,96.69699096679688,1898100
2024-10-25,96.8155111919625,98.21806773113931,96.68711136565928,96.78588104248047,1098500
2024-10-28,97.24023297013436,98.19831471321531,97.07232375667417,97.40814971923828,1062200
2024-10-29,98.13906232604047,99.67001889978837,97.65508556882722,97.78348541259766,1890200
2024-10-30,97.03281141387139,97.88224421980219,96.69699299720472,97.27973937988281,1337100
2024-10-31,96.76613829103744,96.79576844302105,94.76108429327789,94.84009552001953,1897300
2024-11-01,95.87719910397902,96.33154569868685,94.25735210175316,94.50428009033203,1737700
2024-11-04,94.60304735991896,95.49198960320416,94.25734969187583,94.47464752197266,2238700
2024-11-05,90.45466949528927,91.8572187690141,84.96298548550547,85.65438842773438,10733500
2024-11-06,85.58524226361925,86.52356560502997,83.98514618638441,84.2715835571289,4784300
2024-11-07,85.81240907387841,88.00513074650705,84.9926139056758,86.09884643554688,2957900
2024-11-08,84.50862592125011,85.19014952888716,82.86902812131578,83.26411437988281,4116500
2024-11-11,83.94562423567332,87.03716700956024,83.94562423567332,85.41732025146484,2508700
2024-11-12,84.74568793578999,85.19015529699493,83.50116877451441,84.44937133789062,3892600
2024-11-13,84.46911610816774,84.74568176269531,83.64932098023117,84.74568176269531,2433300
2024-11-14,86.32602545174018,94.03017409703527,85.76302994483152,92.07450866699219,9577300
2024-11-15,92.27256854597191,92.6984270134388,88.7963829165516,89.86597442626953,3816700
2024-11-18,89.58868408203125,90.61866765940445,88.99446482167573,89.58868408203125,1771900
2024-11-19,88.65773855521637,90.41069411725853,87.88525273705872,90.37107849121094,2014700
2024-11-20,90.16309547339577,91.18317321220636,89.5490646487947,90.34136199951172,1816300
2024-11-21,90.13338938644074,91.02472205401949,88.82610399262785,90.85635375976562,1612700
2024-11-22,90.7771291661856,91.60903461040654,90.36116888816737,90.41069030761719,1620000
2024-11-25,90.66818793995176,93.01535512224491,90.66818793995176,92.54988098144531,3055000
2024-11-26,92.17354883294115,92.17354883294115,90.74741650471795,90.97520446777344,1807500
2024-11-27,91.27231117292037,93.28275684243167,90.66818613699039,90.78702545166016,1436600
2024-11-29,90.41068365993577,94.13446896270924,90.38097383281348,93.47091674804688,1402500
2024-12-02,94.58013347314208,96.56086925268433,93.9859142504609,95.23377990722656,2945200
2024-12-03,94.21369461978118,94.62965487591275,92.33200167422193,92.85689544677734,3045300
2024-12-04,92.73805139436999,94.37215997302364,92.13392635889254,93.8769760131836,1958200
2024-12-05,93.95621207006286,94.92676844972665,93.44121649415688,93.49073791503906,1357800
2024-12-06,94.44149123790963,94.96638505870136,93.39170359632618,93.46102905273438,1026500
2024-12-09,96.06569493810282,98.66046178954757,94.82773495178706,95.01590728759766,2690800
2024-12-10,93.78784653770308,95.47147667053113,92.79747853812476,94.03543853759766,1426800
2024-12-11,94.33253859471215,94.70887566110517,93.27284528753802,94.29292297363281,1325700
2024-12-12,93.65909004572678,94.45138737155136,92.49045564588452,92.56968688964844,1575700
2024-12-13,91.98537526944489,94.50091084554998,91.75759486533563,93.6194839477539,1778000
2024-12-16,92.3518056900072,92.86679366791523,88.61812207142866,88.81619262695312,3104300
2024-12-17,88.81619633553186,91.73777870900088,88.57851014779628,91.07423400878906,2046400
2024-12-18,91.074236104784,92.05469826317697,87.37026207403777,87.84563446044922,2096000
2024-12-19,89.74714376967434,89.74714376967434,86.51854222981446,87.45938873291016,1736400
2024-12-20,87.25141234990637,89.27176381594127,87.20189848738902,88.09322357177734,2663400
2024-12-23,88.10313328075404,88.558701638054,86.9146947448331,87.26132202148438,1312400
2024-12-24,87.28111746801817,88.36062237297868,86.53834156717727,87.92485809326172,692800
2024-12-26,88.15265458138985,89.02417566948507,87.56833355362339,88.44976043701172,1218900
2024-12-27,87.8060245181964,88.42995359551557,87.17218208999084,87.8258285522461,1086700
2024-12-30,86.55815797643324,86.55815797643324,84.41895963603987,85.00328063964844,2180100
2024-12-31,85.1023130739272,85.91441444133814,85.04289341842875,85.3301010131836,1612600
2025-01-02,85.4984656658395,86.53834746433522,82.92351054530211,82.99283599853516,2001600
2025-01-03,83.68609052040401,85.18154821813876,82.0519819162205,82.5174560546875,2805900
2025-01-06,83.43849563778258,85.43903547268859,83.329554564228,83.79502868652344,2923500
2025-01-07,83.7950208461962,84.73586724151035,81.15074061203785,81.65582275390625,2195300
2025-01-08,81.21016016935245,81.5964030095878,79.92267899796343,80.38815307617188,1862300
2025-01-10,79.34828462469824,82.27977291466341,79.34828462469824,80.36836242675781,2655900
2025-01-13,80.00192543967648,81.80439488862227,79.97221560876713,80.546630859375,1850500
2025-01-14,80.79422567364901,81.09133154900404,79.13040708157217,81.0121078491211,2773800
2025-01-15,81.73506551423134,82.78485312089636,81.40824227807447,81.61622619628906,2264200
2025-01-16,81.98265458976455,82.42832468394472,80.97248264358971,81.70535278320312,1844800
2025-01-17,82.44812583788631,84.37934017749191,82.20053386840317,83.85444641113281,3339700
2025-01-21,84.41896622147472,85.88471418637172,84.36945235500959,85.42914581298828,2617200
2025-01-22,84.92405039306252,86.45912371407572,83.50782394432966,84.33973693847656,2862600
2025-01-23,84.18127442809582,85.04289725119251,83.56724358861118,84.26050567626953,1746100
2025-01-24,84.20107365795948,84.82501025684307,83.54743478759008,84.1713638305664,1418400
2025-01-27,83.57715409476026,84.6863689639942,83.25033084455185,83.9534912109375,2268100
2025-01-28,83.66628741599582,84.13175400372737,82.0024689642147,83.51773071289062,1919200
2025-01-29,83.96338749940588,84.74577902984201,83.22061159080404,83.29984283447266,1559800
2025-01-30,86.31057047924892,88.88552570148069,85.88471194802501,88.73696899414062,2789700
2025-01-31,88.73696234815198,88.74686814280821,84.99337289428153,86.0134506225586,3613300
2025-02-03,83.50782395799727,83.92377667718495,82.29957386862645,82.75514221191406,2721100
2025-02-04,82.32928280851077,83.6563797558478,82.27976894585143,82.38871002197266,2555400
2025-02-05,81.60631370905612,81.80438425998906,80.43767932437454,80.87344360351562,3796500
2025-02-06,81.61621848420357,81.9034185126978,79.49682432496941,79.8731689453125,2458500
2025-02-07,79.96229555911347,81.42804325525886,79.50672726926057,79.80384063720703,2255300
2025-02-10,79.83356883659022,80.29904302741247,77.95186803697005,78.20936584472656,2620400
2025-02-11,77.39724819645718,77.67454998267364,76.21870804913024,76.2583236694336,2137600
2025-02-12,76.12957585663689,77.65474318236775,76.01072899996329,77.61512756347656,2801800
2025-02-13,80.07124523350274,81.16064843993597,78.9224223694537,79.69490814208984,7598800
2025-02-14,83.82474663983591,88.58841428627804,82.72543755897877,87.96448516845703,9031600
2025-02-18,89.88579649405926,92.07450873825684,88.10313117684018,90.33145904541016,5199200
2025-02-19,90.54934590180989,91.66845901376782,89.25196624887647,91.37135314941406,2493500
2025-02-20,91.31191545159496,93.29265121024913,91.0841350706578,92.56968688964844,3407500
2025-02-21,93.09457767443855,93.38178525695152,88.96474556336253,89.88578796386719,2962200
2025-02-24,89.88579237230809,90.12413507083234,88.13792823731538,89.52827453613281,2160600
2025-02-25,89.48855305946658,91.32579293839184,88.65434221619282,90.40220642089844,2079800
2025-02-26,91.19669433765877,92.82538343783841,90.034765085112,90.47172546386719,2241800
2025-02-27,89.60772666420887,91.12717371409389,86.85682589427893,87.58179473876953,2245100
2025-02-28,87.25407221123892,89.44882998911025,86.94621255752911,88.7040023803711,1468200
2025-03-03,91.61379162976581,92.87502965500579,87.93931196096332,88.31668853759766,2123200
2025-03-04,87.39310031182414,88.3862037244585,85.04937565186482,86.49930572509766,2272300
2025-03-05,87.14483257656447,90.11420993545315,86.75752281569979,90.04469299316406,2448900
2025-03-06,89.59779350831778,90.2631709942398,87.48247833341453,87.58179473876953,1797200
2025-03-07,87.39310334389684,88.43586499405227,85.25792941729831,88.10813903808594,1889600
2025-03-10,86.58869809835203,88.63448891943025,85.60552016093999,87.81021118164062,2774500
2025-03-11,88.58482998045217,88.60469629363,85.25793474034376,86.77738189697266,1423800
2025-03-12,86.42979151700123,87.24413603799094,82.84468747810338,85.07917022705078,2047100
2025-03-13,84.35420411245886,85.32744118867855,82.4573730065231,82.65599822998047,1739700
2025-03-14,83.8278729208389,86.12193965923626,83.8278729208389,85.58566284179688,1797100
2025-03-17,85.67503046614888,86.89655103157503,85.05931118226303,85.8239974975586,1606100
2025-03-18,85.81406493867628,86.20137464277262,84.25488539042007,84.8408203125,1186100
2025-03-19,84.41379699478115,85.2579334493733,83.96690345316719,84.46345520019531,1533700
2025-03-20,83.41075415842522,84.40385757883149,82.40772515909491,82.49710083007812,1805400
2025-03-21,81.74234968838907,82.22897587669547,79.6767000902234,82.06014251708984,4329600
2025-03-24,83.27172111503519,84.72165121405524,83.04331156906254,84.2846908569336,2448000
2025-03-25,85.73461770328208,88.71392788114107,84.75143988930876,85.43668365478516,4498900
2025-03-26,85.45655158976624,86.21130472722167,84.48330691271995,85.23806762695312,1423200
2025-03-27,84.93020241367121,87.02565126732428,84.81103485062837,85.55586242675781,1388300
2025-03-28,84.94013496957851,85.30758596551375,81.1266214435843,81.76220703125,2487000
2025-03-31,80.08386435923947,83.2022086934655,79.60717892982234,82.92414093017578,2115000
2025-04-01,82.77516596843006,83.41075153132952,80.98758441406693,82.1594467163086,1499700
2025-04-02,80.93792845753836,82.74537637278283,80.78896142968426,80.97765350341797,2539900
2025-04-03,77.9586165524578,78.08771726624231,71.99999617902154,72.37737274169922,5509100
2025-04-04,68.13683184923838,70.77848322350447,65.74344877358773,69.60662078857422,8307700
2025-04-07,67.51117553695445,71.9900666194252,66.14068793347147,67.46151733398438,4359300
2025-04-08,69.75558207256633,70.63944350988533,64.79999813016347,65.64413452148438,4088400
2025-04-09,65.47530492950443,76.21074984319966,65.266754132794,75.3070297241211,7589100
2025-04-10,74.13517561327738,74.2742094930522,68.9611074394342,71.80138397216797,3008800
2025-04-11,72.05958169578352,73.59889502675024,70.24220819641351,72.68524169921875,2710200
2025-04-14,73.89683202164512,74.45296753412066,71.27503191922793,73.03282928466797,2603600
2025-04-15,72.77461551352788,75.07861508496393,72.49654777544075,74.3834457397461,2027600
2025-04-16,73.61874711132342,74.15502381863516,72.14895842619686,73.22151184082031,1827100
2025-04-17,73.79752203321775,74.67145800229765,73.11228573910954,74.25434875488281,1559500
2025-04-21,74.2543392370286,75.24744265512156,73.29103528597177,74.44303131103516,2525900
2025-04-22,74.73103175640018,76.94565569904316,74.73103175640018,76.43917083740234,2560300
2025-04-23,78.60414002546439,80.91807289542055,77.52165331894449,78.56441497802734,2810500
2025-04-24,78.83254766536074,81.2954475092796,78.55447991682333,81.01737976074219,1937000
2025-04-25,80.93793035554967,81.73241613821716,80.5406874642159,81.5437240600586,1467700
2025-04-28,81.52386042886396,82.73544787772022,81.06703374068144,81.63310241699219,1443300
2025-04-29,81.31530534552209,81.83172336719431,80.3917188613562,80.98758697509766,1463600
2025-04-30,78.9517226795278,79.90510106304838,78.2366869976929,79.75613403320312,1922700
2025-05-01,79.88524184733906,81.43448076413667,79.36882382388798,79.48799896240234,1772000
2025-05-02,80.30234099812236,82.50703174380024,80.30234099812236,81.92109680175781,1597200
2025-05-05,81.57351923943101,84.24497002514677,81.09683381203634,82.40773010253906,2105200
2025-05-06,82.21903893862256,83.82786932186903,81.53379510518415,82.94400024414062,3011500
2025-05-07,85.60551297056476,86.53903262298982,81.63309923500671,83.53986358642578,3846700
2025-05-08,84.26482292573996,87.17461622365384,83.21213573442715,85.9928207397461,3041300
2025-05-09,86.70785865173187,87.62151957203702,86.4496572134163,87.3235855102539,3216400
2025-05-12,91.66345421557644,94.86124105601516,91.3456614051139,94.50373077392578,4639900
2025-05-13,94.04689218252366,96.48993329807722,93.61985740277154,96.12248229980469,2520600
2025-05-14,96.12248805588631,96.83752378357124,95.27835160167206,96.81765747070312,3052800
2025-05-15,95.92385546856173,98.02923744150124,95.72523781575401,97.07585906982422,3132800
2025-05-16,97.06590094111823,97.39446721197099,96.01051453969411,96.33908081054688,2200200
2025-05-19,94.60664658312983,96.52825112141437,94.18847546401024,96.12999725341797,1621700
2025-05-20,95.9209032551081,95.9209032551081,92.81448057327074,93.3620834350586,2068700
2025-05-21,92.48591188123052,92.96382714082522,90.6937391530071,91.10195922851562,2157400
2025-05-22,90.72361191226385,91.11191472400638,89.12061513714005,90.5145263671875,1987700
2025-05-23,89.0210525432853,90.59417345910157,88.67256903522858,90.0764389038086,1335800
2025-05-27,91.13182746075881,92.7547415405333,91.02230537207934,92.13743591308594,1813400
2025-05-28,92.15734326483994,92.19717016847429,90.34526092860561,90.54439544677734,1405600
2025-05-29,91.9084328387275,92.1772625451295,89.97687734524932,90.33531188964844,2208400
2025-05-30,89.35956917262867,90.34526034352858,88.54313664392471,90.14613342285156,6827900
2025-06-02,91.01235688678561,91.34091556580154,86.8704498440319,87.41806030273438,3285700
2025-06-03,87.16914395039949,87.83622750036545,85.11810017528776,87.36827087402344,2925200
2025-06-04,87.019794935713,87.31848532106699,85.35706157567286,85.76527404785156,1951500
2025-06-05,85.9444949072951,85.9444949072951,82.27054452320628,82.87789154052734,3423400
2025-06-06,84.291721761951,84.291721761951,82.28050476777507,82.93763732910156,3151900
2025-06-09,83.64454970742865,84.70989478997639,83.64454970742865,84.33154296875,2134200
2025-06-10,84.68997191958897,86.72109847979061,84.68997191958897,86.29296875,1610200
2025-06-11,87.23883802452514,87.79639948055004,86.19340269827333,87.13926696777344,2010400
2025-06-12,85.80510302904132,86.92023357815908,85.07827530762773,86.69123077392578,1361000
2025-06-13,84.7696275703456,85.25749386961479,83.08697689407134,83.81380462646484,2024700
2025-06-16,85.62588858552142,88.71240165482816,85.5860616792858,88.2145767211914,2522700
2025-06-17,87.80635930568494,87.94574967159647,86.40248942531197,86.90031433105469,1325100
2025-06-18,86.51201176595023,87.8660961212374,86.15357722506803,86.53192901611328,1256900
2025-06-20,87.517619394424,88.46348367086142,86.73105513678843,88.10504913330078,2841500
2025-06-23,88.22453683745539,89.55870403596543,86.97997448233521,89.3097915649414,1862300
2025-06-24,90.29548379466678,91.08204805693879,89.45913400336032,90.57426452636719,1765700
2025-06-25,90.61409126475864,92.50582742153249,90.57426436084491,91.51017761230469,1774300
2025-06-26,92.45604368939865,93.24260796551948,91.12186896907808,92.23699951171875,1605800
2025-06-27,92.2668691299895,94.31791297203966,92.03787391996894,94.26812744140625,2640900
2025-06-30,94.14864759722478,94.25816968866785,92.3465237954524,93.26251983642578,1730800
2025-07-01,96.43864394779092,102.0341987738076,96.43864394779092,101.5164566040039,5341000
2025-07-02,101.83506351966972,104.49344674588251,100.73985022459158,104.22462463378906,2319200
2025-07-03,103.98566834448026,106.27565834441224,103.62723380602044,105.17048645019531,1407300
2025-07-07,104.69258155206144,108.56565879817073,104.48349599849061,108.197265625,2894700
2025-07-08,108.8942222836901,111.08464882377548,108.68513673546238,109.97947692871094,2148300
2025-07-09,108.8245296008758,109.87991599128073,107.3609231334544,109.60113525390625,1841700
2025-07-10,109.66087062648712,111.87121444347693,109.08339190748515,111.44308471679688,2031900
2025-07-11,110.58683027047219,111.55261185551568,110.0890053376626,110.68639373779297,1207900
2025-07-14,110.09896224061465,110.5768699147592,108.55570193456902,110.52709197998047,1557200
2025-07-15,111.01496055534294,111.22404611659307,109.53144437530779,110.51713562011719,1682300
2025-07-16,110.59678397015303,111.28377718141216,109.1929140759788,109.37213134765625,1241700
2025-07-17,109.64096278627737,109.85999936960722,108.35657358498862,108.96392059326172,1125300
2025-07-18,109.13317614015521,109.22278097676042,106.10639981013897,106.30552673339844,2055900
2025-07-21,106.73365818570142,106.79340234061219,104.55319023469416,105.8973159790039,1764500
2025-07-22,106.58432247927198,107.4206647306202,105.81766781933035,107.24144744873047,1294100
2025-07-23,107.53018749570298,108.47605184722916,106.56440589261716,107.1717529296875,1392600
2025-07-24,108.17735259690272,110.41756465327398,107.83882771391326,107.97821807861328,2554800
2025-07-25,107.91848522591808,109.5214820712021,106.31548838063405,108.96392059326172,1463500
2025-07-28,109.19291906878806,110.95522358689796,108.64531619977184,110.78595733642578,1428000
2025-07-29,111.01496293940252,111.61235135526128,108.0280132639029,108.90418243408203,1463200
2025-07-30,109.05352783203125,110.51713434003543,108.12757315938813,109.05352783203125,1438600
2025-07-31,108.61543113624775,109.08338774945648,107.49034961655813,108.55569458007812,3582500
2025-08-01,109.52148222742693,110.22839270116839,105.64840496362616,107.46048736572266,1650900
2025-08-04,108.56565338262025,108.85439273158792,105.99687511624991,106.58431243896484,1459800
2025-08-05,107.1418817166302,107.73927011157328,105.66831658597876,107.25140380859375,2255500
2025-08-06,106.83322662884626,107.78904952575225,106.3553113822907,106.74361419677734,949800
2025-08-07,107.15183737165712,107.82887955947835,105.0510156239856,106.76353454589844,2025800
2025-08-08,103.54758559533653,107.2812725759376,101.79523971217019,105.94710540771484,4212600
2025-08-11,105.64840591249614,108.22713537101481,105.55879347620566,108.15744018554688,1917100
2025-08-12,108.9639210408998,112.08030230891255,108.39640093532034,112.00064849853516,1515400
2025-08-13,111.80152139829757,111.92100211368147,109.33230645380182,111.33356475830078,1539400
2025-08-14,110.22839372009592,111.13443872762217,109.48165633436989,110.89547729492188,1605800
2025-08-15,110.67644494236032,111.07469881968206,108.92409901656268,108.973876953125,1497000
2025-08-18,109.26327752299308,109.52274127421963,107.66659215697658,107.92605590820312,2722800
2025-08-19,108.43499610221673,112.67619542029777,108.11565143274439,112.59635925292969,2713500
2025-08-20,112.1273368940591,113.01549336305634,110.49073344914758,111.27909851074219,2136600
2025-08-21,110.65039607781172,111.74812437919172,110.40091375724285,110.6603775024414,1223900
2025-08-22,111.52858045207202,114.38265885282006,111.16932529578231,114.07329559326172,1861700
2025-08-25,115.34066422191569,118.31448911504245,114.76186343126022,118.11490631103516,3505900
2025-08-26,117.66584437624584,119.1926749476068,117.27664495479675,118.83341979980469,2136500
2025-08-27,118.39433013632026,125.19022615223032,118.02509355881232,122.94488525390625,4267100
2025-08-28,124.85093234213834,126.61726381085556,123.27420225863499,126.47755432128906,2238100
2025-08-29,125.9885689398711,128.2638464320554,125.2600772308702,126.48753356933594,2595600
2025-09-02,124.74116183266969,125.62931829583059,122.61557517593566,125.21018981933594,1528500
2025-09-03,126.33784386740197,126.98649941463603,124.54157575228777,125.26007843017578,1408000
2025-09-04,125.2501060179743,125.48960691327821,121.77730877488496,122.63552856445312,2025300
2025-09-05,123.26422039510379,123.74322979590897,119.74153128118596,120.64965057373047,2441400
2025-09-08,120.74944500771895,124.45176178812572,119.7515157101345,122.41598510742188,2771500
2025-09-09,121.84716367895169,122.60559206426615,120.76939822828315,121.2384262084961,933800
2025-09-10,121.6575599750076,123.34405525040451,121.22845008783882,122.6455078125,1145400
2025-09-11,123.2642233345671,124.12244313851163,122.0068379029616,123.60352325439453,1571500
2025-09-12,123.49374962858134,123.59354103485488,120.20057992638067,121.1985092163086,876300
2025-09-15,121.19850904561493,123.52368611513538,119.47209564008496,122.59561157226562,1483200
2025-09-16,121.8371834576386,122.75528419149565,119.94112389602063,120.43010711669922,1416300
2025-09-17,120.86919597326016,123.98273042424574,120.71950505997907,123.02471923828125,1897100
2025-09-18,124.73117469110153,128.7428469217905,123.79312637435899,128.4135284423828,1954200
2025-09-19,129.73080231280446,130.56905922706883,128.4634279035195,129.25180053710938,3328100
2025-09-22,129.2518019547127,130.2696788358296,125.23014064348654,125.78898620605469,1281400
2025-09-23,125.84886154187944,129.25180402584672,125.84886154187944,127.24596405029297,991800
2025-09-24,126.91664903478161,127.36571417560354,125.25010892636699,125.65925598144531,1119200
2025-09-25,125.23014064955129,125.95863235900754,124.14240141116416,125.57941436767578,1143200
2025-09-26,125.39979837725922,129.0721708595458,125.39979837725922,128.70294189453125,1328900
2025-09-29,129.90044712198556,133.79238028766275,128.7827712477932,132.15576171875,2014800
2025-09-30,131.44724754274876,132.32543019229234,127.54534035702697,128.00439453125,1511300
2025-10-01,128.10418208566207,131.98612653591871,127.67507978661237,131.75660705566406,1532600
2025-10-02,131.75660360961677,133.95204501332725,131.12790328102247,133.0638885498047,1286100
2025-10-03,132.2356032761335,132.49507463407198,122.81515605978755,123.40393829345703,3623100
2025-10-06,124.34198978666588,126.08836606910106,122.56567684327865,124.3320083618164,1799500
2025-10-07,124.31204564686789,125.23013872427934,122.04674961249026,122.65548706054688,1443800
2025-10-08,121.92699765236121,124.88086735707589,119.61180206684992,121.3182601928711,2317000
2025-10-09,121.56774554689964,124.0126692568054,120.5099429380811,123.2941665649414,1551700
2025-10-10,123.09457323255661,124.31204815321627,117.82550793506229,119.64173889160156,2184300
2025-10-13,118.91325210394919,119.36231721730775,111.89780313887906,112.28699493408203,3171200
2025-10-14,111.76807797213573,117.25668894398167,111.73814131228285,115.86956787109375,1332600
2025-10-15,116.67788793919684,119.26252869689091,116.25875947479112,117.82550811767578,1420100
2025-10-16,117.98518400907204,118.91325855884091,115.01135135718586,115.67996215820312,1012800
2025-10-17,115.4803790989017,119.14277777995405,115.3107329462156,117.56604766845703,1745600
2025-10-20,120.1307251311087,122.4958202881576,119.78145140249717,121.6875,2060000
2025-10-21,120.8791732788086,121.46795552444375,119.50203358672061,120.8791732788086,836000
2025-10-22,121.00890698937772,121.23842646085572,118.54402044217215,119.14277648925781,1109500
2025-10-23,123.74323254765375,126.60729236444976,122.98480415184504,125.14033508300781,2114600
2025-10-24,125.32993753588653,126.8667495764648,124.74116290151763,125.30998229980469,1213200
2025-10-27,126.69710123996937,128.17403993326715,124.65135077177801,125.18025207519531,940400
2025-10-28,124.18232447811698,124.72120721353055,120.40017151901536,120.5997543334961,1464000
2025-10-29,119.96107586110213,121.76732539182791,118.97312802196663,120.61971282958984,1251200
2025-10-30,118.7935037957235,121.69747407545456,118.7935037957235,119.52198791503906,1111800
2025-10-31,119.0329993331749,119.80140911677972,117.5560683116109,118.74359893798828,1703200
2025-11-03,120.83925145857283,126.0284882225197,120.00099452762532,125.46965026855469,2174200
2025-11-04,122.84509518586401,123.31412317457585,119.96108012080221,121.08873748779297,1375800
2025-11-05,121.41805549210447,126.3677838815391,120.95900893004844,124.93077087402344,1775500
2025-11-06,125.36985270343541,127.43556600845747,121.74737215798986,122.2862548828125,2895800
2025-11-07,119.86128706630146,126.60729116672688,119.35234099899223,125.87879943847656,3206100
2025-11-10,126.68711726077922,133.93209347662835,126.58732585690827,128.61312866210938,2400000
2025-11-11,127.1461739036153,130.5491164212558,124.95072490764188,125.80894470214844,1566600
2025-11-12,126.28795423134804,127.13619260201499,124.52161513091818,124.76111602783203,1413900
2025-11-13,124.31204673931546,125.7690225350364,122.60558863034926,122.75527954101562,1045200
2025-11-14,120.50994001666933,122.6155713721719,118.28455440862776,120.4800033569336,1212500
2025-11-17,119.8499984741211,121.48999786376953,116.72000122070312,118.13999938964844,1164300
2025-11-18,117.55000305175781,121.43000030517578,116.8499984741211,120.29000091552734,1401600
2025-11-19,120.04000091552734,120.44999694824219,117.69000244140625,118.31999969482422,939200
2025-11-20,118.68000030517578,121.2300033569336,116.93000030517578,117.13999938964844,1099400
2025-11-21,117.33000183105469,120.70999908447266,114.95999908447266,119.5999984741211,1757100
2025-11-24,120.27999877929688,126.43000030517578,120.25,123.23999786376953,2024600
2025-11-25,123.23999786376953,129.7100067138672,122.0,127.47000122070312,3599300
2025-11-26,127.23999786376953,130.25999450683594,126.98999786376953,129.4600067138672,1946600
2025-11-28,129.61000061035156,130.0,128.35000610351562,128.67999267578125,861200
2025-12-01,132.1199951171875,134.72000122070312,131.63999938964844,132.77000427246094,2831000
2025-12-02,133.22000122070312,133.72999572753906,130.82000732421875,133.08999633789062,1215100
2025-12-03,133.75,133.97999572753906,129.88999938964844,131.52999877929688,1137300
2025-12-04,129.77999877929688,129.77999877929688,123.33999633789062,125.72000122070312,2609800
2025-12-05,125.80000305175781,126.9000015258789,124.80999755859375,125.51000213623047,856000
2025-12-08,127.29000091552734,132.7899932861328,126.3499984741211,127.12999725341797,1816500
2025-12-09,127.0999984741211,127.69000244140625,123.33000183105469,124.22000122070312,1400500
2025-12-10,123.97000122070312,124.55999755859375,122.83999633789062,123.5999984741211,1122200
2025-12-11,123.30000305175781,126.70999908447266,122.54000091552734,124.8499984741211,1193900
2025-12-12,125.69999694824219,126.70999908447266,122.8499984741211,123.66000366210938,1020300
2025-12-15,124.1500015258789,127.05999755859375,121.37999725341797,126.25,1899000
2025-12-16,126.25,127.41000366210938,125.52999877929688,126.04000091552734,1310200
2025-12-17,126.77999877929688,127.01000213623047,125.05000305175781,125.44000244140625,977900
2025-12-18,126.98999786376953,128.47999572753906,125.61000061035156,126.51000213623047,1371000
2025-12-19,126.63999938964844,129.33999633789062,126.5,127.94000244140625,2134500
2025-12-22,128.10000610351562,128.74000549316406,125.80000305175781,125.9800033569336,1567600
2025-12-23,126.16999816894531,126.97000122070312,124.8499984741211,124.95999908447266,1096700
2025-12-24,124.12000274658203,125.93000030517578,124.12000274658203,125.0199966430664,615000
2025-12-26,125.04000091552734,125.80999755859375,124.04000091552734,124.36000061035156,717300
2025-12-29,123.5999984741211,123.95999908447266,121.26000213623047,122.2699966430664,1017200
2025-12-30,122.2699966430664,122.4800033569336,120.29000091552734,120.33000183105469,689900
2025-12-31,120.4000015258789,121.31999969482422,119.94999694824219,120.33000183105469,1949300
2026-01-02,120.08000183105469,123.0,120.0,122.56999969482422,810200
2026-01-05,121.72000122070312,123.54000091552734,119.55999755859375,119.68000030517578,1110500
2026-01-06,120.05999755859375,121.37000274658203,118.54000091552734,120.52999877929688,1059600
2026-01-07,120.12000274658203,120.47000122070312,116.20999908447266,116.37000274658203,1274400
2026-01-08,115.55000305175781,119.58000183105469,115.05999755859375,118.2699966430664,1535400
2026-01-09,118.80999755859375,119.5999984741211,116.43000030517578,117.83000183105469,1495000
2026-01-12,116.18000030517578,118.75,116.18000030517578,116.83999633789062,1234600
2026-01-13,117.04000091552734,117.83999633789062,115.68000030517578,116.4000015258789,821700
2026-01-14,116.30999755859375,116.91999816894531,114.0,116.87999725341797,1294700
2026-01-15,117.04000091552734,118.20999908447266,116.20590209960938,117.6050033569336,237163
